Cited Journal Data: IEEE T BIO-MED ENG,,,,,,,,,,,,,,
,Impact Factor,Citing Journal,All Yrs,2017,2016,2015,2014,2013,2012,2011,2010,2009,2008,Rest
1,,ALL Journals,21496,288,989,1391,1413,1509,1491,1418,1210,884,919,9984
2,,ALL OTHERS (1125),1125,15,39,70,55,83,71,68,60,29,46,589
3,4.288,IEEE T BIO-MED ENG,610,10,35,62,62,49,39,46,37,23,22,225
4,,P ANN INT IEEE EMBS,495,6,38,36,45,32,30,23,26,21,17,221
5,2.475,SENSORS-BASEL,486,10,29,37,24,39,37,44,23,18,20,205
6,2.766,PLOS ONE,439,1,28,34,29,14,30,35,31,23,16,198
7,3.972,IEEE T NEUR SYS REH,435,4,5,15,28,31,46,32,20,24,20,210
8,4.122,SCI REP-UK,392,7,26,31,22,17,22,24,15,25,11,192
9,2.783,BIOMED SIGNAL PROCES,389,0,11,20,23,27,22,31,26,23,22,184
10,,PROC SPIE,350,4,31,19,40,28,25,34,29,15,16,109
11,3.920,J NEURAL ENG,297,4,12,17,18,17,21,23,5,17,11,152
12,2.115,COMPUT BIOL MED,264,4,11,15,12,29,18,11,18,8,14,124
13,3.850,IEEE J BIOMED HEALTH,239,0,7,24,28,21,16,14,26,10,12,81
14,2.006,PHYSIOL MEAS,234,2,20,15,11,8,16,9,7,3,7,136
15,2.617,IEEE SENS J,221,4,17,19,17,19,25,13,16,5,10,76
16,3.877,FRONT NEUROSCI-SWITZ,213,3,11,13,18,11,7,23,4,9,6,108
17,3.557,IEEE ACCESS,207,5,11,15,17,25,17,13,6,6,3,89
18,1.971,MED BIOL ENG COMPUT,187,0,1,9,9,9,14,13,10,13,8,101
19,2.674,COMPUT METH PROG BIO,169,2,3,8,8,12,14,11,8,12,9,82
20,5.426,NEUROIMAGE,151,0,3,8,11,6,3,3,5,4,5,103
21,3.241,NEUROCOMPUTING,145,0,9,8,12,10,16,18,16,11,6,39
22,2.884,MED PHYS,143,3,6,22,21,6,15,7,13,4,5,41
23,3.500,IEEE T BIOMED CIRC S,133,3,3,15,7,11,11,17,2,2,4,58
24,6.131,IEEE T MED IMAGING,124,3,8,12,18,12,10,6,14,6,4,31
25,2.305,ENTROPY-SWITZ,117,7,11,3,4,1,7,4,8,11,7,54
26,2.431,J BIOMECH,108,0,6,2,8,13,4,3,4,4,1,63
27,1.961,INT J COMPUT ASS RAD,107,2,6,13,21,18,9,8,9,3,2,16
28,2.665,PHYS MED BIOL,107,2,9,8,7,4,5,7,8,2,5,50
29,1.923,MED ENG PHYS,106,0,5,3,5,7,4,4,4,2,8,64
30,1.676,BIOMED ENG ONLINE,105,1,2,6,8,11,2,4,3,3,2,63
31,5.356,MED IMAGE ANAL,101,3,3,9,19,14,7,7,15,6,2,16
32,,INT C ACOUST SPEE,100,0,5,6,8,5,10,15,5,4,0,42
33,2.583,BIOMED RES INT,87,4,5,5,5,5,8,8,4,5,8,30
34,3.865,J NEUROENG REHABIL,87,1,6,4,1,9,10,4,4,3,4,41
35,2.871,FRONT HUM NEUROSCI,85,3,2,3,7,9,3,1,7,2,4,44
36,,IEEE SYS MAN CYBERN,84,1,5,5,5,6,3,8,8,7,5,31
37,3.405,ANN BIOMED ENG,81,1,5,6,7,11,0,6,4,2,3,36
38,2.794,IEEE T INSTRUM MEAS,80,2,3,6,7,13,8,7,3,2,2,27
39,3.394,FRONT PHYSIOL,79,2,8,6,1,3,3,6,3,4,3,40
40,3.440,INT J HYPERTHER,79,0,1,7,5,0,3,7,3,2,0,51
41,4.580,INT J NEURAL SYST,79,0,2,1,1,1,3,2,2,3,11,53
42,0.549,J MED IMAG HEALTH IN,76,1,5,3,4,6,6,1,8,1,4,37
43,1.374,BIOCYBERN BIOMED ENG,72,1,0,2,0,6,9,7,5,2,9,31
44,2.367,J BIOMED OPT,72,1,3,4,7,4,6,8,7,4,6,22
45,1.689,APPL SCI-BASEL,71,2,1,3,5,2,5,3,6,4,5,35
46,3.482,BIOMED OPT EXPRESS,71,3,5,9,5,3,5,10,7,4,3,17
47,3.176,IEEE T MICROW THEORY,67,0,0,15,6,2,8,3,2,1,4,26
48,,IFAC PAPERSONLINE,66,2,1,6,6,7,7,2,5,1,6,23
49,,PROC EUR CONF ANTENN,65,0,4,14,6,3,1,10,3,0,5,19
50,3.768,EXPERT SYST APPL,64,0,3,8,4,0,4,8,4,5,3,25
51,2.098,J MED SYST,64,2,1,6,3,4,5,7,0,2,3,31
52,4.082,MAGN RESON MED,64,0,4,0,6,14,3,0,0,1,0,36
53,1.211,J MED BIOL ENG,63,0,1,3,4,3,4,5,2,1,2,38
54,4.130,IEEE T ANTENN PROPAG,61,1,2,8,3,1,4,8,2,2,5,25
55,0.875,J MECH MED BIOL,59,0,1,4,3,2,6,4,1,1,2,35
56,,BIOMED RES-INDIA,58,0,1,2,3,1,5,5,2,1,6,32
57,2.273,GAIT POSTURE,58,0,1,2,2,2,3,0,1,0,0,47
58,1.472,INT J MED ROBOT COMP,58,0,3,1,10,20,3,3,1,5,1,11
59,2.668,J NEUROSCI METH,58,0,3,4,0,3,2,5,3,6,3,29
60,,J MED IMAGING,55,2,1,3,9,4,3,11,8,2,1,11
61,,AIP C PROC,54,0,3,1,3,5,6,1,15,0,1,19
62,2.606,FRONT NEUROROBOTICS,54,1,2,6,7,6,4,5,4,3,0,16
63,,P 10 INT JOINT CXB,53,0,4,7,4,5,3,3,3,0,1,23
64,2.415,CHAOS,52,2,0,2,5,1,3,3,2,3,0,31
65,4.203,IEEE T SIGNAL PROCES,52,0,2,2,3,2,3,4,0,2,1,33
66,,ADV INTELL SYST,51,0,1,2,1,7,3,1,3,6,1,26
67,1.032,AUSTRALAS PHYS ENG S,51,1,0,0,2,4,2,2,1,2,3,34
68,1.974,COMPUT METHOD BIOMEC,51,0,0,0,2,3,2,1,2,0,1,40
69,2.338,INT J NUMER METH BIO,51,0,0,10,2,0,10,4,2,1,3,19
70,3.936,IEEE-ASME T MECH,50,1,4,5,0,9,8,3,4,3,1,12
71,1.261,J HEALTHC ENG,50,1,3,3,4,2,5,5,7,2,2,16
72,2.502,J NEUROPHYSIOL,50,1,1,5,3,3,2,2,2,1,1,29
73,2.645,ULTRASOUND MED BIOL,50,1,3,3,1,4,1,3,5,1,2,26
74,7.050,IEEE T IND ELECTRON,49,1,1,5,5,6,6,1,2,0,6,16
75,,2017 IEEE 14 INT SXB,48,2,6,10,8,3,7,4,3,2,1,2
76,1.545,COMPUT MATH METHOD M,47,1,1,2,1,2,3,5,2,4,3,23
77,2.073,FRONT COMPUT NEUROSC,47,2,4,0,1,3,2,3,3,0,3,26
78,3.508,FRONT NEUROL,47,1,3,3,2,1,4,1,6,1,1,24
79,9.107,P IEEE,47,0,1,4,3,2,0,0,0,1,1,35
80,,2017 IEEE EMBS INTXB,46,0,5,4,4,4,4,4,1,0,3,17
81,3.614,CLIN NEUROPHYSIOL,46,1,1,1,2,4,0,3,1,0,0,33
82,,SIG PROCESS COMMUN,45,0,3,5,1,2,3,3,1,3,2,22
83,,IEEE INT ULTRA SYM,44,2,5,2,1,4,4,3,6,0,5,12
84,,2017 IEEE INT CXB,43,0,2,2,6,3,4,2,0,11,2,11
85,1.754,IEEE J TRANSL ENG HE,43,3,4,3,5,3,2,4,1,2,1,15
86,2.218,MEASUREMENT,43,0,0,2,1,1,4,3,2,4,3,23
87,1.541,MULTIMED TOOLS APPL,43,0,5,1,6,4,8,3,2,0,2,12
88,,IEEE ROBOT AUTOM LET,42,2,4,4,3,11,3,2,1,2,1,9
89,2.616,CONTROL ENG PRACT,41,1,0,0,4,3,2,1,4,3,2,21
90,,BIOMED PHYS ENG EXPR,40,0,0,1,1,2,0,4,1,1,4,26
91,,EUR SIGNAL PR CONF,40,2,3,3,3,3,3,2,5,0,0,16
92,,BIOSYST BIOROBOT,39,0,6,1,3,3,4,4,0,3,2,13
93,2.563,IEEE T HUM-MACH SYST,39,0,4,2,2,1,2,1,2,6,4,15
94,2.704,IEEE T ULTRASON FERR,39,1,1,2,3,4,2,0,12,1,2,11
95,1.124,P I MECH ENG H,39,1,3,0,4,4,1,2,2,3,2,17
96,5.667,SENSOR ACTUAT B-CHEM,39,0,3,7,0,0,2,4,0,1,1,21
97,3.965,PATTERN RECOGN,38,0,4,5,4,2,5,2,5,0,4,7
98,,IEEE INT C BIOINFORM,37,1,4,1,3,2,1,3,1,2,1,18
99,,INT J BIOMED ENG TEC,37,0,0,2,5,4,3,2,5,1,4,11
100,1.916,J BIOMECH ENG-T ASME,37,0,4,2,2,1,3,2,3,3,2,15
101,4.215,NEURAL COMPUT APPL,37,0,1,1,0,1,2,4,4,1,0,23
102,4.927,HUM BRAIN MAPP,36,0,0,3,3,0,0,3,1,4,0,22
103,,BRAIN-COMPUT INTERFA,35,0,1,4,5,3,2,4,2,0,4,10
104,,HEALTHC TECHNOL LETT,35,1,2,5,2,3,3,4,2,1,1,11
105,1.568,J ELECTROMYOGR KINES,35,0,0,0,2,1,3,2,0,2,1,24
106,,IRAN C ELECTR ENG,34,0,0,0,2,1,1,2,5,2,4,17
107,1.428,REV SCI INSTRUM,34,0,0,0,5,0,0,1,3,1,5,19
108,,TENCON IEEE REGION,34,3,2,1,1,2,3,1,2,1,1,17
109,1.649,COMPUT INTEL NEUROSC,33,0,1,5,4,4,4,2,1,1,4,7
110,,LECT NOTES COMPUT SC,33,0,1,5,4,3,7,1,1,3,2,6
111,2.703,BRAIN TOPOGR,32,0,1,0,1,0,0,2,0,0,4,24
112,1.605,J ACOUST SOC AM,32,1,0,0,2,0,4,3,1,1,0,20
113,1.643,SIGNAL IMAGE VIDEO P,31,0,0,1,1,0,4,3,5,4,0,13
114,5.609,ADV HEALTHC MATER,30,0,2,2,0,3,4,2,2,0,0,15
115,7.616,ELIFE,30,0,1,3,1,0,1,2,0,1,1,20
116,,IEEE ANTENNAS PROP,30,1,2,2,1,3,8,3,2,0,0,8
117,,IEEE INT CONF AUTOMA,30,0,6,5,4,3,0,6,0,1,1,4
118,2.974,PERVASIVE MOB COMPUT,30,0,1,2,1,0,5,2,3,3,0,13
119,,SER BIOENG,30,0,1,0,1,3,3,3,1,0,4,14
120,,ELS MIC SOC BOOK SER,29,1,2,0,4,2,6,2,4,1,3,4
121,2.824,HEARING RES,29,0,1,1,0,1,0,2,0,2,0,22
122,1.467,IEEE T MAGN,29,0,2,3,2,3,1,1,2,0,0,15
123,2.311,SENSOR ACTUAT A-PHYS,29,0,2,3,3,2,2,2,2,0,1,12
124,,2017 4 INT C SIGNXB,28,0,0,1,1,0,0,1,0,1,0,24
125,,2017 CHIN AUT C CAXB,28,1,3,0,0,1,3,0,2,2,1,15
126,1.088,BIOMED ENG-BIOMED TE,28,0,0,0,1,4,2,1,3,1,0,16
127,2.158,IEEE T NANOBIOSCI,28,0,1,7,1,3,4,3,2,0,1,6
128,1.452,JPN J APPL PHYS,28,0,2,2,2,0,0,1,2,1,0,18
129,1.685,MEAS SCI TECHNOL,28,0,2,2,0,0,4,2,3,3,0,12
130,2.077,BIOMED MICRODEVICES,27,1,0,0,0,3,0,1,0,1,0,21
131,,IEEE INT SYMP CIRC S,27,0,6,3,1,3,0,0,1,1,1,11
132,2.864,J COMPUT PHYS,27,0,0,1,1,0,3,5,1,1,0,15
133,3.470,SIGNAL PROCESS,27,0,0,1,1,2,1,1,2,0,2,17
134,1.200,WIRELESS PERS COMMUN,27,0,0,1,4,3,1,1,3,0,4,10
135,,BIOMED ENG-APP BAS C,26,0,0,0,1,4,0,3,0,0,1,17
136,,2017 2 IEEE INT CXB,25,0,1,1,1,3,2,0,1,0,0,16
137,,2017 IEEE 19 INT CXB,25,1,4,2,0,1,8,0,2,1,0,6
138,2.435,COMPUT MED IMAG GRAP,25,1,1,1,6,0,4,3,7,0,0,2
139,3.355,J R SOC INTERFACE,25,1,1,2,0,2,2,3,1,1,3,9
140,,LECT NOTES ELECTR EN,25,0,0,1,1,0,1,0,3,2,0,17
141,2.638,ROBOT AUTON SYST,25,0,0,1,1,2,3,1,1,1,2,13
142,2.450,J CLIN MONIT COMPUT,24,0,0,2,2,4,3,1,2,1,1,8
143,,2017 5 INT C EL ENXB,23,0,0,1,1,2,1,0,0,2,0,16
144,8.097,ACS APPL MATER INTER,23,0,2,4,4,1,3,3,0,0,1,5
145,2.213,BMC BIOINFORMATICS,23,3,3,4,2,1,1,2,2,1,0,4
146,5.874,IEEE INTERNET THINGS,23,0,1,2,0,2,2,2,0,1,1,12
147,1.869,IEEE T HAPTICS,23,0,4,0,4,0,4,0,1,0,0,10
148,4.305,INFORM SCIENCES,23,0,4,3,3,2,2,0,3,0,1,5
149,2.396,INT J FUZZY SYST,23,0,0,0,1,3,3,4,1,0,3,8
150,1.946,INVERSE PROBL,23,0,1,1,1,0,0,0,0,1,0,19
151,,NAT BIOMED ENG,23,0,2,2,5,1,2,2,0,2,0,7
152,,P ASM INT MECH ENGXB,23,0,2,0,1,4,0,1,0,1,1,13
153,3.955,PLOS COMPUT BIOL,23,1,5,0,1,0,0,2,2,0,0,12
154,3.118,PSYCHOPHYSIOLOGY,23,0,0,0,1,0,0,0,1,1,1,19
155,,SPRINGER THESES-RECO,23,0,0,10,1,1,1,0,0,1,2,7
156,,2017 19 INT C SOLXB,22,0,2,0,0,0,1,1,1,2,0,15
157,4.264,IEEE T ROBOT,22,0,3,0,1,7,5,1,1,0,1,3
158,,MIDWEST SYMP CIRCUIT,22,1,2,4,2,1,1,4,1,0,0,6
159,2.284,PHYS REV E,22,0,1,0,0,0,0,1,0,3,0,17
160,,PROCEDIA COMPUT SCI,22,0,1,1,3,2,2,0,1,2,1,9
161,1.256,SYMMETRY-BASEL,22,0,0,1,2,4,1,2,1,2,2,7
162,3.907,APPL SOFT COMPUT,21,0,0,0,0,3,3,0,4,1,0,10
163,8.173,BIOSENS BIOELECTRON,21,0,0,4,3,2,0,1,0,1,0,10
164,,BRAIN SCI,21,1,1,3,1,0,0,0,0,0,1,14
165,1.998,CIRC SYST SIGNAL PR,21,0,0,0,1,1,1,2,1,0,0,15
166,1.250,IET SIGNAL PROCESS,21,0,0,2,0,3,1,2,3,1,0,9
167,2.868,INT J PSYCHOPHYSIOL,21,0,1,1,0,0,0,1,0,2,1,15
168,,INT REV PSYCHIATR,21,0,0,1,0,1,0,1,0,0,1,17
169,2.176,J APPL PHYS,21,0,2,3,1,1,0,2,0,2,1,9
170,3.256,J APPL PHYSIOL,21,1,1,1,0,1,0,0,1,1,0,15
171,,TECHNOLOGIES,21,1,1,1,4,2,1,1,0,0,0,10
172,13.325,ADV FUNCT MATER,20,0,0,0,0,2,0,1,0,0,1,16
173,3.495,APPL PHYS LETT,20,1,0,0,2,3,4,1,0,1,1,7
174,1.806,EXP BRAIN RES,20,0,0,1,0,0,4,2,0,0,0,13
175,,IEEE C IMAGING SY,20,0,0,5,0,1,1,0,2,0,0,11
176,,IEEE T COMPUT IMAG,20,0,2,1,2,2,2,1,3,0,1,6
177,2.950,IEEE-ACM T AUDIO SPE,20,1,0,0,2,0,2,1,1,2,3,8
178,1.336,IET SCI MEAS TECHNOL,20,0,0,2,0,0,1,1,0,1,1,14
179,,INN NEURXB,20,0,0,1,2,0,0,1,1,1,0,14
180,,J PHYS CONF SER,20,0,0,0,1,1,2,0,0,0,2,14
181,2.716,JARO-J ASSOC RES OTO,20,0,0,0,2,0,0,1,0,4,1,12
182,1.500,MATH BIOSCI,20,0,0,0,0,0,4,2,2,0,0,12
183,2.496,MUSCLE NERVE,20,0,0,0,0,2,0,1,0,0,0,17
184,,2017 INT C EL ADVXB,19,0,1,2,3,1,1,1,2,0,1,7
185,9.727,ACTA NUMER,19,0,0,1,0,0,2,1,1,0,1,13
186,4.441,COMPUT METHOD APPL M,19,0,1,1,1,1,4,0,0,2,0,9
187,0.299,CURR MED IMAGING REV,19,0,1,2,2,2,2,2,0,4,0,4
188,1.774,IEEE T DIELECT EL IN,19,0,0,5,0,1,2,3,1,2,0,5
189,7.982,IEEE T NEUR NET LEAR,19,0,3,1,1,2,1,1,0,2,1,7
190,,INT C WEARAB IMPL,19,0,4,3,1,1,1,1,1,1,0,6
191,,INT J ADV COMPUT SC,19,0,1,2,0,5,2,2,1,2,0,4
192,1.029,INT J PATTERN RECOGN,19,0,1,1,0,2,5,2,1,0,1,6
193,1.426,J INTELL FUZZY SYST,19,0,0,3,2,0,1,1,3,2,0,7
194,1.888,J MICROMECH MICROENG,19,0,0,5,1,2,2,2,2,0,0,5
195,5.971,J NEUROSCI,19,0,0,0,0,0,0,0,0,1,0,18
196,1.581,MICROSYST TECHNOL,19,0,1,0,0,2,2,1,0,2,0,11
197,3.356,OPT EXPRESS,19,0,1,0,3,0,1,1,2,0,2,9
198,0.580,TURK J ELECTR ENG CO,19,0,0,0,0,1,0,1,1,1,2,13
199,,2017 IEEE INT C CYXB,18,3,0,0,2,1,0,4,1,1,1,5
200,0.590,APPL COMPUT ELECTROM,18,0,1,0,0,0,2,0,0,1,3,11
201,2.435,APPL ERGON,18,0,0,0,1,0,1,0,2,2,0,12
202,2.000,BIOELECTROMAGNETICS,18,0,0,1,1,1,1,0,0,0,0,14
203,3.212,BIOMECH MODEL MECHAN,18,0,1,4,0,0,3,1,3,2,2,2
204,1.863,CLIN BIOMECH,18,0,0,0,0,0,0,1,0,0,2,15
205,3.448,IEEE ANTENN WIREL PR,18,1,1,0,1,2,1,2,1,1,0,8
206,,IEEE INT WORKS MACH,18,0,1,1,2,0,1,2,1,0,2,8
207,,IOP C SER-MAT SCI,18,0,1,0,2,1,0,0,2,3,1,8
208,5.995,LAB CHIP,18,0,3,2,0,2,0,1,0,1,0,9
209,2.222,MICROMACHINES-BASEL,18,1,1,2,1,3,2,1,2,0,0,5
210,2.132,PHYSICA A,18,0,1,1,1,0,3,0,2,1,1,8
211,,ROUTL STUD NEW MEDIA,18,1,0,0,3,1,2,3,0,2,0,6
212,2.377,ULTRASONICS,18,0,0,0,3,2,1,0,4,0,2,6
213,,2017 IEEEACM 2 INTXB,17,0,0,0,1,3,4,2,3,1,0,3
214,3.582,FRONT AGING NEUROSCI,17,0,0,2,1,1,0,1,2,2,0,8
215,6.812,IEEE T POWER ELECTR,17,0,2,1,1,0,1,0,0,0,3,9
216,,IEEE-CAA J AUTOMATIC,17,0,0,0,1,2,2,2,1,1,1,7
217,,INT J BIOMED IMAGING,17,0,0,1,3,2,1,2,1,0,0,7
218,1.421,J ELECTROCARDIOL,17,0,0,0,1,0,1,1,0,0,0,14
219,1.136,J INNOV OPT HEAL SCI,17,0,0,1,3,1,3,1,3,0,1,4
220,1.184,JOVE-J VIS EXP,17,0,1,1,1,2,0,1,1,0,0,10
221,,LECT N BIOINFORMAT,17,0,1,0,2,2,2,0,0,0,1,9
222,7.197,NEURAL NETWORKS,17,0,0,0,1,0,3,1,1,2,1,8
223,3.869,NEUROIMAGE-CLIN,17,1,1,1,3,0,0,2,0,0,1,8
224,3.382,NEUROSCIENCE,17,0,0,1,0,1,2,1,1,0,0,11
225,9.504,P NATL ACAD SCI USA,17,0,1,1,1,1,0,1,0,1,0,11
226,24.014,PHYSIOL REV,17,0,0,1,0,0,0,1,0,1,1,13
227,8.806,BIOMATERIALS,16,0,1,1,0,1,0,3,0,0,0,10
228,4.728,CIRC-ARRHYTHMIA ELEC,16,5,0,0,0,1,0,1,3,1,0,5
229,,COMP MED SY,16,0,0,0,2,0,4,1,0,1,3,5
230,5.072,IEEE T IMAGE PROCESS,16,0,1,0,0,3,0,0,1,1,1,9
231,3.768,J BIOPHOTONICS,16,0,1,0,3,0,0,2,1,1,0,8
232,,J VOICE,16,0,0,0,1,0,0,2,0,0,0,13
233,,P ASM 9 ANN DYNXB,16,0,0,0,1,1,1,1,0,0,0,12
234,1.954,PATTERN RECOGN LETT,16,0,0,2,2,2,1,1,1,0,0,7
235,,RES J PHARM BIOL CHE,16,0,1,1,2,1,2,2,0,1,0,6
236,,2017 IEEE INT C INXB,15,0,3,1,1,1,0,0,0,0,1,8
237,,2017 MED TECHN NATXB,15,1,1,2,1,1,1,1,0,0,2,5
238,0.961,ADV ROBOTICS,15,0,0,1,0,0,1,0,0,0,2,11
239,6.042,ANAL CHEM,15,0,1,3,0,0,0,3,0,0,0,8
240,3.463,ANESTH ANALG,15,0,2,1,1,2,1,1,1,0,0,6
241,3.479,COGN COMPUT,15,0,0,1,0,2,1,2,1,1,0,7
242,1.829,COMPLEXITY,15,1,1,0,0,2,0,4,0,2,1,4
243,2.110,ELECTRONICS-SWITZ,15,1,3,2,0,2,0,1,1,0,0,5
244,3.074,FRONT NEUROINFORM,15,0,1,1,3,0,1,0,1,2,2,4
245,,IEEE ASME INT C ADV,15,0,0,1,2,1,4,0,1,0,0,6
246,3.667,IEEE T AUTOM SCI ENG,15,0,0,1,2,1,1,0,1,0,0,9
247,8.415,IEEE T FUZZY SYST,15,0,0,1,0,2,0,4,2,0,0,6
248,1.661,INT J PRECIS ENG MAN,15,0,0,2,0,2,2,0,1,1,2,5
249,0.897,IRBM,15,1,0,0,0,0,1,2,0,2,0,9
250,,ISTANB UNIV-J ELECTR,15,0,1,0,0,0,2,0,1,1,0,10
251,1.925,J COMPUT SCI-NETH,15,0,0,0,0,1,2,2,1,0,0,9
252,1.381,J X-RAY SCI TECHNOL,15,0,2,0,0,1,2,0,0,0,3,7
253,2.564,MAGN RESON IMAGING,15,0,2,1,2,2,2,1,1,2,0,2
254,2.774,NEUROMODULATION,15,0,2,2,0,0,2,0,0,0,0,9
255,4.129,NEUROPHOTONICS,15,2,0,2,1,0,0,1,2,0,1,6
256,3.031,NMR BIOMED,15,0,0,0,0,4,0,0,1,2,0,8
257,,PROG ELECTROMA RES M,15,0,0,2,0,0,0,0,1,0,1,11
258,0.719,TECHNOL HEALTH CARE,15,0,0,2,0,0,1,0,0,2,1,9
259,0.869,WIREL COMMUN MOB COM,15,1,1,3,2,4,2,1,0,0,0,1
260,,2017 20 INT C INFXB,14,0,0,0,3,2,1,1,1,1,1,4
261,,2017 IEEE WORLDXB,14,0,2,0,3,2,1,0,0,0,0,6
262,13.709,ACS NANO,14,0,0,0,1,3,0,1,2,0,0,7
263,,BIOM IM SEGM ADVXB,14,0,0,1,0,2,7,0,1,2,1,0
264,6.120,BRAIN STIMUL,14,0,2,1,1,0,1,1,0,0,3,5
265,1.321,CHINESE PHYS B,14,0,2,1,0,1,0,1,1,0,2,6
266,3.181,COMMUN NONLINEAR SCI,14,0,0,0,0,0,1,2,0,4,1,6
267,0.489,COMPUT ASSIST SURG,14,0,0,2,0,3,1,0,1,1,0,6
268,2.241,DIGIT SIGNAL PROCESS,14,0,0,2,0,1,1,0,1,0,1,8
269,2.813,IEEE SIGNAL PROC LET,14,1,0,1,0,0,0,3,0,2,1,6
270,1.520,IEEE T ELECTROMAGN C,14,0,2,2,0,0,2,0,1,0,0,7
271,2.857,IEEE T NANOTECHNOL,14,0,1,2,2,1,0,1,0,0,1,6
272,1.401,IET IMAGE PROCESS,14,0,0,2,1,2,2,1,2,2,1,1
273,1.390,J APPL BIOMECH,14,0,0,1,0,1,1,0,0,0,2,9
274,0.412,J MED DEVICES,14,0,1,1,2,1,0,1,0,0,1,7
275,3.414,J ORTHOP RES,14,0,0,0,1,0,1,1,0,1,0,10
276,8.037,NEUROSCI BIOBEHAV R,14,0,0,2,0,0,0,0,1,0,0,11
277,1.191,OPTIK,14,0,0,0,0,0,2,2,1,1,1,7
278,2.504,ROY SOC OPEN SCI,14,0,1,0,1,1,0,0,1,0,0,10
279,2.115,AEU-INT J ELECTRON C,13,0,0,0,0,1,1,2,1,1,0,7
280,2.000,COGN NEURODYNAMICS,13,0,0,2,0,2,2,2,1,1,2,1
281,2.850,COMPUT IND,13,0,6,2,0,3,0,0,1,0,0,1
282,5.067,EPILEPSIA,13,0,2,0,2,1,2,1,0,0,0,5
283,,FACTA UNIV-SER ELECT,13,0,1,1,0,1,2,0,0,0,1,7
284,,FRONT ROBOT AI,13,0,1,0,1,0,1,0,0,2,0,8
285,,HEALTH TECHNOL-GER,13,0,0,2,1,2,0,1,1,1,0,5
286,3.007,IEEE ANTENN PROPAG M,13,0,1,1,1,0,1,0,0,0,1,8
287,,INT C COMPUT,13,0,0,2,3,4,0,0,1,1,2,0
288,1.423,INT J IMAG SYST TECH,13,0,0,0,1,5,0,0,1,1,0,5
289,,INT J INTELL ENG INF,13,0,0,0,1,0,3,0,0,1,1,7
290,,INT J SPEECH TECHNOL,13,0,0,0,0,0,0,1,3,3,0,6
291,1.194,J MECH SCI TECHNOL,13,0,1,1,1,0,0,3,0,1,1,5
292,1.949,LASER MED SCI,13,0,0,0,0,0,1,2,3,0,0,7
293,2.423,MECHATRONICS,13,1,2,0,1,2,0,2,1,2,0,2
294,4.291,MED SCI SPORT EXER,13,0,0,0,0,0,0,1,0,1,3,8
295,2.182,OTOL NEUROTOL,13,0,0,0,0,2,1,5,0,0,0,5
296,,PROC ASME DES ENG TE,13,0,1,1,0,1,0,0,1,0,0,9
297,,SIG P ALGO ARCH ARR,13,0,0,0,0,1,2,2,0,0,2,6
298,2.367,SOFT COMPUT,13,0,2,2,0,0,1,2,0,0,2,4
299,,2017 1 INT C EL MAXB,12,0,1,0,1,1,0,1,1,0,0,7
300,,2017 INT C COMPXB,12,0,1,2,0,0,0,1,1,0,2,5
301,,2017 PROGR EL RES XB,12,0,1,0,3,0,0,0,0,0,0,8
302,21.950,ADV MATER,12,0,1,0,1,0,1,0,1,1,0,7
303,3.864,ANALYST,12,0,0,0,1,1,0,0,0,0,0,10
304,3.814,ARTIF INTELL REV,12,0,0,3,2,0,0,1,4,0,0,2
305,10.848,BRAIN,12,0,2,1,0,0,1,0,0,0,0,8
306,,CAN CON EL COMP EN,12,0,0,2,1,0,2,0,2,1,0,4
307,2.921,DIABETES TECHNOL THE,12,3,0,0,2,1,3,1,1,0,0,1
308,1.430,EXPERT SYST,12,0,0,2,0,0,1,2,1,1,0,5
309,,IEEE DECIS CONTR P,12,1,0,2,0,0,1,0,1,0,0,7
310,,IEEE GLOB COMM CONF,12,0,0,0,2,2,2,2,1,0,0,3
311,4.075,IEEE J SOLID-ST CIRC,12,1,0,0,0,0,2,2,0,1,0,6
312,5.135,IEEE T SYST MAN CY-S,12,0,0,1,1,1,0,2,1,1,0,5
313,0.745,INT J MICROW WIREL T,12,0,1,1,1,0,2,0,0,1,0,6
314,,INT SYMP ADV TOP,12,0,2,0,0,1,1,1,0,0,1,6
315,,INT WINT WORKSH BR,12,0,1,1,2,2,0,1,0,0,3,2
316,2.325,J BIONIC ENG,12,0,0,0,1,0,0,0,0,2,1,8
317,7.877,J CONTROL RELEASE,12,0,1,0,0,0,0,1,3,1,1,5
318,,J FUNDAM APPL SCI,12,0,1,2,0,0,0,0,1,2,0,6
319,3.612,J MAGN RESON IMAGING,12,0,2,2,1,0,0,1,2,1,0,3
320,4.540,J PHYSIOL-LONDON,12,0,0,1,1,0,1,0,1,0,0,8
321,2.057,J SENSORS,12,0,3,1,0,1,2,0,0,1,1,3
322,4.396,KNOWL-BASED SYST,12,0,1,2,1,1,2,1,0,1,0,3
323,,LECT NOTES ARTIF INT,12,0,0,1,0,1,1,0,0,1,1,7
324,5.071,MICROSYST NANOENG,12,0,1,0,0,2,0,0,1,0,0,8
325,0.948,MICROW OPT TECHN LET,12,0,0,0,0,0,2,2,1,0,0,7
326,1.651,NEURAL COMPUT,12,0,0,1,0,0,1,1,0,0,2,7
327,0.494,REV IBEROAM AUTOM IN,12,1,0,0,2,0,0,0,0,1,2,6
328,1.177,ROBOTICA,12,0,0,1,1,1,2,3,1,1,0,2
329,2.792,SPINE,12,0,0,1,0,0,0,0,0,1,0,10
330,,ADV COOP ROBXB,11,0,0,0,1,1,1,0,0,0,0,8
331,,ADV ELECTR ELECTRON,11,0,0,0,0,0,6,0,0,0,0,5
332,2.073,ANAL METHODS-UK,11,0,1,2,2,2,0,0,1,0,1,2
333,0.800,ANALOG INTEGR CIRC S,11,0,0,1,0,0,1,1,1,1,0,6
334,1.562,ANN NONINVAS ELECTRO,11,0,0,1,0,0,2,1,1,0,0,6
335,2.617,APPL MATH MODEL,11,0,0,0,0,0,0,0,0,0,0,11
336,2.111,ARTIF ORGANS,11,0,0,0,1,0,0,1,1,0,0,8
337,6.308,CEREB CORTEX,11,0,0,0,0,0,0,1,0,0,0,10
338,1.546,EUR ARCH OTO-RHINO-L,11,0,0,0,0,2,0,1,0,2,0,6
339,,IEEE INT CONF FUZZY,11,0,0,1,3,0,0,1,0,1,2,3
340,0.587,IEEE PULSE,11,0,1,4,2,0,0,0,0,1,3,0
341,2.823,IEEE T CIRCUITS-I,11,1,1,0,0,2,0,1,0,0,0,6
342,2.450,IEEE T CIRCUITS-II,11,1,0,1,0,0,0,0,0,0,0,9
343,5.430,IEEE T IND INFORM,11,0,1,0,2,0,2,0,0,0,0,6
344,3.977,IEEE T MULTIMEDIA,11,0,1,1,1,1,2,2,2,0,0,1
345,,INT J COMPUT SCI NET,11,0,0,0,0,1,0,1,1,0,1,7
346,2.145,INT J ENV RES PUB HE,11,0,1,1,0,1,0,1,0,0,0,7
347,2.957,INT J MED INFORM,11,0,1,1,1,0,1,1,0,0,1,5
348,,INT SYMP NEXTGEN,11,0,0,3,2,1,1,1,0,0,0,3
349,1.521,J DYN SYST-T ASME,11,0,0,0,0,1,2,1,0,0,1,6
350,0.597,J ELECTR ENG TECHNOL,11,0,0,0,1,2,1,1,0,2,0,4
351,2.093,J THERM BIOL,11,0,0,0,0,0,1,0,0,0,1,9
352,2.234,NEURAL REGEN RES,11,1,1,0,0,0,0,0,0,1,1,7
353,5.719,NEUROTHERAPEUTICS,11,0,1,0,0,1,0,2,0,0,1,6
354,,P ASM 10 ANN DYNXB,11,0,0,0,0,1,1,1,1,0,1,6
355,2.118,PEERJ,11,0,0,0,0,0,1,1,1,0,0,8
356,2.300,ULTRASONIC IMAGING,11,1,0,0,0,3,1,0,0,0,0,6
357,,2017 40 INT CONVXB,10,0,0,0,0,2,1,0,0,2,0,5
358,,2017 IEEE 8 CONTRXB,10,0,0,0,0,0,0,1,0,1,0,8
359,6.383,ACTA BIOMATER,10,0,0,1,0,2,0,0,3,0,0,4
360,3.569,AM J PHYSIOL-HEART C,10,0,1,0,0,0,0,1,0,2,0,6
361,8.788,ANNU REV BIOMED ENG,10,0,1,1,1,3,0,1,1,0,0,2
362,2.879,ARTIF INTELL MED,10,0,0,1,0,2,1,1,2,0,0,3
363,,BEHAV RES METHODS,10,0,0,0,0,1,0,0,3,1,1,4
364,1.440,BIOL CYBERN,10,0,0,0,1,2,0,0,0,2,0,5
365,,BIOMED ENG INT CONF,10,1,0,1,0,1,1,1,0,0,1,4
366,,BIOSENSORS-BASEL,10,0,0,1,2,0,1,0,0,0,1,5
367,,C IND ELECT APPL,10,0,0,0,2,0,1,1,1,2,0,3
368,3.260,CYTOM PART A,10,0,0,0,3,0,2,0,2,1,0,2
369,,FRONT SYST NEUROSCI,10,0,1,0,0,0,0,0,0,0,0,9
370,,IEEE INT CONF SIG PR,10,0,0,1,0,0,0,0,0,0,3,6
371,4.585,IEEE T AFFECT COMPUT,10,0,0,0,0,0,0,2,2,0,0,6
372,,INT C PERVAS COMP,10,0,2,1,1,0,1,0,1,1,0,3
373,,INT ELECT ENG CONGR,10,0,0,0,0,1,0,1,0,0,2,6
374,3.891,INT J HEAT MASS TRAN,10,0,0,0,0,0,0,0,0,0,0,10
375,3.179,J EXP BIOL,10,0,1,0,0,0,0,0,0,0,1,8
376,1.638,J MEMBRANE BIOL,10,0,1,1,0,3,1,1,0,1,0,2
377,5.002,J NEUROTRAUM,10,0,0,0,2,0,1,1,0,1,0,5
378,1.566,J OPT SOC AM A,10,0,0,0,1,0,1,0,2,1,1,4
379,2.266,J VISION,10,0,0,0,0,2,0,0,1,0,0,7
380,17.753,NANO TODAY,10,0,2,0,0,0,0,0,0,0,0,8
381,2.917,NANOSCI NANOTECH LET,10,0,1,0,0,1,1,0,0,0,1,6
382,3.852,NEUROINFORMATICS,10,0,1,2,2,0,1,0,3,1,0,0
383,,NEUROMETHODS,10,0,0,0,0,0,0,0,0,0,0,10
384,1.281,PATTERN ANAL APPL,10,0,0,0,0,0,2,2,0,1,1,4
385,,PHYSIOL REP,10,0,0,0,0,1,0,0,1,0,0,8
386,2.935,POLYMERS-BASEL,10,0,0,1,1,0,2,1,1,0,0,4
387,,PR ELECTROMAGN RES S,10,0,0,4,1,1,0,0,0,1,0,3
388,2.963,SMART MATER STRUCT,10,0,0,1,0,2,0,1,0,2,1,3
389,1.585,SPEECH COMMUN,10,0,0,1,0,3,1,1,0,1,1,2
390,1.651,TECHNOL CANCER RES T,10,0,0,3,1,0,2,0,0,0,0,4
391,,TUMOR BIOL,10,0,0,0,2,1,1,0,5,1,0,0
392,3.709,WIRES SYST BIOL MED,10,0,1,0,1,1,1,1,0,0,0,5
393,,WOODH PUBL SER BIOM,10,0,0,1,0,1,0,1,2,0,2,3
394,,2017 11 INT C SIGNXB,9,0,0,0,0,1,0,1,0,0,0,7
395,,2017 22 INT C METHXB,9,0,0,0,0,2,1,1,1,0,1,3
396,,2017 40 INT C TELXB,9,0,0,0,0,0,0,1,2,0,0,6
397,,2017 INT C INF HLTXB,9,0,0,0,1,1,2,1,0,0,0,4
398,,2017 INT C INN ELXB,9,0,0,0,2,0,0,2,0,0,1,4
399,,2017 INT C SEC PATXB,9,0,0,2,0,0,1,0,1,0,0,5
400,,3D BIOPR FUND PRINXB,9,0,0,0,0,7,0,0,0,0,0,2
401,5.711,ACS SENSORS,9,0,0,2,1,0,1,0,0,0,0,5
402,1.721,APPL ACOUST,9,0,0,0,0,0,1,1,0,0,0,7
403,1.791,APPL OPTICS,9,0,0,0,1,0,0,2,0,0,0,6
404,1.635,BMC MED IMAGING,9,0,2,1,1,2,0,0,1,0,0,2
405,2.134,BURNS,9,0,0,0,0,0,0,0,0,0,0,9
406,0.261,ELECTR COMMUN JPN,9,0,0,0,3,1,1,0,0,0,0,4
407,2.676,ENERGIES,9,1,2,0,0,1,2,1,0,0,0,2
408,,FRONT PUBLIC HEALTH,9,0,0,0,0,0,2,2,0,0,1,4
409,4.743,HEART RHYTHM,9,2,0,1,0,0,0,0,0,1,0,5
410,2.428,IEEE ACM T COMPUT BI,9,0,0,1,2,0,0,1,1,2,1,1
411,,IEEE C WIREL MOB,9,0,0,0,0,0,0,2,0,0,0,7
412,,IEEE ICC,9,0,0,0,1,2,1,1,1,0,0,3
413,4.883,IEEE T CONTR SYST T,9,0,0,0,2,2,2,1,0,0,0,2
414,8.803,IEEE T CYBERNETICS,9,0,1,0,1,1,0,2,1,0,1,2
415,0.475,IEICE ELECTRON EXPR,9,0,1,0,0,0,2,2,1,0,0,3
416,0.829,IETE J RES,9,0,0,0,0,0,1,1,0,1,1,5
417,,IFMBE PROC,9,0,0,0,0,0,0,1,1,0,1,6
418,2.082,INT J ADAPT CONTROL,9,0,0,0,0,1,3,0,0,0,3,2
419,0.952,INT J ADV ROBOT SYST,9,2,0,0,0,0,0,1,3,1,1,1
420,1.378,INT J ANTENN PROPAG,9,0,2,0,1,0,1,0,0,1,1,3
421,4.047,INT J ROBOT RES,9,0,0,0,1,0,1,1,1,0,3,2
422,2.185,INT J SYST SCI,9,0,0,1,0,1,0,2,0,0,0,5
423,0.906,INTEGRATION,9,0,0,0,0,2,2,5,0,0,0,0
424,3.476,J ALZHEIMERS DIS,9,0,0,2,3,0,1,0,0,0,0,3
425,4.450,J AM HEART ASSOC,9,3,1,0,0,1,0,1,0,0,0,3
426,1.536,J DIGIT IMAGING,9,0,1,3,1,1,0,0,0,2,0,1
427,1.151,J INDIAN I SCI,9,0,1,2,1,0,0,1,1,0,0,3
428,3.046,J MAGN MAGN MATER,9,0,0,3,0,0,1,0,0,0,2,3
429,3.239,J MECH BEHAV BIOMED,9,0,1,1,0,1,0,1,0,1,0,4
430,2.233,J MECH ROBOT,9,0,0,0,0,2,2,0,2,0,1,2
431,,L N INST COMP SCI SO,9,0,0,1,2,0,1,1,0,0,0,4
432,2.442,LARYNGOSCOPE,9,0,0,0,0,1,0,2,0,2,0,4
433,5.080,MAT SCI ENG C-MATER,9,0,1,2,1,1,0,0,2,0,1,1
434,1.145,MATH PROBL ENG,9,0,1,1,1,0,0,0,0,0,0,6
435,1.531,METHOD INFORM MED,9,0,0,1,2,3,0,0,0,0,0,3
436,1.322,MICROELECTRON J,9,0,0,0,0,0,0,0,1,1,3,4
437,12.353,NAT COMMUN,9,0,0,0,1,0,0,0,0,0,0,8
438,14.319,NEURON,9,0,0,0,1,0,1,0,0,0,0,7
439,2.874,PROG ELECTROMAGN RES,9,0,0,1,1,2,1,0,2,0,0,2
440,2.231,QUANT IMAG MED SURG,9,1,0,0,1,1,0,1,1,0,1,3
441,2.936,RSC ADV,9,0,0,0,2,0,1,3,0,0,0,3
442,1.938,SCI CHINA TECHNOL SC,9,0,1,0,1,0,1,1,0,0,1,4
443,2.839,SEIZURE-EUR J EPILEP,9,0,0,0,2,1,1,0,0,0,1,4
444,0.482,SENSOR MATER,9,0,1,0,0,0,0,1,0,2,1,4
445,5.135,SLEEP,9,0,0,0,2,0,1,0,0,1,0,5
446,0.311,ZH VYSSH NERV DEYAT+,9,0,0,0,1,0,0,0,0,0,0,8
447,,2017 14 INT C ELXB,8,0,0,1,1,1,0,0,0,0,0,5
448,,2017 2 INT C CONVXB,8,0,1,0,0,0,0,0,0,0,0,7
449,,2017 IEEE MTTS INTXB,8,0,3,1,1,2,0,0,0,0,0,1
450,2.019,ACM T MULTIM COMPUT,8,0,1,1,0,0,2,0,1,2,0,1
451,,ADV INTEL SYS RES,8,0,0,0,1,1,1,1,0,0,0,4
452,,AER ADV ENG RES,8,0,1,0,1,0,0,0,1,0,0,5
453,2.300,APPL MATH COMPUT,8,0,0,0,0,0,0,0,1,0,0,7
454,3.495,BIOPHYS J,8,1,1,1,0,1,0,1,0,0,0,3
455,,CACS INT AUTOMAT CON,8,1,3,0,2,1,0,0,0,0,0,1
456,2.213,CHAOS SOLITON FRACT,8,0,0,0,0,1,1,0,1,3,0,2
457,1.807,CLIN EEG NEUROSCI,8,0,0,0,0,1,0,0,0,0,1,6
458,,COMP M BIO BIO E-IV,8,0,0,0,0,0,2,1,1,0,0,4
459,0.883,CURR SCI INDIA,8,0,0,0,1,0,0,0,0,0,0,7
460,1.360,ELECTROMAGN BIOL MED,8,0,0,1,0,0,1,0,0,0,0,6
461,2.832,EUR J NEUROSCI,8,0,0,0,0,0,0,0,1,0,0,7
462,1.947,EUR PHYS J-SPEC TOP,8,0,0,0,0,0,0,0,0,0,0,8
463,4.483,EXP NEUROL,8,0,0,0,0,0,0,0,0,0,1,7
464,,IEEE GLOB CONF CONSU,8,0,0,0,1,0,2,1,0,1,0,3
465,,IEEE INT AUT MEET,8,0,0,0,0,0,1,1,0,0,0,6
466,0.502,IEEE LAT AM T,8,0,0,0,0,0,0,1,2,0,0,5
467,,IEEE RAD CONF,8,0,1,5,1,0,1,0,0,0,0,0
468,3.573,IEEE ROBOT AUTOM MAG,8,0,1,2,0,2,0,0,1,1,0,1
469,2.620,IEEE T ELECTRON DEV,8,0,0,0,0,0,0,1,0,1,0,6
470,3.078,IEEE T VIS COMPUT GR,8,0,0,0,0,1,2,0,0,0,1,4
471,0.519,IJST-T ELECTR ENG,8,0,0,0,0,0,0,0,0,0,1,7
472,4.034,INT J CARDIOL,8,0,0,1,0,1,1,1,0,0,1,3
473,2.173,INT J CONTROL AUTOM,8,0,0,0,2,1,0,0,0,1,0,4
474,,INT J WIREL INF NETW,8,0,1,2,0,1,2,1,0,0,0,1
475,,INT SYM MED INFORM,8,0,0,2,0,1,2,0,0,0,2,1
476,0.652,INTELL AUTOM SOFT CO,8,0,0,0,0,1,0,0,0,0,0,7
477,3.370,ISA T,8,0,0,1,1,0,0,0,0,0,0,6
478,0.878,J AMB INTEL SMART EN,8,0,0,0,2,3,1,0,2,0,0,0
479,2.873,J CARDIOVASC ELECTR,8,1,0,3,0,0,0,0,0,0,1,3
480,1.606,J COMPUT NEUROSCI,8,0,2,0,0,1,0,0,0,1,1,3
481,0.780,J ELECTRON IMAGING,8,0,1,1,1,0,0,1,0,0,0,4
482,2.373,J PHYS D APPL PHYS,8,0,2,1,0,0,1,0,0,0,0,4
483,4.000,J PSYCHIATR RES,8,1,0,0,0,0,1,0,1,0,0,5
484,2.467,MATERIALS,8,0,0,0,0,1,1,0,0,0,0,6
485,1.628,MATH MED BIOL,8,0,0,0,0,0,0,1,0,1,0,6
486,0.571,MINERVA CARDIOANGIOL,8,0,1,0,0,1,0,2,1,0,1,2
487,2.045,NEUROPHYSIOL CLIN,8,0,0,1,0,0,0,0,0,1,0,6
488,,ONCOTARGET,8,0,0,0,3,0,0,0,1,0,1,3
489,0.993,OPT ENG,8,0,0,0,2,2,2,0,0,0,0,2
490,,P 2017 ACM INTXB,8,1,2,1,1,1,0,1,1,0,0,0
491,3.427,PROG BIOPHYS MOL BIO,8,0,0,1,0,0,0,2,0,1,0,4
492,,RSC SMART MATER,8,0,0,2,0,0,0,1,1,0,0,4
493,11.511,SCI ADV,8,0,2,1,0,0,0,0,1,0,0,4
494,,2017 2 INT C ADVXB,7,0,0,0,0,1,0,1,1,0,0,4
495,,2017 32 YOUTH ACXB,7,0,0,1,0,1,1,1,0,0,0,3
496,,2017 56 ANN C SOCXB,7,0,0,0,0,1,3,0,0,1,0,2
497,,2017 IEEE 3 INFXB,7,0,0,0,2,0,1,1,0,1,0,2
498,,2017 IEEE 3 INT FOXB,7,1,1,0,1,0,0,0,0,0,0,4
499,,2017 INT WORKSH ANXB,7,0,0,1,1,0,0,2,0,0,0,3
500,1.653,AIP ADV,7,1,1,1,0,0,0,0,0,0,0,4
501,5.431,ANAESTHESIA,7,0,0,0,1,1,2,1,1,0,0,1
502,3.173,BEHAV BRAIN RES,7,0,0,0,0,0,1,0,1,0,2,3
503,6.499,BRIT J ANAESTH,7,0,0,0,2,0,0,0,0,0,0,5
504,1.601,CLUSTER COMPUT,7,0,0,0,0,2,1,0,0,0,0,4
505,3.113,COMPUT CHEM ENG,7,0,0,2,4,0,0,0,0,0,1,0
506,1.860,COMPUT MATH APPL,7,1,0,0,1,0,0,0,0,0,0,5
507,2.120,CURR EYE RES,7,0,0,1,2,0,0,2,0,1,0,1
508,5.116,ELECTROCHIM ACTA,7,0,0,1,0,0,0,0,0,0,0,6
509,1.232,ELECTRON LETT,7,0,0,1,1,2,1,2,0,0,0,0
510,1.088,ELEKTRON ELEKTROTECH,7,0,1,1,0,0,3,0,1,0,0,1
511,,ENG J-THAIL,7,0,0,1,0,0,0,0,1,1,2,2
512,,ENG SCI TECHNOL,7,0,0,0,0,1,0,1,0,1,1,3
513,,EUR REV,7,0,0,0,0,0,0,1,0,0,2,4
514,3.974,EXPERT OPIN BIOL TH,7,0,0,0,2,2,0,1,0,0,0,2
515,,HUM COMPU,7,0,0,0,2,0,0,0,0,0,0,5
516,1.840,HUM MOVEMENT SCI,7,0,0,0,1,0,1,0,1,0,0,4
517,20.230,IEEE COMMUN SURV TUT,7,0,1,2,0,2,1,0,0,0,0,1
518,,IEEE MTT S INT MICR,7,0,1,2,2,0,1,0,0,0,0,1
519,5.007,IEEE T AUTOMAT CONTR,7,0,0,1,0,0,2,0,1,0,0,3
520,1.253,IEEE T PLASMA SCI,7,0,0,1,0,0,0,1,0,2,1,2
521,1.744,IEEE T VLSI SYST,7,0,0,0,0,1,0,2,0,0,0,4
522,0.800,INF TECHNOL CONTROL,7,0,0,0,0,0,0,0,0,0,1,6
523,6.639,INFORM FUSION,7,0,0,0,1,1,2,0,0,1,0,2
524,,INT C SYST INFORM,7,1,1,0,0,0,0,1,1,0,0,3
525,,INT J FUZZY LOG INTE,7,0,0,1,0,0,0,0,1,1,1,3
526,1.429,INT J IND ERGONOM,7,0,0,0,0,0,0,0,1,0,0,6
527,3.687,INT J MOL SCI,7,0,2,0,0,1,2,0,0,0,0,2
528,1.065,INT J ROBOT AUTOM,7,0,0,0,0,1,2,1,0,1,0,2
529,3.388,INVEST OPHTH VIS SCI,7,1,0,0,0,0,0,0,0,0,0,6
530,1.996,J COMPUT NONLIN DYN,7,0,2,1,0,0,0,0,0,0,0,4
531,,J ENG SCI TECHNOL,7,0,0,1,0,1,0,1,0,0,1,3
532,3.576,J FRANKLIN I,7,0,0,0,0,1,1,0,1,0,0,4
533,4.776,J MATER CHEM B,7,0,0,1,1,1,0,0,0,0,1,3
534,2.475,J MICROELECTROMECH S,7,0,0,0,1,0,1,0,0,0,1,4
535,4.319,J NEUROSURG,7,0,0,0,0,1,0,0,1,1,0,4
536,,J SEMICOND,7,0,0,1,0,0,0,0,0,1,0,5
537,1.088,J SIGNAL PROCESS SYS,7,0,0,0,0,1,0,1,1,1,0,3
538,,LECT N BIOENG,7,0,0,0,0,0,0,0,0,0,0,7
539,1.832,MAGN RESON MATER PHY,7,0,0,0,0,0,0,0,2,0,1,4
540,0.590,MATER TEHNOL,7,0,0,0,0,0,0,0,0,0,0,7
541,2.070,NANO COMMUN NETW,7,0,0,3,0,3,0,0,0,0,0,1
542,0.706,NETWORK-COMP NEURAL,7,0,0,0,0,0,0,0,1,0,1,5
543,4.711,NEUROREHAB NEURAL RE,7,0,0,0,0,0,1,1,0,2,0,3
544,,P 2 INT C 2017 DEVXB,7,0,0,1,0,0,0,0,0,0,0,6
545,,P 2017 9 IEEE INT XB,7,0,0,0,0,0,2,0,0,0,0,5
546,,SEL TOP ELECTR SYST,7,0,0,0,0,0,0,0,0,0,0,7
547,,SMART SENSOR MEAS IN,7,0,0,1,1,0,0,1,0,0,0,4
548,3.117,SURG ENDOSC,7,0,0,0,1,1,1,0,0,0,0,4
549,,2017 4 IEEE UTTXB,6,0,0,0,0,0,0,1,0,0,0,5
550,,2017 GLOB INTXB,6,1,1,1,0,0,0,0,0,0,0,3
551,,2017 IEEE 15 INT SXB,6,0,0,0,1,0,1,0,1,0,0,3
552,,2017 IEEE 2 ADV INXB,6,0,0,0,0,1,0,2,0,0,0,3
553,,2017 IEEE CALC CXB,6,1,1,1,0,0,0,0,1,0,0,2
554,,2017 IEEE INT SXB,6,0,1,0,0,0,0,0,0,0,0,5
555,,2017 INN POW ADVXB,6,0,0,1,0,2,0,1,0,1,0,1
556,,2017 SIGN PROC SXB,6,0,2,0,0,0,1,0,0,0,1,2
557,1.506,ABDOM RADIOL,6,0,0,2,0,2,0,0,1,0,1,0
558,,ACMBCB 2017 P 8 ACXB,6,0,1,1,1,0,0,1,0,0,0,2
559,1.161,ACTA OTO-LARYNGOL,6,0,0,0,0,2,0,0,0,0,0,4
560,0.669,ACTA PHYS SIN-CH ED,6,0,0,0,0,2,1,0,0,1,0,2
561,12.764,ALZHEIMERS DEMENT,6,0,3,3,0,0,0,0,0,0,0,0
562,,ANALOG CIRC SIG PROC,6,0,0,0,0,0,0,0,0,0,0,6
563,10.250,ANN NEUROL,6,0,0,1,1,1,0,0,0,0,0,3
564,2.727,BIOINSPIR BIOMIM,6,0,2,0,0,1,1,0,1,0,0,1
565,2.891,BIOL PSYCHOL,6,0,0,0,0,0,0,0,0,0,0,6
566,2.571,BIOMICROFLUIDICS,6,0,1,1,0,2,1,0,0,1,0,0
567,2.413,BMJ OPEN,6,0,0,0,0,1,1,0,1,1,0,2
568,4.231,BRAIN STRUCT FUNCT,6,0,0,0,1,0,0,0,1,0,0,4
569,1.451,CARDIOVASC ENG TECHN,6,0,0,0,0,1,0,0,0,2,1,2
570,0.824,CHINESE J ANAL CHEM,6,0,0,0,0,2,0,2,0,0,1,1
571,2.046,COMPUT GRAPH FORUM,6,0,0,1,0,0,1,0,0,0,0,4
572,1.352,COMPUT INTELL-US,6,0,0,0,0,0,0,0,0,1,0,5
573,2.757,CURR PHARM DESIGN,6,0,0,0,0,0,0,0,0,1,1,4
574,1.197,ECHOCARDIOGR-J CARD,6,0,0,0,0,0,0,0,0,0,2,4
575,1.683,ENTERP INF SYST-UK,6,0,0,0,1,2,1,0,1,1,0,0
576,2.491,EPILEPSY RES,6,1,0,0,0,1,0,0,1,0,0,3
577,2.401,EUR J APPL PHYSIOL,6,0,0,0,0,0,0,0,0,0,0,6
578,2.991,EUR J PAIN,6,0,0,0,0,0,0,0,1,1,0,4
579,1.639,EURASIP J ADV SIG PR,6,0,0,1,0,0,0,0,0,0,1,4
580,5.553,EXPERT OPIN DRUG DEL,6,0,0,1,1,0,0,1,2,0,1,0
581,,FLUIDS BARRIERS CNS,6,1,2,0,0,0,1,0,0,1,0,1
582,,FRONT PHYS,6,0,0,0,0,1,0,0,0,0,0,5
583,,FRONT PSYCHOL,6,0,1,0,0,0,0,0,1,0,0,4
584,,GLIOBLASTOMAXB,6,0,0,1,0,0,1,2,0,0,0,2
585,,ICPR P 6 INT C PATXB,6,0,0,2,0,0,0,0,0,0,0,4
586,2.893,IEEE GEOSCI REMOTE S,6,0,0,1,0,0,1,0,1,0,0,3
587,,IEEE INT CONF INTELL,6,0,0,0,0,0,0,1,0,0,1,4
588,,IEEE SOUTHEASTCON,6,0,1,1,0,0,0,0,0,0,0,4
589,4.337,IEEE SYST J,6,0,0,0,0,2,0,0,1,0,1,2
590,1.802,IEEE T CONSUM ELECTR,6,0,0,1,0,0,0,0,0,0,0,5
591,5.824,IEEE T INF FOREN SEC,6,0,0,0,1,1,0,0,0,0,1,3
592,1.440,IEEE T NUCL SCI,6,0,0,0,1,0,0,0,0,0,1,4
593,9.455,IEEE T PATTERN ANAL,6,1,0,0,0,0,3,0,1,0,0,1
594,1.395,IET CIRC DEVICE SYST,6,0,0,0,2,1,0,0,1,0,0,2
595,1.739,IET MICROW ANTENNA P,6,0,2,0,1,0,0,0,0,0,1,2
596,1.851,INFRARED PHYS TECHN,6,0,1,0,0,0,0,1,0,1,0,3
597,,INT C AFFECT,6,1,0,0,1,0,0,1,1,0,0,2
598,,INT C INDOOR POSIT,6,0,0,0,0,0,0,0,4,0,0,2
599,,INT C MACH LEARN,6,0,2,0,0,0,1,0,0,0,1,2
600,,INT CON DISTR COMP S,6,1,1,1,0,0,2,0,0,0,0,1
601,2.000,INT J COMPUT INT SYS,6,0,0,1,1,2,0,0,0,0,0,2
602,1.787,INT J DISTRIB SENS N,6,0,0,1,1,1,1,2,0,0,0,0
603,,INT J INTERACT MULTI,6,0,0,0,0,1,0,0,0,0,0,5
604,1.125,INVERSE PROBL SCI EN,6,0,0,0,0,0,0,0,0,0,0,6
605,,J ADV COMPUT INTELL,6,0,0,0,0,0,1,0,0,0,1,4
606,0.431,J COMMUN TECHNOL EL+,6,0,0,0,0,0,0,0,0,0,0,6
607,0.852,J EYE MOVEMENT RES,6,0,0,0,0,0,0,0,1,0,0,5
608,0.535,J IMAGING SCI TECHN,6,0,0,0,2,0,0,1,0,0,0,3
609,0.662,J INTEGR NEUROSCI,6,0,0,0,0,0,0,1,0,0,0,5
610,1.927,J MATH IMAGING VIS,6,0,0,2,1,1,1,0,0,0,0,1
611,2.786,J MECH DESIGN,6,0,0,0,1,1,0,0,0,1,1,2
612,1.693,J MICROSC-OXFORD,6,1,0,0,2,0,0,1,2,0,0,0
613,2.733,J SPORT SCI,6,0,0,0,0,0,0,0,0,0,0,6
614,,J VIBROENG,6,0,0,0,0,0,0,4,1,0,0,1
615,,MECH MACH SCI,6,0,0,0,0,2,1,1,0,0,0,2
616,2.796,MECH MACH THEORY,6,0,0,0,0,0,0,0,0,0,0,6
617,2.028,MEDICINE,6,0,0,1,0,0,0,0,1,0,0,4
618,2.465,MICROVASC RES,6,0,0,0,0,2,0,0,0,1,0,3
619,2.718,MULTIBODY SYST DYN,6,0,0,0,0,1,0,0,0,0,0,5
620,2.159,NEUROSCI LETT,6,0,0,0,1,0,0,0,0,0,1,4
621,,NEW ZEAL MED J,6,0,0,0,0,1,0,1,0,0,0,4
622,5.454,OSTEOARTHR CARTILAGE,6,0,2,0,0,0,0,0,1,0,1,2
623,,P 2017 1 INT C EMBXB,6,0,0,0,0,0,0,0,0,0,0,6
624,,P 2017 INT C INVXB,6,0,0,0,0,0,2,1,0,0,1,2
625,0.996,P I MECH ENG C-J MEC,6,0,0,0,0,2,0,0,1,1,1,1
626,2.410,P ROY SOC A-MATH PHY,6,0,0,0,0,0,0,2,1,0,0,3
627,2.117,PARKINSONS DIS-US,6,0,0,0,0,2,0,0,0,1,0,3
628,7.469,RADIOLOGY,6,0,0,0,0,0,0,0,1,0,1,4
629,5.311,SCI DATA,6,0,0,0,1,2,0,0,0,0,0,3
630,1.698,SIAM J APPL MATH,6,0,0,0,0,0,0,0,0,0,0,6
631,2.046,SIAM J SCI COMPUT,6,0,1,0,0,1,0,0,0,0,1,3
632,2.459,STRAHLENTHER ONKOL,6,0,0,0,0,0,0,0,0,1,0,5
633,2.165,TELEMED E-HEALTH,6,0,1,0,1,0,1,1,0,0,0,2
634,3.300,WORLD J GASTROENTERO,6,0,0,1,0,0,1,0,0,0,0,4
635,1.924,WORLD NEUROSURG,6,0,0,3,0,1,0,0,0,0,1,1
636,,2017 1 IEEE INT CXB,5,0,1,0,0,1,0,0,0,1,0,2
637,,2017 16 IEEE INT CXB,5,1,0,0,0,0,0,0,0,0,0,4
638,,2017 21 INT C PROCXB,5,0,0,1,2,0,0,0,0,0,1,1
639,,2017 25 INT C SYSTXB,5,0,0,1,0,2,0,0,2,0,0,0
640,,2017 25 TEL FOR TEXB,5,0,0,1,0,0,0,0,0,0,1,3
641,,2017 IEEE 12 INT CXB,5,0,0,1,0,0,0,0,0,0,0,4
642,,2017 IEEE CAN INTXB,5,0,0,1,0,0,0,0,0,0,0,4
643,,2017 IEEE SENS APPXB,5,0,1,0,0,1,1,0,0,0,0,2
644,,2017 INT C CONTRXB,5,0,0,0,0,1,0,0,0,1,0,3
645,1.156,ACM T EMBED COMPUT S,5,0,0,0,0,0,0,2,0,0,0,3
646,2.973,ACM T INTEL SYST TEC,5,0,0,0,0,0,2,0,0,0,0,3
647,4.432,ACS BIOMATER SCI ENG,5,0,0,1,0,1,0,1,0,0,0,2
648,0.964,ACTA BIOENG BIOMECH,5,0,0,0,0,0,0,1,0,0,0,4
649,0.857,ACTA PHYS POL A,5,0,0,0,1,0,0,0,0,0,1,3
650,,ADV BIOMED ENG,5,0,1,0,0,1,0,0,0,1,0,2
651,,ADV IND CONTROL,5,0,0,0,0,0,0,1,0,0,0,4
652,0.848,ADV MECH ENG,5,0,1,1,1,1,0,0,0,1,0,0
653,,ALGORITHMS,5,0,0,0,0,0,0,0,2,0,0,3
654,8.756,ANNU REV ANAL CHEM,5,0,0,0,0,1,0,0,0,0,0,4
655,2.320,ANNU REV CONTROL,5,0,0,0,0,0,0,0,0,0,0,5
656,1.769,APPL BIONICS BIOMECH,5,0,0,0,0,0,0,0,1,1,0,3
657,4.439,APPL SURF SCI,5,0,0,0,1,0,0,0,0,0,0,4
658,,ARTIF LIFE ROBOT,5,0,0,0,1,1,0,0,0,1,0,2
659,,ASIA PAC MICROWAVE,5,1,2,0,1,0,1,0,0,0,0,0
660,1.383,ASSEMBLY AUTOM,5,0,0,0,1,2,1,0,0,0,0,1
661,2.605,AUTON NEUROSCI-BASIC,5,0,0,0,0,0,0,0,2,0,0,3
662,3.438,BBA-BIOMEMBRANES,5,0,0,1,0,1,1,1,0,0,0,1
663,0.872,BIO-MED MATER ENG,5,0,1,0,0,0,0,0,0,0,2,2
664,6.838,BIOFABRICATION,5,1,0,1,0,2,0,0,1,0,0,0
665,3.125,BRAIN RES,5,0,1,1,2,0,0,0,0,0,0,1
666,,BREATHE,5,0,0,0,0,1,0,0,0,0,0,4
667,1.948,CHIN OPT LETT,5,0,0,0,1,1,1,2,0,0,0,0
668,2.643,CHRONOBIOL INT,5,0,0,0,2,0,0,0,0,0,0,3
669,2.282,CLIN RADIOL,5,0,0,0,0,0,0,0,0,1,1,3
670,1.747,COMPUT ELECTR ENG,5,0,0,1,1,0,0,1,1,0,0,1
671,4.148,COMPUT STRUCT BIOTEC,5,0,1,0,1,1,0,1,0,1,0,0
672,6.630,CRIT CARE MED,5,0,0,0,0,1,0,0,0,1,0,3
673,3.478,CURR NEUROL NEUROSCI,5,0,0,0,1,1,0,0,0,0,0,3
674,,DATA,5,0,1,2,0,0,0,0,1,0,0,1
675,,DISABIL REHABIL-ASSI,5,0,0,0,1,0,2,0,0,0,0,2
676,3.120,EAR HEARING,5,0,0,0,1,0,0,0,1,0,0,3
677,2.025,EARLY HUM DEV,5,1,0,1,0,0,0,0,0,0,2,1
678,,ENEURO,5,0,1,1,0,0,1,0,0,0,0,2
679,1.177,ENG COMPUTATION,5,0,0,0,0,1,0,0,0,0,0,4
680,,EPJ NONLINEAR BIOMED,5,0,1,0,1,0,0,0,0,0,0,3
681,2.019,ERGONOMICS,5,0,0,0,0,0,1,0,0,0,0,4
682,2.064,EVID-BASED COMPL ALT,5,0,0,0,2,0,0,0,1,0,0,2
683,2.413,EXP BIOL MED,5,0,0,0,0,3,0,1,0,0,0,1
684,,EXPERT REV OPHTHALMO,5,0,0,0,0,0,1,1,0,0,0,3
685,,FUTURE INTERNET,5,0,0,2,0,0,1,0,1,0,0,1
686,,HEALTH INF SCI SYST,5,1,1,0,0,0,0,0,1,0,1,1
687,,I C HUMANOID NANOTEC,5,0,0,0,1,0,0,1,0,0,0,3
688,,IEEE C ANTENNA MEAS,5,0,1,1,0,1,0,1,1,0,0,0
689,3.933,IEEE CIRC SYST MAG,5,0,1,1,1,0,0,0,1,0,0,1
690,,IEEE COMPUT SOC CONF,5,0,2,0,1,0,0,0,0,0,0,2
691,,IEEE INT C ELECTR TA,5,0,1,0,0,0,0,1,0,0,1,2
692,,IEEE SYST MAN CYBERN,5,0,0,0,1,0,0,2,0,0,0,2
693,0.723,IEEJ T ELECTR ELECTR,5,0,0,0,0,0,0,0,0,0,4,1
694,2.618,IET GENER TRANSM DIS,5,0,0,0,0,1,3,0,0,1,0,0
695,0.873,IET SYST BIOL,5,0,0,0,0,0,1,0,0,2,0,2
696,,INT C ASIC,5,0,0,1,1,2,0,0,0,0,0,1
697,2.036,INT J CARDIOVAS IMAG,5,0,0,1,0,0,0,0,0,1,0,3
698,0.908,INT J HUM ROBOT,5,0,0,0,0,0,0,0,0,0,1,4
699,1.259,INT J HUM-COMPUT INT,5,0,0,0,1,0,1,0,0,0,0,3
700,2.450,INT J NUMER METHOD H,5,0,0,0,0,1,0,0,1,0,0,3
701,3.294,INTEGR BIOL-UK,5,1,0,1,0,0,0,1,0,1,0,1
702,2.882,J BIOMED INFORM,5,0,0,1,0,1,0,1,1,0,0,1
703,,J BIOMIM BIOMATER BI,5,0,0,0,0,0,0,0,2,0,0,3
704,1.627,J BRAZ SOC MECH SCI,5,0,0,0,0,0,0,0,0,0,0,5
705,5.457,J CARDIOVASC MAGN R,5,0,0,0,2,1,1,0,1,0,0,0
706,3.468,J COGNITIVE NEUROSCI,5,0,0,0,0,0,0,0,0,0,0,5
707,1.632,J COMPUT APPL MATH,5,0,0,0,0,0,1,0,0,0,0,4
708,0.878,J COMPUT SCI TECH-CH,5,0,0,1,0,1,1,0,1,1,0,0
709,0.327,J INF SCI ENG,5,0,0,0,0,1,1,0,0,0,0,3
710,1.354,J NANOSCI NANOTECHNO,5,0,0,0,0,1,0,2,0,0,0,2
711,2.779,J NEURAL TRANSM,5,0,0,0,0,0,1,0,2,1,0,1
712,1.680,J OPHTHALMOL,5,0,1,3,1,0,0,0,0,0,0,0
713,1.906,J SPEECH LANG HEAR R,5,0,0,0,1,0,2,0,0,0,0,2
714,1.833,J THEOR BIOL,5,0,0,0,0,0,0,1,0,0,0,4
715,3.789,LANGMUIR,5,0,0,1,0,0,2,0,0,0,0,2
716,2.235,LASER PHYS LETT,5,0,0,0,0,2,0,0,0,0,0,3
717,,LECT NOTES ENG COMP,5,0,0,0,0,0,1,2,0,0,0,2
718,0.390,MEAS TECH+,5,0,0,0,0,0,0,0,0,0,0,5
719,1.049,MICROPROCESS MICROSY,5,0,0,1,0,1,0,0,0,0,0,3
720,1.087,MICROSC RES TECHNIQ,5,0,0,0,0,0,1,2,2,0,0,0
721,13.120,NANO ENERGY,5,0,1,0,0,0,0,2,0,0,0,2
722,32.635,NAT REV NEUROSCI,5,0,0,0,0,0,0,0,1,0,0,4
723,4.339,NONLINEAR DYNAM,5,0,0,1,1,0,0,1,0,0,0,2
724,2.370,NUMER MATH,5,0,0,0,0,0,0,0,0,1,0,4
725,1.664,ONCOL LETT,5,0,0,1,1,2,0,1,0,0,0,0
726,3.589,OPT LETT,5,1,0,0,0,0,0,0,3,0,0,1
727,,P 2017 7 INT C INTXB,5,0,0,0,0,1,0,0,0,0,2,2
728,,P 2017 IEEE 2 INT XB,5,0,0,1,0,2,1,1,0,0,0,0
729,,P 2017 IEEE INT CXB,5,0,0,0,0,0,0,0,0,0,0,5
730,,P IEEE VIRT REAL ANN,5,0,0,0,0,1,1,0,0,0,0,3
731,1.441,PACE,5,0,0,0,0,0,0,0,0,0,0,5
732,,PROC CVPR IEEE,5,0,1,0,0,0,2,0,1,0,0,1
733,1.103,PROSTHET ORTHOT INT,5,0,0,0,0,0,1,1,0,0,0,3
734,1.792,RESP PHYSIOL NEUROBI,5,0,0,0,0,1,0,0,0,0,0,4
735,2.188,SCI CHINA INFORM SCI,5,0,0,0,0,0,3,0,0,2,0,0
736,1.489,SKIN RES TECHNOL,5,0,0,0,0,0,0,1,1,1,0,2
737,,STUD COMPUT INTELL,5,0,0,0,0,0,0,0,0,1,0,4
738,2.861,SUPERCOND SCI TECH,5,1,2,0,0,0,0,0,1,1,0,0
739,8.537,THERANOSTICS,5,0,1,0,1,0,0,0,3,0,0,0
740,1.176,UNIVERSAL ACCESS INF,5,0,0,0,0,0,1,0,0,0,0,4
741,,WIREL TELECOMM SYMP,5,0,0,0,0,0,0,1,0,0,0,4
742,,WOODH PUB SER ELECT,5,0,0,0,0,0,1,0,2,1,0,1
743,,2017 3 INT C EL INXB,4,0,0,0,0,0,0,0,0,0,0,4
744,,2017 3 INT C EVXB,4,0,0,1,0,0,0,0,0,0,3,0
745,,2017 IEEE 1 UKR CXB,4,0,0,0,0,1,0,0,0,0,0,3
746,,2017 IEEE 37 INT CXB,4,0,0,0,0,0,0,0,1,0,3,0
747,,2017 IEEE 8 LAT AMXB,4,0,0,0,0,1,1,0,0,0,1,1
748,,2017 INT C NEWXB,4,0,1,0,0,1,0,0,0,0,1,1
749,,2017 INT S SIGNXB,4,0,1,0,2,0,0,0,0,0,0,1
750,,ACS OMEGA,4,0,0,0,0,0,1,0,0,0,0,3
751,0.909,ACTA POLYTECH HUNG,4,0,0,1,0,0,0,0,0,0,0,3
752,13.660,ADV DRUG DELIVER REV,4,0,0,0,1,0,0,0,1,0,0,2
753,5.466,ADV ELECTRON MATER,4,0,0,2,1,0,0,0,0,0,0,1
754,4.622,ADV MATER TECHNOL-US,4,0,1,0,2,0,0,0,0,0,0,1
755,12.441,ADV SCI,4,0,1,0,0,1,0,0,1,0,0,1
756,,AFRICON,4,0,0,0,2,0,0,0,1,0,0,1
757,,ANN REHABIL MED-ARM,4,0,0,0,0,1,1,1,1,0,0,0
758,1.983,APPL INTELL,4,0,0,0,0,0,1,0,0,0,0,3
759,6.605,ARCH COMPUT METHOD E,4,0,0,1,0,1,1,0,0,0,0,1
760,3.077,ARCH PHYS MED REHAB,4,0,0,0,0,0,0,0,0,0,0,4
761,4.032,AUTOMAT CONSTR,4,0,0,1,0,0,0,0,0,0,0,3
762,6.126,AUTOMATICA,4,0,0,0,0,0,0,1,0,1,1,1
763,3.679,BBA-GEN SUBJECTS,4,0,0,0,0,1,1,0,0,0,0,2
764,1.723,BIOMED J,4,0,1,0,0,1,0,0,1,0,0,1
765,1.194,BLOOD PRESS MONIT,4,0,0,0,0,0,1,0,0,0,0,3
766,2.042,BMC PEDIATR,4,0,0,0,0,0,0,1,2,0,0,1
767,2.219,BRAIN BEHAV,4,0,0,0,0,0,0,1,0,1,0,2
768,,CANCER INFORM,4,0,0,0,0,0,0,2,0,0,0,2
769,9.130,CANCER RES,4,1,0,1,0,0,1,0,1,0,0,0
770,6.221,CIRC-CARDIOVASC IMAG,4,0,0,1,1,1,0,0,0,0,0,1
771,2.600,CLIN PHYSIOL FUNCT I,4,0,0,0,1,0,0,0,0,0,0,3
772,1.260,COGN TECHNOL WORK,4,0,0,0,0,1,1,1,0,0,0,1
773,2.221,COMPUT FLUIDS,4,0,0,0,0,0,1,0,0,0,0,3
774,2.391,COMPUT VIS IMAGE UND,4,0,0,0,0,1,1,0,0,1,0,1
775,4.907,CORTEX,4,0,0,0,0,0,0,0,0,0,0,4
776,3.289,CURR ALZHEIMER RES,4,0,0,1,0,1,0,0,1,1,0,0
777,4.010,CURR OPIN NEUROL,4,0,0,0,0,0,0,0,0,0,0,4
778,2.481,DATA MIN KNOWL DISC,4,0,1,1,0,0,0,0,0,1,0,1
779,1.175,DISPLAYS,4,0,0,0,1,1,0,1,1,0,0,0
780,2.531,DYSPHAGIA,4,0,0,0,0,0,0,0,1,0,0,3
781,,ELEC COMP C,4,0,0,1,1,1,0,1,0,0,0,0
782,2.851,ELECTROANAL,4,0,0,0,0,1,0,0,0,0,1,2
783,2.819,ENG APPL ARTIF INTEL,4,0,0,0,0,0,1,0,0,2,1,0
784,4.129,EUR NEUROPSYCHOPHARM,4,0,0,0,0,0,0,0,1,0,0,3
785,1.536,EUR PHYS J B,4,0,0,0,0,0,0,0,1,0,0,3
786,12.244,EUR RESPIR J,4,0,0,1,0,0,0,0,1,0,0,2
787,1.737,EURASIP J IMAGE VIDE,4,0,0,0,0,0,0,1,0,0,1,2
788,5.231,EUROPACE,4,0,0,0,1,0,0,0,1,0,0,2
789,2.094,EXPERT REV MED DEVIC,4,0,0,0,0,1,1,0,0,1,0,1
790,2.607,EXPERT REV RESP MED,4,0,0,1,2,0,0,0,0,0,1,0
791,,FED C COMPUT SCI,4,0,0,1,1,0,0,0,0,1,0,1
792,,FLEX PRINT ELECTRON,4,0,0,1,2,0,1,0,0,0,0,0
793,3.138,FRONT BEHAV NEUROSCI,4,0,0,0,0,0,0,0,0,0,0,4
794,3.152,FRONT NEUROANAT,4,0,0,0,0,0,0,0,1,0,0,3
795,2.675,FUZZY SET SYST,4,0,0,0,0,0,0,0,0,0,0,4
796,3.433,IEEE ELECTR DEVICE L,4,0,0,0,0,0,0,0,0,1,1,2
797,,IEEE INT CONF COMP V,4,1,0,1,1,0,0,0,0,0,0,1
798,,IEEE T BIG DATA,4,0,1,1,0,0,0,0,0,0,0,2
799,1.952,IEEE T COGN DEV SYST,4,0,1,1,1,0,0,0,1,0,0,0
800,4.051,IEEE T INTELL TRANSP,4,0,0,0,0,0,0,1,1,0,1,1
801,4.098,IEEE T MOBILE COMPUT,4,0,0,0,0,0,1,1,0,1,0,1
802,,IEEE WINT CONF APPL,4,0,0,0,1,0,0,1,0,1,0,1
803,,IND INST MET SER,4,0,0,0,0,0,0,0,0,0,0,4
804,,INNOV SURG SCI,4,1,1,0,0,0,1,0,0,0,0,1
805,,INT C ADVAN COMPU,4,0,0,0,0,0,0,0,0,0,0,4
806,,INT C SYST CONTRO,4,0,0,0,0,0,0,0,0,0,0,4
807,2.601,INT J ADV MANUF TECH,4,0,1,1,0,0,1,0,0,0,0,1
808,1.444,INT J CIRC THEOR APP,4,0,0,0,0,0,0,0,0,1,0,3
809,0.652,INT J DATA MIN BIOIN,4,0,0,0,0,0,0,0,0,0,2,2
810,3.202,INT J INFECT DIS,4,0,0,1,0,1,0,2,0,0,0,0
811,4.370,INT J NANOMED,4,0,0,0,0,0,0,0,1,1,0,2
812,0.816,INT J NUMER MODEL EL,4,0,0,0,0,0,1,0,0,0,0,3
813,3.862,INT J PHARMACEUT,4,1,1,0,0,0,0,1,0,0,0,1
814,5.554,INT J RADIAT ONCOL,4,2,0,0,0,0,0,0,0,1,0,1
815,1.723,ISPRS INT J GEO-INF,4,0,0,0,1,0,0,0,2,0,0,1
816,2.638,J AM ACAD ORTHOP SUR,4,0,0,0,0,0,1,0,0,0,0,3
817,1.423,J AMB INTEL HUM COMP,4,0,0,1,0,1,0,1,0,0,0,1
818,2.479,J ANAT,4,0,0,0,0,0,1,3,0,0,0,0
819,1.783,J APPL BIOMED,4,0,0,0,0,0,0,0,0,0,0,4
820,0.649,J BIOL SYST,4,0,0,0,0,0,0,1,0,1,0,2
821,6.045,J CEREBR BLOOD F MET,4,0,0,0,0,0,0,0,2,0,0,2
822,0.112,J CHIN SOC MECH ENG,4,0,0,0,0,0,0,0,0,0,0,4
823,3.396,J CLIN SLEEP MED,4,0,0,0,0,0,0,0,1,0,0,3
824,2.201,J CONSTR ENG M,4,0,0,0,0,0,0,0,0,0,0,4
825,,J ELECTRON INF TECHN,4,0,1,0,1,0,1,0,0,0,0,1
826,0.954,J FAC ENG ARCHIT GAZ,4,0,0,0,0,0,0,0,0,0,1,3
827,2.648,J HAND SURG-EUR VOL,4,0,0,0,0,0,0,2,0,1,0,1
828,4.099,J HYPERTENS,4,0,0,0,0,1,2,0,0,0,0,1
829,,J IMAGING,4,0,0,0,0,0,2,1,0,1,0,0
830,1.583,J INTELL ROBOT SYST,4,0,0,0,0,3,1,0,0,0,0,0
831,0.941,J INVERSE ILL-POSE P,4,0,0,0,0,0,1,0,0,0,0,3
832,1.493,J MATERN-FETAL NEO M,4,0,0,0,0,1,0,0,1,0,0,2
833,3.172,J PARKINSON DIS,4,0,1,0,0,0,0,2,0,0,0,1
834,2.196,J PHARMACOKINET PHAR,4,0,0,0,1,0,0,0,0,0,0,3
835,2.787,J PROCESS CONTR,4,0,0,0,0,1,0,0,0,0,1,2
836,0.374,J SEMICOND TECH SCI,4,0,0,0,1,1,1,0,0,0,0,1
837,2.325,J STRENGTH COND RES,4,0,0,0,0,1,0,0,0,0,0,3
838,2.886,J SURG ONCOL,4,0,0,2,0,0,1,0,0,0,0,1
839,0.913,J SYST ARCHITECT,4,0,1,0,0,0,0,0,0,0,0,3
840,,J TEKNOL,4,0,0,0,0,0,0,0,0,0,0,4
841,,J THER ULTRASOUND,4,0,0,0,0,0,0,0,2,0,0,2
842,1.530,J ULTRAS MED,4,0,0,1,0,0,0,0,1,0,0,2
843,2.758,J VASC INTERV RADIOL,4,0,1,0,0,1,1,0,0,0,1,0
844,1.836,J VIS COMMUN IMAGE R,4,0,1,0,0,0,1,0,1,1,0,0
845,4.541,JMIR MHEALTH UHEALTH,4,1,0,0,0,0,1,2,0,0,0,0
846,,LARYNSCOPE INVEST,4,0,0,1,0,0,0,0,0,0,0,3
847,2.726,LASER SURG MED,4,1,0,0,0,0,0,0,0,0,0,3
848,0.401,LAT AM J PHARM,4,0,0,0,0,0,0,0,0,0,0,4
849,,MATEC WEB CONF,4,0,0,1,0,1,1,0,0,0,1,0
850,1.476,MATH COMPUT SIMULAT,4,0,0,0,0,0,0,0,0,0,0,4
851,1.101,MATH MODEL NAT PHENO,4,0,0,0,0,0,1,0,0,0,0,3
852,2.211,MECCANICA,4,0,0,0,0,0,0,1,0,1,0,2
853,1.352,MECH SCI,4,0,1,0,0,0,0,0,0,0,0,3
854,0.731,MOD PHYS LETT B,4,0,0,0,0,0,0,1,0,0,1,2
855,,MODEL OPTIM SCI TECH,4,0,0,0,0,1,0,0,0,0,1,2
856,2.088,MULTIDIM SYST SIGN P,4,0,0,0,1,2,0,0,0,0,1,0
857,12.080,NANO LETT,4,0,1,0,0,0,0,0,0,0,0,3
858,41.577,NATURE,4,0,2,0,0,0,0,0,0,0,0,2
859,4.454,NEUROBIOL AGING,4,0,0,0,0,0,2,0,0,0,1,1
860,3.842,NEUROGASTROENT MOTIL,4,0,2,0,0,0,1,1,0,0,0,0
861,1.449,NEUROL RES,4,0,0,0,0,0,0,0,0,0,0,4
862,2.889,NEUROPSYCHOLOGIA,4,0,0,0,0,0,0,0,0,0,0,4
863,2.647,NEUROSURG FOCUS,4,0,0,0,0,0,0,0,0,0,0,4
864,0.805,OPT REV,4,0,0,0,1,0,0,2,0,0,0,1
865,,P 19 INT C HUM INTXB,4,0,0,0,0,0,0,0,0,0,0,4
866,,P 2017 IEEE RUSSXB,4,0,1,1,1,0,0,0,0,0,0,1
867,,P 2017 INT C COMMXB,4,0,0,0,0,1,0,1,0,0,0,2
868,,P 7 INT C CLOUDXB,4,0,0,0,1,0,1,0,0,0,1,1
869,,P INT COMP SOFTW APP,4,0,0,0,0,1,2,0,0,1,0,0
870,1.924,PERS UBIQUIT COMPUT,4,0,0,0,0,0,0,0,1,1,0,2
871,2.748,PHILOS T R SOC A,4,0,0,0,0,0,1,0,0,0,0,3
872,,PHOTOACOUSTICS,4,0,0,1,0,0,3,0,0,0,0,0
873,3.906,PHYS CHEM CHEM PHYS,4,0,0,0,0,0,0,1,0,0,0,3
874,2.240,PHYS MEDICA,4,0,2,0,1,0,0,0,0,0,0,1
875,2.517,PHYSIOL BEHAV,4,0,0,0,0,1,0,1,0,0,0,2
876,,PROC IEEE MICR ELECT,4,0,0,1,0,0,2,0,1,0,0,0
877,1.151,QUANTUM ELECTRON+,4,0,0,0,0,0,0,2,0,0,0,2
878,9.184,RENEW SUST ENERG REV,4,0,0,0,0,0,1,0,0,0,0,3
879,5.863,RESUSCITATION,4,0,0,0,0,0,0,0,0,0,0,4
880,,REV FAC ING-UNIV ANT,4,0,0,1,0,0,0,0,0,0,0,3
881,,REV ITECKNE,4,0,0,0,0,1,0,0,0,0,0,3
882,1.070,SENSOR REV,4,0,0,0,0,0,1,0,0,1,0,2
883,2.361,SIAM J IMAGING SCI,4,0,0,0,1,0,0,0,0,0,0,3
884,3.395,SLEEP MED,4,0,0,0,0,0,0,0,0,0,0,4
885,1.185,SOMATOSENS MOT RES,4,0,0,0,0,0,0,0,1,1,0,2
886,,SOVREM TEHNOL MED,4,0,0,0,0,0,0,0,0,0,0,4
887,0.326,SPECTROSC SPECT ANAL,4,0,0,0,1,0,1,1,1,0,0,0
888,2.075,SUSTAINABILITY-BASEL,4,1,0,1,0,1,0,0,0,0,0,1
889,,SYST SCI CONTROL ENG,4,0,0,0,0,1,1,0,0,0,1,1
890,1.579,T I MEAS CONTROL,4,0,0,0,0,1,0,0,0,0,0,3
891,13.578,TRENDS BIOTECHNOL,4,0,1,1,1,1,0,0,0,0,0,0
892,1.808,TRENDS HEAR,4,0,0,1,0,1,0,0,0,0,0,2
893,6.012,ULTRASON SONOCHEM,4,0,0,1,0,0,0,0,3,0,0,0
894,2.069,VISION RES,4,0,0,1,0,0,0,0,0,0,0,3
895,1.036,VISUAL COMPUT,4,0,0,0,0,1,0,1,0,0,0,2
896,,2017 13 INT C COMPXB,3,1,0,0,0,1,0,0,0,0,0,1
897,,2017 14 C COMP ROBXB,3,0,0,0,0,0,0,2,0,1,0,0
898,,2017 3 IEEE INT CXB,3,0,0,0,0,0,0,0,0,1,0,2
899,,2017 3 INT MOR ENGXB,3,0,0,1,0,0,0,0,0,0,0,2
900,,2017 4 INT C ELXB,3,0,0,0,0,0,0,0,0,0,1,2
901,,2017 6 DAT DRIVXB,3,0,0,1,0,1,0,0,0,0,0,1
902,,2017 CHIL C EL ELXB,3,0,0,0,0,0,0,0,0,0,1,2
903,,2017 ELCT EL COMPXB,3,0,0,1,0,0,0,0,1,0,1,0
904,,2017 INT C ALG METXB,3,0,0,1,0,0,0,0,0,0,1,1
905,,2017 INT C COMMXB,3,0,0,2,0,0,0,0,0,0,0,1
906,,2017 INT C REC ADVXB,3,0,0,0,0,0,1,0,0,0,0,2
907,,2017 INT C SMARTXB,3,0,0,0,0,1,0,0,0,0,0,2
908,,2017 INT C VIRT REXB,3,0,0,0,0,0,1,0,0,1,0,1
909,,2017 SEM DET SYSTXB,3,0,0,0,0,0,0,0,0,0,1,2
910,,2017 SENS NETWXB,3,0,0,0,0,1,0,0,1,0,0,1
911,,ACM IEEE INT CONF CY,3,0,0,0,0,0,0,0,0,0,0,3
912,1.489,ACM T KNOWL DISCOV D,3,0,1,1,1,0,0,0,0,0,0,0
913,2.313,ACM T SENSOR NETWORK,3,0,0,0,0,1,0,0,0,0,1,1
914,4.211,ACS CHEM NEUROSCI,3,0,0,0,0,0,0,0,0,2,0,1
915,7.346,ADV COLLOID INTERFAC,3,0,0,0,0,1,0,0,0,0,1,1
916,1.653,ADV DATA ANAL CLASSI,3,0,0,1,0,0,0,0,0,1,0,1
917,0.699,ADV ELECTR COMPUT EN,3,0,0,0,0,0,0,0,0,0,0,3
918,,ADV KNOWL ACQUISITIO,3,0,0,0,0,0,0,0,0,1,0,2
919,,ADV MED TECH CLIN PR,3,0,0,0,0,0,0,0,0,0,0,3
920,0.889,AEROSP MED HUM PERF,3,0,0,0,0,0,0,0,0,0,0,3
921,,AGRO FOOD IND HI TEC,3,0,0,0,0,0,0,0,0,2,0,1
922,4.171,AM HEART J,3,0,0,0,0,0,0,0,0,0,0,3
923,1.843,AM J PHYS MED REHAB,3,0,0,0,0,0,1,0,0,0,0,2
924,3.293,AM J PHYSIOL-GASTR L,3,1,0,0,0,0,1,1,0,0,0,0
925,15.239,AM J RESP CRIT CARE,3,0,0,0,0,0,0,0,0,0,0,3
926,1.713,AM J SPEECH-LANG PAT,3,0,0,0,1,0,2,0,0,0,0,0
927,6.057,AM J SPORT MED,3,0,0,0,0,0,0,0,0,0,0,3
928,,AMB ASS LIV ENH LIXB,3,0,0,0,1,0,0,0,0,0,0,2
929,1.271,ANATOL J CARDIOL,3,0,1,0,0,0,0,0,0,0,0,2
930,3.174,APPETITE,3,0,0,0,1,0,0,0,1,1,0,0
931,,APPL MATER TODAY,3,0,0,0,0,1,0,0,0,0,0,2
932,3.771,APPL THERM ENG,3,0,0,0,0,1,0,0,0,0,0,2
933,1.092,ARAB J SCI ENG,3,0,0,1,1,0,0,0,0,0,1,0
934,,ARCH CARDIOL MEX,3,0,0,1,0,0,0,1,0,0,0,1
935,2.050,ARCH ORAL BIOL,3,0,1,0,0,0,1,0,0,0,0,1
936,3.658,ARCH PATHOL LAB MED,3,0,0,0,0,0,0,1,1,0,0,1
937,1.842,ASAIO J,3,0,1,2,0,0,0,0,0,0,0,0
938,1.678,ATTEN PERCEPT PSYCHO,3,0,0,0,0,0,0,0,0,0,0,3
939,,BALT J HEALTH PHYS A,3,0,0,0,0,0,0,0,0,0,0,3
940,2.968,BEILSTEIN J NANOTECH,3,0,0,0,0,0,0,0,0,0,0,3
941,1.400,BIOCHIP J,3,0,0,0,0,0,0,0,0,0,0,3
942,3.789,BIOELECTROCHEMISTRY,3,0,0,0,0,1,0,0,0,0,0,2
943,5.481,BIOINFORMATICS,3,1,0,0,0,0,0,0,1,0,0,1
944,,BIOL MED PHYS BIOMED,3,0,0,0,0,0,0,0,1,1,0,1
945,,BIONANOSCIENCE,3,0,0,0,0,0,0,1,0,0,0,2
946,1.619,BIOSYSTEMS,3,0,0,0,0,0,0,0,0,0,0,3
947,3.952,BIOTECHNOL BIOENG,3,1,0,0,0,0,1,0,0,0,0,1
948,1.813,BMC BIOPHYS,3,0,0,0,0,0,0,0,0,1,0,2
949,,BMC EAR NOSE THROAT,3,0,0,0,0,0,0,0,1,0,0,2
950,2.170,BMC NEUROL,3,0,0,1,0,0,0,0,0,0,0,2
951,3.581,BONE JOINT J,3,0,0,0,0,0,0,0,0,0,0,3
952,3.440,BRAIN RES BULL,3,0,0,1,0,0,0,0,0,0,0,2
953,6.302,BRIEF BIOINFORM,3,0,0,1,1,0,0,0,0,0,0,1
954,,C HUM SYST INTERACT,3,0,0,0,1,0,0,0,0,0,0,2
955,7.082,CARBON,3,0,0,0,0,0,1,0,1,0,0,1
956,2.826,CHEM ENG PROCESS,3,0,0,0,0,0,0,0,0,0,0,3
957,4.446,CHEMELECTROCHEM,3,0,0,1,0,0,0,0,0,0,0,2
958,0.880,CHINESE J GEOPHYS-CH,3,0,0,0,0,0,0,1,1,0,0,1
959,1.914,CLIN HEMORHEOL MICRO,3,0,0,0,0,0,0,0,1,0,0,2
960,2.084,CNS NEUROL DISORD-DR,3,0,1,0,1,1,0,0,0,0,0,0
961,0.501,COMMUN STAT-SIMUL C,3,0,0,0,0,0,0,1,0,0,0,2
962,0.534,COMPEL,3,0,0,0,0,0,3,0,0,0,0,0
963,2.084,COMPLEMENT THER MED,3,0,0,0,0,0,0,0,0,0,0,3
964,5.797,COMPR PHYSIOL,3,0,0,0,0,0,0,0,0,0,0,3
965,2.522,COMPUT NETW,3,0,0,0,1,1,0,1,0,0,0,0
966,,COMPUTERS,3,0,0,0,1,0,0,0,1,1,0,0
967,0.684,CONCEPT MAGN RESON B,3,0,0,0,0,0,2,0,0,0,0,1
968,6.425,CRIT CARE,3,1,0,0,1,0,1,0,0,0,0,0
969,,CURR OPIN ELECTROCHE,3,0,1,0,0,0,0,0,0,0,0,2
970,,CURR SURG REP,3,2,0,0,1,0,0,0,0,0,0,0
971,,DES AUT TEST EUROPE,3,0,0,0,1,0,1,0,0,0,1,0
972,,DIABETES MELLIT,3,0,0,0,0,0,0,0,0,0,0,3
973,3.340,DIABETES VASC DIS RE,3,0,0,0,0,0,0,1,0,0,0,2
974,0.944,ELECTRON J DIFFER EQ,3,0,0,0,0,0,0,0,0,0,0,3
975,,ESSC 2017 43 IEEEXB,3,0,0,0,0,0,1,0,0,0,1,1
976,23.425,EUR HEART J,3,0,0,0,0,0,0,0,0,1,0,2
977,2.843,EUR J RADIOL,3,0,0,0,0,0,0,0,0,0,1,2
978,2.576,EUR J SPORT SCI,3,0,0,0,0,1,1,0,0,0,0,1
979,4.027,EUR RADIOL,3,0,1,0,0,0,1,0,0,0,0,1
980,,EURASIP J BIOINFORM,3,0,0,0,0,0,0,1,0,0,0,2
981,2.319,EXP MECH,3,0,0,0,0,0,0,2,0,1,0,0
982,2.732,EXP PHYSIOL,3,0,0,1,0,0,0,0,0,0,0,2
983,0.625,FLUCT NOISE LETT,3,0,0,0,0,0,0,0,0,0,1,2
984,,FOOD CHEM FUNCT ANAL,3,0,0,0,0,0,0,0,0,0,1,2
985,3.131,FRONT NEURAL CIRCUIT,3,0,0,1,0,0,0,0,0,0,0,2
986,,FRONT NUTR,3,0,0,0,1,0,0,0,1,1,0,0
987,3.831,FRONT PHARMACOL,3,0,0,0,0,0,0,1,0,0,0,2
988,2.857,FRONT PSYCHIATRY,3,0,0,0,0,0,1,0,0,0,0,2
989,7.267,GIGASCIENCE,3,0,0,0,0,0,0,0,1,0,0,2
990,2.249,GRAEF ARCH CLIN EXP,3,0,0,0,0,0,1,1,0,0,0,1
991,0.993,HEALTH PHYS,3,0,0,0,1,0,0,0,0,0,0,2
992,5.420,HEART,3,0,0,0,0,0,0,0,0,0,0,3
993,,HEAT TRANSF-ASIAN RE,3,0,0,0,0,0,0,0,0,0,0,3
994,6.823,HYPERTENSION,3,0,0,0,0,0,0,0,0,0,0,3
995,0.962,IBM J RES DEV,3,0,1,0,0,0,0,0,1,0,0,1
996,,IEEE I CONF COMP VIS,3,0,0,1,1,0,0,0,0,0,1,0
997,,IEEE ICCE,3,0,0,1,0,0,1,1,0,0,0,0
998,,IEEE INT C SEMANT CO,3,0,0,0,0,0,0,0,0,1,0,2
999,,IEEE INT CON MULTI,3,0,0,0,0,0,1,1,0,1,0,0
1000,,IEEE INT CONGR BIG,3,0,0,0,1,0,0,1,0,0,0,1
1001,2.962,IEEE MICROW MAG,3,0,0,0,0,0,0,0,0,0,0,3
1002,7.451,IEEE SIGNAL PROC MAG,3,0,0,1,0,0,0,0,1,0,0,1
1003,2.063,IEEE T AERO ELEC SYS,3,0,0,0,0,0,0,0,0,0,1,2
1004,3.558,IEEE T CIRC SYST VID,3,0,0,1,0,0,0,1,0,0,1,0
1005,1.090,IEICE T COMMUN,3,0,0,0,0,0,1,0,1,0,0,1
1006,0.337,IEICE T FUND ELECTR,3,0,0,0,0,0,0,0,0,0,0,3
1007,3.296,IET CONTROL THEORY A,3,0,0,0,0,3,0,0,0,0,0,0
1008,1.837,IET RADAR SONAR NAV,3,0,0,2,1,0,0,0,0,0,0,0
1009,3.141,IND ENG CHEM RES,3,0,0,0,0,1,0,0,0,0,0,2
1010,1.205,IND ROBOT,3,0,0,0,0,1,0,0,0,0,1,1
1011,,INT C BIG DATA,3,0,0,0,1,0,0,0,0,0,1,1
1012,,INT C INFO SCI,3,0,0,0,1,0,1,0,0,0,0,1
1013,,INT C MODEL SIM,3,0,0,0,0,0,0,0,0,0,0,3
1014,,INT C SEMINAR,3,0,0,0,0,0,0,0,0,0,0,3
1015,,INT CARIBB CONF DEVI,3,0,0,0,0,0,0,1,0,0,0,2
1016,,INT CON ADV INFO NET,3,0,0,0,0,0,1,1,0,0,0,1
1017,,INT J ADV APPL SCI,3,0,0,0,0,0,0,0,0,0,0,3
1018,,INT J APPL PATTERN R,3,0,0,0,0,0,0,1,0,0,0,2
1019,5.548,INT J BEHAV NUTR PHY,3,0,0,0,0,0,0,0,1,0,1,1
1020,0.833,INT J CLIN EXP MED,3,0,0,0,1,0,0,0,0,0,0,2
1021,,INT J COGN INFORM NA,3,0,0,0,0,0,1,0,0,0,0,2
1022,,INT J COMPUT SCI ENG,3,0,0,0,1,0,1,0,1,0,0,0
1023,,INT J COMPUT SCI MAT,3,0,0,0,0,0,0,0,0,0,0,3
1024,0.361,INT J DIABETES DEV C,3,0,0,0,0,0,0,0,0,0,0,3
1025,,INT J EMBED SYST,3,0,0,0,0,0,0,0,1,0,0,2
1026,,INT J HEALTHC INF SY,3,0,0,0,0,0,1,0,0,0,0,2
1027,2.316,INT J LEGAL MED,3,0,0,0,0,0,0,1,0,1,0,1
1028,,INT J MODEL IDENTIF,3,0,0,0,1,0,0,0,0,0,1,1
1029,,INT J ONLINE ENG,3,0,0,0,0,0,0,0,1,1,0,1
1030,,INT J SIGNAL IMAGING,3,0,0,0,0,0,0,1,0,0,0,2
1031,,INT J SPORTS PHYS TH,3,0,0,0,0,0,0,0,0,0,0,3
1032,1.726,INT NEUROUROL J,3,0,1,0,2,0,0,0,0,0,0,0
1033,,INTEL SYST REF LIBR,3,0,0,0,1,0,0,0,0,0,1,1
1034,,INTELL DAT CENT SYST,3,0,0,0,0,0,0,0,0,0,0,3
1035,6.224,INVEST RADIOL,3,0,0,0,0,0,0,0,2,0,0,1
1036,1.045,IRISH J MED SCI,3,0,0,0,0,0,1,2,0,0,0,0
1037,,ISSCC DIG TECH PAP I,3,0,0,0,0,0,0,2,0,0,0,1
1038,3.779,J ALLOY COMPD,3,0,0,0,0,1,0,0,0,0,0,2
1039,1.397,J APPL BIOMATER FUNC,3,0,0,0,0,0,0,0,0,0,0,3
1040,1.301,J APPL CLIN MED PHYS,3,0,1,1,0,0,0,0,0,0,0,1
1041,0.982,J BACK MUSCULOSKELET,3,0,0,0,0,0,0,0,0,1,0,2
1042,3.906,J BIOL RHYTHM,3,0,0,0,0,0,0,0,0,0,0,3
1043,3.231,J BIOMED MATER RES A,3,0,0,0,0,1,0,0,1,0,0,1
1044,1.195,J CARDIOVASC SURG,3,1,1,0,0,1,0,0,0,0,0,0
1045,0.761,J CENT SOUTH UNIV,3,0,0,0,0,1,0,0,0,0,0,2
1046,0.595,J CIRCUIT SYST COMP,3,0,0,0,0,0,0,0,0,0,1,2
1047,3.662,J ELECTROCHEM SOC,3,0,1,0,0,0,0,0,0,0,0,2
1048,2.038,J ENDOUROL,3,0,0,0,1,1,0,0,0,0,0,1
1049,1.602,J HEAT TRANS-T ASME,3,0,0,0,1,0,0,0,0,0,1,1
1050,1.258,J INSTRUM,3,0,0,0,0,0,0,0,0,0,0,3
1051,0.758,J INT ADV OTOL,3,0,0,0,0,0,0,0,0,0,0,3
1052,3.667,J INTELL MANUF,3,0,0,0,0,0,0,1,0,0,1,1
1053,2.586,J MAGN RESON,3,0,0,0,1,1,0,0,1,0,0,0
1054,5.976,J MATER CHEM C,3,0,0,0,0,0,1,1,0,0,0,1
1055,2.448,J MATER SCI-MATER M,3,0,0,0,0,0,1,0,0,0,1,1
1056,4.671,J MED INTERNET RES,3,0,0,0,0,0,1,0,1,0,0,1
1057,1.513,J MOTOR BEHAV,3,0,0,0,0,0,0,0,1,0,0,2
1058,1.140,J MULTIMODAL USER IN,3,0,0,0,0,0,0,0,1,0,0,2
1059,1.069,J NANOELECTRON OPTOE,3,0,0,0,0,0,0,1,0,0,0,2
1060,2.127,J NANOPART RES,3,0,1,2,0,0,0,0,0,0,0,0
1061,0.744,J ORGAN END USER COM,3,0,0,0,0,1,0,0,2,0,0,0
1062,2.645,J PAIN RES,3,1,0,0,0,0,0,0,0,0,0,2
1063,1.487,J PHYSIOL ANTHROPOL,3,0,0,0,0,0,0,0,0,1,1,1
1064,1.023,J POWER ELECTRON,3,0,1,0,0,0,0,0,1,0,0,1
1065,1.574,J REAL-TIME IMAGE PR,3,0,0,0,0,0,2,0,0,1,0,0
1066,3.929,J SCI MED SPORT,3,0,0,0,0,0,0,2,0,0,0,1
1067,2.190,J VERTEBR PALEONTOL,3,0,0,0,0,0,0,0,0,1,0,2
1068,2.865,J VESTIBUL RES-EQUIL,3,0,0,0,0,0,0,0,0,0,0,3
1069,1.554,J VET BEHAV,3,0,0,0,0,0,0,0,0,0,0,3
1070,2.388,JAMA FACIAL PLAST SU,3,0,0,0,0,0,0,2,1,0,0,0
1071,6.669,JAMA OPHTHALMOL,3,0,0,0,0,2,0,0,0,0,0,1
1072,0.158,KLIN NEUROPHYSIOL,3,0,0,0,1,0,0,0,0,0,0,2
1073,53.254,LANCET,3,0,0,0,0,0,1,0,0,0,0,2
1074,,LECT NOTE NETW SYST,3,0,0,0,0,0,0,0,0,1,1,1
1075,1.045,LOGOP PHONIATR VOCO,3,0,0,0,0,0,0,0,0,0,0,3
1076,1.248,MATER PLAST,3,0,0,0,0,0,0,1,0,0,1,1
1077,1.345,MEAS SCI REV,3,0,0,0,0,0,1,0,1,1,0,0
1078,,METHOD MOL BIOL,3,0,0,0,1,0,0,0,0,0,0,2
1079,1.523,METROL MEAS SYST,3,0,1,1,0,0,0,0,0,0,0,1
1080,0.841,MICRO NANO LETT,3,0,0,0,0,1,0,0,0,0,0,2
1081,2.797,MICROCIRCULATION,3,0,0,0,0,0,0,0,0,0,0,3
1082,2.384,MICROFLUID NANOFLUID,3,0,1,0,0,0,0,0,1,0,1,0
1083,0.782,MIL MED,3,0,0,0,0,1,0,0,0,0,1,1
1084,0.957,MOTOR CONTROL,3,0,1,0,0,0,0,0,0,0,0,2
1085,3.008,MRS COMMUN,3,0,0,0,0,0,0,0,0,0,0,3
1086,1.703,MULTIMEDIA SYST,3,0,2,0,0,1,0,0,0,0,0,0
1087,,NANO STR MED,3,0,0,0,0,0,0,0,0,0,0,3
1088,3.504,NANOMATERIALS-BASEL,3,0,0,0,0,1,0,0,0,0,0,2
1089,6.500,NANOMED-NANOTECHNOL,3,0,0,0,0,0,0,0,1,0,0,2
1090,7.233,NANOSCALE,3,0,1,1,0,0,0,0,0,0,0,1
1091,,NAT HUM BEHAV,3,0,0,1,0,0,0,0,1,0,0,1
1092,51.941,NAT REV MATER,3,0,0,0,1,0,0,0,0,0,0,2
1093,3.161,NEURAL PLAST,3,0,0,0,0,0,0,1,1,0,0,1
1094,1.787,NEURAL PROCESS LETT,3,0,0,0,0,1,0,0,0,0,0,2
1095,4.249,NEUROPHARMACOLOGY,3,0,0,1,1,0,0,0,1,0,0,0
1096,1.336,NUCL INSTRUM METH A,3,0,0,0,0,0,0,0,0,0,1,2
1097,1.085,NUCL SCI TECH,3,0,1,2,0,0,0,0,0,0,0,0
1098,,OCEAN SYST ENG,3,0,0,0,0,0,0,0,0,1,0,2
1099,2.262,OPHTHAL PHYSL OPT,3,0,0,0,0,0,0,0,0,0,1,2
1100,1.614,OPTIM CONTR APPL MET,3,0,0,0,0,0,1,0,0,0,0,2
1101,,ORTHOP J SPORTS MED,3,0,0,0,0,0,0,0,0,0,0,3
1102,2.444,OTOLARYNG HEAD NECK,3,0,0,0,0,1,0,1,0,0,0,1
1103,,P ASM 12 INT MANXB,3,0,0,0,0,2,1,0,0,0,0,0
1104,,P ASM 26 ANN C INFXB,3,0,1,0,0,2,0,0,0,0,0,0
1105,5.559,PAIN,3,0,0,0,0,0,0,0,0,0,0,3
1106,2.102,PANMINERVA MED,3,0,0,0,0,0,0,0,0,0,1,2
1107,1.621,PHYS BIOL,3,0,0,0,0,0,0,0,0,1,0,2
1108,1.960,PHYSICA D,3,0,0,0,0,0,0,1,0,0,0,2
1109,1.324,PHYSIOL RES,3,0,0,0,0,0,0,0,0,0,0,3
1110,,PROC CIRP,3,0,0,0,1,0,0,0,0,0,1,1
1111,,PROC IEEE INT SYMP,3,0,0,0,0,2,0,0,0,0,0,1
1112,,PROC IUTAM,3,0,0,0,0,0,0,0,0,0,1,2
1113,,PROC NAECON IEEE NAT,3,0,0,0,1,0,1,0,0,0,1,0
1114,,PROCEDIA ENGINEER,3,0,0,0,0,0,0,0,0,0,1,2
1115,,PROCEDIA MANUF,3,0,0,0,0,0,0,0,2,0,0,1
1116,0.288,PROG BIOCHEM BIOPHYS,3,1,0,0,0,0,0,0,0,0,0,2
1117,4.185,PROG NEURO-PSYCHOPH,3,0,0,0,0,0,0,1,0,0,0,2
1118,11.653,PROG RETIN EYE RES,3,0,0,1,0,0,0,1,0,0,0,1
1119,,PSYCHON B REV,3,0,0,0,0,0,0,0,1,0,0,2
1120,3.406,REMOTE SENS-BASEL,3,1,0,0,0,0,0,0,1,0,1,0
1121,14.257,REP PROG PHYS,3,0,0,0,0,0,0,0,0,0,0,3
1122,2.590,REV NEUROSCIENCE,3,0,1,0,0,1,0,0,0,0,0,1
1123,0.592,SADHANA-ACAD P ENG S,3,0,0,0,0,0,0,0,0,0,0,3
1124,3.138,SAUDI J BIOL SCI,3,0,1,0,0,1,0,0,0,0,0,1
1125,3.623,SCAND J MED SCI SPOR,3,0,0,0,0,0,0,0,0,0,0,3
1126,4.318,SCI CHINA MATER,3,0,1,0,0,0,1,0,0,0,0,1
1127,2.280,SEMICOND SCI TECH,3,0,0,0,0,0,0,0,0,0,0,3
1128,0.971,SEMIN INTERVENT RAD,3,0,0,0,0,0,0,0,0,0,0,3
1129,2.073,SIGNAL PROCESS-IMAGE,3,0,0,1,0,0,0,1,0,0,0,1
1130,,SIGNALS COMMUN TECHN,3,0,0,0,0,0,0,1,0,0,0,2
1131,3.828,SKELET MUSCLE,3,0,1,0,0,0,0,0,0,0,0,2
1132,,SLAS TECHNOL,3,0,1,0,1,1,0,0,0,0,0,0
1133,10.602,SLEEP MED REV,3,0,0,1,1,0,0,0,0,0,0,1
1134,,SOMNOLOGIE,3,0,0,0,1,0,0,0,0,0,0,2
1135,3.119,SPINE J,3,0,0,0,0,1,0,1,0,0,0,1
1136,1.141,SPORT BIOMECH,3,0,0,0,0,1,0,0,0,0,0,2
1137,3.798,STRUCT HEALTH MONIT,3,0,0,0,0,0,0,0,0,0,0,3
1138,,STUD BIG DATA,3,0,0,0,1,1,0,1,0,0,0,0
1139,1.549,SURG INNOV,3,0,0,1,0,1,0,0,0,0,0,1
1140,,T KOREAN SOC MEC ENG,3,0,0,1,0,0,0,0,0,1,0,1
1141,3.508,TISSUE ENG,3,0,0,0,0,2,0,1,0,0,0,0
1142,,TOMOGRAPHY,3,0,0,0,2,0,0,0,0,0,0,1
1143,2.193,TRANSL VIS SCI TECHN,3,0,0,0,0,0,1,2,0,0,0,0
1144,1.021,ULTRASOUND Q,3,0,0,0,0,0,0,0,0,0,0,3
1145,,VISNYK NTUU KPI SER-,3,0,0,0,1,0,0,0,0,0,0,2
1146,,2017 1 INT C INTXB,2,0,0,0,0,0,0,0,0,0,0,2
1147,,2017 2 INT C IM VIXB,2,0,0,1,0,0,0,0,0,0,0,1
1148,,2017 26 INT SCIENTXB,2,0,0,0,0,0,0,0,0,0,0,2
1149,,2017 27 INT C RADXB,2,1,0,0,0,0,0,0,0,0,0,1
1150,,2017 3 INT C CONTRXB,2,1,0,0,0,0,1,0,0,0,0,0
1151,,2017 4 INT SCIENT XB,2,0,0,0,0,0,0,0,0,0,0,2
1152,,2017 51 ANN C INFXB,2,0,0,0,0,0,0,2,0,0,0,0
1153,,2017 GLOB WIR SUMMXB,2,0,0,1,1,0,0,0,0,0,0,0
1154,,2017 IEEE 42 C LOCXB,2,0,0,0,1,0,0,0,0,0,0,1
1155,,2017 IEEE 5 PORT MXB,2,1,0,0,0,1,0,0,0,0,0,0
1156,,2017 IEEE INT C IMXB,2,0,0,0,0,0,0,0,0,0,0,2
1157,,2017 IEEE PELSXB,2,0,0,0,0,0,0,0,0,0,0,2
1158,,2017 IEEE S COMPXB,2,0,0,0,0,0,0,1,1,0,0,0
1159,,2017 INT APPL COMPXB,2,0,1,0,1,0,0,0,0,0,0,0
1160,,2017 INT C INF COMXB,2,0,0,0,0,0,0,0,0,0,0,2
1161,,2017 INT C NASCXB,2,0,1,0,0,0,0,0,0,0,0,1
1162,,2017 INT C PLATFXB,2,0,0,0,0,0,0,0,0,0,0,2
1163,,2017 INT MULT ENGXB,2,0,1,1,0,0,0,0,0,0,0,0
1164,,2017 INT S ANT PROXB,2,0,0,0,0,0,0,0,0,0,0,2
1165,,2017 SBMOIEEE MTTSXB,2,0,0,0,1,0,0,0,0,0,0,1
1166,3.804,AAPS J,2,0,0,0,0,0,1,0,0,0,1,0
1167,2.110,ACAD RADIOL,2,0,1,0,0,0,0,0,0,0,0,1
1168,,ACM T ACCESS COMPUT,2,0,0,0,0,0,0,0,0,0,0,2
1169,4.384,ACM T GRAPHIC,2,0,0,0,0,0,0,0,0,0,0,2
1170,2.905,ACM T MATH SOFTWARE,2,0,0,0,0,0,0,0,0,0,0,2
1171,0.735,ACOUST AUST,2,0,0,0,0,0,0,0,0,0,0,2
1172,5.316,ACS SYNTH BIOL,2,0,0,0,0,0,0,0,0,0,1,1
1173,1.129,ACTA ACUST UNITED AC,2,0,0,0,0,0,0,0,0,0,0,2
1174,1.545,ACTA MECH SINICA-PRC,2,0,0,0,0,0,0,0,0,0,0,2
1175,3.126,ACTA NEUROL SCAND,2,0,0,0,0,0,0,0,0,0,0,2
1176,2.580,ACTA PAEDIATR,2,0,0,0,0,0,0,0,0,0,0,2
1177,0.875,ACTA PHYS POL B,2,0,0,0,0,0,0,0,1,0,0,1
1178,1.823,ACTA RADIOL,2,0,0,0,0,0,0,0,0,0,0,2
1179,,ACTUATORS,2,0,0,0,0,0,1,0,0,0,0,1
1180,5.578,ADDICT BIOL,2,0,0,0,0,0,0,0,0,0,2,0
1181,,ADJ P 2017 IEEE INXB,2,0,0,0,1,0,0,0,0,1,0,0
1182,,ADV BUS STRATEGY COM,2,0,0,0,0,0,0,0,0,0,0,2
1183,,ADV COMPUT VIS PATT,2,0,0,0,0,0,0,1,0,0,0,1
1184,,ADV WIREL TECHNOL TE,2,0,0,0,0,0,1,0,0,0,0,1
1185,5.200,ADV WOUND CARE,2,0,0,0,0,0,0,0,0,0,0,2
1186,,AGRI,2,0,0,0,0,0,0,0,0,0,0,2
1187,4.847,AM J BIOETHICS,2,0,0,2,0,0,0,0,0,0,0,0
1188,3.171,AM J CARDIOL,2,0,0,0,0,0,0,0,0,0,0,2
1189,3.082,AM J PHYSIOL-REG I,2,0,0,0,0,0,0,0,0,0,0,2
1190,3.125,AM J ROENTGENOL,2,0,0,0,0,0,0,1,0,0,0,1
1191,3.061,AM J TRANSL RES,2,0,0,0,0,0,0,1,0,0,1,0
1192,1.719,AMB EXPRESS,2,0,0,0,0,0,0,0,0,0,0,2
1193,2.275,ANAL BIOCHEM,2,0,2,0,0,0,0,0,0,0,0,0
1194,12.102,ANGEW CHEM INT EDIT,2,0,0,0,1,0,0,0,0,1,0,0
1195,3.771,ANN INTENSIVE CARE,2,0,0,0,0,0,0,1,0,0,0,1
1196,1.656,ANN NUCL MED,2,0,0,0,0,1,0,0,0,0,1,0
1197,4.277,ANN NY ACAD SCI,2,0,0,0,0,2,0,0,0,0,0,0
1198,13.930,ANN ONCOL,2,0,0,0,1,0,0,0,1,0,0,0
1199,,ANN TRANSL MED,2,1,0,0,0,0,0,0,0,0,0,1
1200,1.363,ANN VASC SURG,2,0,0,0,0,0,0,0,0,0,1,1
1201,3.290,ANNU REV STAT APPL,2,0,0,0,0,0,0,0,0,0,0,2
1202,1.138,APPL CLIN INFORM,2,0,0,0,0,1,1,0,0,0,0,0
1203,2.826,APPL SPECTROSC REV,2,0,0,0,0,0,1,1,0,0,0,0
1204,6.086,ARTERIOSCL THROM VAS,2,0,0,0,1,0,0,0,0,0,0,1
1205,1.143,ARTERY RES,2,0,0,0,0,0,0,0,0,0,0,2
1206,4.269,ARTHRITIS RES THER,2,0,0,0,0,0,1,0,0,0,0,1
1207,4.330,ARTHROSCOPY,2,0,0,1,0,0,1,0,0,0,0,0
1208,0.897,ARTIF LIFE,2,0,0,0,0,0,0,0,0,0,0,2
1209,1.059,AUST J CHEM,2,0,0,0,0,0,0,0,0,0,0,2
1210,,BEHAV RES THER,2,0,0,0,0,0,0,0,0,0,0,2
1211,,BIOCOMPUTING,2,0,0,0,0,0,1,0,1,0,0,0
1212,1.639,BIOENGINEERED,2,0,0,1,0,0,1,0,0,0,0,0
1213,2.455,BIOINTERPHASES,2,0,1,0,0,0,0,0,0,0,1,0
1214,11.984,BIOL PSYCHIAT,2,0,0,0,0,0,0,0,0,0,0,2
1215,5.738,BIOMACROMOLECULES,2,0,0,0,0,1,0,0,0,1,0,0
1216,5.831,BIOMATER SCI-UK,2,0,0,0,0,1,1,0,0,0,0,0
1217,,BIOMED INFORM INSIGH,2,0,0,0,0,0,0,0,0,0,0,2
1218,3.457,BIOMED PHARMACOTHER,2,0,0,0,0,0,0,0,0,0,0,2
1219,4.876,BJOG-INT J OBSTET GY,2,0,0,0,0,0,0,0,1,0,1,0
1220,2.134,BMC MED INFORM DECIS,2,0,0,0,1,0,0,0,0,0,1,0
1221,1.998,BMC MUSCULOSKEL DIS,2,0,0,0,0,0,0,0,0,0,0,2
1222,2.419,BMC PSYCHIATRY,2,0,0,0,0,0,0,0,1,1,0,0
1223,,BMC SPORTS SCI MED R,2,0,0,0,0,0,0,0,0,0,0,2
1224,2.050,BMC SYST BIOL,2,0,0,0,0,0,0,0,0,0,0,2
1225,6.306,BRAIN BEHAV IMMUN,2,0,0,0,0,0,0,0,0,0,0,2
1226,2.061,BRAIN INJURY,2,0,0,0,0,0,0,0,0,0,0,2
1227,,BRAIN-BROAD RES ARTI,2,0,0,0,0,0,0,1,0,0,1,0
1228,,C P 2017 3 IEEE INXB,2,0,0,0,0,0,1,0,0,0,1,0
1229,,C PROC SOC EXP MECH,2,0,1,0,0,0,0,0,0,0,0,1
1230,2.006,CAN J NEUROL SCI,2,0,0,1,0,0,0,0,0,0,0,1
1231,6.290,CARDIOVASC RES,2,0,0,0,0,0,1,0,0,0,0,1
1232,5.638,CELL DEATH DIS,2,0,0,0,2,0,0,0,0,0,0,0
1233,6.721,CELL MOL LIFE SCI,2,0,0,0,0,0,0,0,1,0,0,1
1234,3.199,CEREBELLUM,2,0,0,0,0,0,0,0,0,0,0,2
1235,3.306,CHEM ENG SCI,2,0,0,0,0,0,0,0,0,0,0,2
1236,5.160,CHEM-EUR J,2,0,0,0,0,0,0,0,0,0,0,2
1237,,CHEMOSENSORS,2,0,0,1,0,0,0,0,0,0,0,1
1238,1.235,CHILD NERV SYST,2,0,0,0,0,0,1,0,0,0,0,1
1239,0.650,CHINESE J ELECTRON,2,0,0,0,0,1,0,0,0,0,0,1
1240,0.847,CHINESE PHYS LETT,2,0,0,0,0,0,0,0,0,0,0,2
1241,2.895,CIRC J,2,0,0,0,0,0,0,1,0,1,0,0
1242,1.635,CLIN AUTON RES,2,0,0,0,0,0,0,0,0,1,0,1
1243,3.217,CLIN EXP OPHTHALMOL,2,0,0,0,0,0,0,0,0,0,0,2
1244,,CLIN TRANSL IMAGING,2,0,0,0,1,1,0,0,0,0,0,0
1245,3.997,COLLOID SURFACE B,2,1,0,0,0,0,0,0,0,0,0,1
1246,1.762,COMMUN COMPUT PHYS,2,0,0,0,0,0,0,1,1,0,0,0
1247,0.697,COMPUT ANIMAT VIRT W,2,0,0,0,0,0,0,0,0,0,0,2
1248,2.427,COMPUT ELECTRON AGR,2,0,0,0,0,0,0,0,1,1,0,0
1249,0.410,COMPUT INFORM,2,0,0,0,0,0,0,0,0,0,0,2
1250,1.776,COMPUT SPEECH LANG,2,0,0,0,0,0,0,0,1,1,0,0
1251,2.887,COMPUT STRUCT,2,1,0,0,0,0,0,0,0,0,0,1
1252,,COMPUT-AIDED CHEM EN,2,0,0,0,0,0,0,0,0,0,0,2
1253,5.475,COMPUT-AIDED CIV INF,2,0,0,0,0,0,0,0,0,0,1,1
1254,2.050,CRYOBIOLOGY,2,0,1,0,0,0,0,0,0,0,1,0
1255,1.958,CURR CARDIOL REP,2,0,0,1,0,0,0,0,0,0,0,1
1256,3.568,CURR DIABETES REP,2,1,0,0,1,0,0,0,0,0,0,0
1257,2.078,CURR DRUG DELIV,2,0,0,0,0,0,0,0,0,0,0,2
1258,2.655,CURR DRUG METAB,2,0,1,1,0,0,0,0,0,0,0,0
1259,3.782,CURR OPIN INFECT DIS,2,0,1,0,0,0,0,1,0,0,0,0
1260,6.313,CURR OPIN PHARMACOL,2,0,0,0,0,0,1,0,0,0,0,1
1261,,DEEP IM TISS BIOMXB,2,0,0,0,0,0,0,0,0,0,0,2
1262,4.039,DENT MATER,2,0,0,0,0,0,0,0,0,0,0,2
1263,1.205,DENT MATER J,2,0,0,0,0,0,0,0,0,0,0,2
1264,1.848,DENTOMAXILLOFAC RAD,2,0,0,0,0,1,0,1,0,0,0,0
1265,,DESTECH T ENVIR,2,0,0,0,0,0,0,0,0,0,0,2
1266,2.507,DEV DYNAM,2,0,0,0,0,0,0,0,0,0,1,1
1267,7.273,DIABETES,2,0,1,0,0,0,0,0,0,0,0,1
1268,5.980,DIABETES OBES METAB,2,0,1,0,0,0,1,0,0,0,0,0
1269,,DIFFER EQUAT DYN SYS,2,0,0,0,0,0,0,0,0,0,0,2
1270,0.359,DYNAM SYST APPL,2,0,0,0,0,0,0,0,0,0,0,2
1271,0.680,E ASIAN J APPL MATH,2,0,0,0,0,0,0,0,0,0,0,2
1272,1.808,ECS J SOLID STATE SC,2,0,0,0,0,0,0,0,1,0,0,1
1273,,EDUC PSYCHOL-US,2,0,0,0,0,0,1,1,0,0,0,0
1274,,EL PACKAG TECH CONF,2,0,0,0,1,0,0,0,0,1,0,0
1275,1.269,ELECTR ENG,2,0,0,0,0,0,1,0,0,1,0,0
1276,2.856,ELECTR POW SYST RES,2,0,0,0,0,0,1,0,0,0,0,1
1277,1.074,ELECTROCHEMISTRY,2,0,0,0,0,0,0,0,0,0,0,2
1278,3.179,ENDOCRINE,2,0,0,0,0,0,0,0,0,0,0,2
1279,4.376,ENVIRON HEALTH-GLOB,2,0,0,0,0,0,0,0,0,0,0,2
1280,4.732,ENVIRON RES,2,0,0,0,0,0,0,0,0,0,1,1
1281,1.834,EPL-EUROPHYS LETT,2,0,1,0,1,0,0,0,0,0,0,0
1282,2.954,EUR J CLIN NUTR,2,0,0,0,1,0,0,0,0,0,0,1
1283,10.683,EUR J HEART FAIL,2,0,0,0,0,0,0,0,1,0,1,0
1284,0.698,EUR J INTEGR MED,2,0,0,0,0,0,0,0,0,0,0,2
1285,3.040,EUR J PHARMACOL,2,0,0,0,0,0,0,1,0,0,0,1
1286,,EUR J PHYSIOTHER,2,0,0,0,0,0,0,0,0,1,0,1
1287,,EUR J TRANSL MYOL,2,0,0,0,0,1,0,0,0,0,0,1
1288,,EXP AT INT C,2,0,0,0,0,0,0,0,0,0,0,2
1289,3.152,EXP EYE RES,2,0,0,0,0,0,0,1,0,0,0,1
1290,2.195,EXP FLUIDS,2,0,0,0,0,0,0,0,0,0,0,2
1291,1.353,FIBER POLYM,2,0,0,0,0,0,2,0,0,0,0,0
1292,,FOUND TRENDS SIGNAL,2,0,0,0,0,0,0,0,1,0,0,1
1293,4.300,FRONT CELL NEUROSCI,2,0,0,0,1,0,0,0,0,0,0,1
1294,,FRONT INTEGR NEUROSC,2,0,0,0,0,0,0,0,0,0,0,2
1295,,FRONT MED,2,0,0,1,0,0,0,0,0,0,0,1
1296,3.902,FRONT MOL NEUROSCI,2,0,0,0,0,0,0,0,0,0,0,2
1297,4.639,FUTURE GENER COMP SY,2,0,0,0,0,0,0,0,0,1,0,1
1298,7.204,GASTROINTEST ENDOSC,2,0,0,0,0,0,1,0,0,0,1,0
1299,2.656,GERIATR GERONTOL INT,2,0,0,1,0,0,0,0,1,0,0,0
1300,3.532,GERONTOLOGY,2,0,0,0,0,0,0,0,0,0,0,2
1301,1.906,GLOBAL HEALTH ACTION,2,0,0,0,0,1,0,0,1,0,0,0
1302,1.767,GOLD BULL,2,0,0,0,0,0,1,1,0,0,0,0
1303,3.264,HARVARD REV PSYCHIAT,2,0,1,1,0,0,0,0,0,0,0,0
1304,4.513,HEALTH TECHNOL ASSES,2,0,0,0,0,2,0,0,0,0,0,0
1305,,HEALTHC INFORM RES,2,0,0,0,0,0,0,0,1,0,0,1
1306,,HEALTHCARE,2,0,0,1,0,0,0,1,0,0,0,0
1307,,HELIX,2,0,0,0,0,0,0,0,0,0,0,2
1308,1.500,HEPATOB PANCREAT DIS,2,0,0,0,0,0,0,2,0,0,0,0
1309,2.371,HUM FACTORS,2,0,0,0,0,0,0,0,0,0,0,2
1310,,I C OPT COMMUN NETW,2,0,0,0,0,2,0,0,0,0,0,0
1311,,I NAVIG SAT DIV INT,2,0,0,0,0,0,0,0,2,0,0,0
1312,,IC 2017 P 2017 INTXB,2,0,0,0,0,1,0,0,0,0,0,1
1313,3.110,IEEE ACM T NETWORK,2,0,0,0,0,0,0,0,0,0,1,1
1314,,IEEE CUST INTEGR CIR,2,0,0,0,0,0,0,0,0,0,0,2
1315,,IEEE I C CONS ELECT,2,0,0,0,0,0,1,0,0,0,0,1
1316,,IEEE INFOCOM SER,2,0,0,0,1,0,0,0,0,0,0,1
1317,2.777,IEEE J-STARS,2,0,0,1,0,0,0,0,0,0,1,0
1318,4.361,IEEE J-STSP,2,0,0,0,0,0,0,1,0,0,0,1
1319,1.568,IEEE MAGN LETT,2,0,0,0,0,0,0,0,0,1,0,1
1320,2.446,IEEE PHOTONIC TECH L,2,0,0,0,0,0,0,0,0,1,0,1
1321,,IEEE RADIO WIRELESS,2,0,0,0,2,0,0,0,0,0,0,0
1322,2.743,IEEE T IND APPL,2,0,0,0,0,0,0,0,0,0,0,2
1323,1.869,IEEE T LEARN TECHNOL,2,0,0,0,0,1,0,0,0,0,0,1
1324,,IEICE COMMUN EXPRESS,2,0,0,0,0,0,0,2,0,0,0,0
1325,0.500,IEICE T INF SYST,2,1,0,0,0,0,1,0,0,0,0,0
1326,1.836,IET BIOMETRICS,2,0,0,1,1,0,0,0,0,0,0,0
1327,1.443,IET COMMUN,2,1,0,0,0,0,0,0,0,0,0,1
1328,1.087,IET COMPUT VIS,2,0,0,0,0,0,1,0,0,0,1,0
1329,0.947,IET SOFTW,2,0,0,0,0,0,0,0,0,0,0,2
1330,2.159,IMAGE VISION COMPUT,2,0,0,0,0,0,0,0,0,0,0,2
1331,0.366,IMAGING SCI J,2,0,0,1,0,0,1,0,0,0,0,0
1332,,ING UC,2,0,0,0,0,0,0,0,1,0,0,1
1333,,INT ARCH PHOTOGRAMM,2,0,0,0,0,0,0,0,0,0,0,2
1334,,INT C ADV COMMUN,2,0,0,0,0,0,0,0,0,0,0,2
1335,,INT C COMP SCI ED,2,0,0,0,0,0,1,0,0,0,0,1
1336,,INT C ELECT COMPUT,2,0,0,0,0,0,1,0,0,0,0,1
1337,,INT C SYST SIGNAL,2,1,0,0,0,0,0,0,0,0,0,1
1338,,INT C UBIQ FUTUR,2,0,0,0,1,0,0,0,0,0,0,1
1339,,INT CARN CONF SECU,2,0,0,0,0,0,0,0,0,0,0,2
1340,0.648,INT J AD HOC UBIQ CO,2,0,0,0,0,0,0,0,0,0,1,1
1341,,INT J APPL MECH,2,0,0,0,0,0,0,0,0,0,0,2
1342,1.501,INT J BIFURCAT CHAOS,2,0,0,0,1,0,0,0,0,0,0,1
1343,2.577,INT J BIOMETEOROL,2,0,0,0,0,0,0,0,0,0,0,2
1344,,INT J BIOPRINTING,2,0,0,0,0,2,0,0,0,0,0,0
1345,,INT J BUILD PATHOL,2,0,0,0,0,0,0,0,0,1,0,1
1346,,INT J COMPUT APPL T,2,0,0,0,0,0,0,0,0,0,0,2
1347,11.541,INT J COMPUT VISION,2,0,0,0,0,0,0,0,0,0,0,2
1348,1.369,INT J ELECTROCHEM SC,2,0,0,0,0,0,0,0,0,0,0,2
1349,7.023,INT J ENG SCI,2,0,1,0,0,0,0,0,0,0,0,1
1350,2.300,INT J HUM-COMPUT ST,2,0,0,1,0,0,1,0,0,0,0,0
1351,,INT J IMAGE GRAPH,2,0,0,1,0,0,0,1,0,0,0,0
1352,2.692,INT J MACH LEARN CYB,2,0,0,0,0,1,0,1,0,0,0,0
1353,2.589,INT J NUMER METH ENG,2,0,0,0,0,0,0,0,0,0,0,2
1354,1.970,INT J RADIAT BIOL,2,0,0,0,0,0,0,1,0,0,0,1
1355,1.782,INT J REMOTE SENS,2,0,0,0,0,0,0,0,1,0,0,1
1356,0.793,INT J SEMANT WEB INF,2,0,0,0,0,0,0,0,0,0,1,1
1357,3.384,INT J SPORT PHYSIOL,2,0,0,0,0,0,0,0,0,0,0,2
1358,,INT J SYST DYN APPL,2,0,0,0,0,0,0,0,0,0,0,2
1359,0.540,INT J WAVELETS MULTI,2,0,0,0,0,0,0,0,0,0,1,1
1360,1.619,INT T ELECTR ENERGY,2,0,0,0,0,0,0,0,1,0,0,1
1361,0.796,INTERDISCIP SCI,2,1,0,0,0,0,0,1,0,0,0,0
1362,,ITM WEB CONF,2,0,0,0,0,0,0,0,0,0,1,1
1363,0.503,J ADV MECH DES SYST,2,0,0,0,0,1,0,0,0,0,0,1
1364,,J ANXIETY DISORD,2,0,0,0,0,0,0,0,0,0,0,2
1365,1.709,J APPL ORAL SCI,2,0,0,0,0,2,0,0,0,0,0,0
1366,0.699,J APPL STAT,2,0,0,0,0,0,0,0,1,0,0,1
1367,3.339,J ARTHROPLASTY,2,0,0,0,0,0,0,0,0,0,0,2
1368,,J AUTISM DEV DISORD,2,0,0,1,0,0,0,0,0,0,0,1
1369,1.574,J CARDIOTHOR VASC AN,2,0,0,0,0,0,0,0,0,0,0,2
1370,2.097,J CARDIOVASC NURS,2,0,0,0,0,0,0,0,0,0,0,2
1371,4.401,J CELL SCI,2,1,0,1,0,0,0,0,0,0,0,0
1372,,J CLIN DIAGN RES,2,0,0,1,0,0,0,0,0,0,0,1
1373,1.252,J COMMUN NETW-S KOR,2,0,0,0,0,0,0,0,0,0,0,2
1374,1.292,J COMPUT ASSIST TOMO,2,0,0,0,0,0,0,0,0,0,2,0
1375,0.772,J CRANIOFAC SURG,2,0,0,0,0,1,0,0,0,0,0,1
1376,1.566,J ELECTRON MATER,2,0,0,0,0,0,0,0,0,0,0,2
1377,2.732,J ENDOVASC THER,2,0,0,1,0,0,0,0,1,0,0,0
1378,,J ENG PHYS THERMOPH+,2,0,0,0,0,0,0,0,0,0,0,2
1379,5.354,J EXP BOT,2,0,0,0,0,0,0,1,0,0,0,1
1380,2.289,J EXP PSYCHOL HUMAN,2,0,0,0,0,0,0,0,0,0,1,1
1381,0.605,J FIBER SCI TECHNOL,2,0,0,0,0,1,0,0,0,0,0,1
1382,2.434,J FLUID STRUCT,2,0,0,0,0,0,0,0,1,1,0,0
1383,1.581,J GERIATR CARDIOL,2,0,0,0,0,0,0,0,0,0,0,2
1384,0.752,J GERONTOL NURS,2,0,0,0,0,0,0,0,0,0,0,2
1385,1.040,J HAND THER,2,0,0,0,0,0,0,1,0,0,1,0
1386,1.576,J HYDROL ENG,2,0,0,0,0,0,0,0,0,0,1,1
1387,1.283,J IND TEXT,2,0,0,1,0,0,0,0,0,0,0,1
1388,,J INFORM OPTIM SCI,2,0,0,0,0,0,0,0,1,0,0,1
1389,1.677,J INFRARED MILLIM TE,2,0,0,0,0,0,0,1,0,0,0,1
1390,0.387,J INFRARED MILLIM W,2,0,0,0,0,0,0,0,0,0,0,2
1391,6.754,J INTERN MED,2,0,0,0,0,0,0,0,1,0,0,1
1392,1.588,J KOREAN MED SCI,2,0,0,0,0,0,0,1,0,0,0,1
1393,2.578,J MANUF SCI E-T ASME,2,0,0,0,0,0,1,1,0,0,0,0
1394,9.931,J MATER CHEM A,2,0,0,0,0,0,0,0,0,0,0,2
1395,2.324,J MATER SCI-MATER EL,2,0,1,0,0,0,0,0,0,0,0,1
1396,0.677,J MED ULTRASON,2,0,0,0,0,1,0,0,0,0,0,1
1397,5.296,J MOL CELL CARDIOL,2,0,0,1,0,0,1,0,0,0,0,0
1398,3.991,J NETW COMPUT APPL,2,0,0,0,0,0,0,0,0,0,0,2
1399,1.953,J NEUROIMAGING,2,0,0,0,1,0,0,0,0,0,0,1
1400,3.783,J NEUROL,2,0,0,0,0,0,0,1,0,0,0,1
1401,2.448,J NEUROL SCI,2,0,0,0,0,0,2,0,0,0,0,0
1402,0.945,J NEUROSCI NURS,2,0,0,0,1,1,0,0,0,0,0,0
1403,2.662,J NEUROSCI RES,2,0,0,0,0,0,0,0,0,0,0,2
1404,7.439,J NUCL MED,2,0,0,0,1,0,0,0,0,0,0,1
1405,0.545,J OBSTET GYNAECOL,2,0,0,0,0,0,0,0,0,0,0,2
1406,2.048,J OPT SOC AM B,2,0,0,0,0,0,0,0,0,0,0,2
1407,2.323,J OPTICS-UK,2,0,0,0,0,0,0,0,0,0,0,2
1408,3.667,J PEDIATR-US,2,0,1,0,1,0,0,0,0,0,0,0
1409,1.558,J PERINAT MED,2,0,0,0,0,0,0,0,0,0,1,1
1410,4.484,J PHYS CHEM C,2,0,0,0,0,0,0,0,0,0,0,2
1411,1.750,J PROSTHODONT,2,0,0,0,0,0,0,0,0,0,0,2
1412,0.917,J PSYCHOPHYSIOL,2,0,0,0,0,0,0,0,0,0,0,2
1413,1.865,J RECONSTR MICROSURG,2,0,0,0,0,0,0,0,0,0,0,2
1414,1.802,J REHABIL MED,2,0,0,0,0,2,0,0,0,0,0,0
1415,,J ROBOT NETW ARTIF L,2,0,0,0,0,1,0,0,0,0,0,1
1416,1.990,J SPORT SCI MED,2,0,0,0,0,0,0,0,0,0,1,1
1417,1.320,J STRAIN ANAL ENG,2,0,0,0,0,0,0,0,0,0,0,2
1418,0.572,J SYST ENG ELECTRON,2,0,0,0,0,0,0,0,0,0,1,1
1419,3.849,J TAIWAN INST CHEM E,2,0,0,0,0,0,0,0,0,0,0,2
1420,1.719,J TOXICOL SCI,2,0,0,0,0,0,0,0,0,0,0,2
1421,1.903,KNEE,2,0,0,0,0,0,0,0,0,0,0,2
1422,2.247,KNOWL INF SYST,2,0,0,0,0,0,0,0,1,0,0,1
1423,0.611,KSII T INTERNET INF,2,1,1,0,0,0,0,0,0,0,0,0
1424,2.296,LANGENBECK ARCH SURG,2,0,0,0,0,1,0,0,0,0,0,1
1425,0.972,LINEAR ALGEBRA APPL,2,0,0,0,0,0,0,0,0,1,0,1
1426,0.685,M S-MED SCI,2,0,0,0,1,0,0,0,0,1,0,0
1427,1.855,MACH LEARN,2,0,0,0,0,0,1,1,0,0,0,0
1428,2.690,MACROMOL MATER ENG,2,0,1,0,0,0,0,0,0,0,0,1
1429,4.441,MACROMOL RAPID COMM,2,0,0,0,0,0,0,0,0,0,0,2
1430,,MALAYS J FUNDAM APPL,2,0,0,0,0,1,0,0,0,0,1,0
1431,24.480,MAT SCI ENG R,2,0,0,0,1,0,0,0,0,0,0,1
1432,4.525,MATER DESIGN,2,0,0,0,0,0,0,0,0,0,0,2
1433,,MATER TODAY-PROC,2,0,0,0,0,0,0,0,0,0,0,2
1434,7.199,MAYO CLIN PROC,2,0,0,0,0,0,0,0,0,0,0,2
1435,0.878,MEAS CONTROL-UK,2,0,0,0,0,0,0,0,0,0,0,2
1436,,MEAS PHYS EDUC EXERC,2,0,0,0,0,0,0,1,0,0,0,1
1437,4.370,MECH SYST SIGNAL PR,2,0,0,0,0,0,0,0,0,0,0,2
1438,,MED DEVICES-EVID RES,2,0,0,0,0,0,0,0,0,0,0,2
1439,1.120,MED HYPOTHESES,2,0,0,0,0,0,0,1,0,0,0,1
1440,3.998,METHODS,2,0,0,0,1,0,0,1,0,0,0,0
1441,,MICRO NANO TECHNOL,2,0,0,0,0,0,0,1,0,0,0,1
1442,2.020,MICROELECTRON ENG,2,0,1,0,0,0,0,0,0,0,0,1
1443,,MICROSYTEM NANOSYTEM,2,0,0,0,0,1,0,0,0,1,0,0
1444,5.872,MOL AUTISM,2,0,0,0,0,0,0,0,0,0,1,1
1445,3.449,MOL HUM REPROD,2,0,0,0,0,0,1,0,0,0,0,1
1446,3.626,MOL IMAGING BIOL,2,0,1,0,1,0,0,0,0,0,0,0
1447,8.500,MOL SYST BIOL,2,0,2,0,0,0,0,0,0,0,0,0
1448,8.324,MOVEMENT DISORD,2,0,1,0,0,0,0,0,0,0,0,1
1449,4.814,MRS BULL,2,0,0,0,0,0,0,1,1,0,0,0
1450,2.339,MULTISENS RES,2,0,0,0,0,0,0,0,0,0,0,2
1451,26.201,NAT CHEM,2,0,0,0,0,0,0,0,0,0,0,2
1452,19.912,NAT NEUROSCI,2,0,0,0,0,1,0,0,0,0,0,1
1453,,NATL C COMMUN,2,0,1,0,0,0,0,1,0,0,0,0
1454,2.781,NDT&E INT,2,1,0,0,0,0,0,0,0,0,0,1
1455,5.227,NEUROBIOL DIS,2,0,0,0,0,0,0,0,0,0,0,2
1456,1.275,NEUROIMAG CLIN N AM,2,0,1,0,0,0,0,1,0,0,0,0
1457,0.368,NEUROPHYSIOLOGY+,2,0,0,0,0,0,0,0,0,0,0,2
1458,6.544,NEUROPSYCHOPHARMACOL,2,0,1,1,0,0,0,0,0,0,0,0
1459,1.266,NEUROREPORT,2,1,0,0,0,0,0,0,0,0,0,1
1460,,NEUROSCI CONSCIOUS,2,0,0,0,0,0,0,0,0,0,0,2
1461,2.255,NEUROSURG REV,2,0,0,0,1,0,0,0,0,1,0,0
1462,,NEW DEV NMR,2,0,0,0,1,0,0,0,0,1,0,0
1463,1.957,NONDESTRUCT TEST EVA,2,0,0,0,0,0,0,0,0,0,1,1
1464,8.483,OBES REV,2,0,0,0,0,0,0,1,0,0,0,1
1465,3.890,OBES SURG,2,1,0,0,0,0,1,0,0,0,0,0
1466,4.042,OBESITY,2,0,0,0,1,0,0,0,0,1,0,0
1467,5.530,OCUL SURF,2,0,1,0,0,0,0,0,0,0,1,0
1468,0.842,OPHTHALMOLOGE,2,0,1,0,0,0,0,0,0,0,0,1
1469,7.479,OPHTHALMOLOGY,2,0,0,0,0,0,0,0,0,0,0,2
1470,2.503,OPT LASER TECHNOL,2,0,0,0,0,2,0,0,0,0,0,0
1471,1.168,OPT QUANT ELECTRON,2,0,0,0,0,0,0,0,0,0,0,2
1472,3.680,ORG ELECTRON,2,0,0,0,1,0,0,0,0,0,0,1
1473,,P 2016 INT C BIOTXB,2,0,0,0,0,0,0,0,0,1,0,1
1474,,P 2017 18 INT CXB,2,0,0,0,0,1,0,0,0,0,0,1
1475,,P 2017 IEEE 24 INTXB,2,0,1,0,0,0,0,1,0,0,0,0
1476,,P 2017 INT C SMARTXB,2,0,0,0,0,0,0,0,1,0,0,1
1477,1.281,P I MECH ENG L-J MAT,2,0,0,0,0,0,0,0,1,0,1,0
1478,,P IEEE INT C COMPXB,2,0,0,0,0,0,1,0,1,0,0,0
1479,2.556,PAIN PHYSICIAN,2,0,0,0,0,0,0,0,0,0,0,2
1480,2.187,PAIN PRACT,2,0,0,0,0,0,0,0,0,0,0,2
1481,2.958,PANCREAS,2,0,0,0,0,1,0,0,0,1,0,0
1482,3.123,PEDIATR RES,2,0,1,0,0,0,0,0,0,0,0,1
1483,1.371,PERCEPTION,2,0,0,0,0,0,0,0,0,0,0,2
1484,0.385,PESQUI VET BRASIL,2,0,0,0,0,1,0,0,0,0,0,1
1485,3.335,PHARM RES-DORDR,2,0,0,0,0,0,0,0,0,0,0,2
1486,5.666,PHILOS T R SOC B,2,0,0,1,0,1,0,0,0,0,0,0
1487,1.620,PHOTOMED LASER SURG,2,0,0,0,0,0,0,0,1,0,0,1
1488,1.863,PHYS LETT A,2,0,0,0,0,0,1,0,0,0,0,1
1489,4.782,PHYS REV APPL,2,0,0,0,0,1,0,0,0,0,1,0
1490,1.902,PHYS SCRIPTA,2,0,0,0,0,1,0,0,0,0,0,1
1491,1.795,PHYS STATUS SOLIDI A,2,0,0,0,0,0,0,0,0,0,0,2
1492,5.947,PHYSIOLOGY,2,0,0,0,1,0,0,0,0,0,0,1
1493,,PLOS 1XB,2,0,0,0,0,0,0,0,0,2,0,0
1494,9.163,PLOS BIOL,2,0,0,0,0,1,0,0,0,0,0,1
1495,,PROC ASME CONF SMART,2,0,0,0,0,0,0,1,0,0,0,1
1496,0.853,Q APPL MATH,2,0,0,0,0,0,0,0,0,0,0,2
1497,1.048,RADIOENGINEERING,2,0,0,0,0,0,0,0,0,0,0,2
1498,3.249,RADIOGRAPHICS,2,0,0,1,0,0,0,0,0,0,1,0
1499,,RADIOL PHYS TECHNOL,2,0,0,0,0,1,0,0,0,1,0,0
1500,,REN ALT EN CONCXB,2,0,0,0,0,0,1,0,0,0,0,1
1501,4.013,RETINA-J RET VIT DIS,2,0,0,0,2,0,0,0,0,0,0,0
1502,,RETOS,2,0,0,0,1,1,0,0,0,0,0,0
1503,0.850,REV BRAS ANESTESIOL,2,0,0,0,0,1,0,0,0,0,1,0
1504,,REV BRAS GINECOL OBS,2,0,0,0,0,0,0,0,0,0,1,1
1505,1.350,REV BRAS REUMATOL,2,0,0,0,0,0,0,0,1,0,0,1
1506,0.288,ROM J INF SCI TECH,2,0,0,0,0,0,0,0,0,1,0,1
1507,0.549,RUSS J PHYS CHEM A+,2,0,0,0,0,0,0,0,0,0,0,2
1508,41.058,SCIENCE,2,0,1,0,0,0,0,1,0,0,0,0
1509,,SCOLIOSIS SPINAL DIS,2,0,0,0,0,0,0,0,0,0,0,2
1510,1.246,SILICON-NETH,2,0,0,0,0,1,0,0,1,0,0,0
1511,2.340,SIMUL HEALTHC,2,0,0,0,2,0,0,0,0,0,0,0
1512,0.940,SIMUL-T SOC MOD SIM,2,0,0,0,1,1,0,0,0,0,0,0
1513,1.567,SKELETAL RADIOL,2,0,0,0,0,0,0,0,0,0,0,2
1514,,SLEEP SCI,2,0,0,0,0,0,0,0,0,1,1,0
1515,9.598,SMALL,2,0,0,0,0,0,1,0,0,0,0,1
1516,,SMALL METHODS,2,0,0,0,0,0,0,0,1,0,0,1
1517,1.338,SOFTWARE PRACT EXPER,2,0,0,1,0,0,1,0,0,0,0,0
1518,1.666,SOLID STATE ELECTRON,2,0,0,0,0,0,0,0,0,0,1,1
1519,,SPORTS ENG,2,0,0,0,0,0,0,0,0,0,0,2
1520,7.074,SPORTS MED,2,0,0,0,0,0,0,0,0,1,1,0
1521,,SPRINGER PROC PHYS,2,0,0,0,0,0,0,0,0,1,0,1
1522,6.537,STEM CELL REP,2,0,0,0,0,0,1,0,0,0,0,1
1523,3.612,STEM CELL REV REP,2,0,0,0,0,1,0,0,0,0,1,0
1524,4.929,STEM CELL TRANSL MED,2,0,0,0,0,0,0,0,0,0,0,2
1525,1.648,STEREOT FUNCT NEUROS,2,0,0,2,0,0,0,0,0,0,0,0
1526,1.605,STRAIN,2,0,0,0,0,0,0,0,0,0,0,2
1527,1.182,STROJ VESTN-J MECH E,2,0,0,1,0,0,0,0,0,0,0,1
1528,1.020,STUD INFORM CONTROL,2,0,0,0,0,0,0,0,1,0,0,1
1529,3.818,SWARM EVOL COMPUT,2,0,0,0,0,1,1,0,0,0,0,0
1530,2.360,SYNAPSE,2,0,0,0,0,0,0,0,0,0,0,2
1531,0.707,TECH PHYS+,2,0,0,0,0,0,0,0,0,0,0,2
1532,,TECHNOLOGY,2,0,0,0,0,1,0,0,0,0,0,1
1533,,TEH GLAS,2,0,0,0,0,0,0,0,0,0,1,1
1534,2.321,THEOR APPL CLIMATOL,2,0,0,0,0,0,0,0,0,0,0,2
1535,1.433,THERM SCI,2,0,0,0,0,1,0,0,0,0,0,1
1536,2.067,TRIALS,2,0,0,0,0,0,0,0,0,0,0,2
1537,0.147,TURK J PH MED REHAB,2,0,0,0,0,0,0,0,0,0,0,2
1538,,ULTRASOUND,2,0,0,0,0,0,0,0,0,0,0,2
1539,0.437,UROLOGE,2,0,1,0,0,0,0,0,0,0,0,1
1540,2.067,VACUUM,2,0,1,0,0,0,0,0,0,0,0,1
1541,,VEH TECHNOL CONFE,2,0,1,0,0,0,0,0,1,0,0,0
1542,2.422,VET PARASITOL,2,0,0,0,0,1,0,0,0,0,0,1
1543,2.050,VET REC,2,0,0,0,0,0,0,0,0,0,0,2
1544,2.960,WEAR,2,0,0,0,0,0,0,0,2,0,0,0
1545,2.335,FRONT PEDIATR,0,0,0,0,0,0,0,0,0,0,0,0
1546,,N AM POW SYMP,0,0,0,0,0,0,0,0,0,0,0,0
Copyright  2018 Clarivate Analytics,,,,,,,,,,,,,,
"By exporting the selected data, you agree to the data usage policy set forth in the Terms of Use",,,,,,,,,,,,,,
