Cited Journal Data: IEEE T NEUR SYS REH,,,,,,,,,,,,,,
,Impact Factor,Citing Journal,All Yrs,2017,2016,2015,2014,2013,2012,2011,2010,2009,2008,Rest
1,,ALL Journals,5647,148,474,515,686,413,387,384,422,238,253,1727
2,,ALL OTHERS (437),437,12,28,40,42,40,21,23,23,19,19,170
3,3.972,IEEE T NEUR SYS REH,527,19,34,52,81,47,44,40,39,27,16,128
4,3.920,J NEURAL ENG,197,3,14,15,31,9,16,18,7,12,15,57
5,3.877,FRONT NEUROSCI-SWITZ,172,6,18,13,26,7,12,12,12,9,9,48
6,3.865,J NEUROENG REHABIL,136,3,18,13,18,7,11,12,12,2,7,33
7,2.475,SENSORS-BASEL,135,8,18,14,24,3,4,3,11,7,2,41
8,,P ANN INT IEEE EMBS,128,1,19,11,15,5,10,9,14,2,14,28
9,2.766,PLOS ONE,117,2,8,13,20,4,13,11,11,0,5,30
10,4.122,SCI REP-UK,106,4,14,13,16,6,8,6,8,2,2,27
11,2.606,FRONT NEUROROBOTICS,92,8,14,10,11,7,4,10,8,4,5,11
12,4.288,IEEE T BIO-MED ENG,92,1,6,11,15,7,9,4,6,5,3,25
13,,BIOSYST BIOROBOT,74,0,7,9,16,5,2,6,4,2,5,18
14,2.871,FRONT HUM NEUROSCI,65,6,2,4,7,4,7,6,10,0,3,16
15,,IEEE SYS MAN CYBERN,63,4,10,1,8,3,7,0,6,4,3,17
16,2.783,BIOMED SIGNAL PROCES,59,2,4,6,5,8,3,2,5,0,1,23
17,3.936,IEEE-ASME T MECH,56,5,4,10,6,3,4,2,4,4,0,14
18,3.500,IEEE T BIOMED CIRC S,54,1,3,7,6,7,2,5,2,11,0,10
19,1.971,MED BIOL ENG COMPUT,48,0,2,2,0,3,4,8,8,3,0,18
20,2.638,ROBOT AUTON SYST,48,0,1,3,7,3,2,2,6,4,5,15
21,2.502,J NEUROPHYSIOL,47,4,4,1,3,1,2,6,3,2,4,17
22,2.617,IEEE SENS J,42,0,7,5,5,1,4,3,4,2,2,9
23,3.241,NEUROCOMPUTING,42,0,6,2,0,10,2,1,3,0,2,16
24,2.563,IEEE T HUM-MACH SYST,41,0,5,3,11,2,3,2,4,1,3,7
25,1.923,MED ENG PHYS,39,0,2,3,7,1,2,2,2,1,2,17
26,,BRAIN-COMPUT INTERFA,37,0,4,5,4,3,5,1,7,1,0,7
27,2.273,GAIT POSTURE,33,0,2,4,6,3,0,1,4,1,0,12
28,3.508,FRONT NEUROL,32,0,4,1,3,4,3,4,2,1,3,7
29,3.557,IEEE ACCESS,30,1,3,5,5,2,0,1,4,0,1,8
30,24.014,PHYSIOL REV,28,0,1,3,0,1,3,3,2,2,1,12
31,1.689,APPL SCI-BASEL,27,3,4,4,3,4,0,0,2,1,1,5
32,2.583,BIOMED RES INT,27,1,1,3,1,4,2,3,2,1,2,7
33,1.649,COMPUT INTEL NEUROSC,26,0,0,1,3,4,4,2,2,0,1,9
34,7.050,IEEE T IND ELECTRON,25,0,0,2,1,1,3,0,3,3,2,10
35,2.616,CONTROL ENG PRACT,23,0,1,3,4,0,1,4,1,2,0,7
36,,PROC SPIE,23,1,1,2,2,4,1,1,0,2,1,8
37,3.850,IEEE J BIOMED HEALTH,22,0,1,2,4,0,2,1,5,1,2,4
38,1.261,J HEALTHC ENG,22,0,1,2,2,2,2,0,4,1,0,8
39,2.305,ENTROPY-SWITZ,21,1,0,2,1,0,1,2,1,0,0,13
40,0.952,INT J ADV ROBOT SYST,21,1,2,1,7,1,0,1,3,0,1,4
41,4.215,NEURAL COMPUT APPL,21,0,1,1,4,0,1,1,1,1,1,10
42,,2017 IEEE INT CXB,20,1,3,3,3,0,0,1,1,2,2,4
43,,ADV INTELL SYST,20,0,1,1,3,1,1,1,3,0,0,9
44,1.676,BIOMED ENG ONLINE,20,0,2,2,3,2,1,1,2,1,0,6
45,2.115,COMPUT BIOL MED,19,1,4,1,2,1,0,3,2,0,0,5
46,3.768,EXPERT SYST APPL,19,0,2,0,3,1,0,1,1,1,0,10
47,2.073,FRONT COMPUT NEUROSC,19,5,3,2,3,2,0,0,2,0,0,2
48,4.580,INT J NEURAL SYST,19,0,2,0,4,4,1,1,1,0,1,5
49,1.568,J ELECTROMYOGR KINES,19,0,1,3,7,2,2,1,2,0,0,1
50,1.806,EXP BRAIN RES,18,2,0,3,4,1,1,0,1,1,1,4
51,4.047,INT J ROBOT RES,18,2,1,1,0,1,3,0,3,1,1,5
52,,IEEE ROBOT AUTOM LET,17,0,3,4,3,2,0,0,1,1,0,3
53,2.396,INT J FUZZY SYST,17,0,1,0,1,1,4,2,2,0,0,6
54,,PROC ASME DES ENG TE,17,0,2,6,3,0,1,2,0,0,1,2
55,3.614,CLIN NEUROPHYSIOL,16,0,0,1,1,5,4,2,0,0,1,2
56,,P ASM 9 ANN DYNXB,16,0,1,2,5,1,1,1,1,1,1,2
57,1.124,P I MECH ENG H,16,0,0,1,0,1,2,2,1,2,1,6
58,9.107,P IEEE,16,0,0,2,2,0,3,2,0,2,3,2
59,0.848,ADV MECH ENG,15,0,2,2,1,0,2,0,1,1,1,5
60,8.806,BIOMATERIALS,15,0,0,0,1,1,0,1,0,1,1,10
61,,EUR REV,15,0,0,0,0,0,1,2,1,0,1,10
62,8.415,IEEE T FUZZY SYST,15,0,3,0,0,1,2,0,1,0,0,8
63,3.077,ARCH PHYS MED REHAB,14,0,1,2,2,0,0,2,2,0,0,5
64,2.088,BEHAV NEUROL,14,0,0,2,0,2,1,2,0,2,1,4
65,1.374,BIOCYBERN BIOMED ENG,14,0,3,0,2,0,2,0,1,0,1,5
66,0.875,J MECH MED BIOL,14,0,1,1,5,1,1,0,1,0,0,4
67,2.668,J NEUROSCI METH,14,0,1,2,1,0,2,2,0,1,1,4
68,0.494,REV IBEROAM AUTOM IN,14,2,0,5,1,0,0,1,0,1,0,4
69,,2017 IEEE INT C CYXB,13,3,0,0,1,0,0,1,1,0,0,7
70,,ADV COOP ROBXB,13,0,0,0,2,0,0,1,1,1,1,7
71,1.843,AM J PHYS MED REHAB,13,0,2,2,0,5,0,1,1,0,1,1
72,,FRONT ROBOT AI,13,0,1,2,0,0,1,1,2,1,0,5
73,,IEEE ASME INT C ADV,13,0,1,2,1,0,1,0,0,0,2,6
74,4.264,IEEE T ROBOT,13,0,0,0,2,3,3,1,0,0,0,4
75,2.431,J BIOMECH,13,0,3,3,0,0,1,0,2,1,0,3
76,2.325,J BIONIC ENG,13,0,0,0,2,0,2,4,1,0,0,4
77,1.521,J DYN SYST-T ASME,13,0,0,1,1,0,2,0,2,1,1,5
78,,P ASM 10 ANN DYNXB,13,0,0,0,3,1,0,1,4,0,0,4
79,,P ASM INT MECH ENGXB,13,0,0,0,2,1,0,0,0,0,0,10
80,3.405,ANN BIOMED ENG,12,0,1,1,0,0,0,1,0,0,1,8
81,,IEEE-CAA J AUTOMATIC,12,1,0,0,1,2,3,1,2,0,0,2
82,,IFAC PAPERSONLINE,12,0,0,0,1,0,1,1,3,0,1,5
83,,INN NEURXB,12,0,0,0,0,0,1,2,0,2,0,7
84,,NAT BIOMED ENG,12,0,1,0,3,2,3,0,0,0,0,3
85,1.103,PROSTHET ORTHOT INT,12,0,0,2,3,2,0,0,0,1,2,2
86,2.963,SMART MATER STRUCT,12,0,2,3,2,0,0,2,0,0,0,3
87,,2017 INT C VIRT REXB,11,0,2,3,2,0,1,1,0,2,0,0
88,,INT C ACOUST SPEE,11,0,0,0,2,3,1,2,0,0,0,3
89,,INT WINT WORKSH BR,11,0,2,0,0,0,1,1,2,0,2,3
90,,IOP C SER-MAT SCI,11,0,0,0,0,1,1,1,0,0,1,7
91,2.496,MUSCLE NERVE,11,0,1,5,1,0,0,0,0,1,1,2
92,1.779,NEUROREHABILITATION,11,0,1,1,4,0,2,0,0,0,0,3
93,3.118,PSYCHOPHYSIOLOGY,11,0,1,1,0,3,0,2,1,0,0,3
94,16.710,SCI TRANSL MED,11,2,2,0,1,1,2,1,0,1,0,1
95,0.311,ZH VYSSH NERV DEYAT+,11,0,0,1,0,2,2,0,0,0,1,5
96,,2017 2 INT C ADVXB,10,0,1,1,0,1,1,0,0,3,0,3
97,,2017 CHIN AUT C CAXB,10,0,5,2,0,0,0,0,0,1,0,2
98,2.244,AUTON ROBOT,10,0,0,0,1,2,0,0,0,0,1,6
99,,BIOMED PHYS ENG EXPR,10,0,1,0,1,1,2,1,1,0,0,3
100,2.674,COMPUT METH PROG BIO,10,1,1,0,0,2,1,0,1,0,0,4
101,1.974,COMPUT METHOD BIOMEC,10,0,0,0,1,0,0,0,3,1,0,5
102,3.394,FRONT PHYSIOL,10,0,2,1,0,1,0,1,1,1,1,2
103,,FRONT PSYCHOL,10,0,1,0,3,2,0,0,0,1,1,2
104,3.667,IEEE T AUTOM SCI ENG,10,0,0,0,1,0,1,1,0,1,0,6
105,1.583,J INTELL ROBOT SYST,10,0,0,1,0,2,1,1,0,2,0,3
106,2.057,J SENSORS,10,0,2,0,2,2,1,0,0,0,2,1
107,2.423,MECHATRONICS,10,0,0,1,0,0,1,1,1,1,0,5
108,4.711,NEUROREHAB NEURAL RE,10,0,1,3,0,0,1,0,0,0,1,4
109,1.177,ROBOTICA,10,0,0,0,0,0,0,1,0,1,2,6
110,,ROUTL STUD NEW MEDIA,10,0,1,1,4,0,1,0,0,1,1,1
111,0.961,ADV ROBOTICS,9,0,2,2,0,0,1,1,0,1,0,2
112,,CAN CON EL COMP EN,9,0,3,3,0,2,0,0,0,1,0,0
113,1.863,CLIN BIOMECH,9,0,0,1,2,0,0,1,0,0,0,5
114,,DISABIL REHABIL-ASSI,9,0,0,0,1,1,0,1,0,0,2,4
115,,IEEE INT SYMP CIRC S,9,0,1,0,2,0,0,0,1,3,1,1
116,4.883,IEEE T CONTR SYST T,9,0,1,1,0,0,0,2,1,0,1,3
117,2.300,INT J HUM-COMPUT ST,9,0,0,1,2,3,0,0,0,0,0,3
118,1.029,INT J PATTERN RECOGN,9,0,1,0,0,1,0,0,2,1,0,4
119,1.661,INT J PRECIS ENG MAN,9,0,0,0,0,0,0,2,1,0,1,5
120,2.868,INT J PSYCHOPHYSIOL,9,0,0,0,3,0,1,0,1,0,1,3
121,0.549,J MED IMAG HEALTH IN,9,0,0,0,2,0,1,1,1,0,0,4
122,,LECT NOTES ELECTR EN,9,0,0,0,0,1,0,1,0,1,1,5
123,2.796,MECH MACH THEORY,9,1,0,0,0,1,1,0,0,1,0,5
124,2.974,PERVASIVE MOB COMPUT,9,0,0,0,2,0,0,0,4,0,1,2
125,1.850,PM&R,9,0,1,1,1,1,1,1,0,0,0,3
126,5.667,SENSOR ACTUAT B-CHEM,9,0,0,1,0,0,0,1,3,1,1,2
127,,2017 IEEE EMBS INTXB,8,0,1,0,1,1,0,0,0,1,1,3
128,2.111,ARTIF ORGANS,8,0,0,0,1,1,0,0,0,0,1,5
129,6.120,BRAIN STIMUL,8,0,0,1,5,0,1,1,0,0,0,0
130,1.232,ELECTRON LETT,8,0,1,0,1,1,2,1,2,0,0,0
131,4.483,EXP NEUROL,8,0,0,0,0,0,2,1,0,0,2,3
132,4.300,FRONT CELL NEUROSCI,8,1,0,1,0,1,0,0,2,1,0,2
133,1.840,HUM MOVEMENT SCI,8,0,0,1,0,0,0,1,1,0,0,5
134,,IEEE DECIS CONTR P,8,0,1,2,0,0,1,1,0,1,1,1
135,3.573,IEEE ROBOT AUTOM MAG,8,0,1,1,1,0,1,0,0,0,0,4
136,1.869,IEEE T HAPTICS,8,0,1,2,0,0,0,3,0,0,0,2
137,1.467,IEEE T MAGN,8,0,2,1,0,1,0,1,1,0,0,2
138,1.916,J BIOMECH ENG-T ASME,8,0,1,0,1,0,1,0,2,0,1,2
139,5.971,J NEUROSCI,8,0,0,1,3,1,1,1,0,0,0,1
140,1.184,JOVE-J VIS EXP,8,1,0,0,0,2,0,0,0,0,1,4
141,,LECT NOTE NETW SYST,8,0,1,0,0,1,0,0,1,0,0,5
142,2.211,MECCANICA,8,0,0,0,2,0,1,3,0,0,0,2
143,,MECH MACH SCI,8,0,1,0,0,1,1,0,0,0,1,4
144,2.006,PHYSIOL MEAS,8,0,2,0,1,1,0,0,2,0,0,2
145,1.428,REV SCI INSTRUM,8,1,2,0,0,1,0,0,1,1,2,0
146,,2017 1 NEW GEN CASXB,7,0,1,2,0,0,1,1,0,0,0,2
147,,2017 IEEE INT C INXB,7,0,1,1,0,0,0,0,1,0,0,4
148,,2017 IEEE WORLDXB,7,1,1,1,1,0,1,0,1,1,0,0
149,3.907,APPL SOFT COMPUT,7,0,0,3,0,1,1,1,0,1,0,0
150,,BIOMED RES-INDIA,7,0,1,0,0,1,0,0,0,0,0,5
151,1.998,CIRC SYST SIGNAL PR,7,0,7,0,0,0,0,0,0,0,0,0
152,,COMP MED SY,7,0,0,0,0,0,1,0,0,0,1,5
153,7.982,IEEE T NEUR NET LEAR,7,0,0,1,2,1,1,1,1,0,0,0
154,4.203,IEEE T SIGNAL PROCES,7,0,0,3,1,0,0,1,0,0,0,2
155,2.173,INT J CONTROL AUTOM,7,0,0,1,0,0,0,0,1,0,2,3
156,,LECT N BIOINFORMAT,7,0,2,0,1,0,0,0,1,1,1,1
157,2.774,NEUROMODULATION,7,0,0,0,1,0,0,1,0,0,1,4
158,2.159,NEUROSCI LETT,7,1,1,1,0,0,0,0,0,0,0,4
159,,2017 56 ANN C SOCXB,6,0,2,1,1,0,0,0,0,0,0,2
160,,2017 IEEEACM 2 INTXB,6,0,0,0,0,0,0,1,3,0,0,2
161,,2017 MED TECHN NATXB,6,1,1,0,0,2,0,0,0,0,1,1
162,13.325,ADV FUNCT MATER,6,0,0,0,1,0,0,2,0,0,0,3
163,1.383,ASSEMBLY AUTOM,6,0,1,1,1,0,0,0,1,1,0,1
164,2.727,BIOINSPIR BIOMIM,6,0,0,1,1,0,0,1,2,0,0,1
165,,DES AUT TEST EUROPE,6,0,0,2,1,0,0,1,0,0,0,2
166,2.401,EUR J APPL PHYSIOL,6,0,0,2,0,0,0,0,2,0,1,1
167,2.094,EXPERT REV MED DEVIC,6,0,2,2,1,1,0,0,0,0,0,0
168,,IEEE GLOB COMM CONF,6,0,1,1,2,1,0,0,0,0,1,0
169,1.754,IEEE J TRANSL ENG HE,6,1,0,0,1,1,0,0,1,0,1,1
170,8.803,IEEE T CYBERNETICS,6,0,0,2,0,0,0,1,0,1,0,2
171,5.135,IEEE T SYST MAN CY-S,6,0,0,0,3,0,0,0,1,1,0,1
172,1.205,IND ROBOT,6,0,1,0,1,0,1,0,0,1,0,2
173,,INT C COMPUT,6,0,0,1,0,0,0,0,1,1,0,3
174,3.370,ISA T,6,0,1,1,1,0,0,0,0,0,0,3
175,2.233,J MECH ROBOT,6,0,0,1,1,0,0,0,0,0,0,4
176,2.078,J ORTHOP TRANSL,6,0,1,3,1,0,0,1,0,0,0,0
177,3.046,J TELEMED TELECARE,6,0,0,0,0,1,0,1,0,0,0,4
178,2.234,NEURAL REGEN RES,6,0,0,0,1,2,0,0,1,0,0,2
179,,SIG P ALGO ARCH ARR,6,0,1,0,1,0,0,2,0,0,0,2
180,,SIG PROCESS COMMUN,6,0,1,0,0,0,2,0,0,0,1,2
181,,2017 1 INT C EL MAXB,5,0,2,0,3,0,0,0,0,0,0,0
182,,2017 32 YOUTH ACXB,5,0,0,1,0,1,0,0,0,0,0,3
183,,2017 40 INT C TELXB,5,0,1,0,0,0,0,0,0,0,0,4
184,,2017 IEEE 2 ADV INXB,5,0,1,2,0,2,0,0,0,0,0,0
185,2.435,APPL ERGON,5,0,0,1,0,0,0,0,0,0,0,4
186,1.032,AUSTRALAS PHYS ENG S,5,0,2,0,1,0,0,0,0,0,0,2
187,1.440,BIOL CYBERN,5,0,0,0,1,2,0,0,1,1,0,0
188,1.088,BIOMED ENG-BIOMED TE,5,0,0,0,2,0,1,1,0,0,0,1
189,3.125,BRAIN RES,5,2,0,0,0,0,1,0,0,0,0,2
190,,C IND ELECT APPL,5,0,0,1,0,0,1,0,0,1,0,2
191,2.000,COGN NEURODYNAMICS,5,0,2,0,0,0,0,0,1,0,0,2
192,1.545,COMPUT MATH METHOD M,5,0,1,1,0,0,1,0,1,0,0,1
193,5.116,ELECTROCHIM ACTA,5,0,0,0,0,0,0,0,0,0,0,5
194,2.832,EUR J NEUROSCI,5,0,1,0,1,0,1,0,0,0,0,2
195,,EUR J TRANSL MYOL,5,0,0,0,0,0,0,0,0,0,0,5
196,,EUR SIGNAL PR CONF,5,1,1,1,1,0,0,0,0,1,0,0
197,4.075,IEEE J SOLID-ST CIRC,5,0,0,0,0,0,3,0,0,0,0,2
198,4.585,IEEE T AFFECT COMPUT,5,0,1,1,0,0,0,3,0,0,0,0
199,0.500,IEICE T INF SYST,5,0,0,1,0,0,1,0,0,1,0,2
200,,INT C WEARAB IMPL,5,0,0,1,0,0,0,0,0,0,0,4
201,2.009,INT J SOC ROBOT,5,0,0,0,0,0,0,1,0,0,1,3
202,,INT REV PSYCHIATR,5,0,0,2,0,0,1,0,1,0,0,1
203,2.367,J BIOMED OPT,5,0,0,1,0,0,0,0,0,0,0,4
204,1.426,J INTELL FUZZY SYST,5,0,0,0,1,0,2,0,0,0,0,2
205,1.194,J MECH SCI TECHNOL,5,0,0,0,1,1,0,1,0,0,0,2
206,4.319,J NEUROSURG,5,0,0,0,1,1,0,1,0,1,0,1
207,1.882,J SPINAL CORD MED,5,0,0,0,0,1,0,0,0,0,0,4
208,,J VIBROENG,5,0,1,0,1,0,1,1,0,1,0,0
209,4.396,KNOWL-BASED SYST,5,0,2,1,0,0,0,0,0,0,0,2
210,1.541,MULTIMED TOOLS APPL,5,0,0,0,1,1,0,0,1,0,0,2
211,1.651,NEURAL COMPUT,5,0,0,0,0,0,1,0,1,0,0,3
212,7.197,NEURAL NETWORKS,5,0,0,0,0,0,0,2,2,0,0,1
213,5.426,NEUROIMAGE,5,0,1,0,0,1,1,0,1,0,0,1
214,8.037,NEUROSCI BIOBEHAV R,5,0,0,1,0,2,0,1,0,0,0,1
215,3.382,NEUROSCIENCE,5,0,1,0,1,0,0,0,0,0,1,2
216,2.182,OTOL NEUROTOL,5,0,1,0,1,2,0,0,0,1,0,0
217,3.965,PATTERN RECOGN,5,0,0,0,1,2,0,0,0,1,0,1
218,3.955,PLOS COMPUT BIOL,5,0,1,0,0,0,0,1,1,2,0,0
219,,PROCEDIA COMPUT SCI,5,0,0,1,0,0,0,0,1,1,1,1
220,0.719,TECHNOL HEALTH CARE,5,0,0,1,1,0,0,0,0,0,0,3
221,,2017 IEEE 5 INT SXB,4,0,0,0,0,2,0,0,0,0,1,1
222,,2017 INT C COMPXB,4,0,0,0,0,0,0,0,0,0,0,4
223,,2017 INT C NEWXB,4,0,0,0,1,0,1,1,0,0,1,0
224,5.609,ADV HEALTHC MATER,4,0,0,0,2,0,0,0,0,0,0,2
225,21.950,ADV MATER,4,0,0,0,0,0,0,2,0,0,0,2
226,,AER ADV ENG RES,4,0,1,1,0,0,0,0,0,0,0,2
227,,AIP C PROC,4,0,1,0,1,0,0,0,1,0,0,1
228,0.800,ANALOG INTEGR CIRC S,4,0,0,0,0,1,1,0,0,1,0,1
229,,ASSIST TECHNOL,4,0,0,0,1,1,0,0,0,0,0,2
230,0.872,BIO-MED MATER ENG,4,0,0,0,1,0,1,0,1,0,0,1
231,,BIOMED ENG INT CONF,4,0,1,0,0,1,0,0,1,0,0,1
232,10.848,BRAIN,4,0,0,0,1,1,1,0,0,0,0,1
233,,BRAIN SCI,4,0,0,0,1,0,0,1,0,0,0,2
234,1.204,CAMB Q HEALTHC ETHIC,4,0,1,0,0,0,0,1,1,0,0,1
235,1.601,CLUSTER COMPUT,4,0,0,0,1,1,0,0,1,0,0,1
236,2.391,COMPUT VIS IMAGE UND,4,0,0,0,2,0,0,1,0,1,0,0
237,7.616,ELIFE,4,1,0,0,0,1,0,1,1,0,0,0
238,2.676,ENERGIES,4,1,0,1,0,0,0,0,0,0,0,2
239,,FRONT SYST NEUROSCI,4,0,1,1,0,0,0,0,0,1,0,1
240,2.824,HEARING RES,4,0,0,0,1,1,1,0,0,0,0,1
241,,IEEE INT C BIOINFORM,4,0,0,0,2,0,0,1,1,0,0,0
242,,IEEE INT CONF FUZZY,4,1,0,0,1,0,0,0,0,0,0,2
243,0.502,IEEE LAT AM T,4,0,0,1,0,0,1,1,0,0,0,1
244,,IEEE SOUTHEASTCON,4,0,0,0,2,1,0,0,0,0,0,1
245,2.158,IEEE T NANOBIOSCI,4,2,1,0,0,1,0,0,0,0,0,0
246,,INT J ADV COMPUT SC,4,0,1,0,1,0,0,0,1,0,0,1
247,,INT J BIOMED ENG TEC,4,0,0,0,0,3,1,0,0,0,0,0
248,,INT J COGN INFORM NA,4,0,1,0,0,0,0,0,0,0,0,3
249,1.259,INT J HUM-COMPUT INT,4,0,0,0,0,1,0,0,2,0,0,1
250,,INT J MODEL IDENTIF,4,0,0,0,3,0,0,1,0,0,0,0
251,1.432,INT J REHABIL RES,4,0,0,0,2,0,0,0,0,1,0,1
252,,J ADV COMPUT INTELL,4,0,0,0,0,2,0,0,0,0,0,2
253,,J APPL SCI ENG,4,0,0,0,0,3,0,0,0,0,0,1
254,0.112,J CHIN SOC MECH ENG,4,0,0,0,0,0,0,0,0,1,0,3
255,1.023,J INT MED RES,4,0,0,0,1,1,1,1,0,0,0,0
256,1.211,J MED BIOL ENG,4,0,0,0,0,0,0,1,1,0,0,2
257,3.355,J R SOC INTERFACE,4,0,1,0,1,0,0,0,0,0,1,1
258,2.865,J VESTIBUL RES-EQUIL,4,0,0,0,1,0,0,1,0,2,0,0
259,2.218,MEASUREMENT,4,0,1,1,0,1,0,0,0,0,0,1
260,1.352,MECH SCI,4,1,0,1,0,0,0,0,0,0,0,2
261,,METHOD MOL BIOL,4,0,0,1,3,0,0,0,0,0,0,0
262,12.353,NAT COMMUN,4,0,0,0,1,1,1,0,0,0,0,1
263,14.319,NEURON,4,0,0,1,0,0,0,1,0,1,0,1
264,1.954,PATTERN RECOGN LETT,4,0,1,1,0,0,0,1,0,0,0,1
265,2.587,PHYS THER,4,0,0,2,0,0,1,0,0,0,1,0
266,,RES J PHARM BIOL CHE,4,0,0,0,0,0,0,0,0,0,0,4
267,11.511,SCI ADV,4,0,0,0,0,0,0,1,0,0,0,3
268,0.482,SENSOR MATER,4,0,1,0,0,1,0,0,0,0,0,2
269,3.470,SIGNAL PROCESS,4,0,2,1,0,1,0,0,0,0,0,0
270,,TECHNOLOGIES,4,0,1,1,2,0,0,0,0,0,0,0
271,,2017 19 INT C SOLXB,3,0,0,0,0,0,0,0,0,0,0,3
272,,2017 2 IEEE INT CXB,3,0,0,0,0,1,1,0,1,0,0,0
273,,2017 3 INT C CONTRXB,3,0,0,0,0,0,0,0,0,1,0,2
274,,2017 IEEE 12 INT CXB,3,0,0,0,0,0,0,1,0,0,0,2
275,,2017 IEEE 19 INT CXB,3,1,0,1,1,0,0,0,0,0,0,0
276,,AGRO FOOD IND HI TEC,3,0,0,0,0,0,2,0,0,0,0,1
277,6.126,AUTOMATICA,3,0,0,0,0,1,0,2,0,0,0,0
278,3.173,BEHAV BRAIN RES,3,0,0,1,1,0,1,0,0,0,0,0
279,2.061,BRAIN INJURY,3,0,0,0,0,0,0,0,2,0,1,0
280,7.867,BRIT J SPORT MED,3,0,0,0,0,0,0,0,2,0,1,0
281,1.807,CLIN EEG NEUROSCI,3,0,0,0,1,0,1,0,0,0,1,0
282,6.754,COCHRANE DB SYST REV,3,0,0,1,0,1,1,0,0,0,0,0
283,1.829,COMPLEXITY,3,0,2,0,0,0,0,0,0,0,0,1
284,5.797,COMPR PHYSIOL,3,0,0,0,0,0,2,0,0,0,0,1
285,2.757,CURR PHARM DESIGN,3,0,0,1,0,0,0,0,1,0,1,0
286,2.042,DISABIL REHABIL,3,0,0,0,0,0,0,0,0,0,0,3
287,,ELEKTROTEH VESTN,3,0,0,0,0,0,0,1,1,0,0,1
288,,ENEURO,3,0,0,0,0,0,1,0,0,0,0,2
289,2.362,EUR J PAEDIATR NEURO,3,0,0,1,0,1,1,0,0,0,0,0
290,2.208,EUR J PHYS REHAB MED,3,0,0,0,1,0,0,0,0,0,0,2
291,,FACTA UNIV-SER ELECT,3,0,0,0,0,1,0,0,0,0,1,1
292,3.582,FRONT AGING NEUROSCI,3,0,0,0,0,0,1,0,0,0,0,2
293,,GAMING MEDIA SOC EFF,3,0,0,0,0,3,0,0,0,0,0,0
294,,IC 2017 P 2017 INTXB,3,0,0,0,0,0,0,0,0,0,1,2
295,2.428,IEEE ACM T COMPUT BI,3,0,0,1,0,0,0,1,0,0,0,1
296,3.933,IEEE CIRC SYST MAG,3,0,0,1,0,1,0,0,0,1,0,0
297,,IEEE INT ULTRA SYM,3,0,0,0,1,0,1,0,0,0,0,1
298,5.007,IEEE T AUTOMAT CONTR,3,1,0,0,0,0,0,1,1,0,0,0
299,2.450,IEEE T CIRCUITS-II,3,0,0,1,0,0,0,0,0,1,0,1
300,2.794,IEEE T INSTRUM MEAS,3,0,0,1,0,0,0,0,0,0,1,1
301,4.098,IEEE T MOBILE COMPUT,3,1,0,0,0,0,0,0,2,0,0,0
302,1.336,IET SCI MEAS TECHNOL,3,0,0,0,0,0,0,1,0,0,0,2
303,1.250,IET SIGNAL PROCESS,3,0,0,0,0,1,0,0,0,0,0,2
304,,INT C MACH LEARN,3,0,0,1,1,0,1,0,0,0,0,0
305,,INT C PERVAS COMP,3,0,0,0,0,0,0,1,1,0,0,1
306,0.833,INT J CLIN EXP MED,3,0,0,2,0,0,0,0,0,0,0,1
307,2.000,INT J COMPUT INT SYS,3,0,0,0,0,0,1,0,1,0,0,1
308,,INT J HEALTHC INF SY,3,0,0,0,0,0,0,0,0,0,0,3
309,0.908,INT J HUM ROBOT,3,0,0,0,0,0,1,0,1,0,1,0
310,,INT J INTEGR ENG,3,0,0,0,0,0,0,0,1,0,0,2
311,3.687,INT J MOL SCI,3,0,1,0,0,1,0,1,0,0,0,0
312,,INT J SMART SENS INT,3,0,1,0,0,0,0,1,0,0,1,0
313,,INT J SPEECH TECHNOL,3,0,3,0,0,0,0,0,0,0,0,0
314,0.897,IRBM,3,0,2,0,0,0,1,0,0,0,0,0
315,0.761,J CENT SOUTH UNIV,3,0,0,0,0,2,0,0,0,0,0,1
316,1.640,J CLIN NEUROSCI,3,0,0,0,0,0,0,0,1,0,0,2
317,1.606,J COMPUT NEUROSCI,3,0,2,0,0,0,0,0,0,0,0,1
318,0.954,J FAC ENG ARCHIT GAZ,3,0,0,0,0,0,0,0,1,0,0,2
319,1.040,J HAND THER,3,0,0,1,0,0,0,0,0,0,0,2
320,0.662,J INTEGR NEUROSCI,3,0,0,0,0,0,0,0,0,1,0,2
321,0.628,J MAGN,3,0,2,0,0,0,0,1,0,0,0,0
322,2.098,J MED SYST,3,0,0,0,0,0,1,0,0,0,2,0
323,1.069,J NANOELECTRON OPTOE,3,0,0,0,0,0,0,1,0,0,0,2
324,2.779,J NEURAL TRANSM,3,1,0,0,0,0,0,0,1,0,0,1
325,3.783,J NEUROL,3,0,1,0,1,0,0,0,0,1,0,0
326,,J PHYS CONF SER,3,0,0,0,0,0,0,1,0,0,0,2
327,,J ROBOT,3,0,0,1,0,0,0,0,1,1,0,0
328,,J ROBOT MECHATRON,3,0,0,1,1,0,1,0,0,0,0,0
329,0.913,J SYST ARCHITECT,3,0,0,0,1,0,0,0,1,0,0,1
330,2.226,JMIR SERIOUS GAMES,3,0,1,0,2,0,0,0,0,0,0,0
331,1.452,JPN J APPL PHYS,3,0,1,0,2,0,0,0,0,0,0,0
332,0.611,KSII T INTERNET INF,3,0,0,0,0,0,0,0,0,0,0,3
333,,LECT N MECH ENG,3,0,0,1,0,0,0,0,0,1,0,1
334,1.531,METHOD INFORM MED,3,0,0,0,0,2,0,0,0,0,1,0
335,0.958,MOB INF SYST,3,0,0,3,0,0,0,0,0,0,0,0
336,8.324,MOVEMENT DISORD,3,0,0,0,0,1,0,0,0,0,1,1
337,13.120,NANO ENERGY,3,0,0,0,0,1,0,0,0,1,0,1
338,12.080,NANO LETT,3,0,0,0,0,0,0,0,0,1,0,2
339,2.917,NANOSCI NANOTECH LET,3,0,1,1,0,0,0,1,0,0,0,0
340,32.635,NAT REV NEUROSCI,3,0,0,0,0,0,0,0,0,0,1,2
341,4.129,NEUROPHOTONICS,3,0,1,0,0,0,0,0,0,0,0,2
342,7.461,NEUROSCIENTIST,3,0,0,0,0,0,0,0,1,0,0,2
343,,P 10 INT JOINT CXB,3,0,0,0,1,0,0,0,0,0,0,2
344,,P 2 INT C 2017 DEVXB,3,0,0,0,0,0,0,0,1,0,0,2
345,2.117,PARKINSONS DIS-US,3,0,0,1,0,0,1,0,0,0,0,1
346,2.101,RESTOR NEUROL NEUROS,3,0,0,2,0,0,0,1,0,0,0,0
347,2.590,REV NEUROSCIENCE,3,0,2,0,0,1,0,0,0,0,0,0
348,2.504,ROY SOC OPEN SCI,3,0,0,0,0,1,0,1,0,1,0,0
349,,SOVREM TEHNOL MED,3,0,0,1,1,0,0,0,0,1,0,0
350,,TEM J,3,0,0,0,1,0,0,1,0,0,0,1
351,,TENCON IEEE REGION,3,0,0,1,0,0,0,0,2,0,0,0
352,3.709,WIRES SYST BIOL MED,3,0,0,1,1,0,0,0,0,0,0,1
353,,WORLD J SCI TECHNOL,3,0,0,0,0,0,0,0,0,0,0,3
354,,2017 22 INT C METHXB,2,0,0,0,0,0,0,0,2,0,0,0
355,,2017 25 INT C SYSTXB,2,0,1,0,0,0,1,0,0,0,0,0
356,,2017 3 INT C EL INXB,2,0,0,0,0,0,0,0,0,0,0,2
357,,2017 5 INT C EL ENXB,2,0,1,0,0,0,1,0,0,0,0,0
358,,2017 ART INT ROB IXB,2,0,0,0,0,0,0,0,0,0,0,2
359,,2017 CHIL C EL ELXB,2,0,0,0,0,0,0,0,0,0,1,1
360,,2017 ELCT EL COMPXB,2,0,1,0,0,0,1,0,0,0,0,0
361,,2017 IEEE 5 PORT MXB,2,0,0,0,0,0,1,0,0,0,0,1
362,,2017 IEEE MEX HUMXB,2,0,1,0,0,0,0,0,0,0,0,1
363,,2017 INT C IND ENGXB,2,0,0,0,0,0,0,0,0,0,2,0
364,,2017 INT C NASCXB,2,0,0,0,0,0,0,0,0,0,0,2
365,,2017 INT C SEC PATXB,2,0,0,0,1,0,0,0,0,0,1,0
366,8.097,ACS APPL MATER INTER,2,0,0,0,0,0,0,1,0,1,0,0
367,6.383,ACTA BIOMATER,2,1,0,0,0,0,0,0,0,0,0,1
368,,ACTA TECH NAPOC SER-,2,0,0,0,1,0,1,0,0,0,0,0
369,,ADJ P 2017 IEEE INXB,2,0,0,0,0,0,0,0,0,0,0,2
370,1.760,ADV EXP MED BIOL,2,0,1,0,0,0,1,0,0,0,0,0
371,4.622,ADV MATER TECHNOL-US,2,0,1,0,0,0,0,0,0,0,0,1
372,5.200,ADV WOUND CARE,2,0,0,0,0,0,0,0,0,0,1,1
373,2.115,AEU-INT J ELECTRON C,2,0,0,0,1,0,0,0,0,0,0,1
374,1.290,AM J EMERG MED,2,0,0,0,0,0,2,0,0,0,0,0
375,2.320,ANNU REV CONTROL,2,0,0,1,0,0,0,0,0,0,0,1
376,1.769,APPL BIONICS BIOMECH,2,0,0,0,0,0,0,0,0,0,0,2
377,1.558,APPL NEUROPSYCH-ADUL,2,0,0,1,0,0,1,0,0,0,0,0
378,2.455,BIOINTERPHASES,2,0,0,0,0,0,0,0,0,0,0,2
379,,BIOMED ENG-APP BAS C,2,0,0,0,0,1,0,0,0,0,1,0
380,2.077,BIOMED MICRODEVICES,2,0,0,0,0,0,0,0,0,0,0,2
381,1.969,BMC MED ETHICS,2,0,0,0,0,0,0,0,0,0,0,2
382,2.170,BMC NEUROL,2,0,0,0,1,1,0,0,0,0,0,0
383,6.302,BRIEF BIOINFORM,2,0,0,1,0,0,0,0,0,0,0,1
384,,C P 2017 3 IEEE INXB,2,0,0,0,0,0,0,0,0,0,0,2
385,3.199,CEREBELLUM,2,0,0,0,2,0,0,0,0,0,0,0
386,3.479,COGN COMPUT,2,0,0,0,0,1,0,0,0,0,0,1
387,3.181,COMMUN NONLINEAR SCI,2,0,0,0,0,0,0,1,0,0,0,1
388,,COMPUT HUM BEHAV,2,0,0,0,0,1,1,0,0,0,0,0
389,6.541,CURR OPIN NEUROBIOL,2,0,1,0,0,0,0,1,0,0,0,0
390,1.340,DEV NEUROREHABIL,2,0,0,1,0,0,0,0,0,0,0,1
391,0.261,ELECTR COMMUN JPN,2,0,0,0,0,0,1,0,0,0,0,1
392,1.622,ENG OPTIMIZ,2,0,0,1,0,0,0,1,0,0,0,0
393,3.197,EUR J INFORM SYST,2,0,0,1,0,0,0,0,0,0,0,1
394,3.091,EUR REV AGING PHYS A,2,1,1,0,0,0,0,0,0,0,0,0
395,1.430,EXPERT SYST,2,0,1,0,1,0,0,0,0,0,0,0
396,3.138,FRONT BEHAV NEUROSCI,2,0,1,0,0,0,0,1,0,0,0,0
397,3.131,FRONT NEURAL CIRCUIT,2,0,0,1,1,0,0,0,0,0,0,0
398,3.074,FRONT NEUROINFORM,2,0,1,0,0,0,0,0,0,0,0,1
399,,HEALTHC TECHNOL LETT,2,0,0,0,1,0,0,0,0,1,0,0
400,4.743,HEART RHYTHM,2,2,0,0,0,0,0,0,0,0,0,0
401,,I C HUMANOID NANOTEC,2,0,0,0,0,0,1,0,0,0,0,1
402,0.962,IBM J RES DEV,2,0,0,0,0,0,1,0,0,0,0,1
403,3.448,IEEE ANTENN WIREL PR,2,0,0,0,0,0,0,0,0,1,0,1
404,,IEEE ICCE,2,0,1,0,0,0,0,0,0,0,0,1
405,,IEEE INT CON MULTI,2,0,1,0,1,0,0,0,0,0,0,0
406,,IEEE INT CONF SERIOU,2,0,0,0,0,0,0,0,0,0,0,2
407,4.361,IEEE J-STSP,2,0,0,2,0,0,0,0,0,0,0,0
408,,IEEE SYST MAN CYBERN,2,0,0,1,0,0,0,0,0,0,1,0
409,2.823,IEEE T CIRCUITS-I,2,0,1,0,0,0,0,0,1,0,0,0
410,5.824,IEEE T INF FOREN SEC,2,0,0,0,0,0,0,0,0,0,0,2
411,2.187,IEEE T INFORM THEORY,2,0,0,0,1,1,0,0,0,0,0,0
412,6.131,IEEE T MED IMAGING,2,0,0,0,0,1,0,0,0,0,1,0
413,3.176,IEEE T MICROW THEORY,2,0,0,0,0,0,0,0,0,0,0,2
414,3.977,IEEE T MULTIMEDIA,2,0,0,0,0,0,0,1,0,0,0,1
415,2.857,IEEE T NANOTECHNOL,2,0,0,0,0,0,0,0,0,0,0,2
416,2.950,IEEE-ACM T AUDIO SPE,2,1,0,0,0,0,0,0,0,0,0,1
417,0.723,IEEJ T ELECTR ELECTR,2,0,0,0,0,0,0,0,2,0,0,0
418,0.475,IEICE ELECTRON EXPR,2,0,0,1,0,0,0,0,0,0,0,1
419,3.296,IET CONTROL THEORY A,2,0,1,1,0,0,0,0,0,0,0,0
420,0.873,IET SYST BIOL,2,0,0,0,0,0,0,2,0,0,0,0
421,4.305,INFORM SCIENCES,2,0,0,0,0,0,1,0,1,0,0,0
422,,ING COMPET,2,0,0,0,0,1,0,1,0,0,0,0
423,,INT C ASIC,2,1,0,0,0,0,1,0,0,0,0,0
424,,INT C SYST INFORM,2,1,0,0,0,0,1,0,0,0,0,0
425,,INT CARIBB CONF DEVI,2,0,0,0,1,0,0,0,0,0,0,1
426,2.082,INT J ADAPT CONTROL,2,0,1,0,0,0,0,1,0,0,0,0
427,,INT J COMPUT SCI NET,2,0,0,0,0,1,0,0,1,0,0,0
428,1.429,INT J IND ERGONOM,2,0,0,1,0,0,0,0,0,0,0,1
429,1.065,INT J ROBOT AUTOM,2,0,0,0,0,0,0,0,0,1,0,1
430,,INT J SERIOUS GAMES,2,0,0,0,0,0,0,0,0,0,0,2
431,,INT SYM MED INFORM,2,0,0,0,0,1,0,0,0,0,1,0
432,,INTERNETWORKING INDO,2,0,0,0,0,0,1,0,0,0,0,1
433,3.388,INVEST OPHTH VIS SCI,2,0,0,0,0,0,0,2,0,0,0,0
434,,IRAN C ELECTR ENG,2,0,0,0,0,0,0,0,1,0,0,1
435,1.423,J AMB INTEL HUM COMP,2,0,0,0,0,0,0,0,0,0,1,1
436,3.256,J APPL PHYSIOL,2,1,0,0,0,1,0,0,0,0,0,0
437,0.699,J APPL STAT,2,0,0,0,0,0,0,0,0,0,0,2
438,,J BODYW MOV THER,2,0,0,0,0,0,0,0,0,0,0,2
439,1.627,J BRAZ SOC MECH SCI,2,0,0,0,0,0,0,0,0,0,0,2
440,3.468,J COGNITIVE NEUROSCI,2,0,0,0,0,1,0,0,0,0,0,1
441,1.925,J COMPUT SCI-NETH,2,0,0,0,0,0,0,0,0,0,0,2
442,,J ENG-JOE,2,0,1,0,0,0,0,0,0,0,0,1
443,,J FUNDAM APPL SCI,2,0,0,1,0,0,0,0,0,0,0,1
444,1.136,J INNOV OPT HEAL SCI,2,0,0,0,1,0,0,0,0,0,0,1
445,3.667,J INTELL MANUF,2,0,0,0,0,0,0,0,0,0,0,2
446,1.588,J KOREAN MED SCI,2,0,0,0,0,1,0,0,0,0,0,1
447,2.448,J MATER SCI-MATER M,2,0,0,0,0,0,0,0,0,0,0,2
448,2.786,J MECH DESIGN,2,0,0,0,0,0,0,0,0,0,1,1
449,,J MED IMAGING,2,0,0,0,0,2,0,0,0,0,0,0
450,2.475,J MICROELECTROMECH S,2,0,0,0,0,0,0,0,0,0,0,2
451,1.513,J MOTOR BEHAV,2,0,0,1,0,1,0,0,0,0,0,0
452,2.448,J NEUROL SCI,2,0,0,0,1,0,0,0,1,0,0,0
453,5.002,J NEUROTRAUM,2,0,0,0,0,0,1,0,1,0,0,0
454,,J ROBOT NETW ARTIF L,2,0,0,0,0,0,0,0,0,0,1,1
455,,J SEMICOND,2,0,1,0,1,0,0,0,0,0,0,0
456,3.433,J SLEEP RES,2,0,0,1,0,0,1,0,0,0,0,0
457,,J VOICE,2,0,0,0,0,0,0,0,2,0,0,0
458,1.381,J X-RAY SCI TECHNOL,2,0,0,0,0,0,0,0,0,0,0,2
459,,L N INST COMP SCI SO,2,0,0,0,1,0,0,0,0,0,0,1
460,,LECT NOTES COMPUT SC,2,0,0,0,0,0,1,0,0,0,0,1
461,,MED DEVICES-EVID RES,2,0,1,0,1,0,0,0,0,0,0,0
462,2.028,MEDICINE,2,0,1,0,0,0,0,0,0,0,0,1
463,1.322,MICROELECTRON J,2,0,0,0,0,0,0,1,0,0,0,1
464,2.222,MICROMACHINES-BASEL,2,0,0,0,0,1,0,0,0,0,0,1
465,,MIDWEST SYMP CIRCUIT,2,0,0,0,0,1,0,0,0,0,1,0
466,0.957,MOTOR CONTROL,2,0,0,0,0,0,0,0,0,0,0,2
467,,MOV DISORD CLIN PRAC,2,0,0,1,0,0,0,0,0,0,0,1
468,17.753,NANO TODAY,2,0,0,1,0,0,0,1,0,0,0,0
469,3.161,NEURAL PLAST,2,0,0,0,0,0,0,0,1,0,0,1
470,,NEUROPSYCHOL TRENDS,2,0,0,0,0,0,0,0,0,0,2,0
471,2.889,NEUROPSYCHOLOGIA,2,0,0,0,0,0,0,0,1,0,0,1
472,6.544,NEUROPSYCHOPHARMACOL,2,0,0,1,0,1,0,0,0,0,0,0
473,4.339,NONLINEAR DYNAM,2,0,0,0,0,0,0,0,1,0,0,1
474,3.857,OSTEOPOROSIS INT,2,0,0,0,0,0,0,0,0,0,0,2
475,,P 2017 13 IEEE INTXB,2,0,0,0,0,0,0,1,1,0,0,0
476,,P 2017 18 INT CXB,2,0,0,0,0,0,0,0,0,0,0,2
477,,P 2017 ACM INTXB,2,0,0,1,0,0,0,0,0,0,0,1
478,,P 2017 IEEE INT CXB,2,0,0,0,1,0,0,0,0,0,0,1
479,,P I CONF MEC EL AUT,2,1,0,0,0,0,0,0,0,0,0,1
480,0.996,P I MECH ENG C-J MEC,2,0,0,0,0,0,0,0,0,0,0,2
481,9.504,P NATL ACAD SCI USA,2,0,0,0,0,0,0,1,0,0,0,1
482,0.897,PEDIATR PHYS THER,2,0,0,0,0,1,0,1,0,0,0,0
483,2.118,PEERJ,2,0,0,0,1,1,0,0,0,0,0,0
484,,PEERJ COMPUT SCI,2,0,0,0,1,1,0,0,0,0,0,0
485,2.284,PHYS REV E,2,0,0,0,0,0,0,0,0,0,0,2
486,,PHYS THER REV,2,0,1,0,0,0,0,1,0,0,0,0
487,2.132,PHYSICA A,2,0,0,0,1,0,0,0,0,0,0,1
488,5.947,PHYSIOLOGY,2,0,0,0,0,0,0,0,0,0,0,2
489,3.120,PHYSIOTHERAPY,2,0,0,0,0,1,0,0,1,0,0,0
490,,PROC NAECON IEEE NAT,2,0,0,0,0,0,0,0,0,0,1,1
491,0.601,REV NEUROLOGIA,2,0,1,0,0,0,0,0,0,0,0,1
492,,RIV PUB S INFORM SCI,2,0,0,0,0,0,0,0,1,0,0,1
493,1.344,SCI PROGRAMMING-NETH,2,0,0,0,1,0,0,0,0,0,0,1
494,41.058,SCIENCE,2,0,0,0,0,0,0,1,0,0,0,1
495,2.311,SENSOR ACTUAT A-PHYS,2,0,0,0,1,0,0,0,0,0,0,1
496,1.643,SIGNAL IMAGE VIDEO P,2,0,1,0,0,0,1,0,0,0,0,0
497,1.338,SOFTWARE PRACT EXPER,2,0,0,0,2,0,0,0,0,0,0,0
498,,SPR SER BIONUERO,2,0,1,0,0,0,0,0,0,1,0,0
499,,STROKE RES TREAT,2,0,0,1,0,0,0,0,0,0,1,0
500,,STUD SYST DECIS CONT,2,0,0,0,0,1,0,0,0,0,1,0
501,2.075,SUSTAINABILITY-BASEL,2,1,0,0,1,0,0,0,0,0,0,0
502,1.256,SYMMETRY-BASEL,2,0,0,0,0,1,1,0,0,0,0,0
503,,T KOREAN SOC MEC ENG,2,0,0,1,0,0,0,0,0,0,0,1
504,0.686,TEH VJESN,2,0,0,0,0,1,0,0,0,0,0,1
505,,TELEMAT INFORM,2,0,0,0,0,0,0,0,0,0,0,2
506,1.771,TOP STROKE REHABIL,2,0,1,0,0,0,0,0,0,0,0,1
507,13.578,TRENDS BIOTECHNOL,2,0,0,0,0,0,0,0,1,0,0,1
508,,UIS ING,2,0,0,0,1,0,0,0,1,0,0,0
509,1.176,UNIVERSAL ACCESS INF,2,0,0,0,0,0,0,0,0,0,1,1
510,2.069,VISION RES,2,0,0,0,0,0,0,2,0,0,0,0
511,1.036,VISUAL COMPUT,2,0,0,0,0,0,0,0,0,0,0,2
512,,WIREL POWER TRANSF,2,0,0,1,0,0,0,0,0,0,0,1
Copyright Â© 2018 Clarivate Analytics,,,,,,,,,,,,,,
"By exporting the selected data, you agree to the data usage policy set forth in the Terms of Use",,,,,,,,,,,,,,
