Citing Journal Data: IEEE T NEUR SYS REH,,,,,,,,,,,,,,
,Impact Factor,Cited Journal,All Yrs,2017,2016,2015,2014,2013,2012,2011,2010,2009,2008,Rest
1, ,ALL Journals,10595,66,300,716,888,826,760,743,601,555,564,4576
2, ,ALL OTHERS (1600),1600,5,58,98,114,121,113,96,68,75,86,766
3,3.972,IEEE T NEUR SYS REH,527,19,34,52,81,47,44,40,39,27,16,128
4,4.288,IEEE T BIO-MED ENG,435,4,5,15,28,31,46,32,20,24,20,210
5,3.920,J NEURAL ENG,284,7,15,37,34,39,25,42,21,9,11,44
6,2.502,J NEUROPHYSIOL,211,0,2,3,9,9,17,15,12,14,9,121
7,3.614,CLIN NEUROPHYSIOL,179,0,4,8,6,10,6,8,14,15,17,91
8, ,IEEE ENG MED BIOL,178,0,5,19,26,22,16,26,21,18,14,11
9,3.865,J NEUROENG REHABIL,170,0,6,23,36,28,15,20,11,18,3,10
10,2.431,J BIOMECH,168,1,7,9,8,9,8,11,11,5,14,85
11,5.971,J NEUROSCI,155,0,3,9,7,10,3,11,8,6,17,81
12,5.426,NEUROIMAGE,144,0,8,3,11,8,10,30,15,6,4,49
13,2.668,J NEUROSCI METH,138,0,1,14,15,7,13,8,10,2,17,51
14,1.806,EXP BRAIN RES,127,0,2,7,5,5,8,3,11,4,6,76
15,2.273,GAIT POSTURE,125,1,1,7,4,4,11,6,11,11,12,57
16,2.766,PLOS ONE,124,1,4,9,23,31,21,11,10,7,4,3
17,3.077,ARCH PHYS MED REHAB,117,1,0,5,2,5,9,5,4,4,5,77
18,41.577,NATURE,108,0,6,5,5,1,21,2,2,0,10,56
19, ,J REHABIL RES DEV,93,0,2,2,7,9,5,18,1,4,9,36
20, ,ELECTROEN CLIN NEURO,75,0,0,0,0,0,0,0,0,1,0,74
21,1.568,J ELECTROMYOGR KINES,74,0,1,0,4,5,7,2,8,5,6,36
22,9.504,P NATL ACAD SCI USA,73,0,0,10,6,7,5,3,3,10,4,25
23,41.058,SCIENCE,71,0,0,6,1,0,1,3,0,3,2,55
24,1.971,MED BIOL ENG COMPUT,67,2,2,1,3,2,1,12,6,3,3,32
25,2.496,MUSCLE NERVE,64,0,0,1,4,5,2,5,3,3,1,40
26,10.848,BRAIN,58,0,0,0,1,1,2,3,1,1,5,44
27, ,IEEE T REHABIL ENG,58,0,0,0,0,0,0,0,0,0,0,58
28,14.319,NEURON,57,0,0,4,10,6,3,8,2,6,0,18
29,6.239,STROKE,56,0,0,0,1,1,1,2,4,1,0,46
30,3.877,FRONT NEUROSCI-SWITZ,50,0,4,7,11,2,9,4,13,0,0,0
31, ,IEEE INT CONF ROBOT,50,0,3,5,8,8,5,0,4,0,2,15
32,4.540,J PHYSIOL-LONDON,50,0,0,3,1,1,1,2,0,0,1,41
33,4.264,IEEE T ROBOT,49,0,1,4,3,1,5,1,3,10,14,7
34,4.711,NEUROREHAB NEURAL RE,48,0,1,7,4,4,4,4,4,6,10,4
35,2.587,PHYS THER,47,0,0,0,0,0,2,1,5,2,5,32
36,19.912,NAT NEUROSCI,46,0,0,2,3,0,6,2,1,5,0,27
37,32.635,NAT REV NEUROSCI,46,0,0,1,7,0,7,0,5,8,3,15
38,1.651,NEURAL COMPUT,44,0,0,0,3,3,1,3,2,3,0,29
39,1.923,MED ENG PHYS,43,2,1,3,4,1,3,0,4,5,3,17
40,1.863,CLIN BIOMECH,42,0,1,3,3,4,1,2,3,7,4,14
41,1.103,PROSTHET ORTHOT INT,42,1,0,3,4,0,2,4,5,0,3,20
42,2.401,EUR J APPL PHYSIOL,41,0,0,2,4,1,0,3,1,1,1,28
43,9.107,P IEEE,41,0,5,14,4,1,3,0,1,0,2,11
44,2.871,FRONT HUM NEUROSCI,39,0,1,11,13,6,6,0,1,0,1,0
45,3.256,J APPL PHYSIOL,39,0,0,0,3,3,1,0,2,2,2,26
46, ,P IEEE INT C REH ROB,39,0,0,0,0,13,0,21,0,5,0,0
47, ,THESIS,39,0,0,0,6,3,2,1,1,3,3,20
48,3.936,IEEE-ASME T MECH,38,0,1,8,1,4,1,1,2,7,1,12
49,1.843,AM J PHYS MED REHAB,36,0,0,0,1,2,9,2,4,0,1,17
50,2.159,NEUROSCI LETT,35,0,0,2,0,2,2,1,0,4,0,24
51,9.455,IEEE T PATTERN ANAL,33,0,0,3,0,5,1,4,0,2,5,13
52,4.047,INT J ROBOT RES,33,0,0,4,4,0,2,1,3,1,6,12
53,1.605,J ACOUST SOC AM,33,0,1,0,2,0,1,1,1,2,0,25
54,1.440,BIOL CYBERN,32,0,0,0,0,1,1,1,0,0,0,29
55,3.405,ANN BIOMED ENG,31,0,3,2,5,0,1,1,2,1,0,16
56, ,I IEEE EMBS C NEUR E,31,0,0,14,0,9,0,4,0,1,0,3
57,2.475,SENSORS-BASEL,31,0,2,5,12,4,5,2,1,0,0,0
58,3.125,BRAIN RES,30,0,0,1,2,0,0,0,1,2,1,23
59, ,IEEE INT C INT ROBOT,28,0,0,4,4,7,4,6,3,0,0,0
60,7.451,IEEE SIGNAL PROC MAG,28,0,0,3,1,1,12,0,0,1,9,1
61, ,LECT NOTES COMPUT SC,28,0,0,2,4,0,2,3,3,3,1,10
62,7.144,J NEUROL NEUROSUR PS,27,0,0,0,1,0,1,3,0,0,1,21
63,2.832,EUR J NEUROSCI,25,0,0,1,1,1,3,1,0,1,1,16
64,2.824,HEARING RES,25,0,2,3,2,5,2,3,2,0,2,4
65,53.254,LANCET,25,0,0,1,0,11,0,3,0,0,1,9
66,8.324,MOVEMENT DISORD,25,0,1,1,1,1,0,0,2,3,0,16
67, ,P ANN INT IEEE EMBS,25,0,0,0,0,0,0,0,0,0,0,25
68,3.118,PSYCHOPHYSIOLOGY,25,0,0,0,0,0,2,4,3,1,2,13
69,2.783,BIOMED SIGNAL PROCES,24,1,1,2,3,2,3,0,4,0,5,3
70,4.483,EXP NEUROL,24,0,0,0,0,6,3,0,0,2,1,12
71,3.573,IEEE ROBOT AUTOM MAG,24,0,1,3,9,6,3,0,0,0,1,1
72,1.916,J BIOMECH ENG-T ASME,24,0,0,0,5,3,1,2,1,1,0,11
73,4.291,MED SCI SPORT EXER,23,0,1,1,1,1,0,0,0,2,0,17
74,9.163,PLOS BIOL,23,0,0,1,0,2,1,1,0,6,1,11
75,1.649,COMPUT INTEL NEUROSC,22,0,1,1,1,0,0,8,2,2,0,7
76,3.850,IEEE J BIOMED HEALTH,22,1,4,8,3,6,0,0,0,0,0,0
77,2.868,INT J PSYCHOPHYSIOL,22,0,0,7,2,0,0,0,1,2,1,9
78,2.703,BRAIN TOPOGR,21,0,1,6,1,0,0,0,4,0,2,7
79,2.930,CLIN REHABIL,21,2,1,1,0,1,1,0,0,1,3,11
80,4.902,J GERONTOL A-BIOL,21,0,0,2,1,0,0,2,1,0,2,13
81,3.382,NEUROSCIENCE,21,0,1,1,1,1,2,2,0,0,2,11
82, ,P IEEE INT C ROB AUT,21,1,0,1,0,2,0,6,1,5,1,4
83,2.006,PHYSIOL MEAS,21,0,0,2,3,1,2,0,3,0,1,9
84,3.955,PLOS COMPUT BIOL,21,1,3,1,1,1,2,1,3,1,5,2
85,6.541,CURR OPIN NEUROBIOL,20,0,0,3,0,1,2,3,1,1,0,9
86,1.802,J REHABIL MED,20,0,0,1,0,2,3,0,1,2,2,9
87,15.557,TRENDS COGN SCI,20,0,0,1,1,2,3,2,3,2,1,5
88,3.768,EXPERT SYST APPL,19,0,0,1,0,3,4,2,4,3,0,2
89,2.073,FRONT COMPUT NEUROSC,19,0,1,3,4,8,0,1,2,0,0,0
90,7.982,IEEE T NEUR NET LEAR,19,1,1,1,0,2,1,2,0,2,0,9
91, ,INT C REHAB ROBOT,19,0,0,10,0,0,0,0,0,0,0,9
92,2.281,J MACH LEARN RES,19,0,1,0,3,2,1,2,2,0,3,5
93, ,P IEEE RAS-EMBS INT,19,0,2,0,5,0,7,0,1,0,4,0
94,4.122,SCI REP-UK,19,1,5,6,2,4,1,0,0,0,0,0
95,2.674,COMPUT METH PROG BIO,18,0,1,1,6,1,1,1,0,0,2,5
96,8.415,IEEE T FUZZY SYST,18,0,0,0,0,3,2,1,0,1,0,11
97,4.583,J BONE JOINT SURG AM,18,0,0,0,0,0,0,1,0,1,1,15
98,1.606,J COMPUT NEUROSCI,18,0,0,0,0,0,1,2,4,1,1,9
99,10.250,ANN NEUROL,17,0,2,1,0,7,0,0,0,1,0,6
100,6.308,CEREB CORTEX,17,0,1,3,0,0,2,2,3,0,1,5
101,3.289,DEV MED CHILD NEUROL,17,0,0,0,1,0,0,2,1,2,1,10
102,4.927,HUM BRAIN MAPP,17,0,0,1,1,0,1,4,0,1,0,9
103, ,IEEE T INF TECHNOL B,17,0,0,0,0,0,2,5,3,4,0,3
104,3.241,NEUROCOMPUTING,17,0,2,4,1,4,1,0,0,3,0,2
105,8.055,NEUROLOGY,17,0,0,2,1,1,1,0,0,0,0,12
106,2.889,NEUROPSYCHOLOGIA,17,0,0,4,1,2,0,0,2,1,0,7
107,79.260,NEW ENGL J MED,17,0,1,0,1,2,0,1,5,0,0,7
108,14.163,PROG NEUROBIOL,17,0,0,1,4,1,0,1,4,0,0,6
109,1.936,SPINAL CORD,17,0,0,0,1,0,1,1,0,0,1,13
110,11.439,TRENDS NEUROSCI,17,0,0,0,0,0,0,1,0,0,0,16
111,4.013,AGE AGEING,16,0,0,0,2,0,0,1,0,0,2,11
112,3.495,BIOPHYS J,16,0,0,0,0,0,0,0,0,1,1,14
113,2.115,COMPUT BIOL MED,16,0,0,3,0,3,1,2,1,2,1,3
114,1.840,HUM MOVEMENT SCI,16,0,0,2,1,2,2,0,2,0,0,7
115,1.869,IEEE T HAPTICS,16,0,0,5,3,5,1,0,0,1,1,0
116,4.580,INT J NEURAL SYST,16,0,1,6,6,0,3,0,0,0,0,0
117, ,PATENTS,16,0,0,0,2,4,1,1,1,1,0,6
118,3.174,PROG BRAIN RES,16,0,1,1,0,0,0,4,0,1,0,9
119, ,TECH REP,16,0,0,1,0,1,0,0,0,0,1,13
120,3.120,EAR HEARING,15,1,0,0,1,0,2,0,0,1,2,8
121,2.019,ERGONOMICS,15,0,0,0,0,0,0,0,1,1,1,12
122, ,IEEE SYS MAN CYBERN,15,0,2,2,2,1,3,1,0,1,0,3
123,27.144,LANCET NEUROL,15,0,0,1,2,0,0,1,0,4,2,5
124,4.847,P ROY SOC B-BIOL SCI,15,0,0,0,0,1,2,2,0,1,0,9
125,8.788,ANNU REV BIOMED ENG,14,0,0,0,0,2,0,0,1,2,1,8
126,2.600,EPILEPSY BEHAV,14,0,0,1,1,0,1,9,0,0,0,2
127, ,FRONT NEUROENG,14,0,0,0,10,0,1,0,2,1,0,0
128,4.155,J AM GERIATR SOC,14,0,0,0,0,0,2,0,0,0,0,12
129,3.414,J ORTHOP RES,14,0,1,1,1,2,1,0,1,1,1,5
130,2.774,NEUROMODULATION,14,0,0,2,3,2,1,0,0,0,1,5
131,2.244,AUTON ROBOT,13,1,0,0,1,1,0,0,1,1,1,7
132,6.754,COCHRANE DB SYST REV,13,0,0,2,1,3,2,0,3,0,0,2
133, ,COGNITIVE BRAIN RES,13,0,0,0,0,0,0,0,0,0,0,13
134, ,FRONT SYST NEUROSCI,13,0,0,1,7,0,0,1,3,0,1,0
135,1.205,IND ROBOT,13,0,0,1,0,0,0,1,2,5,0,4
136,1.390,J APPL BIOMECH,13,0,1,1,2,1,0,0,0,0,0,8
137,1.513,J MOTOR BEHAV,13,0,0,2,0,0,1,0,2,2,1,5
138,12.353,NAT COMMUN,13,1,0,4,2,2,3,1,0,0,0,0
139,2.284,PHYS REV E,13,0,0,0,0,0,1,3,1,1,2,5
140,2.069,VISION RES,13,0,0,0,0,0,0,0,0,0,0,13
141,18.881,CIRCULATION,12,0,0,1,2,1,1,0,0,0,0,7
142, ,CRIT REV BIOMED ENG,12,0,0,0,0,2,0,0,2,0,0,8
143, ,DISABIL REHABIL-ASSI,12,0,1,0,1,2,2,0,1,0,1,4
144,5.067,EPILEPSIA,12,0,0,0,1,1,0,1,2,0,0,7
145, ,IEEE T NEUR IN PRESS,12,0,0,0,0,0,0,0,0,0,0,12
146,4.203,IEEE T SIGNAL PROCES,12,0,1,0,0,1,0,3,0,0,0,7
147,3.179,J EXP BIOL,12,0,0,0,2,0,0,0,0,3,3,4
148, ,J PROSTHET ORTHOT,12,0,0,0,0,0,0,0,2,1,1,8
149, ,J PROSTHETICS ORTHOT,12,0,0,0,0,1,0,1,1,1,2,6
150, ,P AM CONTR CONF,12,0,0,2,6,2,2,0,0,0,0,0
151, ,P IEEE RSJ INT C INT,12,0,0,0,0,1,1,5,0,0,0,5
152,2.891,BIOL PSYCHOL,11,0,0,0,0,0,1,1,1,0,0,8
153, ,BIOMECHANICS MOTOR C,11,0,0,0,0,0,0,0,0,5,0,6
154,1.676,BIOMED ENG ONLINE,11,0,0,2,0,2,0,2,2,1,0,2
155,4.010,CURR OPIN NEUROL,11,0,0,0,0,1,0,0,1,0,3,6
156,2.531,DYSPHAGIA,11,0,0,0,0,0,0,1,0,1,1,8
157,2.371,HUM FACTORS,11,0,0,0,2,0,0,1,0,0,2,6
158,4.075,IEEE J SOLID-ST CIRC,11,0,0,0,1,4,0,3,0,0,1,2
159,47.661,JAMA-J AM MED ASSOC,11,0,1,1,0,0,0,0,0,4,0,5
160,7.197,NEURAL NETWORKS,11,0,0,0,1,0,0,1,0,2,5,2
161,8.037,NEUROSCI BIOBEHAV R,11,0,0,0,2,1,2,0,1,2,1,2
162,0.961,ADV ROBOTICS,10,0,1,2,1,2,0,0,0,1,0,3
163,6.523,ANESTHESIOLOGY,10,0,0,1,0,0,0,1,1,0,1,6
164,2.879,ARTIF INTELL MED,10,0,1,0,1,4,1,2,0,0,0,1
165, ,BRAIN COMPUT INTER,10,0,0,0,0,3,4,0,0,0,0,3
166, ,IEEE IJCNN,10,0,0,0,4,0,0,0,0,0,1,5
167, ,IEEE REV BIOMED ENG,10,0,0,0,2,0,1,0,4,3,0,0
168,5.007,IEEE T AUTOMAT CONTR,10,0,0,2,0,1,0,1,0,0,0,6
169,3.388,INVEST OPHTH VIS SCI,10,0,1,0,1,1,2,1,0,1,1,2
170,2.289,J EXP PSYCHOL HUMAN,10,0,1,0,0,0,0,1,0,1,0,7
171, ,PERCEPT PSYCHOPHYS,10,0,0,0,0,0,0,0,0,0,0,10
172,2.101,RESTOR NEUROL NEUROS,10,0,3,0,2,0,0,1,0,0,0,4
173,2.638,ROBOT AUTON SYST,10,0,0,4,0,1,1,0,1,1,1,1
174,16.710,SCI TRANSL MED,10,0,1,1,4,4,0,0,0,0,0,0
175,1.771,TOP STROKE REHABIL,10,0,1,1,1,1,0,2,0,1,0,3
176,14.675,ANNU REV NEUROSCI,9,0,0,0,0,1,0,0,0,0,1,7
177,6.120,BRAIN STIMUL,9,0,0,2,4,1,0,1,1,0,0,0
178,5.065,EXERC SPORT SCI REV,9,0,0,1,1,0,0,0,0,1,0,6
179,2.094,EXPERT REV MED DEVIC,9,0,0,0,1,5,0,0,1,0,1,1
180, ,FRONT INTEGR NEUROSC,9,0,0,2,2,0,3,1,0,1,0,0
181,2.617,IEEE SENS J,9,0,0,3,2,2,0,2,0,0,0,0
182,3.500,IEEE T BIOMED CIRC S,9,0,1,0,2,2,0,2,0,0,0,2
183,8.803,IEEE T CYBERNETICS,9,0,1,4,1,3,0,0,0,0,0,0
184,1.266,NEUROREPORT,9,0,0,0,0,0,0,0,0,1,0,8
185,0.426,PRESENCE-TELEOP VIRT,9,0,0,0,2,0,1,0,2,0,0,4
186, ,ARCH NEUROL-CHICAGO,8,0,0,0,0,0,0,0,1,0,0,7
187,2.583,BIOMED RES INT,8,0,2,3,2,1,0,0,0,0,0,0
188,9.251,CURR BIOL,8,0,0,0,1,3,0,0,0,1,2,1
189,2.563,IEEE T HUM-MACH SYST,8,1,1,4,1,1,0,0,0,0,0,0
190, ,IEEE T SYST MAN CYB,8,0,0,0,0,0,0,0,0,0,0,8
191, ,INT C ACOUST SPEE,8,0,1,0,0,1,0,1,1,1,0,3
192,1.432,INT J REHABIL RES,8,0,0,1,1,0,1,1,0,0,0,4
193,2.297,J AM STAT ASSOC,8,0,0,0,0,0,0,0,0,0,0,8
194,3.468,J COGNITIVE NEUROSCI,8,0,0,1,0,0,1,1,0,1,1,3
195,0.412,J MED DEVICES,8,0,0,0,3,1,2,1,1,0,0,0
196,2.448,J NEUROL SCI,8,0,0,1,0,0,0,0,0,0,0,7
197,4.319,J NEUROSURG,8,0,1,0,0,0,1,2,0,1,0,3
198,2.716,JARO-J ASSOC RES OTO,8,0,0,0,0,2,3,0,3,0,0,0
199, ,PROC CVPR IEEE,8,0,1,2,0,1,0,1,0,0,0,3
200,1.177,ROBOTICA,8,0,0,0,1,0,1,0,2,0,0,4
201, ,SCAND J REHABIL MED,8,0,0,0,0,0,0,0,0,0,0,8
202,6.944,SCHIZOPHRENIA BULL,8,0,0,0,1,0,0,0,1,0,3,3
203,3.470,SIGNAL PROCESS,8,0,1,0,1,0,0,1,1,0,1,3
204,1.568,TECHNOMETRICS,8,0,0,0,0,0,0,0,0,0,0,8
205, ,2009 IEEERSJ INT C,7,0,0,0,0,0,0,0,0,7,0,0
206, ,ACTA PSYCHOL,7,0,0,0,0,0,0,0,0,0,1,6
207, ,AM J OCCUP THER,7,0,0,0,0,1,0,0,1,0,0,5
208, ,AM J PHYSIOL,7,0,0,0,0,0,0,0,0,0,0,7
209,3.463,ANESTH ANALG,7,0,0,1,0,0,0,0,1,2,0,3
210,4.277,ANN NY ACAD SCI,7,0,0,0,0,0,2,0,0,0,1,4
211, ,BEHAV RES METHODS,7,0,0,0,0,0,0,0,0,0,0,7
212, ,BRAIN-COMPUT INTERFA,7,0,1,2,4,0,0,0,0,0,0,0
213,1.545,COMPUT MATH METHOD M,7,0,0,1,3,2,1,0,0,0,0,0
214,6.611,IEEE COMPUT INTELL M,7,0,2,0,2,0,0,0,0,1,0,2
215,4.051,IEEE T INTELL TRANSP,7,0,0,2,2,2,1,0,0,0,0,0
216,5.135,IEEE T SYST MAN CY-S,7,0,0,0,0,3,1,0,0,0,0,3
217, ,J PHYS THER SCI,7,0,1,4,1,1,0,0,0,0,0,0
218,1.882,J SPINAL CORD MED,7,0,0,0,1,2,1,1,2,0,0,0
219,32.621,NAT MED,7,0,1,3,0,0,1,0,0,0,1,1
220,1.779,NEUROREHABILITATION,7,0,0,0,1,1,2,1,0,0,1,1
221,7.461,NEUROSCIENTIST,7,0,0,0,2,0,0,0,0,0,0,5
222, ,P INTERSPEECH,7,0,0,0,2,3,1,0,0,0,0,1
223,2.410,P ROY SOC A-MATH PHY,7,0,0,0,0,0,0,0,0,2,0,5
224,1.371,PERCEPTION,7,0,0,0,1,0,0,0,0,0,0,6
225,5.666,PHILOS T R SOC B,7,0,0,0,0,0,0,2,0,2,0,3
226,2.665,PHYS MED BIOL,7,0,0,0,0,0,0,0,1,0,0,6
227,1.960,PHYSICA D,7,0,0,0,0,0,0,0,0,0,0,7
228,1.682,SIAM J MATRIX ANAL A,7,0,0,0,0,0,0,0,0,0,0,7
229,2.973,ACM T INTEL SYST TEC,6,0,0,0,0,0,0,6,0,0,0,0
230,6.057,AM J SPORT MED,6,0,1,0,0,0,0,0,0,1,0,4
231,2.111,ARTIF ORGANS,6,0,0,0,0,0,0,2,0,0,2,2
232, ,ASSIST TECHNOL,6,0,0,0,0,1,0,0,1,0,1,3
233,3.173,BEHAV BRAIN RES,6,0,0,0,0,1,0,0,1,0,0,4
234,2.415,CHAOS,6,0,0,0,0,0,1,0,0,1,0,4
235,1.807,CLIN EEG NEUROSCI,6,0,0,3,0,0,0,2,0,1,0,0
236, ,COGNITION,6,0,0,0,0,0,0,1,0,0,1,4
237,1.974,COMPUT METHOD BIOMEC,6,1,0,0,0,1,1,0,0,0,1,2
238,1.940,COMPUTER,6,0,0,0,0,0,1,0,0,0,4,1
239, ,CONSCIOUS COGN,6,0,0,0,1,0,0,0,0,1,1,3
240,2.042,DISABIL REHABIL,6,0,0,0,0,0,1,1,0,1,0,3
241,1.232,ELECTRON LETT,6,0,0,0,1,1,0,0,1,0,0,3
242,1.639,EURASIP J ADV SIG PR,6,0,0,0,0,0,0,0,1,2,0,3
243, ,IEEE HAPTICS SYM,6,0,0,0,6,0,0,0,0,0,0,0
244,2.813,IEEE SIGNAL PROC LET,6,0,0,2,0,0,1,0,0,0,0,3
245, ,IEEE T ACOUST SPEECH,6,0,0,0,0,0,0,0,0,0,0,6
246,4.305,INFORM SCIENCES,6,0,0,1,0,0,0,0,1,0,1,3
247,0.908,INT J HUM ROBOT,6,0,0,0,0,0,0,0,0,1,0,5
248,1.259,INT J HUM-COMPUT INT,6,0,0,0,0,0,1,2,0,1,0,2
249,1.982,J CLIN NEUROPHYSIOL,6,0,0,0,0,0,1,0,0,0,1,4
250,3.400,J COMP NEUROL,6,0,0,0,1,0,0,0,0,0,0,5
251,1.211,J MED BIOL ENG,6,0,0,0,0,0,1,0,4,0,1,0
252,3.783,J NEUROL,6,0,0,1,0,0,1,0,0,0,0,4
253,3.633,J NEUROL PHYS THER,6,0,0,1,0,1,1,0,0,0,1,2
254,5.002,J NEUROTRAUM,6,0,0,0,0,0,1,0,0,0,0,5
255, ,J PHYSIOL-PARIS,6,0,0,0,0,0,0,0,1,1,1,3
256,2.894,J R STAT SOC B,6,0,0,0,0,0,0,0,0,0,0,6
257, ,LECT NOTES ARTIF INT,6,0,0,2,0,0,0,1,2,0,0,1
258,2.423,MECHATRONICS,6,0,0,1,1,0,0,2,1,0,0,1
259,5.559,PAIN,6,0,0,0,0,0,2,0,0,0,0,4
260,3.965,PATTERN RECOGN,6,0,0,1,0,0,1,1,0,1,0,2
261,1.954,PATTERN RECOGN LETT,6,0,0,1,0,1,0,0,0,0,0,4
262,5.515,PEDIATRICS,6,0,0,0,0,0,0,2,0,0,1,3
263,2.223,PSYCHIAT RES,6,0,1,0,0,1,0,1,1,0,0,2
264,13.250,PSYCHOL BULL,6,0,0,0,0,1,0,0,1,0,0,4
265,3.958,SCHIZOPHR RES,6,0,0,0,0,1,1,1,0,0,1,2
266,5.057,SOFT ROBOT,6,0,0,1,5,0,0,0,0,0,0,0
267,1.185,SOMATOSENS MOT RES,6,0,0,1,0,0,0,0,0,0,0,5
268, ,SPATIAL VISION,6,0,0,0,0,0,0,0,0,0,0,6
269, ,2013 WORLD HAPT C,5,0,0,0,0,5,0,0,0,0,0,0
270, ,ACMIEEE INT CONF HUM,5,0,1,0,0,2,0,2,0,0,0,0
271, ,ACTA PHYSIOL SCAND,5,0,0,0,0,0,0,0,0,0,0,5
272,21.950,ADV MATER,5,0,0,1,1,1,2,0,0,0,0,0
273, ,ADV NEURAL INFORM PR,5,0,0,0,0,0,0,0,0,0,2,3
274,1.373,ANAT REC,5,0,0,1,0,0,0,0,0,0,0,4
275,2.522,ANN STAT,5,0,0,0,0,0,0,0,0,0,0,5
276,1.383,ASSEMBLY AUTOM,5,0,0,0,0,1,0,0,0,3,1,0
277,15.071,BEHAV BRAIN SCI,5,0,0,0,0,1,1,0,0,0,0,3
278,2.077,BIOMED MICRODEVICES,5,0,0,1,0,0,2,0,0,0,1,1
279,1.669,BIOMETRIKA,5,0,0,0,0,0,0,0,0,0,0,5
280,23.562,BMJ-BRIT MED J,5,0,0,1,0,0,0,0,0,0,0,4
281,3.440,BRAIN RES BULL,5,0,0,1,0,0,1,0,0,1,1,1
282,2.616,CONTROL ENG PRACT,5,1,0,0,1,0,1,1,0,1,0,0
283, ,CONVERGING CLIN ENG,5,0,1,0,0,4,0,0,0,0,0,0
284, ,ELECTROMYO CLIN NEUR,5,0,0,0,0,0,0,0,0,0,0,5
285, ,EUR SIGNAL PR CONF,5,0,0,2,3,0,0,0,0,0,0,0
286,3.131,FRONT NEURAL CIRCUIT,5,0,0,0,0,4,1,0,0,0,0,0
287,2.606,FRONT NEUROROBOTICS,5,0,1,0,3,1,0,0,0,0,0,0
288, ,FRONT PSYCHOL,5,0,0,2,2,1,0,0,0,0,0,0
289, ,HDB PERCEPTION HUMAN,5,0,0,0,0,0,0,0,0,0,0,5
290,4.883,IEEE T CONTR SYST T,5,0,1,1,0,0,1,0,0,0,0,2
291,7.050,IEEE T IND ELECTRON,5,0,0,1,1,0,0,0,1,1,0,1
292,2.775,IEEE T KNOWL DATA EN,5,0,0,0,1,0,0,0,2,1,1,0
293,6.131,IEEE T MED IMAGING,5,1,0,0,0,0,0,0,0,0,0,4
294, ,IEEE T SYST MAN CY C,5,0,0,0,0,0,2,0,0,0,1,2
295, ,IEEE-RAS INT C HUMAN,5,0,2,1,1,0,1,0,0,0,0,0
296,1.759,INT J AUDIOL,5,0,0,0,1,0,0,1,0,0,0,3
297,2.009,INT J SOC ROBOT,5,0,0,1,2,0,1,0,1,0,0,0
298,5.325,J AM MED DIR ASSOC,5,1,2,0,0,0,2,0,0,0,0,0
299, ,J BIOMED ENG,5,0,0,0,0,0,0,0,0,0,0,5
300,2.367,J BIOMED OPT,5,0,0,0,1,1,0,1,0,0,0,2
301,1.521,J DYN SYST-T ASME,5,0,0,0,0,1,0,0,0,0,0,4
302,1.776,J HAND SURG-AM,5,0,0,1,0,0,0,0,1,0,1,2
303,1.583,J INTELL ROBOT SYST,5,0,0,0,0,1,0,0,0,0,2,2
304,3.090,J ORTHOP SPORT PHYS,5,0,0,0,0,0,0,0,0,1,0,4
305,3.355,J R SOC INTERFACE,5,0,0,0,0,1,2,1,0,0,0,1
306,2.325,J STRENGTH COND RES,5,0,1,0,0,0,0,0,2,0,0,2
307,2.277,NEUROSCI RES,5,0,0,0,1,0,0,0,0,0,1,3
308,5.719,NEUROTHERAPEUTICS,5,0,0,0,4,0,0,0,0,0,1,0
309,3.263,NEUROUROL URODYNAM,5,0,0,0,0,0,0,0,0,0,2,3
310,4.721,PARKINSONISM RELAT D,5,0,2,2,1,0,0,0,0,0,0,0
311,8.839,PHYS REV LETT,5,0,0,0,0,0,0,0,0,0,2,3
312,2.132,PHYSICA A,5,0,0,0,0,0,0,0,0,1,0,4
313,1.585,SPEECH COMMUN,5,0,0,1,1,0,0,0,0,0,1,2
314, ,2002 IEEERSJ INT C,4,0,0,0,0,0,0,0,0,0,0,4
315,1.161,ACTA OTO-LARYNGOL,4,0,0,0,0,0,0,0,1,0,0,3
316,1.760,ADV EXP MED BIOL,4,0,0,0,1,1,0,0,0,2,0,0
317,2.982,AMYOTROPH LAT SCL FR,4,0,0,0,1,0,1,0,1,0,1,0
318,12.350,ANN RHEUM DIS,4,0,0,0,0,0,0,0,1,0,0,3
319,1.769,APPL BIONICS BIOMECH,4,0,0,0,2,0,1,0,1,0,0,0
320,2.435,APPL ERGON,4,0,0,1,0,0,0,0,1,1,0,1
321,1.484,B MATH BIOL,4,0,0,0,0,1,0,0,0,0,0,3
322,11.984,BIOL PSYCHIAT,4,0,0,0,0,1,0,0,1,0,0,2
323, ,BIOMED ENG LETT,4,0,0,1,1,1,1,0,0,0,0,0
324,2.173,BMC NEUROSCI,4,0,0,0,0,1,0,1,1,0,0,1
325, ,BMC RES NOTES,4,0,0,0,0,1,1,1,1,0,0,0
326, ,BRAIN CONNECT,4,0,1,0,0,0,1,2,0,0,0,0
327, ,BRAIN RES REV,4,0,0,0,0,0,0,0,0,0,0,4
328,6.499,BRIT J ANAESTH,4,0,0,0,0,0,0,0,0,0,0,4
329,1.776,COMPUT SPEECH LANG,4,0,1,1,0,1,0,0,0,0,0,1
330,2.391,COMPUT VIS IMAGE UND,4,0,0,0,0,0,0,0,0,0,0,4
331,2.362,DOC OPHTHALMOL,4,0,0,0,0,0,0,0,0,0,0,4
332,1.562,EUR NEUROL,4,0,0,0,0,0,0,0,0,0,0,4
333, ,GAIT ANAL NORM PATH,4,0,0,0,0,0,0,0,4,0,0,0
334,3.532,GERONTOLOGY,4,0,0,0,0,0,1,0,0,0,2,1
335, ,HANDB PSYCH 3 ED,4,0,0,0,0,0,0,0,0,0,0,4
336, ,IEEE ASME INT C ADV,4,0,1,0,0,2,0,1,0,0,0,0
337, ,IEEE INT C REH ROB,4,0,0,0,0,1,0,2,0,1,0,0
338,0.587,IEEE PULSE,4,0,0,0,0,0,4,0,0,0,0,0
339, ,IEEE T BIOM IN PRESS,4,0,0,0,0,0,0,0,0,0,0,4
340,2.823,IEEE T CIRCUITS-I,4,0,0,0,0,0,0,0,0,0,0,4
341,4.662,IEEE T GEOSCI REMOTE,4,0,0,0,0,0,1,0,0,0,0,3
342,2.794,IEEE T INSTRUM MEAS,4,0,0,0,0,0,1,1,1,0,1,0
343,2.704,IEEE T ULTRASON FERR,4,0,0,0,0,0,0,0,0,1,0,3
344, ,INT J BIOELECTROMAGN,4,0,0,0,1,0,0,1,0,0,2,0
345,2.300,INT J HUM-COMPUT ST,4,0,0,1,0,0,0,0,1,0,1,1
346,1.305,INT J PEDIATR OTORHI,4,0,0,0,1,1,1,0,0,0,0,1
347,1.661,INT J PRECIS ENG MAN,4,0,0,0,1,0,2,1,0,0,0,0
348,2.453,INT J SPORTS MED,4,0,0,0,1,0,0,0,0,0,0,3
349, ,INTRO STAT PATTERN R,4,0,0,0,0,0,0,0,0,0,0,4
350, ,J ABNORM PSYCHOL,4,0,0,0,0,0,0,0,0,0,0,4
351,3.476,J ALZHEIMERS DIS,4,0,0,1,0,0,1,0,0,2,0,0
352,6.045,J CEREBR BLOOD F MET,4,0,0,0,0,0,1,0,0,0,0,3
353, ,J EXP PSYCHOL GEN,4,0,0,0,0,0,0,0,0,0,0,4
354,2.786,J MECH DESIGN,4,0,0,0,0,0,1,0,1,0,1,1
355,2.233,J MECH ROBOT,4,0,0,3,0,0,0,0,1,0,0,0
356, ,J MED ENG TECHNOL,4,0,1,0,0,1,0,0,0,0,0,2
357,2.475,J MICROELECTROMECH S,4,0,0,0,2,0,0,1,0,0,0,1
358,22.737,J STAT SOFTW,4,0,0,0,0,0,0,1,2,0,0,1
359,1.833,J THEOR BIOL,4,0,0,0,1,0,0,0,0,1,0,2
360,2.266,J VISION,4,0,0,0,0,1,0,0,1,0,1,1
361,2.442,LARYNGOSCOPE,4,0,0,0,0,0,0,0,0,0,0,4
362,1.855,MACH LEARN,4,0,0,0,0,0,0,0,0,0,0,4
363,5.356,MED IMAGE ANAL,4,0,0,0,0,1,0,0,1,0,1,1
364,26.919,NAT METHODS,4,0,0,1,2,0,0,1,0,0,0,0
365,0.706,NETWORK-COMP NEURAL,4,0,0,0,0,0,0,0,0,0,0,4
366,4.475,NEUROSURGERY,4,0,0,0,1,0,1,1,0,0,0,1
367,5.454,OSTEOARTHR CARTILAGE,4,0,1,1,1,0,0,0,0,0,1,0
368,1.124,P I MECH ENG H,4,0,0,0,1,0,0,0,0,0,0,3
369, ,P IEEE INT C AC SPEE,4,0,1,0,1,0,0,0,0,0,0,2
370,2.748,PHILOS T R SOC A,4,0,0,0,0,0,0,1,1,2,0,0
371,1.867,PHYS MED REH CLIN N,4,0,0,0,1,0,1,0,0,1,0,1
372, ,PRACT BRAIN COMP,4,0,0,0,0,2,2,0,0,0,0,0
373, ,PSYCHOL RES-PSYCH FO,4,0,0,1,0,0,2,0,0,0,0,1
374, ,PSYCHOL SCI,4,0,0,0,1,0,0,0,1,0,1,1
375, ,PSYCHON B REV,4,0,0,0,0,0,0,0,0,0,0,4
376,7.074,SPORTS MED,4,0,0,0,0,0,1,0,1,0,1,1
377, ,SYST IDENTIFICATIO,4,0,0,0,0,0,1,0,0,0,0,3
378, ,2014 11 INT C WEAR,3,0,0,0,3,0,0,0,0,0,0,0
379,0.962,ACM T APPL PERCEPT,3,1,0,0,0,0,0,0,0,0,0,2
380,4.384,ACM T GRAPHIC,3,0,0,0,0,0,1,0,0,1,0,1
381, ,ACOUST SPEECH SIG PR,3,0,0,0,0,0,0,0,0,0,0,3
382,13.325,ADV FUNCT MATER,3,0,0,1,2,0,0,0,0,0,0,0
383, ,ADV NEUROL,3,0,0,0,0,0,0,0,0,0,0,3
384, ,ADV PSYCHOL,3,0,0,0,0,0,0,0,0,0,0,3
385,3.480,AM J GERIAT PSYCHIAT,3,0,0,1,0,0,0,1,0,0,0,1
386,13.396,AM J PSYCHIAT,3,0,0,0,1,1,0,0,0,0,0,1
387,4.380,AM J PUBLIC HEALTH,3,0,0,0,0,0,0,0,0,0,0,3
388,15.239,AM J RESP CRIT CARE,3,0,0,0,0,0,0,0,0,0,0,3
389, ,APPL PSYCHOPHYS BIOF,3,0,0,0,0,1,0,0,0,0,0,2
390,0.595,ARCH ITAL BIOL,3,0,0,0,0,0,0,0,1,0,0,2
391, ,ARCH PSYCHIAT NERVEN,3,0,0,0,0,0,0,0,0,0,0,3
392,4.149,ARTHRIT CARE RES,3,0,0,0,0,0,0,1,0,0,0,2
393, ,BEST PRACT RES-CLIN,3,0,0,0,0,0,0,0,1,0,0,2
394,5.481,BIOINFORMATICS,3,0,0,0,0,0,0,0,0,0,1,2
395,3.345,BIOL LETTERS,3,0,0,0,1,0,0,0,1,1,0,0
396, ,BIOMED CIRC SYST C,3,0,0,0,2,1,0,0,0,0,0,0
397, ,BIOMED ENG IEEE,3,0,0,0,0,0,0,0,0,0,0,3
398,1.088,BIOMED ENG-BIOMED TE,3,0,0,0,0,0,1,1,0,0,0,1
399,4.231,BRAIN STRUCT FUNCT,3,0,1,1,1,0,0,0,0,0,0,0
400,3.384,BRIT J OPHTHALMOL,3,0,0,0,0,0,0,1,0,0,1,1
401, ,C P IEEE ENG MED BIO,3,0,0,0,0,0,1,0,0,0,0,2
402,2.931,CEREBROVASC DIS,3,0,0,0,1,0,0,0,0,0,1,1
403,1.191,CLIN LINGUIST PHONET,3,0,0,0,1,0,0,0,1,0,0,1
404,4.091,CLIN ORTHOP RELAT R,3,0,0,0,0,0,0,0,0,0,0,3
405,3.063,COMMUN ACM,3,0,0,0,0,0,2,1,0,0,0,0
406,4.907,CORTEX,3,0,0,0,1,1,0,0,0,1,0,0
407, ,CYBERPSYCHOL BEHAV,3,0,0,0,0,0,0,0,0,0,0,3
408,2.481,DATA MIN KNOWL DISC,3,0,0,0,0,0,0,0,0,0,0,3
409, ,ELECTROMYOGR MOTOR C,3,0,0,0,0,0,0,0,0,0,0,3
410, ,ELECTROMYOGRAPHY PHY,3,0,0,0,0,0,0,0,0,0,0,3
411,7.616,ELIFE,3,1,0,2,0,0,0,0,0,0,0,0
412,2.305,ENTROPY-SWITZ,3,0,0,2,0,1,0,0,0,0,0,0
413,2.491,EPILEPSY RES,3,0,0,0,0,1,0,1,0,0,0,1
414,4.621,EUR J NEUROL,3,0,0,1,0,0,0,0,0,0,0,2
415,2.634,EUR SPINE J,3,0,0,0,0,0,0,1,0,0,2,0
416,3.224,EXP GERONTOL,3,0,1,0,1,0,1,0,0,0,0,0
417,3.508,FRONT NEUROL,3,0,0,0,0,3,0,0,0,0,0,0
418, ,GAIT ANAL NORMAL PAT,3,0,0,0,0,0,0,0,0,0,0,3
419,2.249,GRAEF ARCH CLIN EXP,3,0,0,0,0,0,1,0,0,0,0,2
420, ,HUM KINETICS,3,0,0,0,0,0,0,0,0,0,0,3
421, ,HUM NEUROBIOL,3,0,0,0,0,0,0,0,0,0,0,3
422,3.379,HUM-COMPUT INTERACT,3,0,0,0,1,0,0,0,0,0,1,1
423,3.557,IEEE ACCESS,3,0,1,1,0,1,0,0,0,0,0,0
424,1.640,IEEE COMPUT GRAPH,3,0,0,0,0,0,1,0,0,0,0,2
425, ,IEEE DECIS CONTR P,3,0,0,0,2,0,1,0,0,0,0,0
426, ,IEEE INT C REH ROB 2,3,0,0,0,0,3,0,0,0,0,0,0
427,1.754,IEEE J TRANSL ENG HE,3,0,0,0,1,1,0,0,0,0,0,1
428, ,IEEE SENSOR,3,0,0,0,0,0,0,0,1,0,0,2
429,2.105,IEEE SPECTRUM,3,0,0,0,0,0,1,0,1,0,0,1
430,2.889,IEEE T AUTON MENT DE,3,0,0,1,1,0,0,1,0,0,0,0
431,5.072,IEEE T IMAGE PROCESS,3,0,0,0,0,0,0,0,1,0,1,1
432,2.187,IEEE T INFORM THEORY,3,0,0,0,0,0,0,1,0,0,0,2
433, ,IEEE T NEURAL  UNPUB,3,0,0,0,0,0,0,0,0,0,0,3
434, ,IEEE T SYST MAN CY B,3,0,0,0,0,0,3,0,0,0,0,0
435, ,IFMBE PROC,3,0,0,1,0,0,0,1,0,0,0,1
436,0.952,INT J ADV ROBOT SYST,3,0,0,1,0,1,0,0,0,0,0,1
437,1.501,INT J BIFURCAT CHAOS,3,0,0,0,0,0,0,0,0,0,0,3
438,11.541,INT J COMPUT VISION,3,0,0,1,0,0,0,0,0,0,0,2
439,2.371,INT REV NEUROBIOL,3,0,0,0,0,1,0,0,0,2,0,0
440,2.078,INT UROGYNECOL J,3,0,0,0,0,0,1,0,0,0,0,2
441,1.593,J AM ACAD AUDIOL,3,0,0,0,0,0,1,0,0,0,0,2
442,4.245,J CLIN EPIDEMIOL,3,0,1,0,0,0,0,0,0,0,0,2
443,2.199,J DEV BEHAV PEDIATR,3,0,0,0,0,0,2,0,0,0,0,1
444,3.576,J FRANKLIN I,3,0,0,0,0,0,0,1,0,0,0,2
445,2.096,J GERIATR PHYS THER,3,0,0,0,0,0,1,0,0,2,0,0
446, ,J GERONTOL,3,0,0,0,0,0,0,0,0,0,0,3
447,2.098,J MED SYST,3,0,2,0,0,0,0,0,0,0,0,1
448, ,J OPT SOC AM,3,0,0,0,0,0,0,0,0,0,0,3
449,1.853,J PEDIATR ORTHOPED,3,0,0,0,0,0,0,0,0,0,0,3
450, ,J ROBOT,3,0,0,0,0,0,1,2,0,0,0,0
451, ,J ROBOTIC SYST,3,0,0,0,0,0,0,0,0,0,0,3
452,3.433,J SLEEP RES,3,0,0,0,1,0,0,0,0,0,0,2
453, ,J VISUAL IMPAIR BLIN,3,0,0,0,0,0,2,0,0,0,0,1
454,2.564,MAGN RESON IMAGING,3,0,0,0,0,0,0,0,1,1,1,0
455,2.330,MANUAL THER,3,0,0,0,0,0,0,0,1,0,0,2
456, ,MED BIOL ENG,3,0,0,0,0,0,0,0,0,0,0,3
457, ,MICROELECTRODE RECOR,3,0,0,0,0,0,0,0,0,0,0,3
458,2.020,MICROELECTRON ENG,3,0,0,0,1,0,0,0,0,0,2,0
459, ,MOTOR CONTROL LEARNI,3,0,0,0,0,0,0,1,0,0,0,2
460, ,MOTOR SPEECH DISORDE,3,0,0,0,0,1,0,0,0,0,0,2
461, ,NEURAL ENG,3,0,0,0,1,1,0,0,0,0,0,1
462,5.227,NEUROBIOL DIS,3,0,1,1,0,0,0,0,1,0,0,0
463, ,NUCLEONICS,3,0,0,0,0,0,0,0,0,0,0,3
464, ,P 26 ANN INT C IEEE,3,0,0,0,0,0,0,0,0,0,0,3
465, ,P AAAI,3,0,0,1,1,0,0,0,0,0,0,1
466, ,P ANN INT C IEEE ENG,3,0,0,0,1,0,0,0,1,0,0,1
467, ,P ASME INT DES ENG T,3,0,0,1,0,0,0,1,0,1,0,0
468, ,P IEEE BIOM CIRC SYS,3,0,0,2,0,0,0,1,0,0,0,0
469, ,P IEEE ENG MED BIOL,3,0,1,0,0,0,0,0,0,0,0,2
470, ,P IEEE HAPT S HAPTIC,3,0,0,0,1,0,2,0,0,0,0,0
471, ,P IEEE ICME INT C CO,3,0,0,0,0,0,0,2,1,0,0,0
472, ,P IEEE INT C FUZZ SY,3,0,0,0,0,1,1,0,1,0,0,0
473, ,P IEEE WORLD HAPT C,3,0,0,1,0,0,0,2,0,0,0,0
474, ,P NIPS,3,0,0,0,1,0,0,0,0,0,0,2
475, ,PATTERN CLASSIFICATI,3,0,0,0,0,0,0,0,0,0,0,3
476,0.897,PEDIATR PHYS THER,3,0,0,0,0,0,0,0,1,0,0,2
477, ,PERCEPT MOTOR SKILL,3,0,0,0,0,0,0,0,0,0,0,3
478,2.765,PFLUG ARCH EUR J PHY,3,0,0,0,0,0,0,0,0,0,0,3
479,24.014,PHYSIOL REV,3,0,0,0,1,0,1,0,0,0,0,1
480,3.120,PHYSIOTHERAPY,3,0,0,0,0,0,1,0,0,0,0,2
481,1.850,PM&R,3,0,0,0,0,0,1,0,2,0,0,0
482, ,PRINCIPAL COMPONENT,3,0,0,0,0,0,0,0,0,0,0,3
483, ,PRINCIPLES NEURAL SC,3,0,0,0,0,1,0,0,0,0,0,2
484,7.230,PSYCHOL REV,3,0,0,0,0,0,0,0,0,0,0,3
485, ,PSYCHOPHYSICS PRACTI,3,0,1,0,0,0,0,0,0,2,0,0
486, ,RANDOM DATA ANAL MEA,3,0,0,0,0,0,0,0,1,0,0,2
487, ,SCHOLARPEDIA,3,0,0,0,0,0,0,0,0,0,0,3
488, ,SPRINGER TRAC ADV RO,3,0,0,0,2,0,0,0,1,0,0,0
489,1.648,STEREOT FUNCT NEUROS,3,0,0,0,1,0,0,0,0,0,1,1
490,2.645,ULTRASOUND MED BIOL,3,0,0,0,0,2,1,0,0,0,0,0
491, ,WORLD HAPT 2009 3,3,0,0,0,0,0,0,0,0,3,0,0
492, ,2002 IEEE INT C ROB,2,0,0,0,0,0,0,0,0,0,0,2
493, ,2003 IEEE INT C AC,2,0,0,0,0,0,0,0,0,0,0,2
494, ,2006 IEEERSJ INT C,2,0,0,0,0,0,0,0,0,0,0,2
495, ,2007 3 INT IEEEEMBS,2,0,0,0,0,0,0,0,0,0,0,2
496, ,2013 IEEE INT C ROB,2,0,0,0,0,2,0,0,0,0,0,0
497, ,2016 IEEERSJ INT C,2,0,2,0,0,0,0,0,0,0,0,0
498,0.972,ACM T COMPUT-HUM INT,2,0,0,0,0,0,1,0,0,0,0,1
499,15.876,ACTA NEUROPATHOL,2,0,0,0,0,1,0,0,0,0,0,1
500,0.542,ACTA ORTHOP BELG,2,0,0,0,0,0,0,0,0,0,1,1
501, ,AD PROC BRAIN SIGN,2,0,0,0,0,2,0,0,0,0,0,0
502, ,ADAPT COMPUT MACH LE,2,0,0,0,0,0,1,0,0,0,0,1
503, ,ADV DATA SCI ADAPT,2,0,0,0,0,0,0,0,1,1,0,0
504,3.358,ADV ENG INFORM,2,0,0,0,1,0,0,0,0,0,0,1
505, ,ADV INTELL SYST,2,0,0,1,0,1,0,0,0,0,0,0
506, ,ADV NEUR INF PROC SY,2,0,0,0,0,0,0,0,0,1,1,0
507,2.900,AGE,2,0,0,0,0,1,0,0,0,0,0,1
508,2.121,AGING CLIN EXP RES,2,0,1,0,0,0,0,0,0,0,0,1
509,1.974,AM FAM PHYSICIAN,2,0,0,0,0,0,0,0,1,0,0,1
510,1.034,AM J PHYS,2,0,0,0,0,0,0,0,0,0,0,2
511, ,AM PSYCHOL,2,0,0,0,0,0,0,0,0,0,0,2
512, ,AM REV RESPIR DIS,2,0,0,0,0,0,0,0,0,0,0,2
513,4.302,AM STAT,2,0,0,0,0,0,0,0,0,0,0,2
514, ,ANAL NEURAL DATA,2,0,0,0,2,0,0,0,0,0,0,0
515, ,ANN ALLERTON CONF,2,0,0,0,0,0,0,0,0,0,2,0
516, ,ANN MATH STAT,2,0,0,0,0,0,0,0,0,0,0,2
517,1.513,ANN OTO RHINOL LARYN,2,0,0,0,0,0,0,0,0,0,0,2
518,22.774,ANNU REV PSYCHOL,2,0,0,0,0,1,0,0,0,0,0,1
519,2.462,APPL MATH LETT,2,0,0,0,0,0,0,1,0,0,1,0
520, ,APPL NONLINEAR CONTR,2,0,0,0,0,0,0,0,0,0,0,2
521, ,ARCH GEN PSYCHIAT,2,0,0,0,0,0,0,0,0,0,0,2
522,1.015,ARQ NEURO-PSIQUIAT,2,0,0,0,0,0,1,0,0,0,0,1
523, ,ATLAS AMPUTATIONS LI,2,0,0,0,0,0,0,0,0,0,0,2
524,1.678,ATTEN PERCEPT PSYCHO,2,0,0,1,0,1,0,0,0,0,0,0
525,2.078,AUDIOL NEURO-OTOL,2,0,0,0,0,0,0,0,0,0,0,2
526,1.387,AURIS NASUS LARYNX,2,0,0,0,0,2,0,0,0,0,0,0
527, ,AUST J PHYSIOTHER,2,0,0,0,0,0,0,0,0,0,0,2
528,1.032,AUSTRALAS PHYS ENG S,2,0,0,0,2,0,0,0,0,0,0,0
529,6.126,AUTOMATICA,2,0,0,0,0,0,0,0,1,0,0,1
530, ,AVIAT SPACE ENVIR MD,2,0,0,0,0,0,0,0,0,0,0,2
531,2.449,BEHAV BRAIN FUNCT,2,0,0,0,1,0,0,1,0,0,0,0
532,2.574,BRAIN COGNITION,2,0,0,0,0,0,0,0,0,0,0,2
533, ,BRAIN CONNECTIVITY,2,0,0,0,0,1,0,1,0,0,0,0
534, ,BRIT J PSYCHOL,2,0,0,0,0,0,0,0,1,0,0,1
535,7.867,BRIT J SPORT MED,2,0,0,0,0,0,0,0,0,0,2,0
536,1.327,CAN J OCCUP THER,2,0,0,0,0,0,0,0,0,0,0,2
537,31.398,CELL,2,0,0,2,0,0,0,0,0,0,0,0
538,2.701,CHEMOMETR INTELL LAB,2,0,0,0,0,0,0,0,0,0,0,2
539,7.652,CHEST,2,0,0,0,0,0,0,0,0,0,0,2
540, ,CHILD DEV,2,0,0,0,0,0,0,0,0,0,0,2
541,2.378,CLIN GERIATR MED,2,0,0,0,1,0,0,1,0,0,0,0
542,2.505,CLIN INTERV AGING,2,0,0,1,0,0,1,0,0,0,0,0
543,3.209,CLIN J PAIN,2,0,0,0,0,1,0,0,0,0,0,1
544,2.696,CLIN OTOLARYNGOL,2,0,0,0,0,0,0,1,0,0,0,1
545,1.245,CLINICS,2,0,0,0,0,0,0,2,0,0,0,0
546, ,COCHRANE LIBR,2,0,0,1,0,0,0,0,0,0,0,1
547,2.565,COGN AFFECT BEHAV NE,2,0,0,0,0,0,1,0,0,0,0,1
548,1.796,COGN NEUROPSYCHOL,2,0,0,0,0,0,0,0,2,0,0,0
549,3.104,COGNITIVE PSYCHOL,2,0,0,0,0,0,0,0,0,0,0,2
550,3.386,COMMUN PUR APPL MATH,2,0,0,0,0,0,0,0,0,0,0,2
551, ,COMPUT BIOMED RES,2,0,0,0,0,0,0,0,0,0,0,2
552, ,COMPUT NEUROB,2,0,0,0,0,0,0,0,0,0,0,2
553,0.684,CONCEPT MAGN RESON B,2,0,0,0,0,0,0,0,0,0,0,2
554,2.494,DEV PSYCHOBIOL,2,0,0,0,0,0,0,0,0,0,0,2
555, ,DEVELOPMENTAL SCI,2,0,0,0,0,0,0,2,0,0,0,0
556, ,DIAGN STAT MAN MENT,2,0,0,0,0,1,0,0,0,0,0,1
557,2.241,DIGIT SIGNAL PROCESS,2,0,0,0,0,0,0,0,0,2,0,0
558,3.750,ECONOMETRICA,2,0,0,0,0,0,0,0,0,0,0,2
559,1.663,EDUC PSYCHOL MEAS,2,0,0,0,0,0,0,0,0,0,0,2
560, ,ELECTRODIAGNOSIS NEW,2,0,0,0,0,2,0,0,0,0,0,0
561,1.088,ELEKTRON ELEKTROTECH,2,0,0,1,0,0,0,1,0,0,0,0
562, ,EUR J COGN PSYCHOL,2,0,0,0,0,0,0,0,0,0,0,2
563,2.362,EUR J PAEDIATR NEURO,2,0,0,0,0,0,0,0,2,0,0,0
564,2.991,EUR J PAIN,2,0,0,0,0,1,0,0,0,0,0,1
565,2.208,EUR J PHYS REHAB MED,2,0,0,0,0,0,1,0,0,1,0,0
566, ,EURA MEDICOPHYS,2,0,0,0,0,0,0,0,0,0,0,2
567, ,EVOKED POTENTIAL,2,0,0,0,0,0,0,0,0,0,0,2
568,3.696,EXPERT REV NEUROTHER,2,0,0,0,0,0,0,2,0,0,0,0
569, ,FILTERING SYST IDE,2,0,0,0,0,0,0,0,0,0,0,2
570,2.653,FOOT ANKLE INT,2,0,0,0,0,0,0,0,0,0,0,2
571,3.074,FRONT NEUROINFORM,2,0,0,1,0,0,0,1,0,0,0,0
572, ,FRONT ROBOT AI,2,1,1,0,0,0,0,0,0,0,0,0
573, ,GEODESY CHALLENGE 3,2,0,0,0,0,0,0,0,0,0,0,2
574,2.656,GERIATR GERONTOL INT,2,0,0,0,0,0,0,0,0,2,0,0
575, ,HUM BRAIN ELECTROP,2,0,0,0,0,0,0,0,0,0,0,2
576, ,HUM NUTR-CLIN NUTR,2,0,0,0,0,0,0,0,0,0,0,2
577, ,HUM WALKING,2,0,0,0,0,0,0,0,0,0,0,2
578, ,ICML,2,0,0,0,0,0,0,0,0,0,0,2
579,5.060,IEEE CONTR SYST MAG,2,0,0,0,0,0,2,0,0,0,0,0
580, ,IEEE GLOB CONF SIG,2,0,0,0,0,2,0,0,0,0,0,0
581, ,IEEE I CONF COMP VIS,2,0,0,0,0,0,0,1,0,0,0,1
582, ,IEEE INT C REH ROB P,2,0,0,0,0,2,0,0,0,0,0,0
583, ,IEEE INT CONF FUZZY,2,0,0,0,0,0,0,0,0,0,0,2
584,2.596,IEEE INTELL SYST,2,0,0,0,0,0,0,0,0,0,1,1
585, ,IEEE REV BIOMEDICAL,2,0,0,0,2,0,0,0,0,0,0,0
586,4.337,IEEE SYST J,2,0,1,0,1,0,0,0,0,0,0,0
587,4.130,IEEE T ANTENN PROPAG,2,0,0,0,0,0,0,0,0,0,1,1
588, ,IEEE T AUDIO SPEECH,2,0,0,0,0,0,1,1,0,0,0,0
589,3.667,IEEE T AUTOM SCI ENG,2,0,0,1,0,0,0,0,0,0,1,0
590,4.671,IEEE T COMMUN,2,0,0,0,0,0,0,0,0,0,0,2
591,3.052,IEEE T COMPUT,2,0,0,0,0,0,0,0,0,0,0,2
592,1.520,IEEE T ELECTROMAGN C,2,0,0,0,0,0,0,0,0,0,0,2
593, ,IEEE T SPEECH AUDI P,2,0,0,0,0,0,0,0,0,0,0,2
594,3.078,IEEE T VIS COMPUT GR,2,0,0,0,1,1,0,0,0,0,0,0
595,2.950,IEEE-ACM T AUDIO SPE,2,0,0,1,1,0,0,0,0,0,0,0
596,2.159,IMAGE VISION COMPUT,2,0,0,0,0,0,0,0,0,1,0,1
597,3.444,INFORM PROCESS MANAG,2,0,0,0,0,0,0,0,0,2,0,0
598,1.488,INFORM RETRIEVAL J,2,0,0,0,0,0,0,0,0,0,0,2
599,1.392,INFORMS J COMPUT,2,0,0,0,0,0,0,0,1,0,0,1
600, ,INT 2008 9 ANN C,2,0,0,0,0,0,0,0,0,0,2,0
601, ,INT C AFFECT,2,0,0,1,0,1,0,0,0,0,0,0
602, ,INT C BIOMED,2,0,0,0,0,0,0,0,2,0,0,0
603, ,INT C PATT RECOG,2,0,0,0,0,0,0,0,0,0,0,2
604,1.472,INT J MED ROBOT COMP,2,0,0,0,0,0,0,1,0,0,0,1
605,1.848,INT J NEUROSCI,2,0,0,0,0,0,0,0,0,0,0,2
606,1.941,INT J UROL,2,0,0,0,1,0,0,0,0,0,1,0
607, ,INT REV SPORT EXER P,2,0,0,0,0,1,0,0,0,0,1,0
608,2.751,INTEGR COMP BIOL,2,0,0,0,1,0,0,0,0,0,1,0
609, ,INTRO KALMAN FILTER,2,0,0,0,0,0,0,0,0,0,0,2
610, ,INTRO SMOOTH MANIFOL,2,0,0,0,0,0,1,0,0,0,0,1
611, ,INTRO STAT,2,0,0,0,0,0,0,0,0,0,0,2
612, ,INTRO SUPPORT VECTOR,2,0,0,0,0,0,0,0,0,0,0,2
613, ,IRE T AUTOM CONTROL,2,0,0,0,0,0,0,0,0,0,0,2
614, ,J AM SOC INF SCI TEC,2,0,0,0,0,0,0,0,0,0,1,1
615,0.878,J AMB INTEL SMART EN,2,0,0,0,0,0,0,1,0,1,0,0
616, ,J AUTISM DEV DISORD,2,0,0,0,0,1,0,0,0,0,0,1
617, ,J BODYW MOV THER,2,0,0,0,0,1,0,1,0,0,0,0
618, ,J BONE JOINT SURG BR,2,0,0,0,0,0,0,0,0,0,0,2
619,1.500,J CHEMOMETR,2,0,0,0,0,0,0,0,0,0,0,2
620,1.092,J CHILD ORTHOP,2,0,0,1,1,0,0,0,0,0,0,0
621,3.396,J CLIN SLEEP MED,2,0,0,0,0,1,0,0,0,0,0,1
622,1.696,J COMMUN DISORD,2,0,0,0,0,0,0,0,0,1,0,1
623,1.632,J ECONOMETRICS,2,0,0,0,0,0,0,0,0,0,0,2
624, ,J EXP PSYCHOL-APPL,2,0,0,0,0,1,0,0,0,0,0,1
625, ,J HUM MOVEMENT STUD,2,0,0,0,0,0,0,0,0,0,0,2
626,3.612,J MAGN RESON IMAGING,2,0,0,0,1,0,0,0,0,0,0,1
627,1.426,J MANIP PHYSIOL THER,2,0,0,0,0,0,0,0,0,1,0,1
628,0.875,J MECH MED BIOL,2,0,0,1,0,0,0,1,0,0,0,0
629,0.549,J MED IMAG HEALTH IN,2,0,0,1,1,0,0,0,0,0,0,0
630, ,J MICROCOMPUT APPL,2,0,0,0,0,0,0,0,0,0,0,2
631,1.888,J MICROMECH MICROENG,2,0,0,0,0,0,0,1,0,0,0,1
632,2.868,J NUTR HEALTH AGING,2,0,0,0,0,1,0,1,0,0,0,0
633,3.172,J PARKINSON DIS,2,0,0,0,1,1,0,0,0,0,0,0
634,3.706,J PHARMACOL EXP THER,2,0,0,0,0,0,0,0,0,0,0,2
635, ,J PHYSL ANTHR APPL H,2,0,0,0,0,0,0,0,0,0,0,2
636,0.917,J PSYCHOPHYSIOL,2,0,0,0,0,0,0,0,0,0,0,2
637, ,J REHABILITION RES D,2,0,0,0,0,0,0,0,0,0,0,2
638, ,J ROBOTICS MECHATRON,2,0,0,0,0,0,0,1,0,0,0,1
639,1.598,J STROKE CEREBROVASC,2,0,0,0,0,0,0,0,0,0,0,2
640,1.066,J UNIVERS COMPUT SCI,2,0,0,0,0,0,1,0,0,0,0,1
641,5.381,J UROLOGY,2,0,0,0,0,0,0,0,0,0,1,1
642, ,J VOICE,2,0,0,0,0,0,0,2,0,0,0,0
643, ,JOURNAL OF PEDIATRIC,2,0,0,0,0,0,0,0,0,0,0,2
644, ,KINESIOLOGY MUSCULOS,2,0,0,0,0,1,0,0,0,0,0,1
645,4.396,KNOWL-BASED SYST,2,1,0,0,0,1,0,0,0,0,0,0
646,1.500,MATH BIOSCI,2,0,0,0,0,0,0,0,0,0,0,2
647,1.476,MATH COMPUT SIMULAT,2,0,0,0,0,0,0,0,0,0,0,2
648,3.315,MATURITAS,2,0,0,0,0,1,1,0,0,0,0,0
649,7.199,MAYO CLIN PROC,2,0,0,0,0,0,1,1,0,0,0,0
650,1.345,MEAS SCI REV,2,0,0,0,0,0,0,0,0,0,0,2
651,0.486,MECH ENG,2,0,0,0,1,0,0,0,0,0,0,1
652,4.370,MECH SYST SIGNAL PR,2,0,0,0,0,1,0,0,0,0,0,1
653,2.884,MED PHYS,2,0,0,0,0,0,1,1,0,0,0,0
654,0.910,MED PROBL PERFORM AR,2,0,0,0,0,0,0,0,0,0,0,2
655, ,MEM COGNITION,2,0,0,0,0,0,0,0,0,0,0,2
656,12.888,MMWR-MORBID MORTAL W,2,0,0,0,2,0,0,0,0,0,0,0
657,0.667,MODEL IDENT CONTROL,2,0,0,0,0,0,0,0,0,0,1,1
658,11.640,MOL PSYCHIATR,2,0,0,0,0,0,1,0,0,0,0,1
659, ,MOTOR LEARN CONTR,2,0,0,0,1,0,0,0,1,0,0,0
660,2.718,MULTIBODY SYST DYN,2,0,0,0,0,0,2,0,0,0,0,0
661, ,MULTIDIMENSIONAL SCA,2,0,0,0,0,0,0,0,0,0,0,2
662, ,NAT BIOMED ENG,2,2,0,0,0,0,0,0,0,0,0,0
663,12.423,NAT PROTOC,2,0,0,0,0,0,0,2,0,0,0,0
664,19.819,NAT REV NEUROL,2,0,1,0,0,0,1,0,0,0,0,0
665, ,NEURAL INFORM PROCES,2,0,0,0,0,1,0,0,0,0,1,0
666,3.161,NEURAL PLAST,2,0,2,0,0,0,0,0,0,0,0,0
667, ,NEUROBIONICS BIOMEDI,2,0,2,0,0,0,0,0,0,0,0,0
668,2.045,NEUROPHYSIOL CLIN,2,0,0,0,0,0,0,0,0,0,0,2
669,2.699,NEUROPSYCHOLOGY,2,0,0,0,0,0,0,0,1,0,0,1
670, ,NEUROROBOTICS,2,0,0,0,2,0,0,0,0,0,0,0
671,2.647,NEUROSURG FOCUS,2,0,0,0,0,0,0,0,0,1,0,1
672, ,NEW GENERATION BRAIN,2,0,0,0,0,2,0,0,0,0,0,0
673, ,NONLINEAR SYST,2,0,0,0,0,0,0,0,0,0,0,2
674, ,NORTHEAST BIOENGIN C,2,0,0,0,0,1,0,0,0,0,0,1
675, ,OCCUP THER,2,0,0,0,0,0,0,0,0,0,1,1
676,7.479,OPHTHALMOLOGY,2,0,0,1,0,0,0,0,0,0,0,1
677, ,OPTIMAL FILTERING,2,0,0,0,0,0,0,0,0,0,0,2
678,2.672,ORTHOP CLIN N AM,2,0,0,0,0,0,0,0,0,0,0,2
679, ,ORTHOP RES REV,2,0,2,0,0,0,0,0,0,0,0,0
680,2.182,OTOL NEUROTOL,2,0,0,0,1,0,0,0,0,1,0,0
681,2.444,OTOLARYNG HEAD NECK,2,0,0,0,1,0,0,0,0,0,0,1
682, ,P 1 IEEE RAS EMBS IN,2,0,0,0,0,0,0,0,0,0,0,2
683, ,P 11 INT C INF SCI S,2,0,0,0,0,0,2,0,0,0,0,0
684, ,P 18 ANN INT C IEEE,2,0,0,0,0,0,0,0,0,0,0,2
685, ,P 2 INT C KNOWL DISC,2,0,0,0,0,0,0,0,0,0,0,2
686, ,P 24 INT C MACH LEAR,2,0,0,0,0,0,0,0,0,0,0,2
687, ,P 28 ANN INT C IEEE,2,0,0,0,0,0,0,0,0,0,0,2
688, ,P 28 IEEE EMBS ANN I,2,0,0,0,0,0,0,0,0,0,0,2
689, ,P 4 INT CER PALS C,2,0,0,0,0,0,2,0,0,0,0,0
690, ,P 9 INT C REH ROB IC,2,0,0,0,0,0,0,0,0,0,0,2
691, ,P ACM SIGCHI C HUM F,2,0,0,0,0,0,0,0,0,0,0,2
692, ,P ADV NEUR INF PROC,2,0,0,0,0,0,1,0,0,0,0,1
693,0.707,P AM MATH SOC,2,0,0,0,0,0,0,2,0,0,0,0
694, ,P C CUT COMM SYST DE,2,0,0,0,0,0,0,0,0,0,0,2
695, ,P C EUSIPCO SEP,2,0,0,0,0,0,0,0,0,0,0,2
696, ,P EXT ABSTR HUM FACT,2,0,0,0,0,0,0,1,0,0,0,1
697, ,P HUM FACT ERG SOC A,2,0,0,0,0,0,1,0,0,0,0,1
698,1.445,P I MECH ENG B-J ENG,2,0,0,0,0,0,0,0,0,1,0,1
699, ,P ICASSP,2,0,0,0,2,0,0,0,0,0,0,0
700, ,P IEEE 26 INT WORKSH,2,0,2,0,0,0,0,0,0,0,0,0
701, ,P IEEE ASME INT C AD,2,0,0,0,1,0,0,0,1,0,0,0
702, ,P IEEE COMP SOC C CO,2,0,0,0,0,0,0,0,1,0,0,1
703, ,P IEEE HAPT S MAR,2,0,0,0,0,0,1,0,1,0,0,0
704, ,P IEEE INT C COMP VI,2,0,0,0,0,0,0,0,1,0,0,1
705, ,P IEEE INT C MECH AU,2,0,0,0,0,0,1,1,0,0,0,0
706, ,P IEEE INT C ROB BIO,2,0,0,0,0,0,0,1,0,0,0,1
707, ,P IEEE INT C SYST MA,2,0,0,0,0,0,0,0,2,0,0,0
708, ,P IEEE RAS EMBS INT,2,0,0,1,0,0,0,0,0,0,1,0
709, ,P IFMBE,2,0,0,0,0,1,0,0,0,1,0,0
710, ,P IJCAI 14 INT JOINT,2,0,0,0,0,0,0,0,0,0,0,2
711, ,P MYOEL CONTR POW PR,2,0,0,0,1,0,0,0,0,0,0,1
712, ,P NAACL HLT WORKSH S,2,0,0,0,0,0,0,0,2,0,0,0
713, ,P NATL ACAD SCI-BIOL,2,0,0,0,0,0,0,0,0,0,0,2
714, ,P SIGCHI C HUM FACT,2,0,0,0,0,0,1,0,0,0,0,1
715,2.187,PAIN PRACT,2,0,0,0,0,2,0,0,0,0,0,0
716, ,PERFORMING ARTS MED,2,0,0,0,0,0,0,0,1,0,0,1
717,10.376,PHARMACOL THERAPEUT,2,0,0,0,1,0,1,0,0,0,0,0
718,1.863,PHYS LETT A,2,0,0,0,0,0,0,0,0,0,0,2
719,5.947,PHYSIOLOGY,2,0,0,0,0,0,0,0,0,0,1,1
720, ,POSITIVE DEFINITE MA,2,0,0,0,0,0,0,1,0,1,0,0
721, ,PRACT GUIDE SUPP,2,0,1,0,0,0,0,0,0,0,0,1
722, ,PROBABILITY STAT ENG,2,0,0,0,0,0,1,0,0,0,0,1
723, ,PROC IUTAM,2,0,0,0,0,0,0,2,0,0,0,0
724, ,PROC VLDB ENDOW,2,0,0,0,1,0,0,0,0,0,1,0
725,3.427,PROG BIOPHYS MOL BIO,2,0,0,0,0,0,0,2,0,0,0,0
726,23.750,PROG MATER SCI,2,0,0,0,2,0,0,0,0,0,0,0
727, ,PSYCHOL REV-MONOGR S,2,0,0,0,0,0,0,0,0,0,0,2
728,3.222,PSYCHOPHARMACOLOGY,2,0,0,0,0,0,0,0,0,0,0,2
729,2.190,Q J EXP PSYCHOL,2,0,0,0,0,0,0,0,0,0,0,2
730, ,RECURRENT NEURAL NET,2,0,0,0,1,0,0,0,0,0,0,1
731,36.367,REV MOD PHYS,2,0,0,0,0,0,0,0,0,0,0,2
732, ,ROESSINGH RES DEV,2,0,0,0,0,0,0,0,0,0,0,2
733,0.898,SCAND J STAT,2,0,0,0,0,0,0,0,0,0,0,2
734, ,SCI WORLD J,2,0,0,0,2,0,0,0,0,0,0,0
735,2.839,SEIZURE-EUR J EPILEP,2,0,0,1,0,0,0,0,0,0,0,1
736, ,SENSES COMPR,2,0,0,0,0,0,0,0,0,0,2,0
737,1.070,SENSOR REV,2,0,0,0,0,0,0,1,1,0,0,0
738,1.698,SIAM J APPL MATH,2,0,0,0,0,0,0,0,0,0,0,2
739,2.183,SIAM J OPTIMIZ,2,0,0,0,0,0,0,0,1,0,0,1
740,5.135,SLEEP,2,0,0,0,0,0,0,0,0,0,0,2
741,9.598,SMALL,2,0,0,0,0,0,0,1,1,0,0,0
742,3.500,SOC COGN AFFECT NEUR,2,0,0,0,0,1,1,0,0,0,0,0
743,2.575,SOC NEUROSCI-UK,2,0,0,0,0,1,0,0,0,0,1,0
744, ,SOURCE CODE BIOL MED,2,0,0,1,0,1,0,0,0,0,0,0
745,2.792,SPINE,2,0,0,0,0,0,0,0,0,0,0,2
746, ,SPRINGER SER OPER RE,2,0,0,0,0,0,0,0,0,0,0,2
747, ,STAND HANDB BIOMEDI,2,0,0,0,0,0,0,0,0,0,0,2
748,1.851,STAT COMPUT,2,0,0,0,0,0,0,0,0,0,0,2
749, ,STAT LEARN THEORY,2,0,0,0,0,0,0,0,0,0,0,2
750,3.117,SURG ENDOSC,2,0,0,0,0,0,0,0,0,1,1,0
751,0.719,TECHNOL HEALTH CARE,2,0,1,0,0,0,0,0,0,0,0,1
752, ,TEMPORAL NETWORKS,2,0,0,0,0,2,0,0,0,0,0,0
753, ,TRENDS AMPLIF,2,0,0,0,0,0,0,0,0,0,1,1
754, ,TRENT INT PROSTH S T,2,0,0,0,0,0,2,0,0,0,0,0
755, ,TUTOR QUANT METHODS,2,0,0,0,0,0,1,0,0,0,0,1
Copyright Â© 2018 Clarivate Analytics,,,,,,,,,,,,,,
"By exporting the selected data, you agree to the data usage policy set forth in the Terms of Use",,,,,,,,,,,,,,
