Citing Journal Data: undefined,,,,,,,,,,,,,,
,Impact Factor,Cited Journal,All Yrs,2012,2011,2010,2009,2008,2007,2006,2005,2004,2003,Rest
1, ,ALL Journals,23373,667,2497,2156,1940,1778,1636,1340,1223,1141,900,8095
2, ,ALL OTHERS (5157),5157,218,644,491,456,363,308,269,252,209,188,1759
3,2.348,IEEE T BIO-MED ENG,833,25,93,58,51,58,52,51,54,65,27,299
4,6.252,NEUROIMAGE,331,12,37,40,28,36,36,30,18,29,18,47
5,3.144,CLIN NEUROPHYSIOL,288,5,30,20,22,16,19,26,35,13,12,90
6,3.301,J NEUROPHYSIOL,235,3,19,23,18,6,16,23,19,11,5,92
7,2.727,IEEE ENG MED BIOL,219,0,1,103,2,49,4,3,4,1,14,38
8,3.282,J NEURAL ENG,216,4,63,29,25,26,33,11,15,7,0,3
9,15.202,CIRCULATION,193,8,9,6,6,6,5,11,6,6,9,121
10,3.255,IEEE T NEUR SYS REH,190,10,20,36,11,21,18,16,15,9,18,16
11,4.027,IEEE T MED IMAGING,189,4,11,14,12,13,11,13,6,9,17,79
12, ,2011 ANN INT C IEEE,187,0,187,0,0,0,0,0,0,0,0,0
13,1.496,PHYSIOL MEAS,166,4,11,21,29,21,16,8,18,10,4,24
14,2.114,J NEUROSCI METH,163,5,15,14,15,24,14,8,16,18,7,27
15,1.790,MED BIOL ENG COMPUT,163,2,12,10,9,12,8,14,9,6,2,79
16,6.908,J NEUROSCI,146,4,11,19,10,13,15,12,8,7,6,41
17,38.597,NATURE,144,5,4,2,3,25,5,23,2,5,2,68
18, ,**NON-TRADITIONAL**,137,0,0,0,0,0,0,0,0,0,0,137
19,2.716,J BIOMECH,133,0,11,13,10,10,11,6,7,4,5,56
20,9.737,P NATL ACAD SCI USA,130,1,2,12,6,9,10,4,7,20,5,54
21, ,LECT NOTES COMPUT SC,121,6,9,18,15,11,12,14,6,7,4,19
22,2.575,ANN BIOMED ENG,117,4,7,17,15,4,8,8,15,2,1,36
23, ,ELECTROEN CLIN NEURO,116,0,0,0,0,1,0,0,1,0,0,114
24,3.484,J APPL PHYSIOL,115,0,4,3,5,8,2,11,3,9,7,63
25,1.978,IEEE T INF TECHNOL B,114,10,25,28,16,8,5,8,6,3,1,4
26,4.795,IEEE T PATTERN ANAL,114,1,2,3,2,3,2,6,5,7,7,76
27,3.267,MAGN RESON MED,114,6,7,10,6,10,10,5,6,5,7,42
28,2.701,PHYS MED BIOL,110,2,7,2,4,8,17,4,6,5,1,54
29, ,EMBC 2009 ANN INT C,98,0,0,0,98,0,0,0,0,0,0,0
30,2.221,EXP BRAIN RES,97,1,2,9,5,4,9,8,2,3,3,51
31,3.629,AM J PHYSIOL-HEART C,95,2,7,4,4,8,5,4,8,5,5,43
32,31.027,SCIENCE,95,0,2,6,4,2,6,5,6,0,2,62
33,1.779,MED ENG PHYS,93,2,10,6,9,11,7,7,3,2,4,32
34,2.632,PATTERN RECOGN,90,3,4,1,7,5,7,17,3,3,5,35
35, ,C P IEEE ENG MED BIO,89,1,31,22,11,5,4,5,6,2,0,2
36,9.915,BRAIN,86,0,3,2,5,6,13,5,3,9,8,32
37,4.380,J PHYSIOL-LONDON,86,1,0,2,1,2,3,5,3,5,3,61
38,2.358,ARCH PHYS MED REHAB,78,3,0,3,3,8,2,2,7,3,2,45
39,2.067,BIOL CYBERN,77,0,2,2,1,3,1,3,3,3,1,58
40,1.760,NEURAL COMPUT,73,1,5,2,3,3,3,7,1,10,4,34
41,51.658,NEW ENGL J MED,72,1,0,7,0,3,4,2,7,6,3,39
42,14.086,J AM COLL CARDIOL,69,2,3,4,5,5,3,12,2,3,4,26
43,1.969,GAIT POSTURE,68,2,7,7,9,6,11,2,2,6,3,13
44,3.063,IEEE J SOLID-ST CIRC,67,8,10,13,7,0,9,0,3,2,6,9
45,6.158,STROKE,65,0,5,3,5,4,1,5,3,3,1,35
46,3.909,EPILEPSIA,63,0,11,11,3,6,5,6,3,3,2,13
47,2.455,ULTRASOUND MED BIOL,63,0,2,8,7,3,7,2,2,2,3,27
48,1.408,J REHABIL RES DEV,62,0,12,0,9,7,5,6,3,2,0,18
49,3.730,PLOS ONE,62,9,18,13,9,6,6,1,0,0,0,0
50,29.978,JAMA-J AM MED ASSOC,61,1,4,5,6,1,0,1,4,5,6,28
51,2.911,MED PHYS,61,0,8,6,6,5,4,4,4,2,3,19
52,1.644,J ELECTROMYOGR KINES,59,0,2,8,4,5,5,7,4,1,3,20
53, ,P ANN INT IEEE EMBS,59,0,0,0,0,0,37,0,17,0,0,5
54,2.813,IEEE T SIGNAL PROCES,58,0,2,1,6,3,3,2,4,2,1,34
55,39.060,LANCET,58,1,7,3,0,1,1,5,8,0,0,32
56,4.087,MED IMAGE ANAL,58,4,3,6,6,10,6,6,3,3,1,10
57,3.441,INVEST OPHTH VIS SCI,57,1,7,4,8,7,9,5,3,2,6,5
58,6.339,RADIOLOGY,57,1,5,2,2,3,5,4,2,5,1,27
59,2.743,IEEE T BIOMED CIRC S,56,4,13,14,9,4,12,0,0,0,0,0
60,3.668,BIOPHYS J,53,0,1,0,5,5,3,0,2,4,0,33
61,6.911,P IEEE,53,0,0,6,1,8,1,2,0,1,0,34
62,5.697,LAB CHIP,52,2,8,10,4,5,5,1,5,7,0,5
63,2.571,IEEE T ROBOT,51,5,3,4,11,9,2,1,0,1,7,8
64,3.199,IEEE T IMAGE PROCESS,50,0,2,4,3,4,2,3,1,4,3,24
65,3.261,PSYCHOPHYSIOLOGY,50,0,2,3,1,3,5,0,0,5,3,28
66,3.623,INT J COMPUT VISION,49,0,0,2,1,1,2,2,2,9,2,28
67,1.646,J ACOUST SOC AM,49,2,3,4,2,6,1,2,3,3,1,22
68, ,P SOC PHOTO-OPT INST,49,3,1,8,3,2,3,4,5,6,1,13
69,6.878,HUM BRAIN MAPP,47,1,3,2,11,2,3,4,1,1,0,19
70,2.026,NEUROSCI LETT,47,1,5,1,5,1,1,2,8,3,5,15
71,2.313,PHYS REV E,47,1,7,1,3,0,5,1,4,2,2,21
72,4.558,MOVEMENT DISORD,46,0,4,3,2,1,4,6,2,4,3,17
73,15.251,NAT NEUROSCI,45,1,7,3,0,4,2,2,1,3,7,15
74,2.879,BRAIN RES,44,2,2,0,7,3,6,2,0,0,4,18
75,1.454,MACH LEARN,43,0,1,1,0,1,0,0,1,0,2,37
76,2.660,EUR J APPL PHYSIOL,41,0,1,2,2,1,0,1,1,7,1,25
77,3.766,IEEE T NEUR NET LEAR,41,0,1,1,2,1,9,1,0,3,8,15
78,2.567,J NEUROENG REHABIL,41,3,14,3,8,4,4,2,2,0,0,1
79,1.841,SENSOR ACTUAT A-PHYS,41,0,6,3,1,10,3,3,0,2,2,11
80, ,COMPUT CARDIOL,40,0,0,1,5,1,4,4,2,2,7,14
81,3.368,IEEE SIGNAL PROC MAG,40,1,0,1,0,23,3,1,1,0,0,10
82,5.100,SLEEP,40,1,0,0,3,1,7,2,3,6,4,13
83,2.137,VISION RES,40,0,0,0,8,1,2,0,1,1,7,20
84,1.822,IEEE T ULTRASON FERR,38,0,3,3,1,6,3,7,2,4,4,5
85,1.519,J BIOMECH ENG-T ASME,38,0,2,3,3,0,3,1,6,0,4,16
86,2.566,J MAGN RESON IMAGING,38,0,2,5,12,5,2,0,0,0,1,11
87,8.249,NEUROLOGY,38,0,3,3,1,1,1,1,2,1,1,24
88,7.943,PHYS REV LETT,38,0,0,1,4,5,0,2,1,1,0,24
89,5.695,ANAL CHEM,37,1,2,2,0,2,6,6,2,2,1,13
90,5.854,CHEST,37,0,0,0,3,4,2,2,2,2,4,18
91,2.881,J BIOMED OPT,36,0,6,8,3,6,2,2,3,2,0,4
92,15.766,NEURON,35,0,5,3,2,1,5,3,2,1,2,11
93,2.621,IEEE T INFORM THEORY,34,0,0,1,3,0,3,11,2,2,0,12
94,1.447,J CLIN NEUROPHYSIOL,34,0,3,1,2,3,1,0,3,1,0,20
95,1.927,NEURAL NETWORKS,33,0,1,0,13,3,1,1,0,0,2,12
96,10.946,ANNU REV BIOMED ENG,32,0,0,3,2,5,5,0,9,1,1,6
97,6.124,CRIT CARE MED,32,2,4,5,1,2,3,3,1,2,0,9
98, ,IEEE T REHABIL ENG,32,0,0,0,0,0,0,0,0,0,0,32
99, ,BIOMED ENG IEEE,31,1,8,6,2,3,1,1,2,1,0,6
100,1.608,BIOMED ENG ONLINE,31,2,9,6,3,0,4,2,1,2,1,1
101,11.861,CIRC RES,31,0,0,3,1,0,1,0,0,5,1,20
102,1.162,COMPUT BIOL MED,30,2,3,2,1,1,7,0,0,4,1,9
103,1.475,IEEE SENS J,30,2,5,11,2,3,2,1,1,1,1,1
104,3.148,J NEUROSURG,30,0,2,1,1,2,3,0,3,2,2,14
105,3.546,OPT EXPRESS,30,0,2,13,3,5,3,0,1,0,1,2
106,3.209,AM J CARDIOL,29,0,0,1,3,1,0,1,1,1,2,19
107,31.673,NAT REV NEUROSCI,29,2,2,2,6,2,2,0,1,1,3,8
108,3.300,ANESTH ANALG,28,2,1,1,4,0,5,1,2,1,1,10
109,7.604,BIOMATERIALS,28,1,3,3,3,2,2,1,1,1,4,7
110, ,ENG MED BIOL SOC EMB,28,0,18,7,1,0,0,0,0,0,0,2
111,14.097,EUR HEART J,28,0,1,3,1,1,3,7,2,0,1,9
112,2.036,INT J PSYCHOPHYSIOL,28,1,3,2,2,0,2,2,2,0,1,13
113,3.475,J CARDIOVASC ELECTR,28,2,2,2,2,1,6,1,1,3,2,6
114,4.278,NEUROREHAB NEURAL RE,28,2,5,4,6,2,2,1,1,0,2,3
115, ,IEEE T SYST MAN CYB,27,0,0,0,0,0,1,0,0,0,0,26
116,2.532,NEUROSURGERY,27,1,1,4,1,1,1,2,0,0,1,15
117,12.690,PLOS BIOL,27,2,0,0,6,3,1,0,0,2,13,0
118,1.074,BIOMED SIGNAL PROCES,26,1,5,5,1,8,4,2,0,0,0,0
119,4.538,BRAIN STIMUL,26,1,6,3,11,5,0,0,0,0,0,0
120,6.828,CEREB CORTEX,26,1,1,0,2,4,4,1,2,1,1,9
121, ,ENG MED BIOL SOC 200,26,0,0,0,6,4,4,6,1,4,0,1
122,3.135,IEEE-ASME T MECH,26,1,1,0,6,4,4,3,1,1,1,4
123, ,INT C ACOUST SPEE,26,0,8,4,1,3,3,1,1,0,0,5
124,4.493,J COGNITIVE NEUROSCI,26,0,2,1,1,0,1,0,3,2,1,15
125,1.664,COMPUT MED IMAG GRAP,25,1,6,1,1,6,3,0,2,0,2,3
126,1.555,COMPUT METH PROG BIO,25,1,2,5,3,2,1,2,3,2,0,4
127,7.735,DIABETES CARE,25,0,0,1,2,2,2,2,1,2,3,10
128,2.778,PHYS THER,25,0,1,2,0,3,0,4,0,0,0,15
129,4.191,PROG BRAIN RES,25,0,5,1,2,0,4,9,0,1,0,3
130,4.104,RESUSCITATION,25,0,2,2,1,5,3,1,0,3,1,7
131,5.323,BIOINFORMATICS,24,0,5,2,3,0,3,0,3,3,3,2
132,1.674,ERGONOMICS,24,2,0,2,2,1,0,1,1,1,0,14
133,6.355,EUR RESPIR J,24,0,0,0,0,1,4,2,1,0,1,15
134,4.524,INT J RADIAT ONCOL,24,0,0,0,2,1,4,1,2,2,1,11
135,2.863,INT J ROBOT RES,24,1,0,3,2,5,0,4,0,0,1,8
136,2.439,J COMPUT NEUROSCI,24,0,6,5,4,1,4,0,0,0,0,4
137,1.669,PHYSICA D,24,0,0,0,0,2,2,1,0,1,0,18
138,2.897,AM J ROENTGENOL,23,1,2,3,0,1,1,0,4,2,0,9
139,3.826,ARCH OPHTHALMOL-CHIC,23,0,0,1,3,1,1,1,3,1,0,12
140,3.399,BIOL PSYCHOL,23,0,0,3,0,1,0,5,2,1,1,10
141, ,CRIT REV BIOMED ENG,23,0,0,12,0,0,2,0,0,0,0,9
142,3.753,EUR J NEUROSCI,23,0,0,1,2,2,2,2,3,2,2,7
143,6.873,HYPERTENSION,23,0,0,4,1,0,3,1,1,0,0,13
144, ,IEEE T ACOUST SPEECH,23,0,0,0,0,0,0,0,0,0,0,23
145,4.475,MED SCI SPORT EXER,23,0,1,0,4,0,2,2,1,1,1,11
146, ,P 33 ANN INT C IEEE,23,0,22,1,0,0,0,0,0,0,0,0
147,5.163,ANESTHESIOLOGY,22,0,1,3,2,2,1,0,1,0,1,11
148,3.794,APPL PHYS LETT,22,0,0,1,0,6,5,4,2,2,0,2
149,2.229,IEEE T MICROW THEORY,22,1,1,0,2,1,4,2,1,6,0,4
150,1.093,J ELECTROCARDIOL,22,0,0,2,2,4,0,0,1,2,1,10
151,23.917,LANCET NEUROL,22,0,3,1,4,4,0,2,1,4,2,1
152,3.477,NEUROPSYCHOLOGIA,22,0,0,3,1,1,1,1,1,0,2,12
153,8.278,NUCLEIC ACIDS RES,22,2,3,2,2,2,3,2,0,3,0,3
154,3.535,SENSOR ACTUAT B-CHEM,22,1,0,2,0,1,0,3,0,2,5,8
155,5.437,BIOSENS BIOELECTRON,21,0,1,2,3,3,2,1,1,2,2,4
156,5.416,CURR OPIN NEUROL,21,1,0,3,3,3,0,1,1,1,5,3
157,1.844,EPILEPSY BEHAV,21,2,7,0,7,2,0,1,0,0,1,1
158, ,IEEE INT SYMP CIRC S,21,0,4,9,0,2,3,2,1,0,0,0
159,1.357,IEEE T INSTRUM MEAS,21,0,3,2,4,5,4,0,0,0,1,2
160,3.978,J AM GERIATR SOC,21,0,1,0,0,2,4,2,1,0,0,11
161,3.661,J COMP NEUROL,21,0,1,0,0,0,0,1,0,0,0,19
162,3.806,J HYPERTENS,21,0,0,1,1,3,2,0,2,2,1,9
163,4.924,J NEUROL NEUROSUR PS,21,0,0,0,0,1,2,0,0,3,1,14
164,2.060,MAGN RESON IMAGING,21,0,1,1,1,1,2,0,2,2,1,10
165,1.600,METHOD INFORM MED,21,0,0,7,5,1,2,1,0,2,0,3
166,2.314,MUSCLE NERVE,21,2,0,0,0,0,3,0,1,2,2,11
167, ,P ANN INT IEEE E 1 7,21,0,0,0,0,0,0,0,0,21,0,0
168,11.041,AM J RESP CRIT CARE,20,0,0,2,0,0,0,1,0,3,1,13
169,4.364,ANN NY ACAD SCI,20,0,0,1,3,0,0,0,0,1,0,15
170,20.614,ANNU REV NEUROSCI,20,0,1,2,0,1,1,3,0,1,0,11
171,1.869,CLIN BIOMECH,20,0,0,1,2,4,1,0,2,0,0,10
172,7.335,CURR OPIN NEUROBIOL,20,0,1,1,0,2,2,1,2,1,4,6
173,4.314,J GERONTOL A-BIOL,20,0,2,0,2,1,2,2,0,2,0,9
174,1.790,J MICROMECH MICROENG,20,1,3,6,2,2,0,0,0,2,0,4
175,1.404,NEUROREPORT,20,0,1,1,1,0,0,0,1,0,2,14
176,1.953,SENSORS-BASEL,20,2,6,2,5,2,0,1,0,0,0,2
177,2.725,BRIT J OPHTHALMOL,19,1,4,0,0,0,2,4,0,0,1,7
178,17.215,BRIT MED J,19,0,0,0,0,0,1,1,1,1,0,15
179,2.787,CLIN ORTHOP RELAT R,19,0,1,0,2,1,0,3,0,1,0,11
180, ,COMPUT INTELL,19,0,5,2,2,1,8,0,0,0,0,1
181,4.645,EXP NEUROL,19,0,1,1,3,1,0,1,2,0,0,10
182,2.240,IEEE T CIRCUITS-I,19,0,4,0,0,0,2,2,7,2,0,2
183,3.043,J SLEEP RES,19,1,0,3,0,0,1,1,2,3,1,7
184,1.435,MEAS SCI TECHNOL,19,0,2,4,1,1,1,2,1,0,1,6
185, ,P ANN INT IEEE E 1 4,19,0,0,0,0,0,0,0,0,0,9,10
186,1.746,PACE,19,0,1,4,0,3,0,0,2,2,0,7
187,1.266,PATTERN RECOGN LETT,19,0,0,1,0,1,2,6,1,0,1,7
188, ,ACM T INTEL SYST TEC,18,0,17,1,0,0,0,0,0,0,0,0
189,3.284,AM J PHYSIOL-REG I,18,0,1,0,0,2,1,1,0,1,1,11
190,3.454,ANN THORAC SURG,18,0,0,2,2,1,3,1,1,1,0,7
191,7.818,BRAIN RES REV,18,0,1,0,0,2,1,1,0,1,0,12
192,4.237,BRIT J ANAESTH,18,0,1,0,4,2,1,1,1,0,0,8
193,2.191,CLIN REHABIL,18,1,0,1,2,1,3,4,0,4,1,1
194, ,DIGITAL IMAGE PROCES,18,0,0,0,2,4,1,1,1,2,1,6
195,3.548,EUR RADIOL,18,0,3,1,1,3,2,2,1,1,2,2
196,1.854,EXPERT SYST APPL,18,2,4,3,4,1,1,1,1,1,0,0
197, ,IEEE INT CONF ROBOT,18,0,0,6,2,2,2,0,0,3,2,1
198,2.332,IEEE T ANTENN PROPAG,18,0,2,4,1,0,3,0,1,1,1,5
199,3.571,J AM MED INFORM ASSN,18,0,2,1,1,4,2,0,0,1,0,7
200,0.709,J CLIN MONIT COMPUT,18,0,2,2,0,2,3,1,0,2,0,6
201,2.300,J MAGN RESON,18,0,2,2,1,1,4,1,0,0,1,6
202,1.665,J OPT SOC AM A,18,0,0,0,0,2,0,1,0,1,1,13
203,3.526,J THORAC CARDIOV SUR,18,1,2,1,0,0,0,1,1,3,3,6
204,3.487,SLEEP MED,18,0,1,0,3,2,2,2,1,2,1,4
205, ,ADV NEURAL INFORM PR,17,0,0,2,2,2,5,1,1,0,2,2
206,4.497,AM HEART J,17,0,0,0,2,1,0,0,1,0,0,13
207, ,AMIA ANN S P,17,0,0,0,0,5,3,2,5,0,2,0
208,2.021,BIOELECTROMAGNETICS,17,0,0,1,2,2,3,1,0,0,1,7
209, ,BRAIN COMPUT INTER,17,4,0,4,0,0,9,0,0,0,0,0
210,5.940,CARDIOVASC RES,17,0,2,0,1,1,0,1,0,0,2,10
211,2.834,J BIOMED MATER RES A,17,0,6,1,4,1,1,0,1,3,0,0
212,3.236,J EXP BIOL,17,0,1,2,1,2,1,2,1,0,0,7
213,1.634,NEUROCOMPUTING,17,2,1,1,0,0,3,1,1,1,3,4
214,5.683,P ROY SOC B-BIOL SCI,17,1,3,2,1,0,0,2,0,0,0,8
215, ,PATTERN CLASSIFICATI,17,0,0,0,0,0,0,0,0,0,0,17
216, ,PROC CVPR IEEE,17,0,3,2,3,0,0,0,5,2,1,1
217,1.851,SIGNAL PROCESS,17,0,0,4,1,0,1,1,0,0,2,8
218,1.899,SPINAL CORD,17,1,0,1,2,3,1,1,1,1,1,5
219,1.914,ACAD RADIOL,16,0,2,0,0,1,3,0,3,3,1,3
220,2.188,CHAOS,16,0,0,0,4,1,1,1,0,0,0,9
221,1.232,COMPUT VIS IMAGE UND,16,1,0,1,0,3,0,1,0,0,0,10
222,1.038,ELECTRON LETT,16,1,3,3,3,0,1,0,1,1,0,3
223, ,FRONTIERS NEUROSCIEN,16,2,7,7,0,0,0,0,0,0,0,0
224,2.537,HEARING RES,16,0,1,0,0,2,2,3,2,0,1,5
225,5.045,HEART RHYTHM,16,0,2,3,2,2,3,1,0,3,0,0
226, ,I S BIOMED IMAGING,16,0,6,0,0,2,4,4,0,0,0,0
227, ,INT J BIOELECTROMAGN,16,0,5,2,2,3,0,0,2,1,0,1
228,2.061,INT J MED INFORM,16,0,0,4,2,0,3,2,0,2,1,2
229,5.258,INTENS CARE MED,16,0,1,2,1,2,1,1,0,1,1,6
230,1.402,J ULTRAS MED,16,0,3,2,2,2,0,2,2,0,2,1
231,4.187,LANGMUIR,16,0,0,1,0,2,4,2,3,0,0,4
232,3.122,NEUROSCIENCE,16,0,1,1,3,1,0,3,0,1,0,6
233,2.194,ARTIF INTELL,15,0,1,0,3,0,1,0,1,1,1,7
234,153.459,CA-CANCER J CLIN,15,0,7,3,0,4,0,0,0,0,0,1
235,7.149,CLIN CHEM,15,0,0,0,0,0,1,0,1,0,0,13
236, ,COMPUTING CARDIOLOGY,15,0,9,6,0,0,0,0,0,0,0,0
237,1.541,DISABIL REHABIL,15,0,0,2,1,1,3,2,1,1,0,4
238,0.807,EURASIP J ADV SIG PR,15,1,3,0,1,1,2,0,5,2,0,0
239,2.588,J ELECTROCHEM SOC,15,0,1,0,1,0,0,0,2,1,0,10
240,5.774,J NUCL MED,15,0,0,0,2,3,3,2,0,0,0,5
241,9.440,NEUROSCI BIOBEHAV R,15,0,2,3,2,2,1,2,2,0,0,1
242,3.446,NMR BIOMED,15,1,1,3,1,0,0,2,0,2,0,5
243,5.563,OPHTHALMOLOGY,15,0,4,2,2,1,0,1,1,0,0,4
244,2.378,P ROY SOC A-MATH PHY,15,0,0,0,0,0,0,0,0,0,2,13
245,3.816,AGE AGEING,14,0,0,0,1,0,1,3,3,1,2,3
246, ,AM J PHYSIOL,14,0,0,0,0,0,0,0,0,0,0,14
247,1.689,APPL OPTICS,14,0,1,0,0,0,0,1,0,0,0,12
248,3.671,BRAIN TOPOGR,14,1,0,5,0,0,0,1,0,1,0,6
249,1.834,J AM STAT ASSOC,14,0,0,0,1,0,1,0,0,0,0,12
250, ,J BIOMED ENG,14,0,1,1,0,1,0,0,0,0,1,10
251,1.783,J MED SYST,14,0,4,3,3,0,0,1,0,2,0,1
252,2.348,J TRAUMA,14,0,2,1,0,3,1,1,1,1,0,4
253,1.067,JPN J APPL PHYS,14,0,2,4,3,1,0,0,0,0,0,4
254,6.166,NEUROBIOL AGING,14,1,1,1,0,1,0,2,1,0,2,5
255, ,P 29 ANN INT C IEEE,14,0,0,0,0,0,13,0,0,0,0,1
256,2.051,RESP PHYSIOL NEUROBI,14,0,0,1,1,4,1,1,2,0,0,4
257,13.582,TRENDS NEUROSCI,14,0,0,0,0,0,1,7,0,1,1,4
258,13.976,ANN INTERN MED,13,0,0,0,1,1,0,2,0,0,2,7
259,11.193,ANN NEUROL,13,0,2,1,0,1,0,0,0,0,1,8
260,2.718,BIOMED MICRODEVICES,13,1,6,1,1,0,1,0,0,0,1,2
261,3.024,BMC BIOINFORMATICS,13,0,0,3,2,1,5,2,0,0,0,0
262,3.170,HAEMOPHILIA,13,1,0,0,3,2,0,0,1,3,1,2
263,2.718,IEEE T AUTOMAT CONTR,13,0,0,0,0,0,1,0,2,1,0,9
264,1.422,IEEE T MAGN,13,1,0,0,0,0,3,0,0,0,0,9
265, ,IFMBE P,13,0,3,1,4,5,0,0,0,0,0,0
266,5.398,J CEREBR BLOOD F MET,13,1,0,1,0,1,2,0,0,0,0,8
267,3.164,J CHEM PHYS,13,0,0,0,2,0,0,1,0,0,1,9
268,7.633,J CONTROL RELEASE,13,0,0,3,2,2,0,1,2,2,0,1
269,3.420,J MACH LEARN RES,13,0,0,3,0,3,2,1,0,1,2,1
270,32.438,NAT BIOTECHNOL,13,0,0,0,1,3,1,0,1,1,2,4
271,5.644,PAIN,13,0,1,0,2,0,2,0,0,0,0,8
272,5.119,PEDIATRICS,13,1,0,3,2,0,0,1,1,0,1,4
273,2.891,PHILOS T R SOC A,13,0,2,0,5,3,1,2,0,0,0,0
274,2.159,SPINE,13,0,1,2,0,0,0,1,1,2,0,6
275,7.685,ARCH NEUROL-CHICAGO,12,0,0,1,0,3,0,1,0,0,1,6
276,9.247,BIOL PSYCHIAT,12,1,0,1,0,0,1,0,1,3,0,5
277, ,BIOMECHANICS MOTOR C,12,0,0,0,3,0,0,0,1,1,0,7
278, ,IEEE IJCNN,12,0,0,0,0,6,0,0,1,2,0,3
279, ,IEEE REV BIOMEDICAL,12,0,1,5,1,5,0,0,0,0,0,0
280,1.674,IEEE SIGNAL PROC LET,12,1,0,0,0,2,2,0,4,2,0,1
281,5.484,IEEE T FUZZY SYST,12,0,5,2,0,0,0,1,0,2,0,2
282,4.295,J NEUROTRAUM,12,0,1,0,2,0,2,0,1,1,0,5
283, ,P IEEE INT C ROB AUT,12,1,4,2,0,0,0,1,1,0,1,2
284,4.867,PLOS COMPUT BIOL,12,3,4,4,0,0,1,0,0,0,0,0
285,2.914,PROG BIOPHYS MOL BIO,12,0,3,0,0,4,0,2,0,1,0,2
286,3.337,PROTEINS,12,0,0,0,1,3,0,1,3,0,1,3
287,1.602,REV SCI INSTRUM,12,0,0,1,1,2,3,0,1,1,0,3
288,1.949,SIAM J SCI COMPUT,12,0,1,0,0,0,1,0,0,0,0,10
289, ,TECH REP,12,0,2,2,0,1,2,0,1,0,1,3
290,0.510,ADV ROBOTICS,11,0,1,3,0,1,3,1,2,0,0,0
291,3.659,ANAL BIOANAL CHEM,11,0,5,1,2,1,0,0,0,0,1,1
292, ,ASSIST TECHNOL,11,1,1,0,2,0,1,0,0,0,3,3
293,0.782,AVIAT SPACE ENVIR MD,11,0,0,0,0,0,2,0,2,1,1,5
294, ,BEHAV RES METHODS,11,0,0,0,1,3,0,1,0,0,0,6
295,2.935,BRAIN RES BULL,11,0,0,0,1,1,2,1,1,1,0,4
296, ,COMPUT METHODS PRO,11,2,2,2,1,1,0,1,0,1,0,1
297,9.494,CURR BIOL,11,1,2,1,0,4,0,1,1,0,0,1
298, ,EMBC,11,1,6,1,1,0,1,0,0,0,0,1
299,2.512,EUR J RADIOL,11,2,1,1,3,0,0,1,1,0,0,2
300,1.892,IEEE T KNOWL DATA EN,11,0,2,1,3,2,1,0,0,0,0,2
301,1.959,IMAGE VISION COMPUT,11,0,0,2,0,1,0,0,0,0,2,6
302,1.364,INT J COMPUT ASS RAD,11,2,3,0,2,0,3,1,0,0,0,0
303,3.234,J BONE JOINT SURG AM,11,0,0,0,1,1,0,0,2,0,0,7
304,6.128,J BONE MINER RES,11,0,0,0,1,1,0,0,2,0,0,7
305,23.565,NAT METHODS,11,0,1,2,5,2,0,1,0,0,0,0
306,3.385,OPT LETT,11,0,0,2,1,3,0,0,1,0,1,3
307,15.575,PSYCHOL BULL,11,0,0,1,0,0,1,0,0,0,0,9
308, ,THESIS MASS I TECH,11,0,0,0,1,0,1,2,1,0,0,6
309,16.008,TRENDS COGN SCI,11,0,0,2,0,0,1,0,2,3,1,2
310,2.028,ULTRASONICS,11,0,1,3,1,0,0,0,0,2,0,4
311, ,33 ANN INT C IEEE EM,10,0,10,0,0,0,0,0,0,0,0,0
312,14.829,ADV MATER,10,1,4,1,1,0,2,0,0,0,1,0
313,3.167,AM J NEURORADIOL,10,0,3,1,1,0,1,0,0,0,0,4
314,14.721,AM J PSYCHIAT,10,0,0,0,0,1,3,0,0,1,0,5
315,7.477,ARTHRITIS RHEUM-US,10,0,0,3,0,0,0,1,1,3,0,2
316,1.355,ARTIF INTELL MED,10,0,1,2,1,1,1,0,1,0,1,2
317,1.964,ARTIF ORGANS,10,0,1,2,1,1,0,1,1,1,1,1
318, ,COGNITIVE BRAIN RES,10,0,0,0,0,0,0,0,3,0,1,6
319,6.487,DIABETOLOGIA,10,1,0,2,0,0,0,0,1,2,0,4
320,2.241,EPILEPSY RES,10,1,3,0,0,1,1,1,1,0,0,2
321,2.433,EXPERT REV MED DEVIC,10,2,1,2,0,2,2,0,1,0,0,0
322, ,IFMBE PROC,10,0,0,0,6,1,3,0,0,0,0,0
323,4.906,J AM ACAD DERMATOL,10,0,0,1,1,0,0,0,0,1,3,4
324,4.651,J BIOL CHEM,10,0,0,0,1,1,0,0,0,2,0,6
325, ,J MED ENG TECHNOL,10,0,0,0,1,0,1,2,0,0,1,5
326,2.243,J NEUROL SCI,10,0,2,0,1,0,0,1,0,0,1,5
327,2.351,J THEOR BIOL,10,0,0,1,1,3,2,0,1,1,0,1
328, ,MANUAL STANDARDIZED,10,0,0,0,0,0,0,0,0,0,0,10
329,2.929,MICROVASC RES,10,0,0,1,1,0,0,0,0,2,0,6
330,3.274,PARKINSONISM RELAT D,10,0,3,1,0,0,1,0,2,1,0,2
331,3.160,PHYSIOL BEHAV,10,1,0,0,0,0,1,0,2,3,0,3
332,0.624,PROSTHET ORTHOT INT,10,0,0,1,0,1,2,0,1,2,1,2
333,1.400,TELEMED E-HEALTH,10,0,3,1,0,2,0,1,2,0,0,1
334, ,THESIS,10,2,0,2,0,2,0,0,1,0,1,2
335, ,AASM MANUAL SCORING,9,0,0,0,0,0,9,0,0,0,0,0
336,3.543,ACM COMPUT SURV,9,0,0,0,1,0,0,1,0,3,0,4
337,5.093,ACTA BIOMATER,9,0,1,4,1,2,1,0,0,0,0,0
338,12.888,ADV DRUG DELIVER REV,9,0,0,1,0,1,2,1,2,0,1,1
339,3.877,AM J OBSTET GYNECOL,9,0,0,0,0,0,0,0,0,0,0,9
340,1.846,AUTON NEUROSCI-BASIC,9,0,1,0,5,1,0,1,0,1,0,0
341,2.406,BIOCHEM BIOPH RES CO,9,0,0,0,1,3,0,2,1,1,0,1
342,2.823,BRAIN COGNITION,9,0,0,1,1,1,0,0,0,2,1,3
343,8.650,CANCER RES,9,1,0,0,0,2,0,1,0,1,1,3
344,31.957,CELL,9,0,2,1,0,0,1,1,1,0,0,3
345,4.859,CLIN SCI,9,0,0,0,0,2,0,0,0,0,1,6
346,2.511,COMMUN ACM,9,0,1,0,0,1,0,0,2,0,0,5
347, ,COMPUTERIZED MED IMA,9,0,0,0,2,0,1,2,0,0,0,4
348,4.718,CRIT CARE,9,0,0,1,1,2,1,0,2,1,0,1
349,3.823,ECONOMETRICA,9,0,0,0,0,0,0,0,0,0,0,9
350,5.014,HEART,9,0,0,0,0,2,2,0,0,1,0,4
351,2.064,HUM MOVEMENT SCI,9,0,0,0,1,0,1,0,0,1,2,4
352,2.210,J APPL PHYS,9,0,0,0,1,0,0,1,0,1,1,5
353, ,J BIOMED MATER RES,9,0,0,0,0,0,0,0,0,0,0,9
354,2.129,J MICROELECTROMECH S,9,0,2,0,0,1,1,2,1,1,0,1
355,3.905,J MOL BIOL,9,0,0,0,0,0,0,0,2,0,0,7
356,1.042,J MOTOR BEHAV,9,0,0,0,0,1,0,0,0,2,1,5
357,3.052,J NEURAL TRANSM,9,0,0,0,4,0,2,0,0,0,0,3
358,4.810,J R STAT SOC B,9,0,0,0,0,0,0,0,0,0,0,9
359, ,LECT NOTES ARTIF INT,9,0,0,0,3,0,2,0,1,0,1,2
360,2.487,NEUROSURG FOCUS,9,0,1,0,4,2,0,0,1,1,0,0
361, ,P 28 ANN INT C IEEE,9,0,0,0,0,0,0,8,0,0,0,1
362, ,P IEEE ENG MED BIOL,9,0,4,0,3,1,1,0,0,0,0,0
363,30.174,PHYSIOL REV,9,0,1,1,0,1,0,0,1,0,1,4
364,2.791,RADIOGRAPHICS,9,0,0,2,0,0,0,3,1,1,0,2
365,1.409,SKIN RES TECHNOL,9,0,3,0,0,0,0,1,4,0,0,1
366, ,ACTA NEUROCHIR SUPPL,8,0,1,0,0,2,2,1,2,0,0,0
367,1.825,ADV EXP MED BIOL,8,1,1,3,0,0,0,0,0,0,0,3
368,13.734,ANGEW CHEM INT EDIT,8,0,0,2,2,1,1,1,0,0,0,1
369, ,ANN MATH STAT,8,0,0,0,0,0,0,0,0,0,0,8
370,1.212,ANN OTO RHINOL LARYN,8,0,3,1,0,0,1,0,0,0,0,3
371,3.327,BEHAV BRAIN RES,8,0,0,0,0,1,1,0,1,1,1,3
372,3.331,BIOMECH MODEL MECHAN,8,1,1,0,1,0,0,0,3,1,0,1
373,1.157,BIOMED TECH,8,0,0,2,0,2,1,1,0,2,0,0
374,3.823,BONE,8,0,2,0,0,2,0,2,0,1,0,1
375,7.837,CLIN CANCER RES,8,0,0,3,3,0,0,0,0,1,1,0
376,1.195,CLIN PHYSIOL FUNCT I,8,0,1,0,1,0,0,0,1,0,3,2
377,5.785,COCHRANE DB SYST REV,8,0,2,1,1,3,0,0,0,0,0,1
378,1.393,COMPUT METHOD BIOMEC,8,0,0,3,0,3,1,0,0,0,0,1
379, ,CVPR,8,0,1,0,0,4,1,1,1,0,0,0
380,2.877,DATA MIN KNOWL DISC,8,0,0,2,0,0,0,0,0,1,0,5
381,1.918,DIGIT SIGNAL PROCESS,8,0,0,1,0,2,1,1,0,0,1,2
382,1.938,DYSPHAGIA,8,0,0,0,1,1,1,1,1,1,0,2
383, ,ELECTROMYOGRAPHY PHY,8,0,0,0,0,0,0,0,0,8,0,0
384,2.765,EUROPACE,8,0,1,2,2,0,1,1,1,0,0,0
385, ,FRONT NEUROSCI,8,0,3,4,1,0,0,0,0,0,0,0
386, ,IEEE ANN INT C MED B,8,0,5,1,1,1,0,0,0,0,0,0
387, ,IEEE EMBC,8,0,1,1,2,0,0,0,0,2,1,1
388, ,IEEE ENG MED BIOL SO,8,0,2,3,1,0,1,0,1,0,0,0
389, ,IEEE INT C ENG MED B,8,0,3,1,0,0,2,0,0,1,0,1
390, ,IEEE INT C ROB AUT,8,0,3,1,1,1,0,0,0,0,0,2
391,1.675,IEEE T AUDIO SPEECH,8,0,1,1,0,2,3,1,0,0,0,0
392,2.183,IEEE T SYST MAN CY A,8,0,0,1,0,2,0,0,1,1,0,3
393,3.236,IEEE T SYST MAN CY B,8,1,0,1,0,1,0,2,0,1,1,1
394,1.898,IEEE T VIS COMPUT GR,8,0,2,0,1,3,1,0,1,0,0,0
395,5.509,INT J CARDIOL,8,0,2,1,0,1,1,0,0,0,1,2
396,1.008,INT J CONTROL,8,0,0,0,0,0,0,0,0,0,1,7
397,1.582,J COMPUT ASSIST TOMO,8,0,0,0,0,0,0,0,1,1,0,6
398,3.835,J COMPUT CHEM,8,0,0,0,0,0,1,2,1,2,0,2
399,2.138,J COMPUT PHYS,8,0,0,0,1,0,0,0,1,0,1,5
400,1.572,J HAND SURG-AM,8,0,0,1,0,1,0,0,1,0,0,5
401,2.134,J REHABIL MED,8,0,2,0,2,0,0,0,2,1,1,0
402,3.696,J UROLOGY,8,0,0,0,2,2,1,0,0,1,0,2
403,2.879,J VASC SURG,8,0,1,1,0,0,0,1,0,0,0,5
404,35.749,NAT MATER,8,1,1,1,2,1,0,0,1,1,0,0
405,3.371,NEPHROL DIAL TRANSPL,8,2,0,0,0,0,0,1,0,0,1,4
406,2.553,NEUROPHYSIOL CLIN,8,0,0,2,0,0,0,0,0,0,0,6
407,2.700,NEURORADIOLOGY,8,0,2,1,2,0,1,0,0,0,1,1
408,1.895,OPTOMETRY VISION SCI,8,0,0,0,1,0,1,1,2,1,0,2
409, ,P IEEE INT C ENG MED,8,0,1,3,1,1,1,1,0,0,0,0
410,22.929,PHYS REP,8,0,0,1,0,0,3,3,0,0,0,1
411, ,PRINCIPLES NEURAL SC,8,1,0,0,0,0,0,0,0,1,0,6
412,5.237,SPORTS MED,8,0,0,0,0,0,2,0,0,2,2,2
413, ,ST HEAL T,8,0,0,0,1,0,1,1,0,0,1,4
414,2.239,STAT SCI,8,0,0,0,0,0,0,0,0,0,0,8
415, ,ULTRASON,8,0,0,0,0,2,2,3,0,1,0,0
416,1.583,ULTRASONIC IMAGING,8,0,0,0,0,0,2,1,0,0,0,5
417, ,33 ANN INT C IEEE EN,7,0,6,1,0,0,0,0,0,0,0,0
418, ,33 ANN INT IEEE EMBS,7,0,7,0,0,0,0,0,0,0,0,0
419,1.934,ACM T MATH SOFTWARE,7,0,0,0,0,0,0,0,0,0,0,7
420,6.504,AM J CLIN NUTR,7,0,0,0,0,0,0,1,1,0,0,5
421,4.768,AM J MED,7,0,0,0,0,0,1,0,1,0,0,5
422,3.631,AM J OPHTHALMOL,7,0,0,0,2,1,1,1,0,1,1,0
423,3.969,ANALYST,7,0,0,4,0,1,0,0,0,0,2,0
424,2.528,ANN STAT,7,0,0,1,0,0,0,0,0,0,0,6
425,1.603,BMC MED INFORM DECIS,7,0,1,0,2,1,0,2,1,0,0,0
426,5.201,CANCER-AM CANCER SOC,7,0,0,0,0,0,1,0,0,1,0,5
427,1.200,CARDIOVASC ENG,7,0,0,2,2,0,1,0,1,0,0,1
428,1.818,CLIN EEG NEUROSCI,7,0,4,1,0,1,0,0,0,1,0,0
429,1.304,COMPUT STAT DATA AN,7,0,0,1,1,1,0,2,0,0,0,2
430,1.675,COMPUTER,7,0,0,0,1,3,1,0,0,1,0,1
431, ,CRIT REV BIOMEDI,7,0,0,0,0,0,0,0,0,0,0,7
432,2.776,DEV MED CHILD NEUROL,7,0,0,1,0,1,1,0,1,1,0,2
433, ,ELEMENTS STAT LEARNI,7,0,0,0,4,1,0,0,0,0,1,1
434,5.114,EUR J NUCL MED MOL I,7,0,2,1,0,0,0,0,1,1,0,2
435,2.820,EUR J VASC ENDOVASC,7,0,0,0,0,0,0,0,2,0,1,4
436,3.026,EXP EYE RES,7,0,1,0,1,1,0,2,1,0,0,1
437,5.210,GASTROINTEST ENDOSC,7,0,1,1,0,1,0,0,0,2,0,2
438, ,IEEE MTT S,7,0,0,0,3,0,1,0,0,0,0,3
439, ,IEEE RSJ INT C INT R,7,0,1,0,0,1,0,2,0,1,1,1
440,1.819,IEEE T CIRC SYST VID,7,0,0,1,0,1,0,1,0,1,2,1
441,1.327,IEEE T CIRCUITS-II,7,0,1,0,1,1,2,0,0,1,0,1
442,3.467,IEEE T GEOSCI REMOTE,7,0,0,0,0,0,0,1,1,0,0,5
443, ,IEEE T SPEECH AUDI P,7,0,0,0,0,0,0,0,2,0,0,5
444, ,INT C MED IM COMP CO,7,0,3,0,0,1,0,0,0,1,0,2
445,1.488,INT J MED ROBOT COMP,7,1,1,0,1,1,2,1,0,0,0,0
446,2.268,INT J SPORTS MED,7,0,0,2,0,1,0,0,0,0,0,4
447, ,INTRO STAT PATTERN R,7,0,0,0,0,0,0,0,0,0,0,7
448,10.677,J AM CHEM SOC,7,0,0,0,1,0,1,2,0,0,1,2
449,4.277,J AM SOC ECHOCARDIOG,7,0,0,0,2,3,0,0,0,2,0,0
450,1.259,J APPL BIOMECH,7,0,0,0,0,0,0,0,1,2,0,4
451,2.110,J ARTHROPLASTY,7,0,0,0,2,0,0,1,1,1,1,1
452,2.735,J BONE JOINT SURG BR,7,0,0,0,0,2,0,0,0,0,0,5
453, ,J DIABETES SCI TECHN,7,0,0,1,2,1,3,0,0,0,0,0
454,1.100,J DIGIT IMAGING,7,0,1,0,0,2,1,1,1,0,0,1
455,3.578,J NEUROL,7,0,0,1,1,1,0,0,0,0,1,3
456,3.607,J PHYS CHEM B,7,0,0,0,0,0,1,1,1,1,1,2
457, ,J PHYS E SCI INSTRUM,7,0,0,0,0,0,0,0,0,0,0,7
458,0.815,J PHYSIOL-PARIS,7,0,0,0,2,0,0,2,0,1,0,2
459,2.455,LASER SURG MED,7,0,0,4,0,0,0,1,0,0,0,2
460,3.218,MICROFLUID NANOFLUID,7,0,2,2,2,0,1,0,0,0,0,0
461,13.025,NANO LETT,7,0,2,3,0,1,0,0,1,0,0,0
462,24.302,NAT MED,7,0,0,0,1,1,1,2,0,1,0,1
463,35.000,NAT REV CANCER,7,0,0,0,0,3,0,1,0,1,0,2
464,1.182,NEUROL RES,7,0,0,2,0,1,0,1,0,1,1,1
465,1.417,NEUROREHABILITATION,7,0,1,0,1,2,0,0,1,0,0,2
466,2.204,NEUROSCI RES,7,0,1,0,0,1,0,1,0,1,0,3
467,5.633,NEUROSCIENTIST,7,0,0,0,1,0,2,1,0,1,1,1
468, ,P 28 IEEE EMBS ANN I,7,0,0,0,0,0,0,7,0,0,0,0
469, ,P 32 ANN INT C IEEE,7,0,0,7,0,0,0,0,0,0,0,0
470, ,P IEEE EMBC,7,1,3,3,0,0,0,0,0,0,0,0
471, ,P IEEE INT S CIRC SY,7,1,0,0,1,1,0,1,0,0,1,2
472,4.866,PFLUG ARCH EUR J PHY,7,0,0,0,0,1,0,0,0,0,0,6
473,4.742,PHARM RES-DORDR,7,0,1,0,1,0,2,0,0,0,0,3
474,6.230,PHILOS T R SOC B,7,0,0,0,0,0,2,0,0,0,0,5
475,9.035,PROG NEUROBIOL,7,0,0,1,0,0,0,0,2,0,0,4
476,9.797,PSYCHOL REV,7,0,0,0,0,0,0,0,0,0,0,7
477, ,ROBOTICS AUTOMATION,7,0,0,0,2,1,0,0,0,1,0,3
478,4.590,SCHIZOPHR RES,7,0,0,0,1,1,3,0,0,0,0,2
479,1.283,SPEECH COMMUN,7,0,0,1,1,1,1,0,0,0,2,1
480, ,STUD HLTH TECHNOL IN,7,0,3,0,0,0,0,0,0,1,0,3
481,4.065,TISSUE ENG,7,0,0,3,0,0,2,0,0,0,0,2
482, ,2008 IEEERSJ INT C,6,0,0,0,0,6,0,0,0,0,0,0
483, ,2009 IEEERSJ INT C,6,0,0,0,6,0,0,0,0,0,0,0
484, ,31 ANN INT C IEEE EM,6,0,0,0,6,0,0,0,0,0,0,0
485, ,32 ANN INT C IEEE EM,6,0,0,6,0,0,0,0,0,0,0,0
486, ,34 ANN INT C IEEE EM,6,6,0,0,0,0,0,0,0,0,0,0
487,2.345,ACTA OPHTHALMOL,6,0,0,1,0,2,0,0,0,0,0,3
488,1.611,AM FAM PHYSICIAN,6,0,0,0,0,0,0,1,2,1,1,1
489,4.514,AM J PHYSIOL-ENDOC M,6,0,0,1,0,0,0,0,0,0,0,5
490,4.439,AM J SPORT MED,6,0,0,1,0,0,0,0,1,0,0,4
491, ,AM REV RESPIR DIS,6,0,0,0,0,0,0,0,0,0,0,6
492, ,ANN INT C IEEE ENG M,6,0,0,4,0,0,0,1,0,0,0,1
493, ,APPL PSYCHOPHYS BIOF,6,0,0,1,0,1,0,0,3,0,0,1
494,2.000,ARCH CLIN NEUROPSYCH,6,0,0,0,1,0,0,2,0,2,0,1
495,2.919,AUTOMATICA,6,0,0,1,0,0,0,0,0,1,0,4
496,3.947,BIOELECTROCHEMISTRY,6,0,0,1,0,0,2,1,0,0,0,2
497, ,BIOMED ENG,6,1,1,0,2,0,0,0,1,0,0,1
498,1.650,BIOMETRIKA,6,0,0,0,0,0,0,0,0,0,0,6
499,1.581,BIOSYSTEMS,6,0,1,0,1,0,1,0,1,0,1,1
500, ,BRIT HEART J,6,0,0,0,0,0,0,0,0,0,0,6
501,2.814,CEREBROVASC DIS,6,0,1,0,0,1,0,0,0,1,0,3
502, ,COGNITION EMOTION,6,0,0,3,0,0,0,1,1,0,0,1
503, ,COMPUT BIOMED RES,6,0,0,0,0,0,0,0,0,0,0,6
504, ,COMPUT INTELL NEUROS,6,0,3,1,1,0,1,0,0,0,0,0
505, ,CYTOMETRY,6,0,0,0,0,0,0,0,0,0,0,6
506,7.895,DIABETES,6,0,0,0,2,0,0,1,0,0,1,2
507,2.205,DIABETES TECHNOL THE,6,0,1,1,0,0,0,1,0,0,1,2
508,3.261,ELECTROPHORESIS,6,0,3,0,0,1,0,0,0,0,0,2
509,9.822,EMBO J,6,0,0,0,0,0,0,0,0,1,1,4
510,3.067,EUR J PAIN,6,1,2,0,1,0,0,0,1,0,0,1
511, ,FUND STAT SI,6,0,0,0,0,0,0,0,0,0,1,5
512, ,GAIT ANAL NORMAL PAT,6,0,0,0,0,0,0,0,0,0,0,6
513,5.492,HIPPOCAMPUS,6,0,0,1,1,0,0,1,0,0,0,3
514, ,ICCV,6,0,1,0,1,0,1,0,1,0,1,1
515,3.661,IEEE COMMUN MAG,6,1,0,0,1,0,0,1,0,0,0,3
516, ,IEEE IMAGE PROC,6,0,1,1,0,0,1,0,0,1,0,2
517, ,IEEE INT C COMP VIS,6,0,1,0,0,0,2,0,0,0,0,3
518, ,IEEE INT C ROB AUT I,6,0,1,1,1,0,0,2,0,0,0,1
519,3.297,IEEE J-STSP,6,0,0,3,2,0,1,0,0,0,0,0
520,1.087,IEEE T CONSUM ELECTR,6,0,1,0,0,0,1,0,0,0,2,2
521,5.165,IEEE T IND ELECTRON,6,0,2,0,0,1,0,1,1,0,0,1
522, ,INT C IEEE ENG MED B,6,0,2,2,1,1,0,0,0,0,0,0
523,1.208,INT J IND ERGONOM,6,0,1,0,0,0,0,1,1,0,0,3
524,2.880,J BIOMED BIOTECHNOL,6,0,1,0,1,1,1,0,1,0,1,0
525,12.812,J CLIN INVEST,6,0,1,0,0,0,0,0,0,0,0,5
526,1.331,J EMERG MED,6,0,1,0,0,0,0,0,0,0,1,4
527,1.146,J INTEGR NEUROSCI,6,0,0,3,0,3,0,0,0,0,0,0
528,1.767,J MATH IMAGING VIS,6,0,1,0,0,0,1,1,0,0,0,3
529,0.670,J MED DEVICES,6,0,4,2,0,0,0,0,0,0,0,0
530,1.646,J NEUROL PHYS THER,6,0,1,1,2,0,0,1,1,0,0,0
531,2.875,J ORTHOP RES,6,1,1,0,1,0,0,0,0,1,0,2
532, ,J PHYS CHEM-US,6,0,0,0,0,0,1,0,0,0,0,5
533, ,J PHYSIOL 2,6,0,0,0,0,0,1,0,1,0,1,3
534,1.971,J SPEECH LANG HEAR R,6,0,2,0,1,0,1,0,0,0,0,2
535, ,J VIS EXP,6,0,5,0,0,0,0,0,0,0,0,1
536,7.916,KIDNEY INT,6,0,0,0,1,0,0,0,2,1,0,2
537,1.979,LARYNGOSCOPE,6,0,0,0,0,0,2,0,2,0,0,2
538, ,LIBSVM LIB SUPPORT V,6,0,0,0,0,0,0,0,0,0,0,6
539,2.002,METHOD ENZYMOL,6,0,0,1,0,0,0,1,0,0,1,3
540, ,METHOD MOL BIOL,6,1,0,0,0,2,0,1,0,0,0,2
541,11.340,MOL SYST BIOL,6,1,1,1,0,0,2,1,0,0,0,0
542,5.470,NEOPLASIA,6,0,0,0,1,0,0,0,2,1,0,2
543,0.880,OPT ENG,6,0,0,0,0,1,0,1,0,0,0,4
544, ,P 31 ANN INT C IEEE,6,0,0,0,6,0,0,0,0,0,0,0
545,1.419,P I MECH ENG H,6,0,2,1,0,0,2,0,0,0,1,0
546, ,PATTERN ANAL MACHINE,6,0,0,1,0,0,0,0,0,0,0,5
547,2.673,PEDIATR RES,6,0,3,0,0,0,1,0,0,1,0,1
548, ,PERCEPT MOTOR SKILL,6,0,0,1,1,0,0,0,0,0,1,3
549,1.570,PHYSIOTHERAPY,6,0,0,0,0,1,0,0,0,0,0,5
550,1.040,PRESENCE-TELEOP VIRT,6,0,0,4,0,0,0,0,0,0,0,2
551, ,PRINCIPAL COMPONENT,6,0,0,0,0,0,0,0,0,1,0,5
552, ,RANDOM POINT PROCESS,6,0,0,0,0,0,0,0,0,0,0,6
553, ,REH ROB ICORR 2011 I,6,0,6,0,0,0,0,0,0,0,0,0
554, ,SCAND J REHABIL MED,6,0,0,0,0,0,0,0,0,0,0,6
555,1.484,SIAM J NUMER ANAL,6,0,0,0,0,0,0,0,0,0,0,6
556,5.952,SIAM REV,6,0,1,0,2,0,0,0,0,0,0,3
557,1.458,STEREOT FUNCT NEUROS,6,0,0,1,1,0,2,0,0,0,0,2
558,3.427,SURG ENDOSC,6,0,0,0,1,0,1,1,0,0,0,3
559, ,SYST IDENTIFICATIO,6,0,0,0,0,0,0,0,0,0,0,6
560,0.785,TOP STROKE REHABIL,6,0,1,1,1,1,1,0,0,0,0,1
561, ,WORLD C MED PHYS BIO,6,0,0,0,4,0,0,0,0,0,0,2
562, ,2010 3 IEEE RAS,5,0,0,5,0,0,0,0,0,0,0,0
563, ,32 ANN INT C IEEE EN,5,0,0,5,0,0,0,0,0,0,0,0
564, ,5 INT IEEE EMBS C NE,5,0,5,0,0,0,0,0,0,0,0,0
565,12.062,ACS NANO,5,0,0,1,3,0,0,0,1,0,0,0
566,1.704,AM J EMERG MED,5,0,1,1,0,0,0,0,1,0,0,2
567,4.780,AM J EPIDEMIOL,5,0,0,0,0,0,0,2,0,0,0,3
568,3.665,AM J HYPERTENS,5,0,0,1,0,0,0,0,1,0,1,2
569,3.486,ANAESTHESIA,5,0,0,0,0,0,0,0,0,0,1,4
570,2.582,ANAL BIOCHEM,5,0,0,0,0,0,1,0,1,0,1,2
571,4.285,ANN EMERG MED,5,0,1,1,0,0,0,0,0,0,0,3
572,0.736,ANN I STAT MATH,5,0,0,0,0,1,0,0,0,0,0,4
573,6.329,ANN SURG,5,0,0,0,0,0,1,0,0,2,0,2
574,13.772,ARCH GEN PSYCHIAT,5,0,1,0,0,0,0,0,0,0,0,4
575,1.491,ASAIO J,5,0,0,1,0,1,0,0,0,1,0,2
576, ,BASIC BIOMECHANICS M,5,0,0,0,0,0,0,0,0,0,0,5
577,3.648,BIOTECHNOL BIOENG,5,0,1,0,0,1,1,0,0,1,0,1
578,3.760,BJOG-INT J OBSTET GY,5,0,0,0,0,0,0,0,0,0,3,2
579,9.060,BLOOD,5,0,1,0,0,0,0,0,0,1,0,3
580,1.804,BLOOD PRESS MONIT,5,0,2,0,1,0,0,0,1,0,1,0
581,3.000,BMC NEUROSCI,5,0,1,1,1,0,1,0,1,0,0,0
582,1.513,BRAIN INJURY,5,0,0,0,0,0,2,1,0,0,0,2
583, ,BRAIN RES COGN BRAIN,5,0,0,0,0,0,0,0,0,1,1,3
584,3.759,BRIT J DERMATOL,5,0,0,0,0,2,0,0,1,1,0,1
585, ,C4 5 PROGRAMS MACHIN,5,0,0,0,0,0,0,0,0,0,0,5
586,2.291,CHEMOMETR INTELL LAB,5,0,0,0,0,0,0,1,0,0,0,4
587,3.337,COMMUN PUR APPL MATH,5,0,0,0,0,0,0,1,0,0,0,4
588, ,COMMUNICATION,5,2,0,1,1,0,0,0,0,0,0,1
589,0.783,COMPUT AIDED SURG,5,0,0,0,0,2,0,0,0,0,0,3
590,0.755,COMPUT J,5,0,0,0,0,0,0,0,0,1,0,4
591, ,COMPUT VISION GRAPH,5,0,0,0,0,0,0,0,0,0,0,5
592, ,COMPUT VISION IMAG,5,0,0,0,2,0,0,0,0,0,1,2
593,3.241,DIABETIC MED,5,0,0,0,0,1,0,0,0,0,0,4
594, ,ELECTROMYOGR MOTOR C,5,0,0,0,0,0,0,0,0,0,0,5
595, ,FRONTIERS NEUROENGIN,5,1,0,4,0,0,0,0,0,0,0,0
596, ,I IEEE EMBS C NEUR E,5,0,3,0,2,0,0,0,0,0,0,0
597,1.228,IEEE COMPUT GRAPH,5,0,0,0,0,0,0,4,0,0,0,1
598,1.930,IEEE INTELL SYST,5,1,2,0,0,0,0,0,1,0,0,1
599,2.484,IEEE ROBOT AUTOM MAG,5,0,0,0,1,0,2,0,0,0,0,2
600,1.379,IEEE T COMPUT,5,1,0,0,0,0,0,0,0,0,0,4
601,0.921,INT J BIFURCAT CHAOS,5,0,2,0,1,0,0,0,0,2,0,0
602,2.692,INT J DEV NEUROSCI,5,0,0,0,3,0,1,0,1,0,0,0
603,1.415,INT J HUM-COMPUT ST,5,0,0,1,0,1,0,0,0,2,1,0
604, ,INT J INNOVATION LEA,5,0,0,0,0,0,2,1,2,0,0,0
605, ,INTRO SUPPORT VECTOR,5,0,0,0,0,0,0,0,0,0,0,5
606,1.896,INVERSE PROBL,5,0,0,1,1,1,0,0,0,2,0,0
607,5.460,INVEST RADIOL,5,0,0,1,1,0,0,0,0,0,0,3
608,1.630,J AM ACAD AUDIOL,5,0,1,0,0,0,0,0,0,0,0,4
609,2.131,J BIOMED INFORM,5,1,0,1,0,2,0,0,0,1,0,0
610,2.527,J CATARACT REFR SURG,5,0,0,1,0,0,0,1,2,0,0,1
611,18.038,J CLIN ONCOL,5,0,1,0,0,1,1,0,0,0,1,1
612,3.688,J CLIN PERIODONTOL,5,0,0,0,0,0,0,0,0,0,0,5
613,2.928,J CLIN SLEEP MED,5,0,1,1,1,2,0,0,0,0,0,0
614,1.685,J ECT,5,0,1,4,0,0,0,0,0,0,0,0
615, ,J EXP PSYCHOL,5,0,0,0,0,0,0,0,0,0,0,5
616, ,J EXP PSYCHOL GEN,5,0,0,0,0,0,0,0,0,0,0,5
617,1.071,J HEART VALVE DIS,5,0,0,0,0,1,0,0,3,0,0,1
618,1.386,J INTERV CARD ELECTR,5,0,0,1,3,0,0,0,1,0,0,0
619,0.758,J MECH MED BIOL,5,0,2,0,0,2,0,0,0,0,1,0
620,0.904,J MED BIOL ENG,5,0,0,3,2,0,0,0,0,0,0,0
621,1.633,J MICROSC-OXFORD,5,0,1,0,0,0,0,1,0,1,0,2
622, ,J PHYS C SERIES,5,0,1,3,0,1,0,0,0,0,0,0
623, ,J PROSTHET ORTHOT,5,0,0,0,0,0,0,0,0,0,0,5
624,4.066,J PSYCHIATR RES,5,0,0,0,1,0,0,0,1,0,0,3
625,1.795,J STRENGTH COND RES,5,0,1,0,0,0,1,0,1,0,1,1
626,1.467,J TELEMED TELECARE,5,0,2,0,2,0,0,1,0,0,0,0
627,0.787,J TIME SER ANAL,5,0,0,0,0,0,0,0,0,0,0,5
628,1.195,J VIS COMMUN IMAGE R,5,1,0,0,0,1,0,1,0,0,0,2
629,6.164,JACC-CARDIOVASC IMAG,5,0,0,1,1,3,0,0,0,0,0,0
630,14.336,JNCI-J NATL CANCER I,5,0,0,2,0,0,0,0,0,0,0,3
631,2.010,KNEE,5,0,0,0,0,0,1,0,0,2,0,2
632,5.790,MAYO CLIN PROC,5,0,1,0,0,0,1,0,1,0,0,2
633,7.960,NAT PROTOC,5,0,2,0,1,0,1,1,0,0,0,0
634,33.078,NAT REV DRUG DISCOV,5,0,0,0,0,0,0,1,3,0,1,0
635,37.162,NAT REV MOL CELL BIO,5,0,0,0,0,1,1,0,1,0,1,1
636, ,NAT STAT LEARNING,5,0,0,0,0,0,0,0,0,0,0,5
637,0.333,NETWORK-COMP NEURAL,5,0,0,0,0,0,0,0,0,1,0,4
638, ,NEUROIMAGE IN PRESS,5,2,1,0,0,0,0,0,0,0,0,2
639,1.190,NEUROMODULATION,5,0,0,0,1,0,0,0,0,1,0,3
640,3.579,NEUROPSYCHOLOGY,5,0,0,1,0,0,1,1,0,1,0,1
641,4.039,OSTEOPOROSIS INT,5,0,0,2,0,0,1,1,1,0,0,0
642, ,P 26 ANN INT C IEEE,5,0,0,1,0,0,0,0,0,4,0,0
643, ,P ANN INT IEEE E 1 6,5,0,0,0,0,0,0,0,0,0,0,5
644, ,P IEEE EMBS,5,0,2,0,0,0,1,1,0,0,0,1
645, ,P SPIE MED IMAGING,5,0,0,1,1,0,1,0,0,0,0,2
646,2.354,PEDIATR CRIT CARE ME,5,0,1,0,0,0,1,1,2,0,0,0
647,1.766,PHYS LETT A,5,0,0,1,1,0,0,0,0,0,0,3
648, ,PHYS REV,5,0,0,0,0,0,0,0,1,0,1,3
649, ,PROC SPIE,5,2,2,1,0,0,0,0,0,0,0,0
650,2.040,PSYCHIAT CLIN NEUROS,5,0,0,0,0,0,0,0,0,0,0,5
651,2.205,PSYCHOMETRIKA,5,0,0,0,0,0,0,0,0,0,0,5
652,2.929,RESTOR NEUROL NEUROS,5,0,0,1,1,1,1,1,0,0,0,0
653,0.880,ROBOTICA,5,0,0,0,1,1,0,1,1,0,0,1
654,1.577,SIAM J APPL MATH,5,0,0,0,0,0,0,1,0,0,0,4
655,8.681,SLEEP MED REV,5,0,0,0,0,0,0,0,0,0,2,3
656,2.024,SMART MATER STRUCT,5,0,0,1,0,2,0,0,0,1,0,1
657,1.124,SOFT COMPUT,5,0,1,0,0,1,0,2,1,0,0,0
658, ,T JPN SOC MECH E C,5,0,2,0,1,0,0,0,0,1,1,0
659,0.638,TECHNOL HEALTH CARE,5,0,0,0,3,1,0,1,0,0,0,0
660,8.376,THORAX,5,0,1,0,0,0,1,0,0,1,0,2
661, ,TOPICS SPINAL CORD I,5,0,3,0,0,0,0,1,0,1,0,0
662,9.660,TRENDS BIOTECHNOL,5,1,1,0,0,0,1,0,0,1,0,1
663,1.475,VISUAL NEUROSCI,5,0,0,0,0,0,2,0,0,0,0,3
664, ,2 INT ICST C WIR MOB,4,0,3,1,0,0,0,0,0,0,0,0
665, ,2010 3 INT C BIOM,4,0,0,4,0,0,0,0,0,0,0,0
666,1.757,ACAD EMERG MED,4,0,0,0,2,1,0,0,0,1,0,0
667,2.355,ACTA ANAESTH SCAND,4,0,0,0,1,1,0,0,2,0,0,0
668,1.546,ACTA NEUROCHIR,4,1,0,1,0,0,0,0,0,0,0,2
669, ,ACTA PHYSIOL SCAND,4,0,0,0,0,0,0,0,0,0,0,4
670, ,ADV KERNEL METHODS S,4,0,0,0,0,0,0,0,0,0,0,4
671, ,AM J OCCUP THER,4,0,0,0,0,0,0,0,0,0,0,4
672,1.731,AM J PHYS MED REHAB,4,0,0,1,0,1,0,0,0,0,0,2
673,0.976,AM STAT,4,0,0,0,0,0,0,0,0,0,1,3
674,1.084,ANN NONINVAS ELECTRO,4,0,0,1,0,2,0,0,0,0,0,1
675,9.111,ANN RHEUM DIS,4,0,0,0,0,0,0,0,1,1,0,2
676,12.600,ANNU REV FLUID MECH,4,0,0,0,0,0,0,0,1,0,0,3
677,3.370,ARCH BIOCHEM BIOPHYS,4,0,0,0,0,1,0,0,1,0,1,1
678,4.792,ARCH DERMATOL,4,0,0,0,0,0,1,0,1,0,0,2
679,3.451,ARCH DIS CHILD-FETAL,4,0,0,0,0,2,1,1,0,0,0,0
680,6.338,ARTERIOSCL THROM VAS,4,0,0,0,0,0,0,0,0,0,1,3
681, ,ARVO MAY,4,0,3,1,0,0,0,0,0,0,0,0
682,2.318,AUDIOL NEURO-OTOL,4,0,0,0,1,0,0,0,0,0,1,2
683, ,BIOCHIM BIOPHYS ACTA,4,0,0,0,0,0,0,0,0,0,0,4
684, ,BIOMECHANICS MECH PR,4,0,0,0,0,0,0,0,0,0,0,4
685,3.176,BIOMED OPT EXPRESS,4,2,2,0,0,0,0,0,0,0,0,0
686, ,BIOMED SIGNAL AN,4,0,0,0,0,0,0,0,0,0,0,4
687,3.385,BIOMICROFLUIDICS,4,1,1,2,0,0,0,0,0,0,0,0
688,4.397,BMC GENOMICS,4,0,1,1,1,1,0,0,0,0,0,0
689,1.220,BRACHYTHERAPY,4,2,2,0,0,0,0,0,0,0,0,0
690,5.298,BRIEF BIOINFORM,4,0,1,1,1,0,1,0,0,0,0,0
691,1.217,BRIT J RADIOL,4,0,0,0,0,0,0,0,0,1,0,3
692,3.668,BRIT J SPORT MED,4,0,0,1,1,0,0,1,1,0,0,0
693,1.556,CAN J PHYSIOL PHARM,4,0,0,0,0,0,0,0,0,2,0,2
694,2.352,CARDIOVASC PATHOL,4,0,0,0,0,0,1,0,0,0,0,3
695,1.912,CELL BIOCHEM BIOPHYS,4,0,0,0,0,0,0,1,2,0,0,1
696,5.947,CIRC-ARRHYTHMIA ELEC,4,0,0,2,1,1,0,0,0,0,0,0
697,1.238,CLEFT PALATE-CRAN J,4,0,0,1,0,0,1,0,1,0,0,1
698,2.160,CLIN EXP PHARMACOL P,4,0,1,0,0,0,1,0,0,0,0,2
699, ,CLIN PHYS PHYSIOL M,4,0,0,0,0,0,0,0,0,0,0,4
700, ,COMP VIS PATT REC WO,4,0,1,0,0,0,0,1,0,2,0,0
701, ,COMPUT ELECTR,4,0,0,0,0,0,0,0,1,0,0,3
702,1.638,COMPUT GRAPH FORUM,4,0,0,0,0,0,1,1,0,0,0,2
703,0.794,COMPUT GRAPH-UK,4,0,0,0,0,0,0,0,1,0,0,3
704, ,COMPUT NEUROS,4,0,0,0,0,0,0,0,0,0,3,1
705, ,COMPUTING SCI ENG,4,0,0,2,0,0,1,0,0,0,0,1
706,6.161,CORTEX,4,0,1,0,0,0,0,0,0,0,0,3
707,3.711,CYTOM PART A,4,0,0,0,0,0,0,0,2,1,1,0
708, ,DISCRETE TIME SIGNAL,4,0,0,0,1,0,0,0,0,0,0,3
709, ,EEG SIGNAL PROCESSIN,4,0,0,0,0,0,4,0,0,0,0,0
710,2.817,ELECTROANAL,4,0,1,0,0,0,1,0,0,1,0,1
711, ,ELEMENTS INFORM THEO,4,0,0,0,0,0,0,1,0,0,0,3
712, ,EQUILIBRIUM RES,4,0,0,0,0,0,0,1,0,0,0,3
713,1.458,EUR ARCH OTO-RHINO-L,4,0,0,0,0,1,1,0,1,0,0,1
714, ,EUR J BIOCHEM,4,0,0,0,0,0,0,0,0,0,0,4
715,5.061,EUR J CANCER,4,0,0,0,1,2,0,0,0,0,0,1
716, ,EXPERIENTIA,4,0,0,0,0,0,0,0,0,0,0,4
717,5.704,FASEB J,4,0,0,0,0,0,0,0,1,0,0,3
718, ,FRONT NEUROSCIENCE,4,0,3,1,0,0,0,0,0,0,0,0
719,1.749,FUZZY SET SYST,4,0,0,0,0,2,0,0,0,0,0,2
720,14.397,GENOME RES,4,0,0,0,1,0,0,1,0,1,1,0
721, ,HARRISONS PRINCIPLES,4,0,0,0,0,1,0,0,1,0,0,2
722,1.182,HUM FACTORS,4,0,0,0,0,0,0,0,0,0,0,4
723,2.791,HYPERTENS RES,4,0,0,0,2,0,0,0,0,1,0,1
724, ,ICPR,4,0,0,2,0,0,0,1,0,0,0,1
725,1.180,IEEE ANTENN PROPAG M,4,0,1,0,0,0,1,1,0,0,0,1
726, ,IEEE C COMP VIS PATT,4,0,0,0,2,1,0,0,1,0,0,0
727, ,IEEE INT C INT ROBOT,4,0,3,1,0,0,0,0,0,0,0,0
728, ,IEEE INT C REH ROB J,4,0,3,0,1,0,0,0,0,0,0,0
729, ,IEEE ISSCC,4,3,1,0,0,0,0,0,0,0,0,0
730,4.078,IEEE J SEL TOP QUANT,4,0,0,2,0,1,0,0,0,0,0,1
731,2.055,IEEE PERVAS COMPUT,4,0,0,0,0,1,1,0,0,1,0,1
732, ,IEEE RAS EMBS INT C,4,0,0,1,0,1,0,2,0,0,0,0
733, ,IEEE SENSOR,4,0,0,4,0,0,0,0,0,0,0,0
734, ,IEEE T IN PRESS,4,3,1,0,0,0,0,0,0,0,0,0
735,1.219,IEEE T NUCL SCI,4,0,0,0,0,0,1,0,0,0,1,2
736,0.868,IEEE T PLASMA SCI,4,0,0,0,0,0,0,1,0,1,0,2
737, ,IEEE T SYST MAN SMC,4,0,0,0,0,0,0,0,0,0,0,4
738,0.314,IEICE T COMMUN,4,0,1,2,1,0,0,0,0,0,0,0
739, ,INT C BOD SENS NETW,4,0,2,2,0,0,0,0,0,0,0,0
740, ,INT C PATT RECOG,4,0,0,0,0,0,0,0,0,0,0,4
741,2.315,INT J HEAT MASS TRAN,4,0,0,0,0,0,0,0,0,0,0,4
742,2.591,INT J HYPERTHER,4,0,0,0,0,1,0,0,1,0,0,2
743,0.639,INT J IMAG SYST TECH,4,0,0,0,1,0,0,0,1,0,0,2
744,5.054,INT J NEURAL SYST,4,0,3,0,0,0,1,0,0,0,0,0
745,1.216,INT J NEUROSCI,4,0,1,1,0,0,1,0,0,0,0,1
746,1.310,INT J NUMER METH BIO,4,0,2,2,0,0,0,0,0,0,0,0
747, ,INT WORKSH WEAR IMPL,4,0,0,0,1,0,0,3,0,0,0,0
748,4.500,J AM COLL SURGEONS,4,0,0,1,0,1,0,0,1,0,1,0
749,3.797,J AM DIET ASSOC,4,0,0,2,0,0,0,1,0,0,0,1
750,1.298,J AMB INTEL SMART EN,4,0,4,0,0,0,0,0,0,0,0,0
751,0.867,J ANESTH,4,0,0,0,0,0,0,1,0,0,2,1
752, ,J AUTISM DEV DISORD,4,0,0,0,1,0,0,0,0,0,1,2
753,10.822,J CELL BIOL,4,0,1,1,0,0,0,1,0,0,0,1
754,5.877,J CELL SCI,4,0,0,0,1,0,1,0,0,0,0,2
755, ,J CLIN MONITOR,4,0,0,0,0,0,0,0,0,0,0,4
756,0.758,J DYN SYST-T ASME,4,0,1,0,0,0,0,1,0,0,0,2
757,2.368,J MECH BEHAV BIOMED,4,1,1,0,1,1,0,0,0,0,0,0
758,0.635,J MED ULTRASON,4,0,1,1,0,0,0,0,0,0,0,2
759, ,J MOBILE MULTIMEDIA,4,0,0,0,0,0,0,4,0,0,0,0
760,5.148,J MOL CELL CARDIOL,4,0,0,3,0,0,0,0,0,0,0,1
761,1.163,J PEDIATR ORTHOPED,4,0,1,0,0,1,1,0,0,0,1,0
762,4.035,J PEDIATR-US,4,0,0,0,0,0,0,0,2,0,0,2
763,3.130,J PHARM SCI-US,4,0,0,0,1,2,0,0,0,0,0,1
764,2.528,J PHYS D APPL PHYS,4,0,0,0,0,2,2,0,0,0,0,0
765, ,J PHYSIOL 1,4,0,0,0,0,0,0,0,1,1,0,2
766, ,J PROSTHETICS ORTHOT,4,0,0,0,0,2,0,1,0,0,0,1
767,2.082,J SPORT SCI,4,0,0,0,0,0,0,0,0,0,0,4
768,4.910,J STAT SOFTW,4,0,1,2,1,0,0,0,0,0,0,0
769,1.000,J VESTIBUL RES-EQUIL,4,0,0,0,0,1,0,0,2,0,1,0
770,2.952,JARO-J ASSOC RES OTO,4,0,0,0,0,0,3,0,1,0,0,0
771, ,JPN HEART J,4,0,0,0,0,0,0,0,0,0,0,4
772, ,LEARN KERNELS SUP,4,0,0,0,0,0,0,0,0,0,0,4
773, ,LECT NOTES COMPUT II,4,0,1,3,0,0,0,0,0,0,0,0
774,0.614,LECT NOTES MATH,4,0,0,0,0,0,0,0,0,0,0,4
775,1.454,MATH BIOSCI,4,0,0,0,0,1,0,0,0,0,0,3
776,2.844,MATURITAS,4,2,0,1,1,0,0,0,0,0,0,0
777, ,MCDONALDS BLOOD FLOW,4,0,3,0,0,0,0,0,1,0,0,0
778,1.214,MECH MACH THEORY,4,0,0,0,0,0,0,0,1,0,0,3
779, ,MED IMAGE COMPUTING,4,0,1,1,0,0,0,0,0,0,0,2
780, ,MED INFORM INTERNET,4,0,0,0,0,0,0,0,0,4,0,0
781,2.853,MED J AUSTRALIA,4,0,0,0,0,2,0,0,1,0,0,1
782,1.358,MED SCI MONITOR,4,0,0,1,0,0,1,0,1,1,0,0
783, ,MMWR-MORBID MORTAL W,4,0,1,0,1,0,0,2,0,0,0,0
784,1.109,MOBILE NETW APPL,4,0,2,1,1,0,0,0,0,0,0,0
785,3.130,MOL MEMBR BIOL,4,0,0,0,0,0,0,0,4,0,0,0
786,6.930,NANOMED-NANOTECHNOL,4,0,1,2,0,1,0,0,0,0,0,0
787,3.842,NANOTECHNOLOGY,4,0,0,1,1,1,0,0,1,0,0,0
788, ,NAT CLIN PRACT NEURO,4,0,0,0,0,1,2,1,0,0,0,0
789,31.170,NAT NANOTECHNOL,4,0,0,1,0,1,2,0,0,0,0,0
790, ,NEURAL NETWORKS LEAR,4,0,0,0,2,2,0,0,0,0,0,0
791,3.038,NEUROCRIT CARE,4,0,0,2,0,1,1,0,0,0,0,0
792,2.371,NEUROPSYCHOBIOLOGY,4,0,0,0,0,0,0,0,2,0,0,2
793,1.409,NONLINEAR PROC GEOPH,4,0,0,0,0,0,0,0,0,3,0,1
794, ,NONLINEAR TIME SERIE,4,0,0,0,0,0,0,0,0,3,0,1
795,3.922,OBESITY,4,0,0,1,1,0,1,0,0,0,1,0
796,1.054,ORTHOPEDICS,4,0,1,0,0,0,0,0,0,0,0,3
797, ,P 10 IEEE INT C REH,4,0,0,0,0,0,4,0,0,0,0,0
798, ,P 12 INT C EL IMP TO,4,0,4,0,0,0,0,0,0,0,0,0
799, ,P 14 INT JOINT C ART,4,0,0,0,0,0,0,0,0,0,0,4
800, ,P 30 ANN INT C IEEE,4,0,0,0,0,3,0,1,0,0,0,0
801, ,P 5 BERK S MATH STAT,4,0,0,0,0,0,0,0,0,0,0,4
802, ,P 5 INT C PERV COMP,4,0,4,0,0,0,0,0,0,0,0,0
803, ,P IEEE INT C REH ROB,4,0,4,0,0,0,0,0,0,0,0,0
804, ,P IEEE RSJ INT C INT,4,0,1,0,1,1,0,0,0,0,0,1
805, ,PACING CLIN ELECTR 1,4,0,0,0,0,0,0,0,1,0,0,3
806, ,PARAPLEGIA,4,0,0,0,0,0,0,0,0,0,0,4
807,1.311,PERCEPTION,4,0,0,0,2,1,0,0,0,0,0,1
808,2.456,PSYCHIAT RES,4,0,0,1,1,0,1,0,0,0,0,1
809, ,PSYCHOL AGING,4,0,0,1,0,0,0,0,0,0,0,3
810,4.520,RADIOTHER ONCOL,4,0,1,2,0,0,0,0,0,0,0,1
811,0.268,REV BRAS MED ESPORTE,4,0,1,0,0,0,0,0,1,1,0,1
812,1.156,ROBOT AUTON SYST,4,0,0,0,2,0,0,0,0,1,1,0
813,3.775,SCAND J WORK ENV HEA,4,0,0,1,0,0,0,0,0,0,1,2
814,3.818,SEMIN NUCL MED,4,0,0,0,1,0,0,0,0,0,0,3
815, ,SEQUENTIAL MONTE CAR,4,0,0,0,0,0,0,0,0,0,0,4
816, ,SOL STAT SENS ACT MI,4,0,2,0,0,1,0,0,1,0,0,0
817, ,SPATIAL VISION,4,0,0,0,0,0,0,0,0,0,0,4
818, ,STAT LEARN THEORY,4,0,0,0,0,0,0,0,0,0,0,4
819,2.044,STAT MED,4,0,0,0,0,0,2,0,0,0,0,2
820, ,STUD HEALTH TECHNOL,4,0,1,1,0,0,0,0,0,2,0,0
821, ,SURG NEUROL,4,0,0,0,0,1,0,0,1,0,0,2
822,2.859,SURV OPHTHALMOL,4,0,0,0,0,2,0,0,0,0,0,2
823,3.498,TALANTA,4,0,0,0,0,1,1,0,1,0,0,1
824,1.943,TECHNOL CANCER RES T,4,0,1,0,0,0,1,0,1,0,0,1
825, ,TECHNOL DISABIL,4,0,0,0,0,0,0,0,0,1,3,0
826, ,THEOR NEUROSCI,4,0,0,0,0,0,0,0,0,0,0,4
827, ,THESIS U WATERLOO WA,4,0,1,0,0,1,0,1,0,0,0,1
828, ,2008 IEEE BIOM CIRC,3,0,0,0,0,3,0,0,0,0,0,0
829, ,2009 IEEE INT S,3,0,0,0,3,0,0,0,0,0,0,0
830, ,2011 7 INT C INT ENV,3,0,3,0,0,0,0,0,0,0,0,0
831, ,28 ANN INT C IEEE EN,3,0,0,0,0,0,0,3,0,0,0,0
832, ,29 ANN INT C IEEE EN,3,0,0,0,0,0,3,0,0,0,0,0
833, ,3 INT C BIOINF BIOM,3,0,0,0,3,0,0,0,0,0,0,0
834, ,34 ANN INT C IEEE EN,3,3,0,0,0,0,0,0,0,0,0,0
835, ,34 INT C IEEE ENG ME,3,3,0,0,0,0,0,0,0,0,0,0
836, ,4 INT IEEE EMBS C NE,3,0,0,0,3,0,0,0,0,0,0,0
837, ,6 INT WORKSH WEAR,3,0,0,0,3,0,0,0,0,0,0,0
838, ,A6 U FLOR,3,0,0,0,0,0,0,0,3,0,0,0
839, ,AC SPEECH SIGN PROC,3,0,1,0,0,0,0,2,0,0,0,0
840,20.833,ACCOUNTS CHEM RES,3,0,0,0,0,0,0,0,0,0,0,3
841, ,ACM SIGKDD EXPLORATI,3,0,0,0,2,0,0,0,0,1,0,0
842, ,ACOUST IMAG,3,0,0,0,0,1,1,0,0,0,0,1
843, ,ACOUST IMAGING,3,0,2,0,0,0,1,0,0,0,0,0
844,2.474,ACTA NEUROL SCAND,3,0,0,0,0,0,0,1,0,0,0,2
845,1.974,ACTA PAEDIATR,3,0,0,1,1,0,0,0,0,0,0,1
846, ,ACTA PSYCHOL,3,0,0,0,0,1,0,0,0,0,0,2
847, ,ADV NEUR IN,3,0,0,0,0,0,0,0,0,1,0,2
848, ,ADV PSYCHOL,3,0,0,0,0,0,0,0,0,1,0,2
849, ,AFFECTIVE COMPUTING,3,0,1,0,0,0,0,0,0,0,0,2
850,5.953,AGEING RES REV,3,1,0,1,0,0,1,0,0,0,0,0
851, ,AIP C PROC,3,0,2,1,0,0,0,0,0,0,0,0
852,2.881,AM J CLIN PATHOL,3,0,0,0,0,1,0,0,0,0,1,1
853,1.984,AM J HEALTH-SYST PH,3,0,0,1,0,0,0,0,0,0,1,1
854,11.202,AM J HUM GENET,3,0,0,1,1,0,1,0,0,0,0,0
855,1.458,AM J ORTHOD DENTOFAC,3,0,1,0,0,0,0,0,0,0,0,2
856,4.522,AM J PATHOL,3,0,0,0,0,0,1,0,0,0,0,2
857,0.782,AM J PHYS,3,0,0,0,0,0,0,0,0,0,0,3
858,3.945,AM J PREV MED,3,0,2,0,0,0,0,0,0,1,0,0
859,4.387,ANAL CHIM ACTA,3,0,0,1,0,0,0,0,0,0,1,1
860,0.553,ANALOG INTEGR CIRC S,3,0,0,1,1,0,0,0,1,0,0,0
861,1.184,ANGLE ORTHOD,3,0,0,0,0,0,0,0,0,0,0,3
862,2.237,ANN APPL STAT,3,0,2,0,1,0,0,0,0,0,0,0
863, ,ANN INT C IEEE MED B,3,0,1,1,0,0,0,0,0,1,0,0
864,15.265,ANNU REV PSYCHOL,3,0,0,0,0,0,0,1,0,0,0,2
865,3.268,ANNU REV PUBL HEALTH,3,0,0,0,0,0,0,0,0,0,0,3
866,0.483,APPL BIONICS BIOMECH,3,0,1,0,2,0,0,0,0,0,0,0
867,2.485,APPL COMPUT HARMON A,3,0,0,0,1,1,0,0,1,0,0,0
868,1.853,APPL INTELL,3,0,0,0,3,0,0,0,0,0,0,0
869,1.349,APPL MATH COMPUT,3,0,1,0,0,0,0,0,0,0,2,0
870, ,APPL MULTIVAR ST,3,1,0,0,0,0,1,1,0,0,0,0
871, ,APPL SCI BIOM COMM T,3,0,0,3,0,0,0,0,0,0,0,0
872,1.942,APPL SPECTROSC,3,0,0,0,0,0,0,1,0,0,0,2
873,10.579,ARCH INTERN MED,3,0,0,0,0,1,0,0,0,1,0,1
874,1.779,ARCH OTOLARYNGOL,3,0,0,0,0,1,1,0,0,0,0,1
875,4.282,ARCH PEDIAT ADOL MED,3,1,0,0,1,0,0,0,0,0,0,1
876,4.100,ARCH SURG-CHICAGO,3,0,0,0,0,0,0,0,0,1,0,2
877,0.827,ARQ NEURO-PSIQUIAT,3,0,0,1,0,0,0,0,1,0,0,1
878, ,ARVO,3,0,1,2,0,0,0,0,0,0,0,0
879,0.284,AT-AUTOM,3,0,2,0,0,1,0,0,0,0,0,0
880, ,AUST J PHYSIOTHER,3,0,0,0,1,0,0,1,1,0,0,0
881, ,AUTOMATED IMAGE DETE,3,0,0,3,0,0,0,0,0,0,0,0
882, ,AUTOMATIC CONTROL IE,3,0,0,0,0,0,0,0,0,0,0,3
883,1.908,AUTON ROBOT,3,0,0,1,0,0,0,0,0,0,1,1
884,2.023,B MATH BIOL,3,0,1,0,0,0,0,0,0,0,0,2
885, ,B MATH BIOPHYS,3,0,0,0,0,0,0,0,0,0,0,3
886,18.571,BEHAV BRAIN SCI,3,0,0,0,0,0,0,0,0,0,0,3
887,2.634,BEHAV NEUROSCI,3,0,0,0,0,0,1,0,0,2,0,0
888,3.377,BIOCHEMISTRY-US,3,0,0,0,0,1,0,1,1,0,0,0
889, ,BIOIMPEDANCE BIOELEC,3,0,0,0,0,3,0,0,0,0,0,0
890, ,BIOM IM NAN MACR 201,3,0,3,0,0,0,0,0,0,0,0,0
891, ,BIOMED CIRCUITS,3,0,2,0,0,0,0,0,0,0,0,1
892, ,BIOMED SCI INSTRUM,3,0,0,0,0,0,0,1,0,0,0,2
893,1.293,BIORHEOLOGY,3,0,0,0,0,0,0,0,0,0,0,3
894,2.427,BIOSTATISTICS,3,0,0,0,0,0,1,0,1,0,1,0
895,5.872,BREAST CANCER RES,3,0,0,1,0,0,0,0,0,1,0,1
896,5.082,BRIT J CANCER,3,0,0,1,0,0,0,0,0,0,0,2
897,3.302,BRIT J NUTR,3,0,0,0,0,0,0,0,0,0,0,3
898, ,C951 IEEE,3,0,0,0,0,0,0,0,1,0,0,2
899,2.127,CAN J ANESTH,3,0,0,1,0,1,1,0,0,0,0,0
900,1.147,CARDIOL J,3,0,0,0,1,2,0,0,0,0,0,0
901,0.948,CARDIOL YOUNG,3,0,0,0,0,1,0,0,0,0,0,2
902,8.371,CELL DEATH DIFFER,3,0,0,0,0,0,1,1,0,0,0,1
903,1.246,CHAOS SOLITON FRACT,3,0,0,0,0,0,0,0,1,1,0,1
904,3.578,CIRC J,3,1,0,0,1,0,0,1,0,0,0,0
905, ,CLASSIFICATION REGRE,3,0,0,0,0,0,0,0,0,0,0,3
906, ,CLIN ELECTROENCEPHAL,3,0,0,0,0,0,0,0,0,0,0,3
907,9.374,CLIN INFECT DIS,3,0,0,0,0,0,1,0,2,0,0,0
908,1.869,CLIN OTOLARYNGOL,3,0,0,0,0,1,0,0,0,1,0,1
909, ,CLINICS,3,0,0,1,1,0,0,0,1,0,0,0
910, ,COMP MED SY,3,0,0,0,0,1,0,0,1,0,0,1
911, ,COMPUT METH IN PRESS,3,1,0,2,0,0,0,0,0,0,0,0
912, ,CONSCIOUS COGN,3,0,1,0,0,0,0,1,0,0,0,1
913, ,COORDINATION REGULAT,3,0,0,0,0,0,0,0,0,0,0,3
914, ,COUGH,3,0,0,0,2,0,0,1,0,0,0,0
915,2.400,CURR OPIN ANESTHESIO,3,0,0,0,2,1,0,0,0,0,0,0
916,7.860,CURR OPIN BIOTECH,3,0,0,0,1,1,0,0,0,0,1,0
917,2.564,CURR OPIN CARDIOL,3,0,0,0,0,1,0,0,1,1,0,0
918, ,DATA MINING CONCEPTS,3,0,2,0,0,0,0,0,1,0,0,0
919,6.208,DEVELOPMENT,3,0,0,0,0,1,0,0,0,0,0,2
920,2.260,DIGEST DIS SCI,3,0,0,0,2,0,1,0,0,0,0,0
921, ,DISCOVERING KNOWLEDG,3,0,0,0,0,0,0,0,0,3,0,0
922,5.175,ECOLOGY,3,0,0,0,0,0,0,0,0,0,0,3
923, ,EL ENG COMP SCI AUT,3,0,1,2,0,0,0,0,0,0,0,0
924, ,ELECT FIELDS BRAIN N,3,0,0,0,0,0,0,2,1,0,0,0
925,3.777,ELECTROCHIM ACTA,3,0,1,0,1,0,0,0,0,0,1,0
926, ,ELECTROMYO CLIN NEUR,3,0,0,0,0,0,0,0,0,0,0,3
927, ,EMBC 2009 MINN US,3,0,0,0,3,0,0,0,0,0,0,0
928, ,EMBC SEPT,3,0,3,0,0,0,0,0,0,0,0,0
929,5.993,EMERG INFECT DIS,3,0,0,1,0,0,0,1,0,0,0,1
930,5.735,ENDOSCOPY,3,0,0,0,1,0,1,1,0,0,0,0
931, ,ENG MED BIOL MAGAZIN,3,0,0,1,0,0,0,0,0,0,0,2
932,2.333,EPILEPSY CURR,3,2,0,0,0,0,0,1,0,0,0,0
933,2.674,EUR J CARDIO-THORAC,3,0,0,0,0,0,0,0,0,2,0,1
934,4.162,EUR J NEUROL,3,0,0,0,1,0,1,0,1,0,0,0
935,2.133,EUR SPINE J,3,0,0,0,2,0,0,0,0,0,0,1
936,3.557,EXP CELL RES,3,0,0,0,2,0,0,0,1,0,0,0
937,0.769,EXPERT SYST,3,0,0,0,0,0,3,0,0,0,0,0
938,1.818,EYE,3,0,0,0,0,0,3,0,0,0,0,0
939,3.582,FEBS LETT,3,0,0,0,0,0,0,0,0,0,1,2
940,1.077,FOLIA PHONIATR LOGO,3,0,1,0,0,0,1,0,0,0,0,1
941,2.481,FRONT COMPUT NEUROSC,3,0,2,0,1,0,0,0,0,0,0,0
942,2.906,FRONT HUM NEUROSCI,3,0,0,3,0,0,0,0,0,0,0,0
943, ,FRONT NEUROENG,3,0,1,1,1,0,0,0,0,0,0,0
944, ,FUNCT ELECT STI,3,0,0,0,0,0,0,0,0,0,0,3
945, ,FUNCT IMAGING M,3,0,3,0,0,0,0,0,0,0,0,0
946,1.988,FUND CLIN PHARMACOL,3,0,0,1,0,0,1,0,0,0,0,1
947,10.288,GENOME BIOL,3,0,0,0,1,0,0,0,0,2,0,0
948, ,GLOB REP FALLS PREV,3,0,0,0,0,1,2,0,0,0,0,0
949, ,HEAR J,3,0,0,0,0,0,1,0,1,0,0,1
950,2.084,HEMATOL ONCOL CLIN N,3,0,0,0,0,0,0,0,0,0,0,3
951, ,HIGH VOLTAGE ENG,3,0,0,0,0,0,0,0,1,0,0,2
952,0.420,HNO,3,0,0,0,1,0,0,0,0,0,0,2
953, ,HUM BRAIN ELECTROP,3,0,0,0,0,0,0,0,0,0,0,3
954, ,HUM PHYSIOL+,3,0,0,0,0,0,0,0,0,0,0,3
955, ,I ELECT INFORM COMMU,3,0,0,0,0,0,0,0,0,0,1,2
956, ,IEEE EMBS INT C BIOM,3,3,0,0,0,0,0,0,0,0,0,0
957, ,IEEE ICASSP,3,0,0,0,1,1,0,0,0,0,0,1
958, ,IEEE IMTC P,3,0,0,0,0,1,0,0,0,0,0,2
959, ,IEEE INT C BIOM ROB,3,2,0,0,0,0,0,0,0,0,0,1
960, ,IEEE INT C SYST MAN,3,0,0,0,0,0,1,0,0,2,0,0
961, ,IEEE INT S BIOM IM,3,1,1,0,0,0,0,0,0,1,0,0
962, ,IEEE INT S IN PRESS,3,3,0,0,0,0,0,0,0,0,0,0
963, ,IEEE ISSCC DIGEST OF,3,1,0,0,0,1,1,0,0,0,0,0
964, ,IEEE J EMERGING SELE,3,0,3,0,0,0,0,0,0,0,0,0
965,1.784,IEEE MICROW WIREL CO,3,1,0,0,0,1,1,0,0,0,0,0
966,1.750,IEEE T COMMUN,3,0,0,0,0,0,0,0,0,0,0,3
967,1.360,IEEE T DIELECT EL IN,3,0,1,0,1,0,0,1,0,0,0,0
968, ,IEEE T INFO IN PRESS,3,1,1,0,0,0,0,0,0,0,0,1
969, ,IEEE T ON,3,0,1,1,0,1,0,0,0,0,0,0
970,4.080,IEEE T POWER ELECTR,3,0,0,0,2,0,0,0,0,0,0,1
971, ,IEEE T SON ULTRASON,3,0,0,0,0,0,0,0,0,0,0,3
972,2.548,IEEE T SYST MAN CY C,3,0,0,1,0,0,0,0,0,1,1,0
973, ,IMAGE ANAL MATH MORP,3,0,0,0,0,0,0,0,0,0,0,3
974, ,IMAGE PROCESSING ANA,3,0,0,0,0,1,0,0,0,0,0,2
975, ,IMAGE PROCESSING IEE,3,0,0,0,0,0,0,0,0,0,0,3
976, ,INFORM PRIMARY CARE,3,0,0,0,0,1,0,0,2,0,0,0
977,3.643,INFORM SCIENCES,3,0,0,2,0,0,0,0,0,0,0,1
978, ,INFORM TECHNOL BI,3,0,0,3,0,0,0,0,0,0,0,0
979,1.462,INT ANGIOL,3,0,0,0,1,0,0,0,0,0,0,2
980, ,INT C MACH LEARN,3,0,0,1,0,0,0,0,0,0,0,2
981, ,INT J CLIN EXP HYP,3,0,0,1,0,0,0,1,0,1,0,0
982, ,INT J COMPUTER APPL,3,0,1,2,0,0,0,0,0,0,0,0
983,1.131,INT J HUM-COMPUT INT,3,1,0,0,0,1,0,0,0,0,1,0
984,5.641,INT J NEUROPSYCHOPH,3,0,1,0,0,2,0,0,0,0,0,0
985,5.221,INT J OBESITY,3,0,0,0,0,1,0,0,1,0,0,1
986,0.562,INT J PATTERN RECOGN,3,0,0,0,1,1,0,0,0,1,0,0
987,2.610,INT J TUBERC LUNG D,3,0,2,0,0,0,1,0,0,0,0,0
988, ,INT JOINT C ART INT,3,0,0,0,0,0,0,0,0,0,0,3
989, ,INT JOURNA,3,0,1,1,0,1,0,0,0,0,0,0
990,0.973,INTERNAL MED,3,0,0,0,0,0,0,0,0,0,0,3
991, ,INTRO ALGORITHMS,3,0,0,0,1,0,0,0,0,0,0,2
992,3.295,J AFFECT DISORDERS,3,0,0,0,1,0,2,0,0,0,0,0
993,0.449,J APPL STAT,3,0,0,0,0,0,1,0,0,0,0,2
994, ,J BASIC ENG-T ASME,3,0,0,0,0,0,0,0,0,0,0,3
995, ,J BONE JOINT SURG,3,0,0,0,0,0,0,0,0,0,0,3
996, ,J BRAS PNEUMOL,3,0,0,0,0,0,1,0,0,1,0,1
997,4.435,J CARDIOVASC MAGN R,3,0,0,0,0,0,1,0,0,1,1,0
998,4.304,J CHEM INF MODEL,3,0,1,0,1,0,0,0,0,0,0,1
999,1.253,J CLIN NEUROSCI,3,0,2,1,0,0,0,0,0,0,0,0
1000,2.963,J CLIN PHARMACOL,3,0,0,0,1,0,0,0,1,0,0,1
1001,3.172,J COMPUT AID MOL DES,3,0,0,0,0,0,0,0,0,0,0,3
1002,2.498,J CRIT CARE,3,0,1,1,0,0,0,0,0,0,0,1
1003, ,J ELECTROMAGNET WAVE,3,0,0,1,1,1,0,0,0,0,0,0
1004,2.074,J ENDOUROL,3,0,0,0,0,1,1,0,0,1,0,0
1005,2.418,J FRANKLIN I,3,0,0,0,1,0,0,0,0,1,0,1
1006,3.278,J GEN INTERN MED,3,0,0,0,1,0,0,0,0,0,0,2
1007,2.163,J GENE MED,3,0,0,0,1,0,0,2,0,0,0,0
1008, ,J GERONTOL,3,0,0,0,0,0,0,0,0,0,0,3
1009,3.006,J GERONTOL B-PSYCHOL,3,0,0,1,0,0,0,0,0,0,0,2
1010,2.225,J IMMUNOL METHODS,3,0,1,0,2,0,0,0,0,0,0,0
1011,1.523,J INTEL MAT SYST STR,3,0,0,0,0,0,1,0,0,0,0,2
1012, ,J INTELLIGENT ROBOTI,3,0,0,0,0,0,0,0,0,0,0,3
1013,6.193,J INVEST DERMATOL,3,0,0,0,0,0,0,0,0,0,1,2
1014,2.555,J LIGHTWAVE TECHNOL,3,0,0,2,0,0,0,0,0,0,0,1
1015,2.366,J MATH BIOL,3,0,0,0,0,1,0,0,2,0,0,0
1016,3.768,J MED INTERNET RES,3,0,0,0,0,1,1,0,0,0,0,1
1017,2.175,J NANOPART RES,3,0,1,0,0,0,0,0,1,0,0,1
1018, ,J NEURAL EN IN PRESS,3,2,0,0,1,0,0,0,0,0,0,0
1019,1.115,J NEUROLINGUIST,3,0,1,1,0,0,1,0,0,0,0,0
1020,4.196,J NUTR,3,0,0,0,0,0,0,0,0,0,1,2
1021,1.845,J OCCUP ENVIRON MED,3,0,0,0,0,0,0,0,0,0,0,3
1022,3.240,J PAIN,3,1,1,0,0,0,0,0,1,0,0,0
1023,2.601,J PAIN SYMPTOM MANAG,3,1,0,1,0,0,0,0,1,0,0,0
1024,1.154,J PEDIAT-BRAZIL,3,1,0,0,1,1,0,0,0,0,0,0
1025,6.242,J PSYCHIATR NEUROSCI,3,0,0,0,0,0,1,0,1,0,0,1
1026,1.000,J PSYCHOPHYSIOL,3,0,0,0,0,0,0,1,0,2,0,0
1027,1.717,J ROY SOC MED,3,0,0,0,0,0,0,0,0,0,0,3
1028,0.551,J SIGNAL PROCESS SYS,3,0,2,0,1,0,0,0,0,0,0,0
1029, ,J SOC COSMET CHEM,3,0,0,0,0,0,0,0,0,0,0,3
1030, ,J SPEECH HEAR DISORD,3,0,0,0,0,0,0,0,0,0,0,3
1031, ,J SPEECH HEAR RES,3,0,0,0,0,0,0,0,0,0,0,3
1032,2.018,J SURG RES,3,0,0,1,0,0,0,0,1,0,0,1
1033,2.434,J VASC RES,3,0,0,0,2,0,0,0,0,0,0,1
1034, ,J VASC ULTRASOUND,3,0,2,1,0,0,0,0,0,0,0,0
1035,4.653,JAIDS-J ACQ IMM DEF,3,0,0,0,0,0,1,0,1,0,0,1
1036,2.676,KNEE SURG SPORT TR A,3,0,0,0,0,1,1,0,0,0,0,1
1037,25.117,LANCET ONCOL,3,0,1,0,1,0,0,0,0,0,0,1
1038, ,LEVEL SET METHODS FA,3,0,0,0,0,0,0,0,0,0,0,3
1039, ,MACH LEARN INT WORKS,3,0,0,0,0,0,0,0,0,0,1,2
1040,2.404,MAT SCI ENG C-MATER,3,0,0,1,1,1,0,0,0,0,0,0
1041,1.300,MECHATRONICS,3,0,1,0,0,1,1,0,0,0,0,0
1042, ,MED BIO ENG COMPUT,3,0,0,0,0,0,1,2,0,0,0,0
1043, ,MED DEVICE TECHNOL,3,0,0,0,0,3,0,0,0,0,0,0
1044, ,MED ENG PHY IN PRESS,3,1,1,0,1,0,0,0,0,0,0,0
1045, ,MED ENG PHYS UNPUB,3,2,0,0,0,0,0,0,0,0,0,1
1046, ,MED IM COMP COMP ASS,3,0,0,0,0,0,0,0,0,0,1,2
1047, ,MED INSTRUM,3,0,0,1,1,0,0,0,0,0,0,1
1048,3.096,METABOLISM,3,0,0,0,0,0,0,0,0,0,0,3
1049,0.774,METHOD FIND EXP CLIN,3,0,0,0,0,0,0,0,0,0,0,3
1050,2.763,MICROCIRCULATION,3,0,0,0,0,0,0,1,1,0,0,1
1051,1.593,MICROSC RES TECHNIQ,3,0,0,0,0,0,2,0,0,0,0,1
1052,1.390,MOTOR CONTROL,3,0,0,0,1,0,0,0,0,2,0,0
1053,5.260,NANOMEDICINE-UK,3,0,0,0,0,2,0,1,0,0,0,0
1054,10.015,NAT COMMUN,3,1,0,2,0,0,0,0,0,0,0,0
1055,41.063,NAT REV GENET,3,0,1,0,1,0,1,0,0,0,0,0
1056,15.518,NAT REV NEUROL,3,0,2,1,0,0,0,0,0,0,0,0
1057, ,NATL VITAL STAT REPO,3,0,0,0,0,0,0,0,1,0,0,2
1058, ,NEUR ENG 2009 NER 09,3,0,0,0,3,0,0,0,0,0,0,0
1059, ,NEUR ENG NER 2011 5,3,0,3,0,0,0,0,0,0,0,0,0
1060, ,NEURAL INFORM PROCES,3,0,0,1,1,0,0,0,0,0,0,1
1061, ,NEURAL SYST REHAB,3,0,1,0,1,0,0,0,1,0,0,0
1062,3.136,NEUROINFORMATICS,3,0,0,2,0,0,0,0,0,1,0,0
1063,1.342,NEUROL CLIN,3,0,0,0,1,1,0,0,0,0,0,1
1064,0.486,NEUROL NEUROCHIR POL,3,0,0,0,0,1,2,0,0,0,0,0
1065, ,NONINVASIVE CARDIOLO,3,0,0,0,0,0,0,0,0,0,0,3
1066,1.329,NUMER MATH,3,0,0,0,0,0,0,0,0,0,0,3
1067, ,NUMER OPTIMIZATI,3,0,0,0,0,0,0,1,0,0,0,2
1068, ,NUMER RECIPES C,3,0,0,0,0,0,0,0,0,0,0,3
1069,1.451,OCCUP MED-OXFORD,3,0,0,1,0,0,0,0,1,0,0,1
1070,7.357,ONCOGENE,3,0,0,1,0,0,0,1,1,0,0,0
1071,0.683,OPTIM METHOD SOFTW,3,0,0,0,0,0,1,0,0,0,0,2
1072,2.014,OTOL NEUROTOL,3,0,1,2,0,0,0,0,0,0,0,0
1073,1.625,OTOLARYNG HEAD NECK,3,0,0,0,0,0,0,0,0,0,0,3
1074, ,P 17 SCI M INT SOC M,3,0,0,0,3,0,0,0,0,0,0,0
1075, ,P 2 BIENN IEEE RAS E,3,0,0,0,0,3,0,0,0,0,0,0
1076, ,P 2011 MYOEL CONTR S,3,0,3,0,0,0,0,0,0,0,0,0
1077, ,P 3 INT IEEE EMBS C,3,0,0,0,0,0,3,0,0,0,0,0
1078, ,P ANN INT C IEEE,3,0,0,0,0,0,0,0,0,0,0,3
1079, ,P BIOL SCI,3,0,2,0,0,0,0,0,0,0,0,1
1080, ,P IEEE BIOM CIRC SYS,3,0,0,1,0,1,1,0,0,0,0,0
1081, ,P IEEE COMP SOC C CO,3,0,0,1,0,0,0,0,0,0,0,2
1082, ,P IEEE EMBS C NEUR E,3,0,2,0,0,0,0,0,0,0,0,1
1083, ,P IEEE ICASSP,3,1,1,0,0,0,0,0,1,0,0,0
1084, ,P IEEE INT C AC SPEE,3,0,0,0,0,1,0,0,0,0,0,2
1085, ,P IEEE INT C BIOM RO,3,2,0,0,0,1,0,0,0,0,0,0
1086, ,P IEEE INT SOL STAT,3,0,0,0,1,2,0,0,0,0,0,0
1087, ,P INT JOINT C NEUR N,3,0,0,0,0,0,0,0,0,1,0,2
1088, ,P MICCAI WORKSH 3 D,3,0,0,0,0,0,3,0,0,0,0,0
1089, ,P SOC PHOTO OPT 1 3,3,0,0,0,0,2,0,0,0,0,1,0
1090, ,P SPIE MED IMAG,3,1,0,0,0,1,1,0,0,0,0,0
1091,0.814,PATTERN ANAL APPL,3,0,0,0,0,0,1,0,0,0,0,2
1092,1.197,PEDIATR CARDIOL,3,0,0,0,0,1,1,0,0,0,0,1
1093,2.375,PEDIATR PULM,3,0,1,1,0,0,0,0,0,0,0,1
1094,1.133,PERS UBIQUIT COMPUT,3,1,2,0,0,0,0,0,0,0,0,0
1095, ,PERVASIVE COMPUTING,3,0,1,0,0,0,0,1,0,1,0,0
1096,1.629,PERVASIVE MOB COMPUT,3,0,1,1,1,0,0,0,0,0,0,0
1097,1.482,PHYS MED REH CLIN N,3,0,0,2,0,0,0,1,0,0,0,0
1098,6.762,PHYS TODAY,3,0,0,0,0,0,0,0,0,0,0,3
1099,1.676,PHYSICA A,3,0,0,0,0,0,0,1,0,1,0,1
1100, ,PHYSIOL MEASUREMENTS,3,0,0,1,0,0,0,1,0,0,0,1
1101,3.535,PLAST RECONSTR SURG,3,0,0,0,0,0,0,0,0,0,0,3
1102,15.253,PLOS MED,3,0,0,0,1,0,0,1,1,0,0,0
1103,1.585,PREV CHRONIC DIS,3,0,1,0,0,0,0,0,2,0,0,0
1104, ,PRINCIPLES PRACTICE,3,0,0,0,0,0,0,0,1,0,0,2
1105,3.552,PROG NEURO-PSYCHOPH,3,0,2,0,1,0,0,0,0,0,0,0
1106,2.735,PROTEIN SCI,3,0,0,0,1,0,1,0,0,1,0,0
1107, ,PSYCHNOLOGY J,3,0,0,0,0,1,0,0,0,0,2,0
1108,2.361,QJM-INT J MED,3,0,0,0,0,0,1,0,0,0,0,2
1109, ,QUANT BIOL,3,0,0,0,0,0,0,0,0,0,0,3
1110, ,RANDOM DATA ANAL MEA,3,0,0,1,0,0,0,0,0,0,0,2
1111, ,REAL-TIME IMAGING,3,0,0,0,0,0,0,0,2,1,0,0
1112,13.232,REP PROG PHYS,3,0,0,0,0,0,0,0,1,0,0,2
1113,3.141,REPROD TOXICOL,3,0,0,0,2,0,0,0,0,0,0,1
1114,2.615,RESPIRATION,3,0,0,1,1,0,0,0,0,1,0,0
1115,44.982,REV MOD PHYS,3,0,0,0,0,0,0,0,0,0,0,3
1116,0.510,REV NEUROL-FRANCE,3,0,0,0,0,0,0,1,0,0,0,2
1117,3.260,REV NEUROSCIENCE,3,0,1,1,0,0,0,0,0,0,1,0
1118, ,ROBOT,3,0,1,0,0,0,0,2,0,0,0,0
1119, ,SCIPY OPEN SOURCE SC,3,0,0,0,0,0,0,0,0,0,0,3
1120,3.971,SEMIN RADIAT ONCOL,3,0,0,0,0,0,0,0,0,3,0,0
1121,2.612,SHOCK,3,1,0,1,0,0,1,0,0,0,0,0
1122,2.076,SIAM J OPTIMIZ,3,0,0,0,0,0,0,0,0,0,0,3
1123, ,SIGKDD EXPLORATIONS,3,0,0,0,3,0,0,0,0,0,0,0
1124, ,SIGNAL PROCESSING MA,3,0,0,1,0,0,1,0,0,0,1,0
1125,7.823,SMALL,3,0,1,1,0,0,1,0,0,0,0,0
1126,3.909,SOFT MATTER,3,0,0,1,0,1,1,0,0,0,0,0
1127, ,SPATIAL HEARING PSYC,3,0,0,0,0,0,0,0,0,0,0,3
1128, ,SPEECH ENHANCEMENT T,3,0,0,0,0,0,3,0,0,0,0,0
1129, ,SPOKEN LANGUAGE PROC,3,0,0,0,0,0,0,0,0,0,0,3
1130, ,STAT PARAMETRIC MAPP,3,0,1,0,0,0,1,1,0,0,0,0
1131, ,STUD HLTH TECHNOL 1,3,0,0,1,0,0,0,0,0,0,0,2
1132,3.373,SURGERY,3,0,0,2,0,0,0,0,1,0,0,0
1133, ,SYST MAN CYBERNET,3,0,0,0,0,0,0,0,0,0,0,3
1134, ,T JPN SOC MED B,3,0,2,0,0,0,0,0,0,1,0,0
1135, ,THE PRINCIPLES AND P,3,0,0,0,0,0,0,0,0,0,0,3
1136, ,THESIS CASE W RESERV,3,1,1,0,0,0,1,0,0,0,0,0
1137, ,THESIS U CALIF,3,1,0,0,0,0,0,0,0,0,1,1
1138,1.604,THIN SOLID FILMS,3,0,0,0,0,1,0,0,0,0,0,2
1139,1.367,TOHOKU J EXP MED,3,0,0,0,1,0,0,0,0,0,0,2
1140, ,TRANSDUCERS 11,3,0,3,0,0,0,0,0,0,0,0,0
1141,1.125,TRENDS AMPLIF,3,0,0,0,0,1,0,1,0,1,0,0
1142,9.772,TRENDS GENET,3,0,0,0,0,0,1,0,0,0,0,2
1143,3.492,VACCINE,3,0,0,2,0,0,1,0,0,0,0,0
1144, ,WAVELET TOUR SIGNAL,3,0,0,0,0,2,0,0,0,0,0,1
1145, ,WESTERN J MED,3,0,0,0,0,0,0,0,0,0,0,3
1146,0.736,WIREL NETW,3,0,0,0,0,0,2,0,0,1,0,0
1147,2.228,WORLD J SURG,3,0,1,0,0,0,0,0,1,0,0,1
1148, ,10 FACTS AG LIF COUR,2,0,2,0,0,0,0,0,0,0,0,0
1149, ,10 LECT WAVELETS,2,0,0,0,0,0,0,0,0,0,0,2
1150, ,11 INT C HUM COMP IN,2,0,0,0,0,0,0,0,2,0,0,0
1151, ,19 INT C PATT REC IC,2,0,0,0,0,2,0,0,0,0,0,0
1152, ,1995 IEEE INT C,2,0,0,0,0,0,0,0,0,0,0,2
1153, ,2 INT C BIOINF BIOM,2,0,0,0,0,2,0,0,0,0,0,0
1154, ,2 INT C MED BION NEU,2,0,2,0,0,0,0,0,0,0,0,0
1155, ,2008 2 IEEE RAS,2,0,0,0,0,2,0,0,0,0,0,0
1156, ,2008 INT S INT INF,2,0,0,0,0,2,0,0,0,0,0,0
1157, ,2009 CAN C COMP ROB,2,0,0,0,2,0,0,0,0,0,0,0
1158, ,2009083787 WO,2,0,0,0,2,0,0,0,0,0,0,0
1159, ,2010 32 ANN INT C IE,2,0,0,2,0,0,0,0,0,0,0,0
1160, ,2010 8 WORLD C INT,2,0,0,2,0,0,0,0,0,0,0,0
1161, ,2010 INT C BOD SENS,2,0,0,1,0,0,0,0,0,0,0,1
1162, ,2011 IEEE 37 ANN NE,2,0,2,0,0,0,0,0,0,0,0,0
1163, ,2011 INT JOINT C,2,0,2,0,0,0,0,0,0,0,0,0
1164, ,27 AS C SIGN SYST CO,2,0,0,0,0,0,0,0,0,0,0,2
1165, ,30 ANN INT IEEE EMBS,2,0,0,0,0,2,0,0,0,0,0,0
1166, ,31 ANN INT C IEEE EN,2,0,0,0,2,0,0,0,0,0,0,0
1167, ,32 ANN C IEEE EMBS,2,0,0,1,0,0,0,0,0,0,0,1
1168, ,32 INT IEEE EMBC C,2,0,2,0,0,0,0,0,0,0,0,0
1169, ,34 ANN INT C I UNPUB,2,2,0,0,0,0,0,0,0,0,0,0
1170, ,34 ANN INT IN PRESS,2,2,0,0,0,0,0,0,0,0,0,0
1171, ,4747132 US,2,0,0,0,0,0,0,0,0,0,0,2
1172, ,4783818 US,2,0,0,0,0,0,0,0,0,0,0,2
1173, ,5 BCI2000 WORKSH INT,2,0,0,0,2,0,0,0,0,0,0,0
1174, ,5 INT BCI C,2,1,1,0,0,0,0,0,0,0,0,0
1175, ,6 WORLD C INT CONTR,2,0,0,0,0,0,0,2,0,0,0,0
1176,4.386,AAPS J,2,0,0,0,1,0,1,0,0,0,0,0
1177,1.905,ABDOM IMAGING,2,0,1,0,0,0,0,0,0,0,0,1
1178, ,ACM IEEE C HUM ROB I,2,0,0,0,0,2,0,0,0,0,0,0
1179,1.000,ACM T APPL PERCEPT,2,0,0,1,0,0,1,0,0,0,0,0
1180,0.714,ACTA ACUST UNITED AC,2,0,0,0,0,0,0,0,0,0,0,2
1181,9.734,ACTA NEUROPATHOL,2,0,0,0,0,0,1,0,0,0,0,1
1182,1.106,ACTA OTO-LARYNGOL,2,0,0,0,0,0,0,0,0,0,0,2
1183,0.786,ACTA OTORHINOLARYNGO,2,0,0,0,0,1,0,0,0,0,0,1
1184, ,ADAPTIVE FILTERS,2,0,0,0,0,2,0,0,0,0,0,0
1185, ,ADAPTIVE SIGNAL PROC,2,0,0,0,0,0,0,0,0,0,0,2
1186, ,ADV DATA MINING TECH,2,0,0,0,0,2,0,0,0,0,0,0
1187, ,ADV METHODS TOOLS EC,2,0,0,0,0,0,0,2,0,0,0,0
1188, ,ADV PSYCHOPHYSIOLOGY,2,0,0,0,0,0,0,0,0,0,0,2
1189, ,AEROSPACE MED,2,0,0,0,0,0,0,0,0,0,0,2
1190, ,ALGORITHMS,2,0,1,0,1,0,0,0,0,0,0,0
1191,14.483,ALZHEIMERS DEMENT,2,0,0,0,0,0,0,0,1,0,1,0
1192,1.413,AM J CRIT CARE,2,0,0,1,1,0,0,0,0,0,0,0
1193, ,AM J CRIT CARE MED,2,0,1,0,0,0,0,0,0,1,0,0
1194,4.131,AM J GERIAT PSYCHIAT,2,0,0,0,2,0,0,0,0,0,0,0
1195,5.294,AM J KIDNEY DIS,2,0,1,0,0,0,0,0,0,1,0,0
1196,3.711,AM J PHYSIOL-CELL PH,2,0,0,0,0,0,1,0,0,0,0,1
1197,3.649,AM J PHYSIOL-GASTR L,2,0,0,0,2,0,0,0,0,0,0,0
1198,3.930,AM J PUBLIC HEALTH,2,0,0,0,0,0,0,0,0,0,0,2
1199,2.448,AM J SPEECH-LANG PAT,2,0,1,0,1,0,0,0,0,0,0,0
1200,1.348,AM J VET RES,2,0,1,0,0,0,1,0,0,0,0,0
1201, ,AM PSYCHOL,2,0,0,0,0,0,0,0,0,0,0,2
1202, ,AMA IEEE MED TECHN C,2,0,1,1,0,0,0,0,0,0,0,0
1203,2.369,AMYOTROPH LATERAL SC,2,0,1,1,0,0,0,0,0,0,0,0
1204, ,ANAL TIME SERIES STR,2,0,0,0,0,0,0,0,0,0,0,2
1205, ,ANISOTROPIC DIFFUSIO,2,0,0,0,0,0,0,0,0,0,0,2
1206, ,ANN BIOMEDI IN PRESS,2,1,0,0,0,0,0,0,0,0,0,1
1207, ,ANN EUGENIC,2,0,0,0,0,0,0,0,0,0,0,2
1208, ,ANN MATH STUD,2,0,0,0,0,0,0,0,0,0,0,2
1209,1.329,ANN ROY COLL SURG,2,0,0,0,0,0,0,0,1,0,0,1
1210, ,ANTHROPOMETRIC SOURC,2,0,0,0,0,0,0,0,0,0,0,2
1211, ,ANTHROPOMETRY TABLE,2,0,0,0,0,0,0,0,2,0,0,0
1212, ,APPL BIOELECTRICITY,2,0,0,0,0,0,0,0,0,0,0,2
1213, ,APPL CLIN INFORM,2,0,0,2,0,0,0,0,0,0,0,0
1214,1.728,APPL ERGON,2,0,0,0,0,1,0,0,0,0,0,1
1215,1.179,APPL RADIAT ISOTOPES,2,0,0,2,0,0,0,0,0,0,0,0
1216,3.051,ARCH DIS CHILD,2,0,0,0,0,0,0,0,1,0,0,1
1217, ,ARCH FAM MED,2,0,0,0,0,0,0,0,0,0,0,2
1218, ,ARTIFICIAL LIFE ROBO,2,0,0,0,1,0,0,1,0,0,0,0
1219, ,ASME INT MECH ENG C,2,0,0,1,0,1,0,0,0,0,0,0
1220,5.084,ASTRON ASTROPHYS,2,0,0,0,0,0,0,0,0,0,0,2
1221,2.064,ASTROPHYS SPACE SCI,2,0,0,0,0,0,0,0,0,0,0,2
1222,3.706,ATHEROSCLEROSIS,2,0,1,0,0,0,0,0,0,0,0,1
1223, ,ATLAS HEART DIS STRO,2,0,0,0,0,0,0,0,0,2,0,0
1224, ,AUDIOLOGY NEUROTOLOG,2,0,0,0,0,0,0,1,1,0,0,0
1225,0.698,AUST HEALTH REV,2,0,0,0,0,0,2,0,0,0,0,0
1226, ,AVIAT SPACE ENVIR S,2,0,0,0,0,0,2,0,0,0,0,0
1227,5.250,B WORLD HEALTH ORGAN,2,0,0,0,0,0,0,1,0,0,0,1
1228, ,BALLISTOCARDIOGRAPHY,2,0,0,0,0,0,0,0,0,0,0,2
1229, ,BAYESIAN NETWORKS DE,2,0,0,0,0,0,1,0,0,0,0,1
1230,3.389,BBA-BIOMEMBRANES,2,0,1,0,0,0,0,0,1,0,0,0
1231, ,BCI COMPETITION 2008,2,0,0,0,0,2,0,0,0,0,0,0
1232, ,BCI COMPETITION 4,2,0,0,0,0,2,0,0,0,0,0,0
1233, ,BELL SYST TECHNICA,2,0,0,0,0,0,0,0,0,0,0,2
1234, ,BEST PRACTICE RES CL,2,0,0,0,1,0,0,0,0,0,0,1
1235,1.087,BIO-MED MATER ENG,2,0,0,0,0,0,0,0,0,0,1,1
1236, ,BIOELECTRICAL SIGNAL,2,0,0,0,0,0,0,0,2,0,0,0
1237, ,BIOENGINEERED BIOINS,2,0,0,0,2,0,0,0,0,0,0,0
1238,5.423,BIOESSAYS,2,0,0,0,0,1,0,0,0,0,0,1
1239, ,BIOINFORMATION,2,0,0,0,0,1,0,1,0,0,0,0
1240,0.950,BIOL PROCED ONLINE,2,0,0,0,2,0,0,0,0,0,0,0
1241, ,BIOM CIRC SYST C,2,0,0,1,1,0,0,0,0,0,0,0
1242, ,BIOM CIRC SYST C 200,2,0,0,0,1,0,0,1,0,0,0,0
1243, ,BIOM CIRC SYST C BIO,2,0,0,1,0,0,0,0,0,0,0,1
1244, ,BIOM PHARM ENG 2009,2,0,0,0,2,0,0,0,0,0,0,0
1245, ,BIOM WIR TECHN NETW,2,0,2,0,0,0,0,0,0,0,0,0
1246, ,BIOMED ENG APPL,2,0,0,0,0,0,0,1,0,0,0,1
1247, ,BIOMED INSTRUM TECHN,2,0,0,0,0,0,0,0,1,0,0,1
1248,2.068,BIOMED PHARMACOTHER,2,0,0,0,0,0,0,0,1,0,1,0
1249, ,BIOMED PHOTONICS,2,0,0,0,0,0,0,0,0,0,2,0
1250,1.412,BIOMETRICS,2,0,0,0,0,0,0,0,0,0,0,2
1251, ,BIOSTAT ANAL,2,0,0,0,0,0,0,0,0,0,0,2
1252,2.399,BIOTECHNIQUES,2,0,0,0,0,0,1,0,0,0,0,1
1253,3.446,BIOTECHNOL J,2,0,1,0,0,0,0,1,0,0,0,0
1254,3.046,BJU INT,2,0,1,0,0,0,0,0,0,0,0,1
1255,6.679,BMC MED,2,0,2,0,0,0,0,0,0,0,0,0
1256, ,BMC MED IMAGING,2,0,1,0,0,0,0,0,1,0,0,0
1257, ,BMC RES NOTES,2,0,0,2,0,0,0,0,0,0,0,0
1258,2.982,BMC SYST BIOL,2,0,0,1,0,1,0,0,0,0,0,0
1259, ,BMJ BRIT MED J,2,0,0,0,0,1,1,0,0,0,0,0
1260, ,BODYMETRIX SYST VS,2,0,0,0,0,0,0,0,0,0,0,2
1261,1.668,BRAIN DEV-JPN,2,0,0,0,0,0,1,0,0,0,1,0
1262,1.139,BRAZ J MED BIOL RES,2,0,0,1,1,0,0,0,0,0,0,0
1263,4.469,BREAST CANCER RES TR,2,0,0,0,1,0,0,0,1,0,0,0
1264, ,BREAST ULTRASOUND,2,0,0,0,0,0,0,0,0,2,0,0
1265,3.578,BRIT J CLIN PHARMACO,2,1,0,0,0,0,0,0,0,0,0,1
1266,0.858,BRIT J NEUROSURG,2,0,0,0,0,0,0,0,1,0,0,1
1267,4.839,BRIT J SURG,2,0,0,0,0,0,2,0,0,0,0,0
1268, ,C INF SCI SYS CISS,2,2,0,0,0,0,0,0,0,0,0,0
1269, ,C P IEEE EN IN PRESS,2,2,0,0,0,0,0,0,0,0,0,0
1270, ,C9512005 IEEE,2,0,0,0,0,0,0,1,0,0,0,1
1271,6.465,CAN MED ASSOC J,2,0,0,0,0,0,0,0,0,0,1,1
1272, ,CANC FACTS FIG 2012,2,2,0,0,0,0,0,0,0,0,0,0
1273,3.593,CANCER CONTROL,2,0,0,1,0,0,0,1,0,0,0,0
1274,4.559,CANCER EPIDEM BIOMAR,2,0,1,0,0,0,0,1,0,0,0,0
1275,1.594,CANCER IMAGING,2,0,0,1,0,0,0,0,0,1,0,0
1276,2.238,CANCER INVEST,2,0,0,0,0,0,0,0,1,1,0,0
1277,2.514,CATHETER CARDIO INTE,2,0,0,0,0,1,0,0,0,1,0,0
1278,6.378,CHEM COMMUN,2,0,1,0,0,0,0,0,0,0,0,1
1279, ,CHINESE J ELECT DEVI,2,0,0,0,1,1,0,0,0,0,0,0
1280, ,CHINESE J REHABILITA,2,0,0,0,0,0,0,0,0,0,1,1
1281, ,CHINESE MED EQUIPMEN,2,0,0,1,0,1,0,0,0,0,0,0
1282,4.350,CHRONOBIOL INT,2,0,0,1,0,0,0,0,0,0,0,1
1283,5.795,CIRC-CARDIOVASC IMAG,2,1,0,1,0,0,0,0,0,0,0,0
1284,5.658,CIRC-CARDIOVASC QUAL,2,0,0,0,2,0,0,0,0,0,0,0
1285,1.478,CLIN AUTON RES,2,1,0,0,0,0,0,0,0,1,0,0
1286, ,CLIN BIOMECHANICS BR,2,0,0,0,0,0,0,1,0,1,0,0
1287,3.009,CLIN CHEM LAB MED,2,0,0,0,0,0,1,0,0,0,1,0
1288,2.066,CLIN CHEST MED,2,0,0,1,0,0,0,0,0,0,0,1
1289,1.276,CLIN EXP HYPERTENS,2,0,1,0,0,0,0,0,0,0,0,1
1290,2.655,CLIN EXP RHEUMATOL,2,0,0,1,0,0,0,0,0,0,1,0
1291,1.085,CLIN INVEST MED,2,0,0,0,0,0,0,0,0,0,0,2
1292,5.068,CLIN J AM SOC NEPHRO,2,0,0,1,0,0,1,0,0,0,0,0
1293, ,CLIN LEAD MANAGE REV,2,0,0,0,0,0,0,0,0,0,1,1
1294, ,CLIN ORIENTED ANATOM,2,0,0,0,1,0,0,1,0,0,0,0
1295, ,CLIN PHONOCARDIOGRAP,2,0,0,0,0,0,0,0,0,0,0,2
1296,2.384,CLIN SPORT MED,2,0,0,0,0,0,0,0,0,0,1,1
1297, ,CMIG,2,1,0,0,0,0,0,0,1,0,0,0
1298, ,COCHLEAR IMPLANTS FU,2,0,0,0,0,0,0,0,0,0,2,0
1299,3.866,COGN AFFECT BEHAV NE,2,0,0,1,0,0,0,0,0,0,1,0
1300,1.742,COGN NEURODYNAMICS,2,0,0,1,1,0,0,0,0,0,0,0
1301, ,COMBINING PATTERN CL,2,0,0,0,0,0,0,0,0,2,0,0
1302, ,COMM CONTR SIGN PROC,2,0,0,2,0,0,0,0,0,0,0,0
1303, ,COMP CARD 2008 VOLS,2,0,0,0,0,2,0,0,0,0,0,0
1304, ,COMP GRAPH,2,0,0,0,0,0,0,0,0,0,0,2
1305,1.264,COMPUT AIDED DESIGN,2,0,0,0,0,0,0,1,0,0,0,1
1306, ,COMPUT ASSISTED RA,2,1,0,0,0,0,0,0,0,0,0,1
1307, ,COMPUT GRAPHICS-US,2,0,0,0,0,0,0,0,0,0,0,2
1308, ,COMPUT HUM INTER,2,0,0,0,0,2,0,0,0,0,0,0
1309,2.432,COMPUT MECH,2,0,0,0,0,0,0,0,0,0,0,2
1310,2.617,COMPUT METHOD APPL M,2,0,0,0,0,0,0,0,1,0,1,0
1311,1.729,COMPUT SCI ENG,2,0,0,0,0,0,2,0,0,0,0,0
1312,1.509,COMPUT STRUCT,2,0,0,0,0,0,0,0,1,0,0,1
1313, ,COMPUT VISION PATT,2,0,0,0,0,1,0,0,1,0,0,0
1314, ,COMPUTE METHODS PROG,2,0,0,0,0,0,0,0,0,0,0,2
1315, ,COMPUTERS BIOMED,2,0,0,0,0,0,0,0,0,0,0,2
1316,1.244,CONCEPT MAGN RESON A,2,0,1,0,0,1,0,0,0,0,0,0
1317,2.925,CONTACT DERMATITIS,2,0,0,0,0,0,0,0,0,0,0,2
1318, ,CONVEX OPTIMIZ,2,0,0,0,0,0,0,0,0,2,0,0
1319,3.615,CORROS SCI,2,0,1,0,0,0,0,0,0,0,0,1
1320, ,CR HEBD ACAD SCI,2,0,0,0,0,0,0,0,0,0,0,2
1321,3.676,CURR ALZHEIMER RES,2,0,0,2,0,0,0,0,0,0,0,0
1322, ,CURR CARDIOLOGY R,2,0,0,0,0,1,0,0,0,0,0,1
1323, ,CURR CARDIOVASCUL,2,0,0,1,0,1,0,0,0,0,0,0
1324,3.848,CURR DRUG TARGETS,2,1,0,0,0,0,0,0,0,1,0,0
1325,1.710,CURR EYE RES,2,0,1,0,0,0,0,0,0,0,0,1
1326,4.070,CURR MED CHEM,2,0,0,0,1,1,0,0,0,0,0,0
1327,11.410,CURR OPIN CELL BIOL,2,0,0,0,1,0,1,0,0,0,0,0
1328,4.519,CURR OPIN CLIN NUTR,2,0,0,0,0,1,0,0,0,0,1,0
1329,3.311,CURR PHARM DESIGN,2,1,0,0,0,0,0,0,0,0,0,1
1330, ,CURR TREATMENT OP,2,0,0,0,0,1,1,0,0,0,0,0
1331, ,CUST INT CIRC C CICC,2,0,0,2,0,0,0,0,0,0,0,0
1332, ,CYBERPSYCHOL BEHAV,2,0,0,0,0,0,0,0,0,0,0,2
1333, ,CYTOMETRY RES,2,0,0,0,2,0,0,0,0,0,0,0
1334, ,DATA MINING PRACTICA,2,0,2,0,0,0,0,0,0,0,0,0
1335, ,DENSITY ESTIMATION S,2,0,0,0,0,0,0,0,0,0,0,2
1336, ,DES ANALOG CMOS I,2,0,0,0,0,0,0,0,0,0,0,2
1337, ,DES PULSE OXIMETE,2,0,0,0,0,0,0,0,0,0,0,2
1338,12.861,DEV CELL,2,0,0,0,0,0,1,0,0,0,0,1
1339,2.899,DEV NEUROPSYCHOL,2,0,0,1,0,0,0,0,1,0,0,0
1340,2.388,DIABETES METAB,2,0,0,0,0,2,0,0,0,0,0,0
1341,2.741,DIABETES RES CLIN PR,2,0,1,0,0,0,0,0,1,0,0,0
1342,1.487,DIAGN CYTOPATHOL,2,0,0,0,0,0,0,0,0,0,0,2
1343, ,DISABIL REHABIL ASSI,2,0,0,1,1,0,0,0,0,0,0,0
1344,1.542,DOC OPHTHALMOL,2,0,0,0,0,1,0,0,0,0,0,1
1345,3.542,DTSCH ARZTEBL INT,2,0,0,0,1,1,0,0,0,0,0,0
1346, ,DYNAMICS HUM GAIT,2,0,0,0,0,0,0,0,0,0,0,2
1347,3.262,EAR HEARING,2,0,0,0,0,0,1,0,0,0,0,1
1348,2.020,EARLY HUM DEV,2,0,1,1,0,0,0,0,0,0,0,0
1349, ,ECCV,2,0,0,1,0,0,0,0,0,0,0,1
1350, ,EL ROB AUT MECH C,2,0,0,0,0,2,0,0,0,0,0,0
1351, ,ELECT FIELDS BRAIN,2,0,0,0,0,0,0,1,0,0,0,1
1352, ,ELECT J HLTH INFORM,2,0,1,0,0,0,0,1,0,0,0,0
1353, ,ELECTROCONVULSIVE TH,2,0,0,0,0,0,0,0,0,0,0,2
1354, ,ELECTRODERMAL ACTIVI,2,1,1,0,0,0,0,0,0,0,0,0
1355, ,ELECTROMANIPULATION,2,0,0,0,0,0,0,0,0,0,0,2
1356, ,ELECTRON ENG DES,2,0,0,0,0,0,0,0,0,0,0,2
1357,0.411,ELEKTRON ELEKTROTECH,2,0,1,0,0,0,1,0,0,0,0,0
1358, ,EMBC 2007 29 ANN INT,2,0,0,0,0,0,2,0,0,0,0,0
1359, ,EMBC 2010 BUEN AIR A,2,0,0,2,0,0,0,0,0,0,0,0
1360, ,EMBC 2011,2,0,1,0,0,0,0,0,0,0,0,1
1361, ,EMBC 2011 BOST MA US,2,0,0,0,0,0,0,0,0,0,0,2
1362, ,EMBC ANN INT C UNPUB,2,2,0,0,0,0,0,0,0,0,0,0
1363, ,EMOTION,2,0,0,1,0,1,0,0,0,0,0,0
1364,2.775,ENERG CONVERS MANAGE,2,0,0,0,0,0,0,2,0,0,0,0
1365,11.653,ENERG ENVIRON SCI,2,0,2,0,0,0,0,0,0,0,0,0
1366,1.413,ENG FRACT MECH,2,0,0,1,0,0,0,0,1,0,0,0
1367, ,ENG MED BIOL SOC 199,2,0,0,0,0,0,0,0,0,0,0,2
1368, ,ENG MED BIOL SOC ANN,2,0,0,0,0,0,0,0,1,0,0,1
1369,7.260,ENVIRON HEALTH PERSP,2,0,0,0,0,0,0,0,0,0,0,2
1370,2.592,ENZYME MICROB TECH,2,0,0,0,0,1,0,0,0,0,0,1
1371,2.260,EPL-EUROPHYS LETT,2,0,0,0,0,0,0,0,0,0,0,2
1372,2.792,EUR J ANAESTH,2,0,0,0,0,0,0,1,0,0,0,1
1373,5.247,EUR J HEART FAIL,2,0,0,0,0,0,0,0,0,1,0,1
1374,1.843,EUR J OBSTET GYN R B,2,0,0,0,1,0,0,0,0,0,1,0
1375,1.078,EUR J ORTHODONT,2,0,0,0,0,1,0,0,0,0,0,1
1376,2.987,EUR J PHARM SCI,2,1,0,0,0,1,0,0,0,0,0,0
1377, ,EUR J SCI RES,2,0,1,0,1,0,0,0,0,0,0,0
1378,1.500,EUR NEUROL,2,0,0,0,0,0,0,0,0,0,0,2
1379,1.282,EUR PHYS J B,2,0,0,1,0,1,0,0,0,0,0,0
1380, ,EUROGRAPHICS,2,0,0,0,0,0,0,0,1,0,0,1
1381,3.173,EUROINTERVENTION,2,0,0,0,0,0,1,1,0,0,0,0
1382,1.722,EVID-BASED COMPL ALT,2,1,1,0,0,0,0,0,0,0,0,0
1383,5.283,EXERC SPORT SCI REV,2,0,0,0,1,0,0,0,0,0,0,1
1384,2.790,EXP PHYSIOL,2,0,0,1,0,0,1,0,0,0,0,0
1385, ,FAM COMMUNITY HEALTH,2,0,0,0,0,0,1,1,0,0,0,0
1386, ,FDN AUGMENTED COGNIT,2,0,1,0,0,0,0,1,0,0,0,0
1387,1.902,FETAL DIAGN THER,2,0,0,0,0,0,0,0,0,0,0,2
1388, ,FIELD WAVE ELECTROMA,2,0,0,0,0,0,0,0,0,0,0,2
1389,1.474,FOOT ANKLE INT,2,0,0,0,0,0,0,0,0,0,0,2
1390, ,FRACTAL GEOMETRY NAT,2,0,0,0,0,0,0,0,0,0,0,2
1391, ,FRONT INTEGR NEUROSC,2,0,0,0,2,0,0,0,0,0,0,0
1392,4.058,FRONT NEUROANAT,2,0,1,0,1,0,0,0,0,0,0,0
1393, ,FRONT SYST NEUROSCI,2,0,1,1,0,0,0,0,0,0,0,0
1394, ,FRONTIERS HUM NEUR,2,0,1,1,0,0,0,0,0,0,0,0
1395, ,FRONTIERS INTEGRATIV,2,0,0,0,2,0,0,0,0,0,0,0
1396, ,FRONTIERS NEUROINFOR,2,0,1,1,0,0,0,0,0,0,0,0
1397, ,GAIT AMP POSTURE,2,0,0,0,0,1,0,0,0,0,0,1
1398,12.821,GASTROENTEROLOGY,2,0,0,0,0,1,0,0,0,0,0,1
1399, ,GAUSSIAN PROCESSES M,2,0,0,0,0,0,0,2,0,0,0,0
1400, ,GEN LINEAR MODELS,2,0,0,0,0,0,0,0,0,0,0,2
1401,12.444,GENE DEV,2,0,0,0,0,0,1,0,0,0,1,0
1402, ,GERONTECHNOLOGY,2,0,1,0,0,0,0,0,0,0,0,1
1403, ,GERONTOLOGIST,2,1,0,0,0,0,0,0,0,0,0,1
1404,2.676,GERONTOLOGY,2,0,0,0,0,0,0,0,0,0,0,2
1405,1.932,GRAEF ARCH CLIN EXP,2,0,0,0,0,1,0,0,0,0,0,1
1406,0.697,GRAPH MODELS,2,0,0,0,0,1,0,0,0,0,0,1
1407,10.732,GUT,2,0,0,0,1,0,0,0,0,0,0,1
1408,3.929,GYNECOL ONCOL,2,0,0,0,1,0,0,0,0,1,0,0
1409, ,HANDB EMOTIONS,2,0,0,2,0,0,0,0,0,0,0,0
1410, ,HANDB STAT,2,0,0,0,0,0,0,0,1,0,0,1
1411, ,HDB PHYSL NERVOUS SY,2,0,0,0,0,0,0,0,0,0,0,2
1412, ,HEAD NECK ONCOL,2,0,0,0,2,0,0,0,0,0,0,0
1413,4.641,HEALTH AFFAIR,2,0,0,0,1,0,0,0,1,0,0,0
1414, ,HEART DIS STROK STAT,2,0,0,1,0,0,0,0,0,0,0,1
1415, ,HEART RATE VARIABILI,2,0,1,0,0,0,0,0,0,1,0,0
1416,2.126,HEART VESSELS,2,0,0,0,0,0,0,0,0,0,0,2
1417,0.840,HEAT MASS TRANSFER,2,0,0,0,0,2,0,0,0,0,0,0
1418, ,HIGHER ORDER SPECTRA,2,0,0,0,0,0,0,0,0,0,0,2
1419, ,HLTH INF PERS HLTH D,2,0,0,1,0,1,0,0,0,0,0,0
1420, ,HOROLOGICAL I JAPAN,2,0,0,0,0,0,0,0,0,1,0,1
1421, ,HUM NEUROBIOL,2,0,0,0,0,0,0,0,0,0,0,2
1422, ,I PHYS PUBLISHING,2,0,0,0,0,0,0,1,0,1,0,0
1423, ,IASTED INT C BIOMED1,2,2,0,0,0,0,0,0,0,0,0,0
1424, ,IBM SYST J,2,0,0,0,0,0,0,0,0,0,0,2
1425, ,ICASSP,2,0,1,0,0,0,0,0,0,0,0,1
1426, ,ICASSP2000 IEEE INT,2,0,0,0,0,0,0,0,0,0,0,2
1427, ,ICRP PUBL,2,0,0,0,0,0,0,0,0,0,0,2
1428, ,IEE P-VIS IMAGE SIGN,2,0,0,0,0,0,0,0,0,0,0,2
1429, ,IEEE 11 INT C REH RO,2,0,0,0,2,0,0,0,0,0,0,0
1430,1.616,IEEE ACM T COMPUT BI,2,0,2,0,0,0,0,0,0,0,0,0
1431, ,IEEE ANT PROP SOC IN,2,0,0,0,0,2,0,0,0,0,0,0
1432, ,IEEE BIOM CIRC SYST,2,0,0,0,0,0,0,2,0,0,0,0
1433,1.667,IEEE CIRC SYST MAG,2,0,0,1,0,0,0,1,0,0,0,0
1434, ,IEEE COMP SOC C COMP,2,0,1,0,0,0,0,0,0,0,0,1
1435,1.623,IEEE DES TEST COMPUT,2,0,0,1,0,0,1,0,0,0,0,0
1436, ,IEEE EMBC 2011 BOST,2,0,2,0,0,0,0,0,0,0,0,0
1437, ,IEEE EMBS,2,0,0,0,0,0,1,0,0,1,0,0
1438, ,IEEE EMBS ANN M C P,2,0,0,0,1,1,0,0,0,0,0,0
1439, ,IEEE ENG MED BIO C S,2,0,1,1,0,0,0,0,0,0,0,0
1440, ,IEEE I CONF COMP VIS,2,0,0,0,2,0,0,0,0,0,0,0
1441, ,IEEE ICME,2,0,0,0,0,0,2,0,0,0,0,0
1442,0.556,IEEE INSTRU MEAS MAG,2,0,1,0,0,0,0,0,0,0,0,1
1443, ,IEEE INT C AC SPEECH,2,0,0,1,0,0,0,0,1,0,0,0
1444, ,IEEE INT C EMBC BOST,2,0,2,0,0,0,0,0,0,0,0,0
1445, ,IEEE INT C NEURAL NE,2,0,0,0,0,0,0,0,0,0,0,2
1446, ,IEEE INT C PATT REC,2,0,0,2,0,0,0,0,0,0,0,0
1447, ,IEEE INT C PERV COMP,2,0,2,0,0,0,0,0,0,0,0,0
1448, ,IEEE INT C REH ROB,2,0,0,0,1,0,1,0,0,0,0,0
1449, ,IEEE INT S BIOM IM N,2,0,2,0,0,0,0,0,0,0,0,0
1450, ,IEEE INT S CIRCUITS,2,0,0,0,0,0,0,0,0,1,0,1
1451, ,IEEE INT WORK MED ME,2,0,0,0,2,0,0,0,0,0,0,0
1452, ,IEEE INT WORKSH MED,2,0,2,0,0,0,0,0,0,0,0,0
1453, ,IEEE MTT S INT MICR,2,0,0,0,0,0,2,0,0,0,0,0
1454,0.984,IEEE MULTIMEDIA,2,0,0,0,0,0,0,0,2,0,0,0
1455, ,IEEE POWER ELECTRON,2,0,0,0,0,0,0,0,0,0,1,1
1456,0.545,IEEE PULSE,2,1,1,0,0,0,0,0,0,0,0,0
1457, ,IEEE RAD FREQ INTEGR,2,0,0,2,0,0,0,0,0,0,0,0
1458, ,IEEE REV BIOMED ENG,2,0,0,0,1,1,0,0,0,0,0,0
1459, ,IEEE RFID ORL FLOR U,2,0,0,2,0,0,0,0,0,0,0,0
1460, ,IEEE S COMP INT BIOI,2,0,0,0,0,1,1,0,0,0,0,0
1461,0.962,IEEE SECUR PRIV,2,0,0,2,0,0,0,0,0,0,0,0
1462, ,IEEE SOL STAT CIRC C,2,0,0,1,0,1,0,0,0,0,0,0
1463, ,IEEE SOUTHEASTCON,2,0,0,2,0,0,0,0,0,0,0,0
1464,1.322,IEEE SPECTRUM,2,0,0,1,0,0,0,0,0,0,0,1
1465, ,IEEE SYS MAN CYBERN,2,0,0,0,0,0,0,0,1,1,0,0
1466, ,IEEE T,2,0,0,0,0,0,0,1,0,0,0,1
1467,1.299,IEEE T AERO ELEC SYS,2,0,0,0,0,0,0,1,0,0,0,1
1468,1.199,IEEE T APPL SUPERCON,2,0,1,0,1,0,0,0,0,0,0,0
1469, ,IEEE T AUD UNPUB DEC,2,0,2,0,0,0,0,0,0,0,0,0
1470, ,IEEE T AUDIO ELEC AU,2,0,0,0,0,0,0,0,0,0,0,2
1471, ,IEEE T BIO IN PRESS,2,1,0,0,0,0,0,0,0,0,0,1
1472, ,IEEE T BIOM IN PRESS,2,0,1,0,0,0,0,0,0,0,0,1
1473, ,IEEE T CIRCUITS SYST,2,0,0,0,0,0,1,1,0,0,0,0
1474, ,IEEE T INST IN PRESS,2,1,0,0,0,0,0,0,0,0,0,1
1475,3.064,IEEE T INTELL TRANSP,2,0,0,0,0,0,0,0,2,0,0,0
1476, ,IEEE T MED IN PRESS,2,1,0,0,0,0,0,0,0,0,0,1
1477,1.286,IEEE T NANOBIOSCI,2,0,0,0,0,0,0,0,1,0,1,0
1478,2.418,IEEE T WIREL COMMUN,2,0,0,1,0,0,0,0,0,1,0,0
1479, ,IEEE TNSRE,2,1,1,0,0,0,0,0,0,0,0,0
1480, ,IEEE VISUAL,2,0,0,0,0,0,0,0,0,0,0,2
1481,0.268,IEICE ELECTRON EXPR,2,0,0,0,0,1,1,0,0,0,0,0
1482,0.218,IEICE T INF SYST,2,0,0,0,0,0,1,0,0,0,1,0
1483, ,IMAGE GUIDED INTERVE,2,0,0,0,0,2,0,0,0,0,0,0
1484,2.206,IND ENG CHEM RES,2,0,2,0,0,0,0,0,0,0,0,0
1485, ,INDEPENDENT COMPONEN,2,0,0,0,0,0,0,0,0,0,0,2
1486,0.699,INFORM COMPUT,2,0,0,0,0,0,0,0,0,0,0,2
1487,1.273,INFORM HEALTH SOC CA,2,0,0,1,0,1,0,0,0,0,0,0
1488,0.488,INFORM PROCESS LETT,2,0,0,0,0,0,0,0,1,0,0,1
1489, ,INFORM THEOR IEEE T,2,0,0,0,0,0,0,0,0,0,0,2
1490, ,INSTRUMENTATION MEAS,2,0,1,0,0,0,0,0,0,0,0,1
1491, ,INT ANESTHESIOL CLIN,2,0,0,0,0,0,0,0,0,0,0,2
1492, ,INT AT PROC Z5XX SER,2,0,1,1,0,0,0,0,0,0,0,0
1493, ,INT C APPL BION BIOM,2,0,0,2,0,0,0,0,0,0,0,0
1494, ,INT C COMP VIS,2,0,0,0,0,0,0,0,0,0,1,1
1495, ,INT C IM PROC ICIP,2,0,0,0,0,0,1,0,0,0,0,1
1496, ,INT C MED IM COMP AS,2,0,0,0,0,0,0,0,0,0,0,2
1497, ,INT C PATT REC,2,0,0,1,0,1,0,0,0,0,0,0
1498, ,INT C PERV COMP,2,0,1,0,0,0,0,0,0,1,0,0
1499, ,INT C ROB AUT,2,1,0,0,0,0,0,0,0,0,1,0
1500, ,INT CONFER,2,0,0,0,0,0,0,0,0,0,0,2
1501, ,INT CONGR SER,2,0,0,0,0,0,0,0,0,1,1,0
1502,1.040,INT DENT J,2,0,0,0,0,0,0,0,0,0,0,2
1503,2.051,INT ENDOD J,2,0,0,0,0,0,0,0,0,0,1,1
1504, ,INT J AUTOMATION CON,2,0,0,0,0,2,0,0,0,0,0,0
1505, ,INT J AVIAT PSYCHOL,2,0,0,0,0,0,0,0,0,0,0,2
1506,4.152,INT J BIOCHEM CELL B,2,0,0,0,0,0,0,1,0,0,1,0
1507, ,INT J BIOMED COMPUT,2,0,0,0,0,0,0,0,0,0,0,2
1508, ,INT J BIOMEDICAL IMA,2,0,1,0,1,0,0,0,0,0,0,0
1509,6.198,INT J CANCER,2,0,0,0,0,0,0,0,0,0,0,2
1510, ,INT J COMPUTATIONAL,2,0,0,0,0,0,0,0,1,0,0,1
1511,1.998,INT J ENV RES PUB HE,2,0,0,0,2,0,0,0,0,0,0,0
1512,1.836,INT J GYNECOL OBSTET,2,0,0,0,0,0,2,0,0,0,0,0
1513,0.368,INT J HUM ROBOT,2,0,0,0,0,0,1,0,0,1,0,0
1514,1.250,INT J LOW EXTR WOUND,2,0,0,0,0,0,0,0,1,0,0,1
1515,2.065,INT J MED SCI,2,0,0,0,0,0,1,0,1,0,0,0
1516,2.068,INT J NUMER METH ENG,2,0,0,0,0,0,2,0,0,0,0,0
1517,3.458,INT J PHARMACEUT,2,0,1,0,0,1,0,0,0,0,0,0
1518, ,INT J PHYS SCI,2,0,1,1,0,0,0,0,0,0,0,0
1519,1.305,INT J SYST SCI,2,0,0,0,0,0,0,0,0,0,0,2
1520, ,INT J TELEMED APPL,2,2,0,0,0,0,0,0,0,0,0,0
1521,2.470,INT J THERM SCI,2,0,0,0,1,0,0,0,0,0,1,0
1522, ,INT J WAVELETS MULTI,2,0,0,1,0,0,0,0,1,0,0,0
1523,2.188,INT PSYCHOGERIATR,2,0,0,0,0,0,0,0,0,0,0,2
1524, ,INT REHABIL MED,2,0,0,0,0,0,0,0,0,0,0,2
1525, ,INT ROB SYST 2005 IR,2,0,0,0,0,0,0,0,2,0,0,0
1526, ,INT ROB SYST 95 HUM,2,0,0,0,0,0,0,0,0,0,0,2
1527, ,INT TINNITUS J,2,0,0,0,1,0,1,0,0,0,0,0
1528,4.321,INTEGR BIOL-UK,2,0,1,0,1,0,0,0,0,0,0,0
1529,3.023,INTEGR COMP BIOL,2,0,1,0,0,0,1,0,0,0,0,0
1530, ,INTELL NEUROSCIENCE,2,0,0,1,1,0,0,0,0,0,0,0
1531, ,INTELLIGENCE,2,0,0,1,0,0,0,0,0,0,0,1
1532,1.112,INTERACT CARDIOV TH,2,0,0,0,1,0,0,1,0,0,0,0
1533, ,INTERSPEECH,2,0,1,0,0,0,0,0,1,0,0,0
1534, ,INTRO APPL STAT SIGN,2,0,0,0,0,0,0,0,0,0,0,2
1535, ,INTRO BIOMED ENG,2,0,0,0,0,0,0,0,2,0,0,0
1536, ,INTRO KALMAN FILTER,2,0,0,0,0,0,0,1,0,0,0,1
1537, ,INTRO MACH LEARNI,2,0,0,0,0,0,0,0,0,2,0,0
1538, ,INTRO THEOR POINT P,2,0,0,0,0,0,0,0,0,0,1,1
1539, ,INTRO TIME SERIES MO,2,0,0,2,0,0,0,0,0,0,0,0
1540, ,IRANIAN J ELECT COMP,2,0,0,2,0,0,0,0,0,0,0,0
1541,0.398,IRBM,2,0,0,0,2,0,0,0,0,0,0,0
1542, ,ISBI,2,0,0,1,0,0,1,0,0,0,0,0
1543, ,ISCA SOFTWARE ENG DA,2,0,0,1,0,1,0,0,0,0,0,0
1544, ,ISCAS,2,0,0,0,0,0,0,0,1,1,0,0
1545, ,J ABNORM CHILD PSYCH,2,0,0,0,0,0,0,0,0,0,0,2
1546, ,J ACCID EMERG MED,2,0,0,0,0,0,0,0,0,0,0,2
1547,1.527,J ADV NURS,2,0,0,0,0,0,0,0,0,0,1,1
1548,2.686,J AEROSOL SCI,2,0,0,0,0,0,0,0,0,0,1,1
1549,6.970,J AM ACAD CHILD PSY,2,1,0,0,0,0,0,0,0,0,0,1
1550,8.987,J AM SOC NEPHROL,2,0,0,1,0,0,0,0,1,0,0,0
1551, ,J ANXIETY DISORD,2,0,0,0,0,0,0,0,0,0,0,2
1552, ,J APPL INTELLIGENCE,2,0,0,1,0,0,0,0,0,0,0,1
1553,1.056,J ARTIF INTELL RES,2,0,0,0,0,0,0,0,0,0,0,2
1554,1.848,J ASTHMA,2,0,0,0,1,1,0,0,0,0,0,0
1555,3.177,J BACTERIOL,2,0,0,0,0,0,0,0,0,0,1,1
1556, ,J BEHAV MED,2,0,0,0,0,1,0,0,1,0,0,0
1557, ,J BIOMED ENG RES,2,0,0,0,1,0,0,1,0,0,0,0
1558,3.099,J BIOPHOTONICS,2,0,1,0,0,1,0,0,0,0,0,0
1559,3.320,J CARD FAIL,2,0,0,0,1,0,1,0,0,0,0,0
1560,2.298,J CARDIOL,2,0,1,0,0,1,0,0,0,0,0,0
1561,1.448,J CARDIOTHOR VASC AN,2,0,0,0,0,0,0,0,0,0,0,2
1562, ,J CARDIOVASC TECHNOL,2,0,0,0,0,0,0,0,0,0,0,2
1563,1.937,J CHEMOMETR,2,0,0,0,0,0,0,0,0,0,0,2
1564,6.430,J CLIN ENDOCR METAB,2,0,0,0,0,0,0,0,0,0,0,2
1565,5.332,J CLIN EPIDEMIOL,2,0,0,0,1,1,0,0,0,0,0,0
1566,1.862,J CLIN EXP NEUROPSYC,2,0,0,0,0,0,0,0,0,0,0,2
1567,3.203,J CLIN GASTROENTEROL,2,0,0,0,0,0,0,2,0,0,0,0
1568,1.316,J CLIN NURS,2,0,0,0,0,2,0,0,0,0,0,0
1569,2.439,J CLIN PATHOL,2,0,0,0,0,0,0,0,0,1,0,1
1570,5.812,J CLIN PSYCHIAT,2,0,0,0,1,1,0,0,0,0,0,0
1571,1.856,J COMP PHYSIOL A,2,0,0,0,0,0,0,0,0,0,1,1
1572,0.989,J COMPUT APPL MATH,2,0,0,0,0,1,0,0,0,0,1,0
1573,1.564,J COMPUT BIOL,2,0,1,0,0,0,0,0,0,0,0,1
1574,0.477,J COMPUT SCI TECH-CH,2,0,0,0,0,0,0,0,0,1,0,1
1575, ,J COMPUTERS,2,0,1,0,1,0,0,0,0,0,0,0
1576,3.826,J DENT RES,2,0,0,0,0,1,0,0,0,0,0,1
1577, ,J ELECT INFORM COMMU,2,0,0,0,0,0,0,0,0,0,0,2
1578,2.672,J ELECTROANAL CHEM,2,0,0,0,0,0,0,0,1,0,0,1
1579,1.061,J ELECTRON IMAGING,2,0,0,0,0,1,0,0,0,1,0,0
1580,1.000,J ELECTROSTAT,2,0,0,0,0,0,0,0,0,0,0,2
1581,2.404,J EXP PSYCHOL HUMAN,2,0,0,0,0,0,0,0,0,0,0,2
1582,0.317,J EXP THEOR ARTIF IN,2,0,2,0,0,0,0,0,0,0,0,0
1583,2.276,J FOOD ENG,2,2,0,0,0,0,0,0,0,0,0,0
1584,3.325,J GASTROEN HEPATOL,2,0,1,0,0,1,0,0,0,0,0,0
1585,1.212,J GERIATR PHYS THER,2,0,0,0,1,0,0,0,1,0,0,0
1586,0.806,J GERONTOL NURS,2,0,0,0,0,0,0,1,0,0,0,1
1587,1.307,J GLOBAL OPTIM,2,0,0,0,0,0,1,0,0,0,0,1
1588,4.443,J HEAD TRAUMA REHAB,2,0,0,0,0,0,0,0,2,0,0,0
1589,5.112,J HEART LUNG TRANSPL,2,0,0,0,1,1,0,0,0,0,0,0
1590,9.858,J HEPATOL,2,0,0,0,0,0,0,0,0,0,0,2
1591,0.075,J HOPKINS APL TECH D,2,0,0,0,0,0,0,0,0,1,0,1
1592,2.818,J HUM HYPERTENS,2,0,0,1,0,1,0,0,0,0,0,0
1593, ,J I ELECT INFORM COM,2,0,0,0,0,0,0,0,0,0,0,2
1594,5.520,J IMMUNOL,2,0,0,0,1,0,1,0,0,0,0,0
1595, ,J LAB CLIN MED,2,0,0,0,0,0,0,1,0,0,0,1
1596, ,J MAGN RESON SER B,2,0,0,0,0,0,0,0,0,0,0,2
1597, ,J MARRIAGE FAM,2,0,0,0,0,0,0,0,0,0,0,2
1598,2.163,J MATER SCI,2,0,1,0,0,1,0,0,0,0,0,0
1599,0.642,J MED IMAG HEALTH IN,2,1,1,0,0,0,0,0,0,0,0,0
1600, ,J MED SPEECH-LANG PA,2,0,0,0,0,0,0,0,0,1,0,1
1601,1.163,J MOD OPTIC,2,0,0,1,0,1,0,0,0,0,0,0
1602,1.063,J MULTIVARIATE ANAL,2,0,0,0,0,0,1,0,0,0,0,1
1603, ,J NEUROENGI IN PRESS,2,1,0,0,0,0,0,0,0,0,0,1
1604, ,J NEUROL REHABIL,2,0,0,0,0,0,0,0,0,0,0,2
1605, ,J NEUROPHYSIOLO,2,0,1,0,0,0,0,0,0,0,0,1
1606,2.974,J NEUROSCI RES,2,0,0,0,0,0,0,1,0,0,0,1
1607,1.667,J NEUROSURG ANESTH,2,1,0,0,0,0,0,0,0,0,0,1
1608,0.530,J NEUROSURG SCI,2,0,1,0,0,0,0,0,0,0,0,1
1609,1.628,J NEUROSURG-PEDIATR,2,0,0,0,1,0,0,0,0,0,0,1
1610,1.978,J NEUROSURG-SPINE,2,1,0,1,0,0,0,0,0,0,0,0
1611,1.454,J NURS MANAGE,2,0,0,1,1,0,0,0,0,0,0,0
1612,2.394,J NUTR HEALTH AGING,2,0,0,0,1,1,0,0,0,0,0,0
1613, ,J OPT SOC AM,2,0,0,0,0,0,0,0,0,0,0,2
1614,1.423,J OPTIMIZ THEORY APP,2,0,0,0,0,0,0,0,1,0,0,1
1615,2.344,J ORAL REHABIL,2,0,0,0,0,0,0,0,0,0,0,2
1616,1.751,J ORTHOP TRAUMA,2,0,0,0,0,0,0,0,0,0,0,2
1617, ,J P IEEE,2,0,2,0,0,0,0,0,0,0,0,0
1618,0.532,J PEDIATR ORTHOP B,2,0,0,1,0,0,0,0,0,0,0,1
1619, ,J PEDIATR PSYCHOL,2,0,0,0,0,0,0,0,0,1,1,0
1620, ,J PERS SOC PSYCHOL,2,0,0,0,0,0,0,0,0,0,0,2
1621,1.808,J PHARMACOKINET PHAR,2,0,0,0,0,0,0,0,0,0,0,2
1622,1.766,J PHYS A-MATH THEOR,2,0,0,0,0,1,1,0,0,0,0,0
1623, ,J PHYS IV,2,0,0,0,0,0,0,0,1,0,0,1
1624,2.355,J PHYS-CONDENS MAT,2,0,0,0,0,0,0,0,1,0,0,1
1625,1.089,J PHYSIOL SCI,2,0,0,1,0,1,0,0,0,0,0,0
1626,3.374,J PSYCHOPHARMACOL,2,0,0,0,1,0,1,0,0,0,0,0
1627,3.268,J PSYCHOSOM RES,2,0,0,0,0,0,0,0,0,1,0,1
1628,4.907,J R SOC INTERFACE,2,0,1,0,0,0,0,1,0,0,0,0
1629,1.000,J RECONSTR MICROSURG,2,0,0,0,1,0,0,0,0,0,0,1
1630, ,J ROY COLL SURG EDIN,2,0,0,0,0,0,0,0,0,1,0,1
1631, ,J SAFETY RES,2,0,0,0,0,0,0,0,1,0,1,0
1632,2.899,J SCI MED SPORT,2,0,0,0,0,1,0,1,0,0,0,0
1633, ,J SE U,2,0,0,1,0,1,0,0,0,0,0,0
1634,0.730,J SPORT MED PHYS FIT,2,0,0,0,0,0,0,1,0,0,1,0
1635,0.713,J STAT PLAN INFER,2,0,0,0,0,0,0,0,0,0,0,2
1636, ,J SYSTEMICS CYBERNET,2,0,0,0,0,0,0,0,0,0,2,0
1637,1.887,J URBAN HEALTH,2,0,0,2,0,0,0,0,0,0,0,0
1638,2.002,J VASC INTERV RADIOL,2,0,1,0,0,1,0,0,0,0,0,0
1639,2.479,J VISION,2,0,0,2,0,0,0,0,0,0,0,0
1640,1.550,J VOICE,2,0,1,0,0,0,0,0,1,0,0,0
1641,0.527,J ZHEJIANG UNIV-SC A,2,0,0,0,0,0,2,0,0,0,0,0
1642, ,JACEP-J AM COLL EMER,2,0,0,0,0,0,0,0,0,0,0,2
1643,2.748,JOINT BONE SPINE,2,0,0,0,0,0,0,1,0,0,0,1
1644, ,JOURNAL OF CEREBRAL,2,0,0,0,2,0,0,0,0,0,0,0
1645, ,JOURNAL OF IMMUNOLOG,2,0,1,0,0,0,0,0,0,1,0,0
1646,2.486,JPEN-PARENTER ENTER,2,0,0,0,0,0,0,0,0,0,1,1
1647, ,JPN ADV TRAUMA EVA,2,0,0,0,0,2,0,0,0,0,0,0
1648,1.898,JPN J CLIN ONCOL,2,0,0,1,1,0,0,0,0,0,0,0
1649, ,JPN J HYPERTHERMIA O,2,0,0,0,0,0,0,0,0,0,0,2
1650,1.274,JPN J OPHTHALMOL,2,0,0,0,0,0,0,0,0,2,0,0
1651, ,JSME INT J C-MECH SY,2,0,0,0,0,0,0,0,0,0,0,2
1652, ,KAWASAKI MED WELFARE,2,0,0,0,0,0,0,1,0,0,0,1
1653, ,KOSS DIAGN CYTO,2,0,0,0,0,0,0,2,0,0,0,0
1654, ,KYBERNETIK,2,0,0,0,0,0,0,0,0,0,0,2
1655,19.966,LANCET INFECT DIS,2,0,0,0,0,0,0,2,0,0,0,0
1656, ,LEARN DATA CONCEP,2,0,0,0,0,0,1,0,0,0,0,1
1657, ,LECT NOTES COMPUT V,2,0,0,2,0,0,0,0,0,0,0,0
1658,2.555,LIFE SCI,2,0,0,0,0,0,0,0,0,0,0,2
1659,0.571,LOGOP PHONIATR VOCO,2,0,1,0,0,0,0,0,0,0,0,1
1660, ,MACH LEARN SIGN P,2,0,0,0,0,2,0,0,0,0,0,0
1661,1.103,MACH VISION APPL,2,0,0,0,0,0,0,0,0,0,1,1
1662,3.742,MACROMOL BIOSCI,2,0,0,0,1,0,0,1,0,0,0,0
1663, ,MARKOV RANDOM FIELD,2,0,0,0,2,0,0,0,0,0,0,0
1664, ,MATER SCI FORUM,2,0,1,0,0,0,0,0,1,0,0,0
1665,1.366,MATH COMPUT,2,0,0,0,0,0,0,0,0,0,0,2
1666, ,MATH ELASTICITY,2,0,0,0,0,0,0,0,0,0,0,2
1667,2.090,MATH PROGRAM,2,0,0,0,0,0,0,1,0,0,1,0
1668, ,MATH STAT DATA ANAL,2,0,0,0,0,0,1,0,0,0,0,1
1669, ,MATRIX COMPUTATIONS,2,0,0,0,0,0,0,0,0,0,0,2
1670,3.264,MECH AGEING DEV,2,0,0,0,0,0,0,0,1,0,0,1
1671,1.913,MECH SYST SIGNAL PR,2,0,0,0,1,1,0,0,0,0,0,0
1672,3.227,MED CARE,2,0,0,0,0,0,0,0,0,0,0,2
1673,2.607,MED CLIN N AM,2,0,0,0,0,1,0,0,0,0,0,1
1674,2.890,MED DECIS MAKING,2,0,0,1,0,0,0,0,0,0,0,1
1675,1.054,MED HYPOTHESES,2,1,0,1,0,0,0,0,0,0,0,0
1676, ,MED IMAGE A IN PRESS,2,1,0,0,0,0,0,0,0,0,0,1
1677, ,MED IMAGE COMPUT COM,2,0,2,0,0,0,0,0,0,0,0,0
1678, ,MED MEETS VIRT REAL,2,0,0,0,0,0,2,0,0,0,0,0
1679,1.363,MEM I OSWALDO CRUZ,2,0,0,0,1,0,0,0,0,0,0,1
1680,3.641,METHODS,2,0,0,0,0,0,1,0,0,0,1,0
1681, ,MICCAI,2,0,0,0,0,0,0,1,0,0,1,0
1682, ,MICR C 2010 APMC 201,2,0,0,2,0,0,0,0,0,0,0,0
1683,16.417,MICROBIOL MOL BIOL R,2,0,0,0,0,1,0,0,0,0,0,1
1684,3.434,MICROCHIM ACTA,2,0,0,0,0,1,0,0,1,0,0,0
1685,0.912,MICROELECTRON J,2,0,1,0,0,1,0,0,0,0,0,0
1686,0.827,MICROSYST TECHNOL,2,0,0,0,0,0,0,0,1,1,0,0
1687,4.644,MILBANK Q,2,0,0,0,0,0,0,0,0,1,0,1
1688,0.622,MINIM INVAS NEUROSUR,2,0,0,0,0,1,0,0,0,0,0,1
1689,1.186,MINIM INVASIV THER,2,0,0,1,0,0,0,1,0,0,0,0
1690,4.803,MOL BIOL CELL,2,0,0,0,0,0,0,0,1,0,0,1
1691,15.280,MOL CELL,2,0,0,1,0,1,0,0,0,0,0,0
1692,5.372,MOL CELL BIOL,2,0,0,0,0,0,0,1,0,1,0,0
1693, ,MOL CELL BIOMECH,2,0,0,0,0,1,1,0,0,0,0,0
1694,3.095,MOL IMAGING BIOL,2,0,0,0,0,0,1,0,0,0,0,1
1695, ,MONTREAL COGNITIVE A,2,2,0,0,0,0,0,0,0,0,0,0
1696, ,MOSBY YEARB,2,0,0,0,0,0,0,0,0,0,0,2
1697,5.024,MRS BULL,2,0,0,0,1,0,0,0,0,0,0,1
1698, ,MULTIPLE VIEW GEOMET,2,0,0,0,0,0,0,0,0,1,1,0
1699, ,MULTISCALE CANC MODE,2,0,1,0,0,0,0,0,0,0,0,1
1700, ,MULTIVAR STAT ME,2,0,0,0,0,0,0,0,0,0,0,2
1701, ,NASA HUM RES PROGR I,2,2,0,0,0,0,0,0,0,0,0,0
1702, ,NAT CLIN PRACT ONCOL,2,0,0,0,1,1,0,0,0,0,0,0
1703,35.209,NAT GENET,2,0,0,0,0,1,0,1,0,0,0,0
1704,27.254,NAT PHOTONICS,2,0,1,1,0,0,0,0,0,0,0,0
1705,10.400,NAT REV CARDIOL,2,0,1,0,1,0,0,0,0,0,0,0
1706,22.490,NAT REV MICROBIOL,2,0,0,0,0,0,0,1,0,1,0,0
1707,9.745,NAT REV RHEUMATOL,2,0,1,1,0,0,0,0,0,0,0,0
1708,1.652,NEPHRON CLIN PRACT,2,0,1,0,0,0,0,1,0,0,0,0
1709, ,NEUR NETW 2007 IJCNN,2,0,0,0,0,0,2,0,0,0,0,0
1710, ,NEURAL COMP IN PRESS,2,0,1,0,0,0,0,0,0,0,0,1
1711,1.168,NEURAL COMPUT APPL,2,0,1,1,0,0,0,0,0,0,0,0
1712, ,NEURAL INTERFACES BI,2,0,0,0,0,0,0,0,0,0,0,2
1713,0.184,NEURO-OPHTHALMOLOGY,2,0,0,0,0,0,0,0,1,0,0,1
1714,5.624,NEUROBIOL DIS,2,0,0,0,1,0,0,1,0,0,0,0
1715,2.370,NEUROEPIDEMIOLOGY,2,0,0,0,0,0,0,0,0,0,0,2
1716, ,NEURON BOOK,2,0,0,0,0,0,0,1,1,0,0,0
1717, ,NEUROPROSTHETICS THE,2,0,0,0,0,0,0,0,0,2,0,0
1718, ,NEUROSCI BEHAV PHYSL,2,0,0,0,1,1,0,0,0,0,0,0
1719,2.674,NEUROUROL URODYNAM,2,0,1,0,1,0,0,0,0,0,0,0
1720,0.795,NEW GENERAT COMPUT,2,0,0,1,0,0,0,0,0,0,0,1
1721,4.063,NEW J PHYS,2,0,0,2,0,0,0,0,0,0,0,0
1722,0.328,NEW SCI,2,0,0,0,0,0,0,2,0,0,0,0
1723, ,NEW TRENDS APPL ARTI,2,0,0,0,0,0,2,0,0,0,0,0
1724, ,NEWS PHYSIOL SCI,2,0,0,0,0,0,0,0,0,1,0,1
1725, ,NIEDERMEYERS ELECTRO,2,0,1,0,0,0,0,0,0,0,0,1
1726, ,NIH PUBL,2,0,0,0,0,0,0,0,0,0,0,2
1727, ,NIHN01DC60002,2,0,1,0,0,0,1,0,0,0,0,0
1728, ,NUCL INSTRUM METHODS,2,0,0,0,0,1,0,0,0,0,0,1
1729,1.202,NUMER LINEAR ALGEBR,2,0,0,0,0,0,0,0,0,0,0,2
1730, ,NUMER METHODS ST,2,0,0,2,0,0,0,0,0,0,0,0
1731, ,NUTR PREVENTION TREA,2,0,0,0,0,1,0,0,0,0,0,1
1732, ,OBES RES,2,0,0,0,0,0,0,0,0,0,2,0
1733,4.095,ONCOLOGIST,2,0,0,0,0,1,0,0,0,0,1,0
1734, ,OPEN ACCESS BIOINFOR,2,0,0,2,0,0,0,0,0,0,0,0
1735, ,OPEN BIOMED ENG J,2,0,0,1,0,0,0,0,0,0,0,1
1736, ,OPEN MED INFORM J,2,0,0,2,0,0,0,0,0,0,0,0
1737,2.182,OPHTHAL EPIDEMIOL,2,0,0,0,0,0,0,0,0,2,0,0
1738,1.464,OPHTHAL SURG LAS IM,2,1,0,0,0,0,0,0,0,0,0,1
1739, ,OPT SHOP TESTING,2,0,0,0,0,0,2,0,0,0,0,0
1740, ,OPTIMIZ JAVA PA,2,0,0,0,0,0,0,0,0,0,0,2
1741,4.262,OSTEOARTHR CARTILAGE,2,0,0,1,0,0,0,0,1,0,0,0
1742, ,OSTEOARTHRITIS KNEE,2,0,0,0,0,2,0,0,0,0,0,0
1743, ,OTOLARYNGOLOGY-POL,2,0,2,0,0,0,0,0,0,0,0,0
1744, ,P 1 INT C APPL BION,2,0,0,2,0,0,0,0,0,0,0,0
1745, ,P 15 INT C DIG SIGN,2,0,0,0,0,0,2,0,0,0,0,0
1746, ,P 16 SCI M INT SOC M,2,0,0,0,0,2,0,0,0,0,0,0
1747, ,P 19 ANN M ISMRM,2,0,2,0,0,0,0,0,0,0,0,0
1748, ,P 2005 IEEE ENG MED,2,0,0,0,0,0,0,0,2,0,0,0
1749, ,P 2005 IEEE INT C RO,2,0,0,0,0,0,0,1,1,0,0,0
1750, ,P 2006 IEEE INT C RO,2,0,0,0,0,0,0,2,0,0,0,0
1751, ,P 2010 IASTED ROB AP,2,0,0,2,0,0,0,0,0,0,0,0
1752, ,P 2011 ANN OAK RIDG,2,0,2,0,0,0,0,0,0,0,0,0
1753, ,P 2011 AS C SIGN SYS,2,0,2,0,0,0,0,0,0,0,0,0
1754, ,P 2012 IEEE IN PRESS,2,2,0,0,0,0,0,0,0,0,0,0
1755, ,P 2012 SOC TECHN AN,2,2,0,0,0,0,0,0,0,0,0,0
1756, ,P 25 ANN INT C IEEE,2,0,0,0,0,0,0,0,0,0,2,0
1757, ,P 25 IEEE INT S COMP,2,2,0,0,0,0,0,0,0,0,0,0
1758, ,P 3 INT BRAIN COMP I,2,0,0,0,0,0,0,2,0,0,0,0
1759, ,P 33 ANN ENG MED BIO,2,0,2,0,0,0,0,0,0,0,0,0
1760, ,P 33 ANN INT IEEE EN,2,0,2,0,0,0,0,0,0,0,0,0
1761, ,P 4 INT C BIOM ENG I,2,0,2,0,0,0,0,0,0,0,0,0
1762, ,P 5 INT BCI C,2,0,2,0,0,0,0,0,0,0,0,0
1763, ,P 5 INT BRAIN COMP I,2,0,2,0,0,0,0,0,0,0,0,0
1764, ,P 5 INT C NEUR ENG,2,0,2,0,0,0,0,0,0,0,0,0
1765, ,P 6 INT S MICR HUM S,2,0,0,0,0,0,0,0,0,0,0,2
1766, ,P 7 INT WORKSH MOD A,2,0,2,0,0,0,0,0,0,0,0,0
1767, ,P ANN INT C IEEE EMB,2,1,0,1,0,0,0,0,0,0,0,0
1768, ,P ANN INT ENG MED BI,2,0,2,0,0,0,0,0,0,0,0,0
1769, ,P ASS RES VIS OPHTH,2,0,0,2,0,0,0,0,0,0,0,0
1770, ,P BICOB,2,0,2,0,0,0,0,0,0,0,0,0
1771, ,P COMPUTERS CARDIOLO,2,0,0,0,0,0,0,0,0,0,1,1
1772, ,P ESANN,2,0,0,0,0,1,0,1,0,0,0,0
1773,0.633,P I MECH ENG C-J MEC,2,0,0,0,0,0,0,1,0,0,0,1
1774, ,P ICORR 2011 INT C R,2,0,2,0,0,0,0,0,0,0,0,0
1775, ,P ICOST 2012 INT C S,2,2,0,0,0,0,0,0,0,0,0,0
1776, ,P IEEE C COMP VIS PA,2,0,0,0,0,0,0,0,0,0,0,2
1777, ,P IEEE EMBC 2011,2,0,2,0,0,0,0,0,0,0,0,0
1778, ,P IEEE INT C AUT FAC,2,0,1,0,0,0,0,0,0,0,0,1
1779, ,P IEEE INT C COMM IC,2,1,0,0,0,0,0,1,0,0,0,0
1780, ,P IEEE INT IN PRESS,2,2,0,0,0,0,0,0,0,0,0,0
1781, ,P IEEE INT JOINT C N,2,0,0,0,0,1,0,0,0,0,0,1
1782, ,P IEEE INT WORKSH ME,2,0,0,2,0,0,0,0,0,0,0,0
1783, ,P IEEE ULTRASON S,2,0,0,0,0,0,0,0,0,0,0,2
1784, ,P IFAC,2,0,2,0,0,0,0,0,0,0,0,0
1785, ,P INT C IEEE ENG MED,2,0,1,0,0,0,0,1,0,0,0,0
1786, ,P INT C VER LARG DAT,2,0,0,0,0,0,0,0,0,0,0,2
1787, ,P ISBI 2010,2,0,0,1,0,0,0,0,0,0,0,1
1788, ,P ISMRM ANN M,2,0,1,0,0,0,0,1,0,0,0,0
1789, ,P ISMRM SEATTL WA US,2,0,0,0,0,0,0,2,0,0,0,0
1790, ,P LOUGHB ANT PROP C,2,0,0,1,1,0,0,0,0,0,0,0
1791, ,P PETRA,2,0,0,0,0,2,0,0,0,0,0,0
1792, ,P SIGCHI C HUM FACT,2,0,0,0,0,0,0,0,0,0,0,2
1793, ,P TECHN ASS REH,2,0,2,0,0,0,0,0,0,0,0,0
1794, ,P WORLD C MED PHYS B,2,0,0,0,2,0,0,0,0,0,0,0
1795,2.792,PAEDIATR RESPIR REV,2,0,0,0,1,0,0,0,0,0,0,1
1796,2.459,PAIN MED,2,0,1,0,0,0,0,0,0,1,0,0
1797, ,PED AC SOC ANN M BOS,2,2,0,0,0,0,0,0,0,0,0,0
1798, ,PERCEPT PSYCHOPHYS,2,0,0,0,0,0,0,0,0,0,0,2
1799, ,PERV COMP TECHN HEAL,2,0,1,1,0,0,0,0,0,0,0,0
1800, ,PHILOS T A,2,0,1,0,1,0,0,0,0,0,0,0
1801,2.287,PHOTOCHEM PHOTOBIOL,2,0,0,0,0,0,0,0,0,0,0,2
1802,1.802,PHOTOGRAMM ENG REM S,2,0,0,0,0,0,0,1,0,0,0,1
1803,2.620,PHYS BIOL,2,0,0,0,0,0,0,2,0,0,0,0
1804,3.042,PHYS REV A,2,0,0,0,0,0,0,0,0,0,0,2
1805,3.767,PHYS REV B,2,0,0,1,1,0,0,0,0,0,0,0
1806,1.531,PHYSIOL RES,2,0,0,1,0,0,0,0,0,0,1,0
1807,6.750,PHYSIOLOGY,2,0,0,1,0,0,1,0,0,0,0,0
1808, ,PHYSL MEASU IN PRESS,2,2,0,0,0,0,0,0,0,0,0,0
1809, ,PRACT STAT MED R,2,0,0,0,0,0,0,0,0,0,0,2
1810, ,PRINCIPLES FLUORESCE,2,0,0,0,0,0,0,1,0,0,0,1
1811, ,PROC IEEE MICR ELECT,2,0,1,0,0,1,0,0,0,0,0,0
1812, ,PROC INT CONF DATA,2,0,0,0,0,0,0,0,0,1,0,1
1813,4.000,PROG CARDIOVASC DIS,2,0,0,0,2,0,0,0,0,0,0,0
1814, ,PROG ELECTROMAGN RES,2,1,0,0,0,0,0,0,0,0,0,1
1815,0.989,PROG NAT SCI-MATER,2,0,0,0,2,0,0,0,0,0,0,0
1816,9.439,PROG RETIN EYE RES,2,0,0,0,0,0,0,1,0,0,1,0
1817,2.479,PROG THEOR PHYS,2,0,0,0,0,0,0,0,0,0,0,2
1818,3.843,PROSTATE,2,0,0,0,0,0,0,0,0,0,0,2
1819,2.575,PSYCHIATRY,2,0,0,0,0,0,0,0,1,1,0,0
1820,5.137,PSYCHONEUROENDOCRINO,2,0,0,0,0,0,1,0,0,0,0,1
1821,4.077,PSYCHOSOM MED,2,0,0,0,1,0,0,0,0,0,1,0
1822, ,Q J EXP PSYCHOL-A,2,0,0,0,0,0,0,0,0,0,0,2
1823,0.823,QUANTUM ELECTRON+,2,0,0,0,0,0,0,0,0,0,0,2
1824,0.909,RADIAT PROT DOSIM,2,0,0,0,0,0,0,0,0,0,0,2
1825, ,RANDOMIZATION MONTE,2,0,0,0,0,0,0,0,0,0,0,2
1826, ,REINFORCEMENT LEARNI,2,0,0,0,0,0,0,0,0,0,0,2
1827,5.103,REMOTE SENS ENVIRON,2,0,0,0,0,0,1,0,0,0,0,1
1828, ,RES DEV DISABIL,2,0,2,0,0,0,0,0,0,0,0,0
1829,1.108,RES Q EXERCISE SPORT,2,0,0,0,0,0,0,0,0,0,0,2
1830,2.585,RESP MED,2,0,1,0,0,0,0,0,0,0,0,1
1831,1.000,REV BRAS FISIOTER,2,0,0,1,0,1,0,0,0,0,0,0
1832, ,REV GEN PSYCHOL,2,0,0,0,0,0,0,2,0,0,0,0
1833, ,RFID HANDB,2,0,0,0,0,0,0,0,0,0,2,0
1834, ,RFID HDB FUNDAMENTAL,2,0,0,0,0,0,0,0,0,0,2,0
1835, ,ROB AUT 2009 ICRA 09,2,0,0,0,2,0,0,0,0,0,0,0
1836, ,ROBOTICS AUTONOMOUS,2,0,0,2,0,0,0,0,0,0,0,0
1837, ,ROBOTICS IEEE T,2,1,0,1,0,0,0,0,0,0,0,0
1838, ,SCAND AUDIOL,2,0,0,0,0,0,0,0,0,0,0,2
1839, ,SCAND J PLAST RECONS,2,0,0,0,0,0,0,0,0,0,0,2
1840,8.486,SCHIZOPHRENIA BULL,2,0,0,0,0,0,0,1,0,0,0,1
1841,1.478,SCI AM,2,0,0,0,0,0,1,0,0,0,0,1
1842,1.509,SEMIN NEUROL,2,0,0,0,0,0,1,0,0,0,0,1
1843, ,SEMIN THORAC CA,2,0,0,0,0,1,0,0,0,1,0,0
1844, ,SENIAM 8 EUROPEAN RE,2,0,0,0,0,0,0,0,0,0,0,2
1845,0.288,SENSOR MATER,2,0,0,0,0,0,0,0,0,0,1,1
1846, ,SENSORS,2,0,0,1,0,0,1,0,0,0,0,0
1847, ,SERIES OPER RE,2,0,0,0,0,0,0,0,0,0,0,2
1848,1.342,SIAM J MATRIX ANAL A,2,0,0,0,0,0,0,0,0,0,0,2
1849, ,SIGKDD EXPLOR NEWSL,2,0,0,0,2,0,0,0,0,0,0,0
1850, ,SIGNAL PROCESSING IE,2,0,0,0,0,0,0,0,0,0,0,2
1851, ,SIGNAL PROCESSING TE,2,0,0,0,0,2,0,0,0,0,0,0
1852,2.256,SLEEP BREATH,2,0,1,0,0,0,0,0,0,0,0,1
1853, ,SOC BIOMECHANICS JAP,2,0,0,0,1,0,0,0,0,0,0,1
1854, ,SOC NEUR ANN M,2,0,1,1,0,0,0,0,0,0,0,0
1855, ,SOC PERSONALITY P,2,0,0,0,0,2,0,0,0,0,0,0
1856, ,SOL STAT CIRC C 2009,2,0,0,0,2,0,0,0,0,0,0,0
1857, ,SPECTRAL ANAL PHYS A,2,0,0,0,0,0,0,0,0,0,0,2
1858, ,SPIE MED IMAGING 200,2,0,0,0,1,0,0,0,0,1,0,0
1859, ,SPIKES EXPLORING NEU,2,0,0,0,0,0,0,0,0,0,0,2
1860, ,SPM8,2,0,0,0,0,0,0,0,0,0,0,2
1861, ,SPRINGER SERIES STAT,2,0,0,0,0,0,0,0,1,0,0,1
1862,1.977,STAT COMPUT,2,0,0,0,1,0,1,0,0,0,0,0
1863,7.701,STEM CELLS,2,0,0,0,0,1,0,0,1,0,0,0
1864, ,STROKE J CEREBRAL CI,2,0,0,1,0,0,1,0,0,0,0,0
1865, ,STUD COMP INTELL,2,0,0,0,1,0,0,0,1,0,0,0
1866,2.758,SUPERCOND SCI TECH,2,0,1,0,0,0,1,0,0,0,0,0
1867,2.019,SURG CLIN N AM,2,0,0,0,0,0,0,0,0,2,0,0
1868, ,SURG HEAD CLAMP,2,0,0,0,0,0,0,0,0,0,0,2
1869, ,SURG KNEE,2,0,0,0,0,0,0,1,0,0,0,1
1870,1.130,SURG RADIOL ANAT,2,0,0,1,0,0,0,0,1,0,0,0
1871,2.310,SYNAPSE,2,0,0,0,0,0,0,1,0,0,0,1
1872, ,T ASME,2,0,0,0,0,0,0,0,0,0,0,2
1873, ,THESIS ATHENS U ATHE,2,0,0,0,0,1,0,0,0,1,0,0
1874, ,THESIS BOSTON U BOST,2,0,1,0,0,0,0,0,0,0,0,1
1875, ,THESIS CHIBA U,2,0,0,0,0,2,0,0,0,0,0,0
1876, ,THESIS EPFL LAUSANNE,2,0,0,1,0,0,0,0,0,0,0,1
1877, ,THESIS ETH ZURICH,2,0,0,0,0,1,1,0,0,0,0,0
1878, ,THESIS NC STATE U,2,0,0,0,0,0,0,1,1,0,0,0
1879, ,THESIS RWTH AACHEN U,2,1,0,0,0,0,0,0,0,0,0,1
1880, ,THESIS STANFORD U ST,2,0,0,0,0,0,0,1,0,0,0,1
1881, ,THESIS TU DARMSTADT,2,0,0,0,0,0,1,0,0,0,0,1
1882, ,THESIS U BRASILIA BR,2,0,0,0,0,0,0,0,1,0,1,0
1883, ,THESIS U MANITOBA WI,2,0,0,0,2,0,0,0,0,0,0,0
1884, ,THESIS U OXFORD,2,0,0,0,0,1,0,0,0,0,0,1
1885,3.544,THYROID,2,0,0,1,1,0,0,0,0,0,0,0
1886, ,TOP SPINAL CORD INJ,2,0,1,0,0,0,0,1,0,0,0,0
1887, ,TRANSDUTORES INTERFA,2,0,0,0,0,0,0,0,0,0,0,2
1888,3.526,TRANSFUSION,2,0,0,0,0,0,0,0,0,0,0,2
1889, ,TRAUMATIC BRAIN INJU,2,0,0,2,0,0,0,0,0,0,0,0
1890, ,TREMOR,2,0,0,0,0,0,0,0,0,0,0,2
1891, ,TXB MED PHYSL,2,0,0,0,0,0,0,2,0,0,0,0
1892, ,ULTR S IUS 2011 IEEE,2,0,2,0,0,0,0,0,0,0,0,0
1893,2.424,UROLOGY,2,0,0,0,0,0,0,0,0,0,0,2
1894, ,VIS PROSTH PHYSL,2,0,2,0,0,0,0,0,0,0,0,0
1895,0.909,VISUAL COMPUT,2,1,0,0,0,0,0,1,0,0,0,0
1896, ,VISUAL NEUROSCIENCES,2,0,0,0,0,0,0,0,0,2,0,0
1897, ,VISUAL PROSTHESIS OP,2,0,0,0,0,0,2,0,0,0,0,0
1898, ,VITAL HEALTH STAT,2,0,0,1,0,0,0,1,0,0,0,0
1899, ,WAVE MOTION ELASTIC,2,0,0,0,0,0,0,0,0,0,0,2
1900, ,WEB BAS INJ STAT QUE,2,0,0,0,0,0,0,0,0,0,0,2
1901, ,WHO GLOB REP FALLS P,2,0,0,0,0,1,1,0,0,0,0,0
1902, ,WILEY ENCY BIOMEDICA,2,0,0,0,0,0,0,2,0,0,0,0
1903, ,WILEY SERIES PROBABI,2,0,0,0,0,0,0,0,0,0,1,1
1904,3.676,WIRES SYST BIOL MED,2,0,1,1,0,0,0,0,0,0,0,0
1905, ,WORK,2,0,0,0,0,0,0,0,1,0,0,1
1906, ,WORLD HAPT 2009 3,2,0,0,0,2,0,0,0,0,0,0,0
1907,2.888,WORLD J UROL,2,0,0,0,0,0,0,1,0,0,0,1
1908, ,WORLD POP AG 2009,2,0,0,0,2,0,0,0,0,0,0,0
1909, ,WORLD WIR MOB MULT N,2,0,1,1,0,0,0,0,0,0,0,0
1910, ,Z AUDIOLOGIE AUDIOLO,2,0,0,0,0,0,0,0,0,0,0,2
Copyright  2018 Clarivate Analytics,,,,,,,,,,,,,,
"By exporting the selected data, you agree to the data usage policy set forth in the Terms of Use",,,,,,,,,,,,,,
