Citing Journal Data: IEEE T BIO-MED ENG,,,,,,,,,,,,,,
,Impact Factor,Cited Journal,All Yrs,2017,2016,2015,2014,2013,2012,2011,2010,2009,2008,Rest
1, ,ALL Journals,12239,68,487,961,988,975,947,834,789,621,558,5011
2, ,ALL OTHERS (2194),2194,4,87,170,190,184,167,152,145,94,88,913
3,4.288,IEEE T BIO-MED ENG,610,10,35,62,62,49,39,46,37,23,22,225
4,4.082,MAGN RESON MED,191,12,9,19,11,8,12,7,14,6,9,84
5,6.131,IEEE T MED IMAGING,190,2,20,15,10,10,13,15,10,12,9,74
6, ,IEEE ENG MED BIOL,179,0,6,23,28,33,20,22,14,16,8,9
7,5.426,NEUROIMAGE,172,1,6,8,21,21,32,24,10,6,4,39
8,2.006,PHYSIOL MEAS,149,1,10,12,17,7,16,6,7,10,10,53
9,2.766,PLOS ONE,128,0,11,17,27,24,18,17,5,5,3,1
10,2.665,PHYS MED BIOL,115,0,2,10,3,5,7,4,11,7,3,63
11,18.881,CIRCULATION,109,0,1,2,1,3,5,5,3,1,1,87
12, ,LECT NOTES COMPUT SC,107,0,4,8,8,7,12,4,6,9,5,44
13,3.972,IEEE T NEUR SYS REH,92,1,6,11,15,7,9,4,6,5,3,25
14,2.884,MED PHYS,88,0,2,7,6,5,7,11,9,5,8,28
15,3.405,ANN BIOMED ENG,85,0,3,3,8,10,7,8,8,9,1,28
16,5.356,MED IMAGE ANAL,85,2,3,14,11,10,14,6,3,6,5,11
17,3.920,J NEURAL ENG,78,0,2,7,12,8,9,15,4,3,5,13
18,3.614,CLIN NEUROPHYSIOL,68,0,3,5,7,4,7,4,4,1,4,29
19,9.455,IEEE T PATTERN ANAL,67,0,0,1,5,8,2,5,1,1,0,44
20,2.431,J BIOMECH,64,0,1,6,4,3,1,3,5,4,6,31
21,2.704,IEEE T ULTRASON FERR,63,0,1,3,3,2,3,4,0,5,7,35
22,3.256,J APPL PHYSIOL,63,0,0,2,1,0,2,2,1,3,1,51
23,2.668,J NEUROSCI METH,63,0,2,3,7,7,4,2,7,3,6,22
24,2.502,J NEUROPHYSIOL,59,1,2,0,0,1,2,3,2,4,3,41
25,3.965,PATTERN RECOGN,59,1,1,1,2,5,4,4,3,5,3,30
26,9.504,P NATL ACAD SCI USA,58,0,4,2,3,7,7,5,6,3,3,18
27,3.850,IEEE J BIOMED HEALTH,57,2,6,30,16,3,0,0,0,0,0,0
28, ,THESIS,57,0,5,7,0,5,6,4,2,3,3,22
29,1.971,MED BIOL ENG COMPUT,54,3,2,1,4,2,2,5,0,6,3,26
30,41.577,NATURE,51,0,0,3,0,4,9,3,5,2,2,23
31,79.260,NEW ENGL J MED,51,0,1,3,2,1,2,3,0,2,3,34
32,3.612,J MAGN RESON IMAGING,49,2,3,5,0,3,3,3,1,1,5,23
33, ,PROC SPIE,48,0,4,4,2,4,5,3,4,2,2,18
34,1.605,J ACOUST SOC AM,46,0,2,2,1,2,1,2,1,4,2,29
35,4.203,IEEE T SIGNAL PROCES,45,0,2,0,2,3,3,1,4,2,1,27
36,5.971,J NEUROSCI,45,0,0,1,2,3,5,3,6,3,2,20
37,3.569,AM J PHYSIOL-HEART C,44,0,0,3,0,1,1,1,1,2,4,31
38,5.072,IEEE T IMAGE PROCESS,44,1,0,1,2,3,5,4,2,0,5,21
39,41.058,SCIENCE,44,0,0,2,0,0,4,3,0,1,0,34
40,5.481,BIOINFORMATICS,43,0,0,1,2,7,7,5,5,5,2,9
41,16.834,J AM COLL CARDIOL,42,0,0,1,2,3,2,0,3,2,2,27
42,3.440,INT J HYPERTHER,41,0,1,4,1,5,0,2,5,2,3,18
43,5.863,RESUSCITATION,41,1,4,7,2,6,2,4,3,4,3,5
44,2.645,ULTRASOUND MED BIOL,41,0,1,1,2,5,0,3,3,1,3,22
45, ,IEEE T INF TECHNOL B,39,0,0,0,0,0,9,6,12,2,4,6
46,2.367,J BIOMED OPT,38,0,1,5,4,3,8,4,4,1,1,7
47,2.284,PHYS REV E,38,0,0,3,2,3,5,2,3,0,3,17
48,2.475,SENSORS-BASEL,38,0,5,5,13,7,2,0,5,0,0,1
49,9.107,P IEEE,37,0,6,7,1,0,1,0,2,0,2,18
50, ,PROC CVPR IEEE,37,0,4,7,2,2,3,1,4,5,0,9
51,4.540,J PHYSIOL-LONDON,36,0,0,0,1,1,2,3,0,1,1,27
52, ,COMPUT CARDIOL,35,0,0,3,2,6,6,2,3,1,0,12
53,3.500,IEEE T BIOMED CIRC S,35,0,11,1,5,2,2,2,7,2,0,3
54,4.264,IEEE T ROBOT,35,0,1,1,2,3,2,2,3,7,4,10
55,10.848,BRAIN,34,0,1,0,3,2,1,1,2,1,3,20
56, ,ELECTROEN CLIN NEURO,34,0,0,0,0,0,0,0,0,0,0,34
57,1.961,INT J COMPUT ASS RAD,34,1,3,7,5,5,1,2,2,5,3,0
58,53.254,LANCET,34,0,0,0,0,3,1,3,2,0,1,24
59,3.495,APPL PHYS LETT,33,0,1,2,4,3,3,3,1,1,0,15
60,11.541,INT J COMPUT VISION,33,0,0,0,0,0,1,1,1,0,2,28
61,8.324,MOVEMENT DISORD,33,0,2,1,0,2,0,1,2,2,2,21
62,9.130,CANCER RES,32,0,0,2,1,2,1,4,2,3,0,17
63, ,IEEE INT CONF ROBOT,32,0,4,5,5,6,3,1,1,0,1,6
64, ,P SOC PHOTO-OPT INST,32,0,1,3,1,7,4,2,0,6,4,4
65,2.617,IEEE SENS J,31,0,3,8,5,4,7,1,2,0,1,0
66,2.281,J MACH LEARN RES,31,0,0,0,3,0,4,2,5,1,2,14
67,2.115,COMPUT BIOL MED,30,0,0,9,1,2,3,2,2,0,5,6
68,7.469,RADIOLOGY,30,0,1,0,2,2,2,0,2,1,1,19
69,3.865,J NEUROENG REHABIL,29,0,0,6,3,7,4,1,2,2,1,3
70, ,PATENTS,29,0,0,1,3,3,2,3,0,0,0,17
71,1.676,BIOMED ENG ONLINE,28,0,0,2,3,2,1,5,5,3,0,7
72,1.855,MACH LEARN,28,0,0,0,0,0,0,0,1,2,0,25
73,3.842,NEUROGASTROENT MOTIL,28,0,2,2,1,3,3,5,1,0,0,11
74, ,P ANN INT IEEE EMBS,27,0,0,0,0,0,0,0,0,0,0,27
75,3.176,IEEE T MICROW THEORY,26,0,0,2,2,5,1,0,0,2,3,11
76,4.927,HUM BRAIN MAPP,25,0,1,4,2,4,1,1,0,2,1,9
77,1.923,MED ENG PHYS,25,0,0,3,3,1,4,3,2,1,0,8
78,3.356,OPT EXPRESS,25,0,0,0,0,2,3,2,3,1,5,9
79,2.783,BIOMED SIGNAL PROCES,24,0,1,4,3,9,2,0,1,1,2,1
80,2.674,COMPUT METH PROG BIO,24,0,1,2,4,4,4,1,2,1,1,4
81,13.397,DIABETES CARE,24,0,0,3,5,2,0,0,4,0,2,8
82, ,I S BIOMED IMAGING,24,0,2,5,2,2,0,1,8,0,2,2
83,3.936,IEEE-ASME T MECH,24,0,4,2,4,2,3,2,1,3,0,3
84,8.806,BIOMATERIALS,23,0,1,0,5,5,3,2,2,0,0,5
85,3.482,BIOMED OPT EXPRESS,23,0,1,4,3,4,5,5,1,0,0,0
86,26.919,NAT METHODS,23,0,0,3,2,2,3,4,2,6,0,1
87,2.273,GAIT POSTURE,22,0,1,4,3,0,3,0,2,1,2,6
88,5.995,LAB CHIP,22,0,0,3,1,2,2,4,3,1,1,5
89,3.031,NMR BIOMED,22,6,2,0,1,2,3,3,0,0,0,5
90,3.117,SURG ENDOSC,22,0,1,1,3,2,0,1,2,3,2,7
91,6.523,ANESTHESIOLOGY,21,0,0,0,2,2,2,0,2,0,4,9
92,2.435,COMPUT MED IMAG GRAP,21,0,1,3,1,3,0,2,2,2,2,5
93, ,INT C ACOUST SPEE,21,0,4,2,0,5,0,0,2,1,1,6
94,2.586,J MAGN RESON,21,0,2,1,2,0,1,0,1,1,0,13
95,14.319,NEURON,21,0,0,2,1,1,0,1,3,3,1,9
96,6.042,ANAL CHEM,20,0,0,0,2,1,1,1,3,0,0,12
97,23.425,EUR HEART J,20,0,0,2,2,0,1,1,1,0,0,13
98,1.916,J BIOMECH ENG-T ASME,20,0,0,1,0,1,1,0,0,1,5,11
99,2.873,J CARDIOVASC ELECTR,20,0,1,0,3,0,1,0,1,1,2,11
100,47.661,JAMA-J AM MED ASSOC,20,0,1,3,4,3,0,1,0,2,0,6
101,19.912,NAT NEUROSCI,20,0,1,0,3,0,3,3,0,2,1,7
102,3.118,PSYCHOPHYSIOLOGY,20,0,0,0,0,0,3,3,3,0,1,10
103,4.122,SCI REP-UK,20,0,5,9,3,3,0,0,0,0,0,0
104,1.440,BIOL CYBERN,19,0,0,0,0,0,0,1,1,1,0,16
105,3.495,BIOPHYS J,19,0,1,0,1,1,1,2,2,0,1,10
106,1.806,EXP BRAIN RES,19,0,0,0,0,0,1,0,2,0,0,16
107,20.773,GASTROENTEROLOGY,19,0,1,3,0,0,3,2,0,1,2,7
108,2.824,HEARING RES,19,0,0,4,0,0,0,0,0,1,1,13
109, ,IEEE INT C INT ROBOT,19,0,0,2,3,4,5,3,2,0,0,0
110, ,J DIABETES SCI TECHN,19,0,0,1,5,0,1,0,4,6,1,1
111,2.213,BMC BIOINFORMATICS,18,0,0,0,3,3,1,2,3,4,1,1
112,6.630,CRIT CARE MED,18,0,0,1,1,2,0,1,2,2,1,8
113,4.743,HEART RHYTHM,18,0,2,3,0,1,1,2,2,1,0,6
114,4.130,IEEE T ANTENN PROPAG,18,0,0,3,3,0,2,1,3,1,0,5
115,2.794,IEEE T INSTRUM MEAS,18,0,0,1,2,2,3,2,2,0,2,4
116,1.421,J ELECTROCARDIOL,18,0,1,3,2,0,1,1,0,0,0,10
117,7.144,J NEUROL NEUROSUR PS,18,0,0,0,0,1,0,0,2,0,5,10
118,2.894,J R STAT SOC B,18,0,0,0,0,1,0,0,0,0,0,17
119,2.564,MAGN RESON IMAGING,18,0,1,2,1,1,1,1,1,0,0,10
120, ,AM J PHYSIOL,17,0,0,0,0,0,0,0,0,0,0,17
121,6.499,BRIT J ANAESTH,17,1,0,1,0,2,2,0,1,0,2,8
122,3.768,EXPERT SYST APPL,17,0,0,2,3,2,4,1,2,2,0,1
123,3.448,IEEE ANTENN WIREL PR,17,0,2,2,3,3,5,0,1,1,0,0
124, ,IEEE T ACOUST SPEECH,17,0,0,0,0,0,0,0,0,0,0,17
125,27.144,LANCET NEUROL,17,0,0,0,0,5,0,2,2,3,2,3
126,8.839,PHYS REV LETT,17,0,0,0,1,0,1,1,0,1,0,13
127,3.463,ANESTH ANALG,16,0,2,0,0,4,1,0,0,0,1,8
128,5.067,EPILEPSIA,16,0,2,1,1,0,2,2,2,0,1,5
129,2.187,IEEE T INFORM THEORY,16,0,0,0,1,0,2,0,2,0,0,11
130,3.293,AM J PHYSIOL-GASTR L,15,0,0,0,2,0,0,0,4,3,1,5
131,4.728,CIRC-ARRHYTHMIA ELEC,15,0,1,2,3,1,1,2,5,0,0,0
132,3.589,OPT LETT,15,0,0,0,3,0,2,4,3,0,0,3
133,3.470,SIGNAL PROCESS,15,0,0,1,1,1,0,1,2,1,1,7
134,3.653,AM J NEURORADIOL,14,0,6,1,1,1,0,3,0,0,0,2
135,3.082,AM J PHYSIOL-REG I,14,0,1,0,0,1,0,1,0,1,0,10
136,8.788,ANNU REV BIOMED ENG,14,0,0,0,1,0,0,2,3,1,0,7
137,15.211,CIRC RES,14,0,0,0,0,2,0,0,0,0,0,12
138,3.120,EAR HEARING,14,0,0,1,0,0,2,4,0,0,1,6
139,2.401,EUR J APPL PHYSIOL,14,0,0,0,0,0,4,2,1,0,0,7
140, ,IEEE T AUDIO SPEECH,14,0,0,0,0,2,2,3,2,1,2,2
141,1.472,INT J MED ROBOT COMP,14,1,3,0,1,1,2,1,0,1,2,2
142,5.554,INT J RADIAT ONCOL,14,0,0,0,0,0,1,0,1,0,1,11
143,3.388,INVEST OPHTH VIS SCI,14,0,0,0,3,1,2,1,1,0,1,5
144,2.297,J AM STAT ASSOC,14,0,0,0,0,0,0,0,1,0,0,13
145,35.724,NAT BIOTECHNOL,14,0,1,2,0,0,2,2,2,0,0,5
146,1.651,NEURAL COMPUT,14,0,0,1,0,1,0,1,0,1,0,10
147,4.454,NEUROBIOL AGING,14,0,0,2,0,1,2,2,1,1,0,5
148,8.055,NEUROLOGY,14,0,0,0,0,0,0,0,1,1,2,10
149,2.311,SENSOR ACTUAT A-PHYS,14,0,0,1,0,0,2,1,0,3,0,7
150,2.300,ULTRASONIC IMAGING,14,0,1,1,0,0,0,0,2,0,0,10
151,2.522,ANN STAT,13,0,0,0,1,0,0,0,0,0,0,12
152,3.125,BRAIN RES,13,0,0,0,1,0,1,0,1,0,0,10
153,31.398,CELL,13,0,0,0,2,0,1,4,1,0,2,3
154,7.652,CHEST,13,0,0,1,0,1,0,0,0,0,2,9
155,2.305,ENTROPY-SWITZ,13,1,0,5,4,1,2,0,0,0,0,0
156,12.244,EUR RESPIR J,13,0,2,1,0,1,0,0,0,1,1,7
157,4.483,EXP NEUROL,13,0,0,0,0,0,1,0,2,2,0,8
158,2.813,IEEE SIGNAL PROC LET,13,0,2,3,1,1,0,0,0,1,0,5
159,1.467,IEEE T MAGN,13,0,0,2,1,2,0,0,1,2,1,4
160,5.381,J UROLOGY,13,0,0,1,0,1,6,2,0,0,0,3
161,4.291,MED SCI SPORT EXER,13,0,0,0,1,1,2,2,0,1,0,6
162,2.496,MUSCLE NERVE,13,0,0,0,1,1,1,0,2,1,1,6
163,32.635,NAT REV NEUROSCI,13,0,0,0,0,0,1,2,0,2,0,8
164,2.159,NEUROSCI LETT,13,0,0,1,0,1,0,1,1,2,1,6
165,1.954,PATTERN RECOGN LETT,13,0,0,0,1,0,1,0,3,0,1,7
166,5.135,SLEEP,13,0,0,1,0,2,0,0,1,0,0,9
167,6.239,STROKE,13,0,0,0,1,0,0,2,1,0,2,7
168,2.110,ACAD RADIOL,12,0,0,1,0,0,1,0,0,1,3,6
169,15.239,AM J RESP CRIT CARE,12,0,0,0,1,0,0,0,0,0,0,11
170,3.125,AM J ROENTGENOL,12,0,0,0,1,0,1,1,0,0,2,7
171,15.132,BLOOD,12,0,0,0,0,0,1,1,1,3,2,4
172,2.703,BRAIN TOPOGR,12,0,1,1,1,1,0,0,2,0,0,6
173,1.974,COMPUT METHOD BIOMEC,12,0,3,1,1,0,2,0,0,1,0,4
174, ,CRIT REV BIOMED ENG,12,0,0,0,0,1,0,0,3,0,0,8
175, ,IEEE T SYST MAN CYB,12,0,0,0,0,0,0,0,0,0,0,12
176,4.047,INT J ROBOT RES,12,0,0,1,1,0,1,2,3,1,0,3
177,1.568,J ELECTROMYOGR KINES,12,0,0,0,0,1,0,0,0,0,0,11
178,12.353,NAT COMMUN,12,0,1,2,2,3,1,2,1,0,0,0
179,32.621,NAT MED,12,0,0,1,0,2,0,1,0,2,1,5
180,1.441,PACE,12,0,1,0,0,0,0,0,1,0,0,10
181,3.955,PLOS COMPUT BIOL,12,0,3,1,3,2,1,1,0,0,0,1
182,2.361,SIAM J IMAGING SCI,12,0,1,0,2,0,0,0,3,5,1,0
183,1.936,SPINAL CORD,12,0,0,1,1,1,0,2,0,2,1,4
184,3.508,TISSUE ENG,12,0,0,1,1,0,1,0,4,2,1,2
185,13.660,ADV DRUG DELIVER REV,11,0,1,1,0,1,1,0,1,0,2,4
186,3.171,AM J CARDIOL,11,0,0,1,0,1,1,0,0,0,1,7
187,10.250,ANN NEUROL,11,0,0,0,0,3,1,1,2,1,0,3
188,3.077,ARCH PHYS MED REHAB,11,0,0,0,0,0,0,0,0,0,1,10
189,1.088,BIOMED ENG-BIOMED TE,11,0,0,1,0,0,3,2,0,0,1,4
190,6.308,CEREB CORTEX,11,0,0,3,1,1,3,0,0,0,2,1
191,1.545,COMPUT MATH METHOD M,11,0,0,1,1,3,4,1,0,0,0,1
192,2.819,DIGEST DIS SCI,11,0,0,0,0,0,0,0,0,0,0,11
193,1.232,ELECTRON LETT,11,0,0,0,1,2,1,2,0,0,0,5
194,4.027,EUR RADIOL,11,0,1,1,0,1,2,1,1,1,1,2
195,3.877,FRONT NEUROSCI-SWITZ,11,0,2,2,2,1,1,0,3,0,0,0
196, ,I IEEE EMBS C NEUR E,11,0,0,3,0,6,0,0,0,0,0,2
197,7.451,IEEE SIGNAL PROC MAG,11,0,0,2,2,0,1,0,1,0,3,2
198, ,IEEE T REHABIL ENG,11,0,0,0,0,0,0,0,0,0,0,11
199,1.946,INVERSE PROBL,11,0,0,1,0,0,1,1,0,1,0,7
200,1.685,MEAS SCI TECHNOL,11,0,0,0,0,1,0,2,0,2,0,6
201,3.241,NEUROCOMPUTING,11,0,1,1,2,1,1,2,0,0,0,3
202,2.377,ULTRASONICS,11,0,0,0,1,1,0,0,2,0,0,7
203,1.484,B MATH BIOL,10,0,0,0,0,1,0,0,1,0,0,8
204,22.844,CANCER CELL,10,0,0,0,0,0,0,0,3,2,0,5
205,2.391,COMPUT VIS IMAGE UND,10,0,0,0,1,3,0,0,2,1,1,2
206,2.921,DIABETES TECHNOL THE,10,0,0,2,2,1,0,0,0,1,2,2
207,2.241,DIGIT SIGNAL PROCESS,10,0,1,0,0,0,1,0,0,0,1,7
208,17.581,EUR UROL,10,0,1,0,1,1,0,2,0,1,1,3
209,7.982,IEEE T NEUR NET LEAR,10,0,0,0,0,0,0,1,0,0,0,9
210,15.008,INTENS CARE MED,10,0,0,0,1,0,2,2,0,1,1,3
211,2.176,J APPL PHYS,10,0,0,1,1,0,2,1,1,0,1,3
212,2.098,J MED SYST,10,0,2,0,3,1,0,1,2,0,1,0
213,3.294,J VASC SURG,10,0,0,1,0,0,0,0,0,0,0,9
214,1.792,RESP PHYSIOL NEUROBI,10,0,0,0,0,4,2,1,1,0,0,2
215,19.384,ANN INTERN MED,9,0,0,0,0,0,2,1,0,0,0,6
216,1.791,APPL OPTICS,9,0,0,0,0,0,0,0,2,1,1,5
217,2.583,BIOMED RES INT,9,0,0,1,8,0,0,0,0,0,0,0
218,6.120,BRAIN STIMUL,9,0,1,1,0,2,1,1,1,1,1,0
219,6.290,CARDIOVASC RES,9,0,0,0,0,1,0,0,1,1,0,6
220,10.199,CLIN CANCER RES,9,0,0,1,1,0,0,1,1,0,0,5
221,3.132,DIABETIC MED,9,0,0,0,0,0,0,1,1,0,0,7
222,2.600,EPILEPSY BEHAV,9,0,0,2,0,0,2,2,0,0,1,2
223,3.877,EUR J VASC ENDOVASC,9,0,0,2,2,0,1,2,2,0,0,0
224,2.871,FRONT HUM NEUROSCI,9,0,1,2,2,4,0,0,0,0,0,0
225,5.007,IEEE T AUTOMAT CONTR,9,0,0,1,0,1,0,0,0,0,0,7
226,2.450,J CLIN MONIT COMPUT,9,0,0,2,0,0,2,0,0,0,0,5
227,3.239,J MECH BEHAV BIOMED,9,0,2,2,1,1,2,1,0,0,0,0
228, ,J MED ENG TECHNOL,9,0,0,2,0,0,2,0,0,0,2,3
229,1.779,J ORAL MAXIL SURG,9,0,0,3,0,1,1,1,1,2,0,0
230,41.465,NAT REV GENET,9,0,0,0,0,0,2,4,1,0,0,2
231, ,P ADV NEUR INF PROC,9,0,0,1,3,0,2,0,0,0,1,2
232, ,P SOC PHOTO-OPT INS,9,0,0,0,0,0,0,0,0,0,0,9
233,2.748,PHILOS T R SOC A,9,0,2,0,0,0,0,1,0,5,0,1
234,9.163,PLOS BIOL,9,0,0,1,0,0,2,1,0,2,0,3
235,3.427,PROG BIOPHYS MOL BIO,9,0,0,0,2,0,1,4,0,0,0,2
236,1.489,SKIN RES TECHNOL,9,0,0,0,0,2,1,0,0,0,1,5
237,1.651,TECHNOL CANCER RES T,9,0,0,1,0,1,1,1,1,0,0,4
238,2.270,ACTA ANAESTH SCAND,8,0,1,0,1,1,1,0,0,0,1,3
239,4.171,AM HEART J,8,0,0,0,0,0,0,0,0,1,0,7
240,3.164,AM J PHYSIOL-RENAL,8,0,0,1,0,0,0,1,0,2,0,4
241, ,ARCH GEN PSYCHIAT,8,0,0,0,0,0,0,1,1,0,0,6
242,6.086,ARTERIOSCL THROM VAS,8,0,0,0,0,0,0,1,3,0,0,4
243,2.879,ARTIF INTELL MED,8,0,0,1,1,2,1,1,0,0,1,1
244,2.891,BIOL PSYCHOL,8,0,1,1,0,0,1,0,0,0,0,5
245,8.173,BIOSENS BIOELECTRON,8,0,0,0,1,0,1,0,2,2,0,2
246,4.688,BJU INT,8,0,1,0,2,2,1,0,0,0,0,2
247,3.384,BRIT J OPHTHALMOL,8,0,0,0,1,0,0,0,0,0,1,6
248,6.425,CRIT CARE,8,0,1,1,1,0,2,1,0,0,0,2
249, ,ELEMENTS STAT LEARNI,8,0,0,0,0,0,0,0,0,6,0,2
250,1.639,EURASIP J ADV SIG PR,8,0,0,0,0,0,0,0,2,3,1,2
251,4.075,IEEE J SOLID-ST CIRC,8,0,0,1,0,0,1,1,0,0,0,5
252, ,IEEE REV BIOMED ENG,8,0,0,1,1,2,0,0,2,1,1,0
253,2.775,IEEE T KNOWL DATA EN,8,0,0,0,1,1,1,0,0,2,1,2
254,2.882,J BIOMED INFORM,8,0,0,2,1,1,1,0,0,2,1,0
255,26.360,J CLIN ONCOL,8,0,0,0,0,1,1,0,0,0,2,4
256,11.561,NUCLEIC ACIDS RES,8,0,0,0,0,1,3,2,0,1,1,0
257,5.515,PEDIATRICS,8,0,0,1,0,0,0,0,0,0,0,7
258,2.587,PHYS THER,8,0,0,0,0,0,1,0,0,0,1,6
259,16.710,SCI TRANSL MED,8,0,1,1,2,1,0,2,1,0,0,0
260, ,ULTRASON,8,0,0,0,0,0,0,0,0,0,2,6
261,6.383,ACTA BIOMATER,7,0,0,2,1,1,0,0,2,0,0,1
262, ,ADV NEURAL INFORM PR,7,0,0,0,1,0,1,0,1,0,0,4
263,1.842,AM J ORTHOD DENTOFAC,7,0,0,0,1,0,0,1,1,0,1,3
264,3.780,ANN THORAC SURG,7,0,0,0,0,0,1,1,0,0,0,5
265,2.605,AUTON NEUROSCI-BASIC,7,0,0,0,0,5,0,0,1,0,0,1
266,23.562,BMJ-BRIT MED J,7,0,0,0,0,0,2,0,0,0,0,5
267, ,BRAIN RES REV,7,0,0,0,0,0,0,0,0,0,0,7
268,6.537,CANCER-AM CANCER SOC,7,0,0,0,0,0,0,0,0,0,0,7
269,1.200,COMPUT AIDED SURG,7,0,0,0,0,0,0,0,0,0,1,6
270,6.023,DIABETOLOGIA,7,0,0,0,0,1,1,0,0,0,0,5
271,2.832,EUR J NEUROSCI,7,0,0,0,0,0,0,0,0,1,0,6
272,5.231,EUROPACE,7,0,2,0,1,0,0,1,0,0,1,2
273,2.732,EXP PHYSIOL,7,0,0,0,0,0,0,2,0,0,0,5
274,13.214,GENOME BIOL,7,0,0,1,1,1,0,3,0,0,1,0
275, ,IEEE I CONF COMP VIS,7,0,0,3,0,2,0,1,0,0,0,1
276,3.667,IEEE T AUTOM SCI ENG,7,0,1,4,0,1,0,0,1,0,0,0
277,7.050,IEEE T IND ELECTRON,7,0,1,0,1,3,0,1,0,0,0,1
278, ,IEEE T SPEECH AUDI P,7,0,0,0,0,0,0,0,0,0,0,7
279,4.305,INFORM SCIENCES,7,0,1,1,0,0,1,1,1,0,1,1
280, ,INT C PATT RECOG,7,0,0,0,0,0,1,0,0,0,0,6
281,7.360,INT J CANCER,7,0,0,0,0,0,0,0,1,0,1,5
282,4.034,INT J CARDIOL,7,0,0,1,1,3,0,0,0,0,0,2
283, ,INT SOC MAGN RES MED,7,0,1,0,0,1,3,0,1,0,0,1
284,4.767,J AM COLL SURGEONS,7,0,0,0,1,0,1,0,0,0,0,5
285,7.877,J CONTROL RELEASE,7,0,0,0,0,1,0,2,0,0,0,4
286,1.960,J CRANIO MAXILL SURG,7,0,0,2,0,2,3,0,0,0,0,0
287,1.536,J DIGIT IMAGING,7,0,0,0,1,2,2,0,1,0,1,0
288,4.319,J NEUROSURG,7,0,1,1,1,1,0,1,0,1,0,1
289, ,J REHABIL RES DEV,7,0,0,0,1,0,0,1,0,0,1,4
290,1.906,J SPEECH LANG HEAR R,7,0,1,0,0,0,0,1,0,1,0,4
291,2.051,J SURG RES,7,0,0,0,1,1,0,0,1,0,0,4
292,1.833,J THEOR BIOL,7,0,0,0,0,0,1,0,1,1,3,1
293,2.758,J VASC INTERV RADIOL,7,0,0,2,2,0,0,1,1,1,0,0
294,10.247,JACC-CARDIOVASC IMAG,7,0,1,1,0,0,2,1,2,0,0,0
295,7.197,NEURAL NETWORKS,7,0,0,0,0,0,0,0,0,2,0,5
296,8.037,NEUROSCI BIOBEHAV R,7,0,0,1,2,0,0,1,1,0,0,2
297, ,OPEN BIOMED ENG J,7,0,0,0,0,0,0,1,6,0,0,0
298,2.182,OTOL NEUROTOL,7,0,0,1,0,0,0,0,1,1,2,2
299, ,P AM CONTR CONF,7,0,2,0,1,1,0,0,2,0,0,1
300, ,P MED IM COMP COMP A,7,0,1,1,1,0,1,0,3,0,0,0
301,1.960,PHYSICA D,7,0,0,0,1,0,0,0,0,0,0,6
302,2.638,ROBOT AUTON SYST,7,0,0,3,0,1,1,0,0,0,1,1
303,4.886,SIAM REV,7,0,0,0,0,0,0,1,0,1,0,5
304,10.602,SLEEP MED REV,7,0,0,0,2,0,0,1,1,0,1,2
305,5.587,STEM CELLS,7,0,0,0,0,0,1,0,5,0,1,0
306, ,TECH REP,7,0,0,2,1,0,0,1,0,0,1,2
307,13.709,ACS NANO,6,0,1,2,1,1,0,0,1,0,0,0
308,21.950,ADV MATER,6,0,0,0,1,1,2,1,1,0,0,0
309,0.961,ADV ROBOTICS,6,0,0,1,2,0,0,1,0,0,0,2
310,10.231,AM J GASTROENTEROL,6,0,0,0,0,0,0,0,0,0,0,6
311,4.069,AM J PATHOL,6,0,0,0,0,0,0,0,2,0,1,3
312, ,ANN MATH STAT,6,0,0,0,0,0,0,0,0,0,0,6
313,9.203,ANN SURG,6,0,0,0,0,0,0,0,2,0,0,4
314,2.833,APPL COMPUT HARMON A,6,0,0,0,1,0,1,0,0,1,0,3
315, ,ARCH NEUROL-CHICAGO,6,0,0,0,0,0,0,0,1,0,0,5
316,3.952,BIOTECHNOL BIOENG,6,0,0,0,1,0,2,0,1,0,0,2
317,2.415,CHAOS,6,0,0,0,0,1,0,0,0,1,0,4
318,3.386,COMMUN PUR APPL MATH,6,0,0,0,0,0,1,0,0,0,0,5
319,2.050,CRYOBIOLOGY,6,0,1,0,0,0,0,0,0,1,0,4
320,7.273,DIABETES,6,0,0,0,0,1,0,0,0,0,0,5
321,2.569,ELECTROPHORESIS,6,0,0,1,0,0,0,2,0,0,0,3
322,2.491,EPILEPSY RES,6,0,0,1,0,0,0,1,0,1,1,2
323,3.504,EUR J CARDIO-THORAC,6,0,0,0,0,1,0,0,0,0,0,5
324,2.843,EUR J RADIOL,6,0,0,0,0,0,1,2,1,0,0,2
325,10.101,GENOME RES,6,0,0,0,0,1,2,1,1,0,1,0
326,17.016,GUT,6,0,0,0,0,0,0,0,0,0,0,6
327,2.962,IEEE MICROW MAG,6,0,0,3,0,1,1,0,0,1,0,0
328,3.573,IEEE ROBOT AUTOM MAG,6,0,0,2,1,2,0,0,0,0,1,0
329,1.440,IEEE T NUCL SCI,6,0,0,0,0,0,0,1,0,1,3,1
330,1.250,IET SIGNAL PROCESS,6,0,0,2,0,0,2,0,0,1,1,0
331,3.231,J BIOMED MATER RES A,6,0,0,2,0,0,1,0,0,0,0,3
332,6.045,J CEREBR BLOOD F MET,6,0,2,0,0,0,0,2,0,0,1,1
333,1.982,J CLIN NEUROPHYSIOL,6,0,0,0,0,0,0,0,0,0,0,6
334,4.099,J HYPERTENS,6,0,0,0,0,2,1,0,0,0,1,2
335,3.046,J MAGN MAGN MATER,6,0,1,3,0,0,0,0,0,1,0,1
336,1.786,J MATH BIOL,6,0,0,0,0,0,0,0,0,3,0,3
337,1.888,J MICROMECH MICROENG,6,0,0,0,0,0,0,0,0,2,1,3
338,1.566,J OPT SOC AM A,6,0,0,0,0,0,0,0,0,0,0,6
339,3.355,J R SOC INTERFACE,6,0,1,1,1,1,0,1,0,1,0,0
340,3.433,J SLEEP RES,6,0,0,0,0,0,0,2,1,2,0,1
341,4.880,J THORAC CARDIOV SUR,6,0,0,0,0,0,0,1,0,1,0,4
342,11.238,JNCI-J NATL CANCER I,6,0,0,0,0,0,0,0,0,1,0,5
343,1.184,JOVE-J VIS EXP,6,0,0,0,3,1,0,1,1,0,0,0
344,5.080,MAT SCI ENG C-MATER,6,0,0,3,0,2,1,0,0,0,0,0
345,2.277,MULTISCALE MODEL SIM,6,0,0,0,0,0,0,0,2,0,1,3
346,37.490,NAT NANOTECHNOL,6,0,0,0,0,0,2,0,0,1,1,2
347,12.423,NAT PROTOC,6,0,0,0,0,0,2,1,1,0,0,2
348,42.784,NAT REV CANCER,6,0,0,0,0,0,1,0,0,0,1,4
349,0.706,NETWORK-COMP NEURAL,6,0,0,0,0,0,0,0,0,0,0,6
350,4.711,NEUROREHAB NEURAL RE,6,0,0,1,0,1,0,2,0,1,0,1
351,2.444,OTOLARYNG HEAD NECK,6,0,0,0,0,0,0,1,0,0,0,5
352, ,P INT C AC SPEECH SI,6,0,1,0,1,0,0,0,0,0,0,4
353,2.410,P ROY SOC A-MATH PHY,6,0,0,0,0,0,0,0,0,0,0,6
354,2.132,PHYSICA A,6,0,2,1,1,0,0,0,0,0,0,2
355,13.250,PSYCHOL BULL,6,0,0,0,0,0,0,0,0,0,0,6
356,1.682,SIAM J MATRIX ANAL A,6,0,0,0,1,0,0,0,0,0,0,5
357,5.550,ACM COMPUT SURV,5,0,0,0,1,0,0,0,0,0,0,4
358,2.973,ACM T INTEL SYST TEC,5,0,0,0,0,0,0,5,0,0,0,0
359,1.760,ADV EXP MED BIOL,5,0,0,1,0,1,0,1,0,0,1,1
360,5.117,AM J MED,5,0,0,0,0,0,1,0,0,0,0,4
361,1.843,AM J PHYS MED REHAB,5,0,0,0,0,0,2,0,0,0,0,3
362,4.018,AM J PHYSIOL-ENDOC M,5,0,0,0,0,0,0,0,0,0,0,5
363,13.396,AM J PSYCHIAT,5,0,0,0,0,0,0,0,0,0,0,5
364,12.102,ANGEW CHEM INT EDIT,5,0,0,0,0,1,1,0,0,0,0,3
365,3.034,ARTIF INTELL,5,0,0,0,0,0,0,0,0,1,0,4
366,6.126,AUTOMATICA,5,0,0,1,0,0,1,0,0,0,0,3
367, ,BEHAV RES METHODS,5,0,0,0,0,1,0,0,1,0,0,3
368, ,BIOMED ENG LETT,5,0,0,1,1,1,0,2,0,0,0,0
369,2.077,BIOMED MICRODEVICES,5,0,0,0,0,3,1,0,0,1,0,0
370,1.669,BIOMETRIKA,5,0,0,0,0,0,0,0,0,0,0,5
371,4.490,BIPOLAR DISORD,5,0,0,0,0,0,1,0,1,0,0,3
372,3.730,BMC GENOMICS,5,0,0,0,1,1,3,0,0,0,0,0
373,5.922,BRIT J CANCER,5,0,0,0,0,0,0,0,0,0,0,5
374,1.814,BRIT J RADIOL,5,0,0,0,0,0,0,1,0,0,0,4
375,8.636,CLIN CHEM,5,0,0,0,0,0,0,0,0,0,0,5
376,1.649,COMPUT INTEL NEUROSC,5,0,0,0,0,0,0,1,0,1,0,3
377,0.792,COMPUT J,5,0,0,0,0,0,0,0,0,0,0,5
378,6.541,CURR OPIN NEUROBIOL,5,0,0,2,0,0,0,0,2,0,0,1
379,8.336,EUR HEART J-CARD IMG,5,0,2,2,1,0,0,0,0,0,0,0
380,3.131,FRONT NEURAL CIRCUIT,5,0,0,1,2,2,0,0,0,0,0,0
381,3.074,FRONT NEUROINFORM,5,0,0,1,2,2,0,0,0,0,0,0
382,3.394,FRONT PHYSIOL,5,0,0,2,0,0,0,3,0,0,0,0
383,2.675,FUZZY SET SYST,5,0,0,0,0,1,0,0,0,0,1,3
384,9.937,GENET MED,5,0,0,0,0,5,0,0,0,0,0,0
385, ,HDB MRI PULSE SEQUEN,5,0,0,0,0,0,0,0,0,0,0,5
386, ,IEEE IMAGE PROC,5,0,2,1,0,0,1,0,1,0,0,0
387, ,IEEE ROBOT AUTOM LET,5,0,5,0,0,0,0,0,0,0,0,0
388,1.288,IEEE T APPL SUPERCON,5,0,0,2,0,1,0,1,0,0,0,1
389,8.415,IEEE T FUZZY SYST,5,0,0,1,1,1,0,0,0,0,0,2
390,4.662,IEEE T GEOSCI REMOTE,5,0,0,0,0,0,0,0,0,1,1,3
391,2.950,IEEE-ACM T AUDIO SPE,5,0,0,2,3,0,0,0,0,0,0,0
392,4.580,INT J NEURAL SYST,5,0,0,0,3,1,0,0,0,0,0,1
393,2.868,INT J PSYCHOPHYSIOL,5,0,0,0,2,2,0,0,0,0,0,1
394,3.165,INTERFACE FOCUS,5,0,0,0,0,1,0,4,0,0,0,0
395,3.476,J ALZHEIMERS DIS,5,0,1,1,0,1,1,0,0,1,0,0
396,14.357,J AM CHEM SOC,5,0,0,0,0,0,0,0,0,0,1,4
397,4.155,J AM GERIATR SOC,5,0,0,0,0,0,0,0,0,0,1,4
398,1.257,J ARTIF INTELL RES,5,0,0,0,0,0,0,0,0,0,0,5
399, ,J BIOMED ENG,5,0,0,0,0,0,0,0,0,0,0,5
400,2.680,J CATARACT REFR SURG,5,0,0,1,0,0,0,0,0,1,0,3
401,13.251,J CLIN INVEST,5,0,0,0,1,0,0,0,0,0,0,4
402,4.247,J CLIN PSYCHIAT,5,0,0,0,1,0,0,0,0,0,0,4
403,1.606,J COMPUT NEUROSCI,5,0,0,1,3,0,0,0,1,0,0,0
404,2.864,J COMPUT PHYS,5,0,0,1,0,0,0,0,0,0,0,4
405,3.783,J NEUROL,5,0,0,0,1,0,0,0,0,1,1,2
406, ,J VOICE,5,0,0,1,1,0,0,1,0,1,0,1
407,1.452,JPN J APPL PHYS,5,0,0,1,1,0,0,0,0,0,0,3
408,2.442,LARYNGOSCOPE,5,0,0,1,0,0,0,0,0,0,2,2
409,1.500,MATH BIOSCI,5,0,0,0,0,0,0,0,0,1,1,3
410,2.889,NEUROPSYCHOLOGIA,5,0,0,0,0,0,0,0,2,1,0,2
411,1.266,NEUROREPORT,5,0,0,0,0,0,0,0,0,0,0,5
412,7.479,OPHTHALMOLOGY,5,0,0,0,2,0,0,0,1,0,0,2
413, ,P BRIT MACH VIS C,5,0,0,0,1,1,0,0,2,1,0,0
414, ,P COMPUT CARDIOL,5,0,0,0,0,0,0,0,0,0,0,5
415,1.124,P I MECH ENG H,5,0,0,0,0,0,1,0,4,0,0,0
416, ,P IEEE C COMP VIS PA,5,0,1,0,0,0,0,1,1,0,2,0
417, ,P INT C ART INT STAT,5,0,0,0,0,0,0,0,1,4,0,0
418, ,P INT C BIOM APPL EL,5,2,1,2,0,0,0,0,0,0,0,0
419, ,P INTERSPEECH,5,0,1,0,3,1,0,0,0,0,0,0
420, ,P MICCAI WORKSH 3D S,5,0,0,0,0,0,0,0,0,0,0,5
421,5.559,PAIN,5,0,0,0,1,0,1,0,1,0,0,2
422,4.721,PARKINSONISM RELAT D,5,0,0,1,0,0,2,1,0,0,1,0
423, ,PATTERN CLASSIFICATI,5,0,0,0,0,0,1,0,0,0,0,4
424,1.147,PERFUSION-UK,5,0,0,1,0,2,0,0,0,0,0,2
425,2.214,PHOTOCHEM PHOTOBIOL,5,0,0,0,0,0,0,0,0,1,0,4
426,2.517,PHYSIOL BEHAV,5,0,0,0,1,0,1,0,0,0,1,2
427,24.014,PHYSIOL REV,5,0,0,0,0,0,0,2,0,0,0,3
428, ,PRINCIPAL COMPONENT,5,0,0,0,0,0,0,0,0,0,0,5
429,14.163,PROG NEUROBIOL,5,0,0,0,1,0,2,1,1,0,0,0
430,4.027,SEMIN RADIAT ONCOL,5,0,0,0,0,0,1,0,0,0,0,4
431,5.667,SENSOR ACTUAT B-CHEM,5,0,1,0,0,1,0,0,1,1,0,1
432,2.047,SIAM J NUMER ANAL,5,0,0,0,0,0,0,0,0,0,1,4
433,1.585,SPEECH COMMUN,5,0,1,0,0,0,0,0,0,0,1,3
434, ,SYST IDENTIFICATIO,5,0,0,0,0,0,1,0,0,0,0,4
435,1.568,TECHNOMETRICS,5,0,0,0,0,0,0,0,0,0,0,5
436,13.578,TRENDS BIOTECHNOL,5,0,0,1,0,0,1,0,0,0,1,2
437,2.069,VISION RES,5,0,0,1,1,0,0,0,0,0,0,3
438, ,ADV NEUR IN,4,0,0,0,0,0,0,0,0,0,0,4
439, ,ADV NEUR INFORM PROC,4,0,0,0,0,0,4,0,0,0,0,0
440,4.013,AGE AGEING,4,0,0,0,0,0,0,0,0,0,1,3
441,4.322,AM J EPIDEMIOL,4,0,0,0,0,1,0,0,0,0,0,3
442, ,AM REV RESPIR DIS,4,0,0,0,0,0,0,0,0,0,0,4
443,4.277,ANN NY ACAD SCI,4,0,0,0,0,0,0,1,0,0,1,2
444,3.258,ARCH DIS CHILD,4,0,0,0,0,0,0,0,0,0,0,4
445, ,ARTHRITIS RHEUM-US,4,0,0,0,0,0,0,0,0,0,0,4
446, ,AT&T TECH J,4,0,0,0,0,0,0,0,0,0,0,4
447,2.244,AUTON ROBOT,4,1,1,0,0,0,1,0,0,0,0,1
448,0.771,B AM MATH SOC,4,0,0,0,0,0,1,0,0,1,1,1
449,2.559,BIOCHEM BIOPH RES CO,4,0,1,0,0,0,0,1,0,0,0,2
450,3.789,BIOELECTROCHEMISTRY,4,0,0,0,0,0,0,0,0,0,0,4
451,2.000,BIOELECTROMAGNETICS,4,1,0,0,1,0,1,0,0,0,0,1
452,11.984,BIOL PSYCHIAT,4,0,0,0,0,0,0,0,1,0,0,3
453,1.635,BMC MED IMAGING,4,0,1,0,1,1,0,0,0,0,0,1
454,3.440,BRAIN RES BULL,4,0,0,1,0,1,1,0,0,0,0,1
455, ,BRIT HEART J,4,0,0,0,0,0,0,0,0,0,0,4
456,5.433,BRIT J SURG,4,0,0,0,0,0,0,0,0,0,0,4
457,2.134,BURNS,4,0,0,0,0,0,0,0,0,0,1,3
458,244.585,CA-CANCER J CLIN,4,0,0,2,1,0,0,0,0,0,0,1
459,2.210,CARDIOVASC INTER RAD,4,0,0,0,0,1,2,1,0,0,0,0
460,23.290,CELL STEM CELL,4,0,0,1,0,0,0,0,2,0,1,0
461,6.544,CLIN PHARMACOL THER,4,0,0,0,0,0,2,0,0,0,2,0
462, ,CLIN PHYS PHYSIOL M,4,0,0,0,0,0,0,0,0,0,0,4
463,3.063,COMMUN ACM,4,0,0,1,0,0,1,0,0,0,0,2
464, ,COMPUT BIOMED RES,4,0,0,0,0,0,0,0,0,0,0,4
465,1.181,COMPUT STAT DATA AN,4,0,0,0,1,1,0,0,1,0,0,1
466,4.010,CURR OPIN NEUROL,4,0,0,0,0,0,0,0,0,0,1,3
467, ,CYTOMETRY,4,0,0,0,0,0,0,0,0,0,0,4
468,5.413,DEVELOPMENT,4,0,0,0,0,1,0,0,0,0,0,3
469, ,DIGITAL IMAGE PROCES,4,0,0,0,0,0,0,0,0,1,0,3
470,2.110,ELECTRONICS-SWITZ,4,0,2,0,2,0,0,0,0,0,0,0
471, ,ELEMENTS INFORM THEO,4,0,0,0,0,0,3,0,0,0,0,1
472, ,EUR J ECHOCARDIOGR,4,0,0,0,0,0,0,1,2,0,0,1
473,5.595,FASEB J,4,0,0,0,0,0,0,1,0,0,0,3
474,2.073,FRONT COMPUT NEUROSC,4,0,0,1,0,2,0,0,1,0,0,0
475, ,FUND STAT SI,4,0,0,0,0,0,0,0,1,0,0,3
476,7.204,GASTROINTEST ENDOSC,4,0,0,1,0,0,0,1,0,0,0,2
477,5.420,HEART,4,0,0,0,2,0,0,0,0,0,0,2
478,6.823,HYPERTENSION,4,0,0,0,0,0,0,0,1,0,0,3
479,3.557,IEEE ACCESS,4,0,2,1,0,1,0,0,0,0,0,0
480, ,IEEE REV BIOMEDICAL,4,0,0,0,1,0,0,1,2,0,0,0
481,3.558,IEEE T CIRC SYST VID,4,0,0,0,1,0,0,0,0,0,0,3
482,2.823,IEEE T CIRCUITS-I,4,0,0,0,0,0,1,0,0,0,0,3
483, ,IFMBE PROC,4,0,0,2,0,0,0,0,1,1,0,0
484,1.488,INFORM RETRIEVAL J,4,0,0,0,0,0,0,0,0,0,0,4
485, ,INT C PER COMP,4,0,0,2,0,2,0,0,0,0,0,0
486, ,INT C REHAB ROBOT,4,0,0,3,0,0,0,0,0,0,0,1
487,3.891,INT J HEAT MASS TRAN,4,0,0,0,0,0,0,0,0,0,2,2
488,4.370,INT J NANOMED,4,0,0,1,1,0,0,1,0,0,0,1
489,2.338,INT J NUMER METH BIO,4,0,1,1,1,0,1,0,0,0,0,0
490,3.294,INTEGR BIOL-UK,4,0,0,2,0,1,1,0,0,0,0,0
491,4.270,J AM MED INFORM ASSN,4,0,0,1,1,2,0,0,0,0,0,0
492,1.301,J APPL CLIN MED PHYS,4,0,0,0,0,0,1,3,0,0,0,0
493,3.768,J BIOPHOTONICS,4,0,0,1,0,1,2,0,0,0,0,0
494,3.468,J COGNITIVE NEUROSCI,4,0,0,1,0,0,0,0,0,1,1,1
495,4.902,J GERONTOL A-BIOL,4,0,1,0,0,0,0,0,0,0,0,3
496,1.261,J HEALTHC ENG,4,0,0,1,0,3,0,0,0,0,0,0
497, ,J MAGN RESON SER A,4,0,0,0,0,0,0,0,0,0,0,4
498,1.211,J MED BIOL ENG,4,0,0,0,0,0,1,2,0,0,1,0
499,0.412,J MED DEVICES,4,0,0,1,0,1,2,0,0,0,0,0
500,2.475,J MICROELECTROMECH S,4,0,0,0,0,0,0,1,0,0,0,3
501,2.779,J NEURAL TRANSM,4,0,0,0,0,0,1,0,0,0,2,1
502,6.253,J PATHOL,4,0,0,0,2,1,0,0,0,0,1,0
503,3.075,J PHARM SCI-US,4,0,0,1,0,0,0,0,0,0,0,3
504,2.373,J PHYS D APPL PHYS,4,0,0,0,0,0,0,0,0,1,0,3
505,1.802,J REHABIL MED,4,0,0,0,1,0,0,1,0,1,0,1
506,2.057,J SENSORS,4,0,1,0,1,0,0,1,1,0,0,0
507, ,J TRAUMA,4,0,0,0,0,0,0,0,0,0,0,4
508,2.266,J VISION,4,0,0,0,1,1,0,1,0,1,0,0
509,36.421,LANCET ONCOL,4,0,1,0,0,0,0,0,1,0,0,2
510,1.333,MINIM INVASIV THER,4,0,0,0,0,0,1,0,0,0,0,3
511,3.626,MOL IMAGING BIOL,4,0,0,0,1,0,0,1,0,0,0,2
512,4.556,MOL PHARMACEUT,4,0,0,0,0,0,0,2,0,0,2,0
513,3.404,NANOTECHNOLOGY,4,0,0,0,1,0,1,1,0,1,0,0
514,35.612,NAT REV MOL CELL BIO,4,0,0,0,0,0,0,0,0,0,0,4
515,3.869,NEUROIMAGE-CLIN,4,1,0,0,0,2,1,0,0,0,0,0
516,2.774,NEUROMODULATION,4,0,0,0,0,0,0,0,1,0,0,3
517,2.262,OPHTHAL PHYSL OPT,4,0,2,0,0,0,0,0,0,0,0,2
518, ,P 20 ANN M ISMRM,4,0,0,0,0,0,4,0,0,0,0,0
519, ,P ANN M EXH INT SOC,4,0,0,0,3,0,0,0,0,0,1,0
520, ,P ICML,4,0,0,0,1,1,0,1,0,0,1,0
521, ,P IEEE INT C AC SPEE,4,0,0,0,3,1,0,0,0,0,0,0
522, ,P INT C MACH LEARN,4,0,0,0,0,1,0,0,1,1,0,1
523, ,P INT SOC MAG RESON,4,0,0,1,0,0,0,0,0,1,0,2
524,4.847,P ROY SOC B-BIOL SCI,4,0,0,0,0,0,1,1,0,0,0,2
525, ,PATTERN REC 4RTH ED,4,0,0,0,0,0,0,0,0,4,0,0
526,2.974,PERVASIVE MOB COMPUT,4,0,0,1,2,0,1,0,0,0,0,0
527,3.335,PHARM RES-DORDR,4,0,0,0,0,0,1,0,0,1,0,2
528,3.621,PLAST RECONSTR SURG,4,0,0,1,0,1,1,1,0,0,0,0
529,7.230,PSYCHOL REV,4,0,0,0,0,0,0,0,0,0,0,4
530,4.942,RADIOTHER ONCOL,4,0,1,0,0,0,0,0,0,0,1,2
531,2.046,SIAM J SCI COMPUT,4,0,0,0,0,0,0,1,0,0,0,3
532, ,SIGKDD EXPLORATIONS,4,0,0,0,0,0,0,0,1,3,0,0
533,3.395,SLEEP MED,4,0,0,1,0,0,0,0,0,0,1,2
534,7.074,SPORTS MED,4,0,0,0,0,1,0,0,0,0,0,3
535,1.932,STAT MED,4,0,0,1,1,0,0,0,0,0,0,2
536,15.557,TRENDS COGN SCI,4,0,0,0,0,1,0,0,1,0,0,2
537,2.300,UROLOGY,4,0,0,0,0,1,0,2,0,0,0,1
538, ,WAVELET TOUR SIGNAL,4,0,0,0,0,0,0,0,0,0,0,4
539,3.709,WIRES SYST BIOL MED,4,0,0,0,0,2,0,0,1,1,0,0
540,2.952,WOUND REPAIR REGEN,4,0,0,0,0,0,1,0,0,1,0,2
541, ,2009 IEEE INT S,3,0,0,0,0,0,0,0,0,3,0,0
542,4.384,ACM T GRAPHIC,3,0,0,0,0,0,0,1,0,1,0,1
543,1.161,ACTA OTO-LARYNGOL,3,0,0,0,0,0,0,0,0,0,0,3
544, ,ACTA PHYSIOL SCAND,3,0,0,0,0,0,0,0,0,0,0,3
545,8.855,AM J HUM GENET,3,0,0,0,1,0,0,0,0,0,1,1
546,4.302,AM STAT,3,0,0,0,0,0,0,0,0,0,0,3
547, ,ANN EUGENIC,3,0,0,0,0,0,0,0,0,0,0,3
548,1.513,ANN OTO RHINOL LARYN,3,0,0,0,0,0,0,0,0,0,0,3
549,12.350,ANN RHEUM DIS,3,0,1,0,1,0,0,0,0,0,0,1
550,14.814,ANNU REV FLUID MECH,3,0,0,0,2,0,0,0,0,0,0,1
551,14.970,ANNU REV MED,3,0,0,0,0,0,2,0,0,0,0,1
552,22.774,ANNU REV PSYCHOL,3,0,0,0,0,1,0,1,0,0,0,1
553,1.983,APPL INTELL,3,0,0,0,1,0,0,0,0,0,0,2
554, ,ARCH OTOLARYNGOL,3,0,0,0,0,0,0,0,1,0,0,2
555,2.111,ARTIF ORGANS,3,0,0,0,0,0,0,0,1,0,0,2
556,2.078,AUDIOL NEURO-OTOL,3,0,0,0,0,0,0,0,0,0,1,2
557,5.723,BASIC RES CARDIOL,3,0,0,0,1,0,0,0,0,0,0,2
558,3.173,BEHAV BRAIN RES,3,0,0,0,0,0,0,1,0,0,0,2
559, ,BIOCHIM BIOPHYS ACTA,3,0,0,0,0,0,0,0,0,0,0,3
560, ,BIOELECTROMAGNETISM,3,0,0,0,0,0,0,0,0,0,0,3
561, ,BIOMECHANICS MOTOR C,3,0,0,0,0,0,0,0,0,3,0,0
562,1.524,BIOMETRICS,3,0,0,0,0,0,0,0,0,0,0,3
563,1.440,BIOTECHNOL APPL BIOC,3,0,0,0,0,0,0,1,1,0,0,1
564,2.173,BMC NEUROSCI,3,0,0,0,0,1,0,2,0,0,0,0
565,2.413,BMJ OPEN,3,0,0,0,2,0,1,0,0,0,0,0
566,2.574,BRAIN COGNITION,3,0,0,0,0,0,0,0,0,0,0,3
567, ,BRAIN COMPUT INTER,3,0,0,0,1,1,1,0,0,0,0,0
568,6.302,BRIEF BIOINFORM,3,0,0,0,2,0,0,1,0,0,0,0
569, ,CANC FACTS FIG 2015,3,0,0,1,0,0,0,0,0,0,1,1
570, ,CARDIAC ELECTROPHYSI,3,0,0,0,0,0,0,0,0,1,0,2
571, ,CARDIOVASC ENG,3,0,0,0,0,0,0,0,0,2,1,0
572,6.221,CIRC-CARDIOVASC IMAG,3,0,0,0,1,1,0,0,1,0,0,0
573,6.504,CIRC-CARDIOVASC INTE,3,0,0,0,1,1,0,0,0,0,1,0
574,1.908,CLIN ANAT,3,0,0,0,2,0,0,0,1,0,0,0
575,1.863,CLIN BIOMECH,3,0,0,0,0,0,0,0,0,1,0,2
576,2.926,CLIN CHIM ACTA,3,0,0,0,0,1,0,0,1,0,0,1
577,1.807,CLIN EEG NEUROSCI,3,0,0,0,1,1,0,1,0,0,0,0
578,7.683,CLIN GASTROENTEROL H,3,0,0,0,0,0,0,0,0,0,0,3
579, ,COMP MED SYST,3,0,0,0,0,0,0,0,0,0,0,3
580,3.113,COMPUT CHEM ENG,3,0,0,0,0,0,1,0,0,0,0,2
581,2.046,COMPUT GRAPH FORUM,3,0,0,0,0,1,0,0,1,0,0,1
582,2.464,CORNEA,3,0,0,0,0,2,0,0,0,0,0,1
583, ,CURR CARDIOL REV,3,0,0,0,0,1,1,0,0,1,0,0
584,2.120,CURR EYE RES,3,0,0,0,0,2,0,0,1,0,0,0
585,3.120,CURR OPIN CRIT CARE,3,0,0,0,1,0,1,0,0,1,0,0
586,2.481,DATA MIN KNOWL DISC,3,0,0,0,0,0,0,0,0,0,0,3
587,0.672,DISCRETE COMPUT GEOM,3,0,0,0,0,0,0,0,0,0,1,2
588, ,DISCRETE TIME SIGNAL,3,0,0,0,1,0,0,0,0,1,0,1
589,3.750,ECONOMETRICA,3,0,0,0,0,0,0,0,0,0,0,3
590,1.663,EDUC PSYCHOL MEAS,3,0,0,0,0,0,0,0,0,0,0,3
591,3.688,EJSO-EUR J SURG ONC,3,0,0,1,0,0,0,0,0,1,0,1
592, ,ELECT FIELDS BRAIN N,3,0,0,0,0,0,0,0,0,0,0,3
593, ,ELECT IMPEDANCE TOMO,3,0,0,0,0,0,0,0,0,0,0,3
594,7.616,ELIFE,3,0,0,2,1,0,0,0,0,0,0,0
595,2.478,EYE,3,0,0,1,0,0,0,1,0,0,0,1
596, ,FINITE MIXTURE MODEL,3,0,0,0,0,0,0,0,0,0,0,3
597,3.138,FRONT BEHAV NEUROSCI,3,0,0,1,1,1,0,0,0,0,0,0
598, ,FRONT INTEGR NEUROSC,3,0,0,3,0,0,0,0,0,0,0,0
599, ,FRONT NEUROENG,3,0,0,0,3,0,0,0,0,0,0,0
600,3.532,GERONTOLOGY,3,0,1,1,0,0,0,0,0,0,0,1
601,4.843,HEALTH AFFAIR,3,0,0,0,1,1,0,0,0,0,0,1
602, ,HEALTH DEVICES,3,0,0,0,0,1,1,1,0,0,0,0
603,1.840,HUM MOVEMENT SCI,3,0,0,1,0,0,0,0,0,0,0,2
604,4.990,HUM REPROD,3,0,0,0,0,0,1,2,0,0,0,0
605, ,IEEE IJCNN,3,0,0,0,0,0,0,0,0,0,0,3
606, ,IEEE INT SYMP CIRC S,3,0,0,1,0,0,0,0,0,0,1,1
607,3.367,IEEE J SEL TOP QUANT,3,0,0,0,2,0,0,0,0,0,1,0
608,4.361,IEEE J-STSP,3,0,0,0,0,0,0,0,1,2,0,0
609,2.105,IEEE SPECTRUM,3,0,0,0,1,0,0,0,0,0,0,2
610,4.883,IEEE T CONTR SYST T,3,0,0,2,0,0,1,0,0,0,0,0
611,2.563,IEEE T HUM-MACH SYST,3,1,0,0,0,2,0,0,0,0,0,0
612,5.824,IEEE T INF FOREN SEC,3,0,0,1,0,0,2,0,0,0,0,0
613,3.977,IEEE T MULTIMEDIA,3,0,0,0,0,1,0,0,0,1,0,1
614, ,IEEE T SYST MAN CY C,3,0,0,0,0,0,0,0,1,0,1,1
615,2.955,IEEE T THZ SCI TECHN,3,0,0,2,0,0,0,1,0,0,0,0
616,3.078,IEEE T VIS COMPUT GR,3,0,0,1,0,0,0,0,0,0,1,1
617, ,IFMBE P WORLD C MED,3,0,0,0,0,0,0,0,0,3,0,0
618,2.619,ILAR J,3,0,0,0,1,0,0,0,0,0,0,2
619,3.444,INFORM PROCESS MANAG,3,0,0,0,0,0,0,0,0,1,0,2
620,1.378,INT J ANTENN PROPAG,3,0,0,1,0,0,1,0,0,0,1,0
621, ,INT J BIOMED IMAGING,3,0,0,0,1,1,0,0,0,0,1,0
622,1.787,INT J DISTRIB SENS N,3,0,1,0,0,1,1,0,0,0,0,0
623, ,INTRO BOOTSTRAP,3,0,0,0,0,0,0,0,0,0,0,3
624, ,J AM DIET ASSOC,3,0,0,0,0,0,0,1,1,0,0,1
625,6.827,J AM SOC ECHOCARDIOG,3,0,0,0,1,2,0,0,0,0,0,0
626,0.878,J AMB INTEL SMART EN,3,0,0,0,1,0,0,1,0,1,0,0
627,1.390,J APPL BIOMECH,3,0,0,0,0,0,0,0,0,0,0,3
628, ,J BASIC ENG-T ASME,3,0,0,0,0,0,0,0,0,0,0,3
629,2.015,J BIOSCI BIOENG,3,0,0,0,0,0,0,1,0,0,0,2
630,1.923,J BURN CARE RES,3,0,0,0,0,1,0,0,0,0,0,2
631,2.959,J CELL BIOCHEM,3,0,0,0,0,0,0,0,0,0,0,3
632,4.245,J CLIN EPIDEMIOL,3,0,0,0,0,0,0,0,0,0,0,3
633,3.396,J CLIN SLEEP MED,3,0,0,0,0,1,0,1,0,0,1,0
634,1.632,J COMPUT APPL MATH,3,0,2,0,0,1,0,0,0,0,0,0
635,1.191,J COMPUT BIOL,3,0,0,0,0,0,1,0,0,0,0,2
636,3.235,J ELECTROANAL CHEM,3,0,0,0,0,0,0,0,0,0,0,3
637,0.780,J ELECTRON IMAGING,3,0,0,0,0,0,0,1,0,0,0,2
638,2.038,J ENDOUROL,3,0,0,0,0,0,0,0,0,0,1,2
639,3.680,J GEN PHYSIOL,3,0,0,0,0,1,0,0,0,1,0,1
640,6.448,J INVEST DERMATOL,3,0,0,0,0,0,0,0,0,0,0,3
641,4.671,J MED INTERNET RES,3,0,0,1,0,1,1,0,0,0,0,0
642,1.693,J MICROSC-OXFORD,3,0,0,1,0,1,0,0,0,0,0,1
643,2.448,J NEUROL SCI,3,0,0,0,0,0,0,0,0,0,0,3
644,3.706,J PHARMACOL EXP THER,3,0,0,0,0,1,0,0,0,0,1,1
645,2.787,J PROCESS CONTR,3,0,0,1,0,0,1,0,0,0,1,0
646,4.000,J PSYCHIATR RES,3,0,0,0,0,1,0,0,0,0,0,2
647,22.737,J STAT SOFTW,3,0,0,0,0,0,0,0,2,0,1,0
648,2.886,J SURG ONCOL,3,0,0,0,0,1,0,1,0,0,0,1
649,1.530,J ULTRAS MED,3,0,0,0,0,0,1,0,0,1,0,1
650,2.716,JARO-J ASSOC RES OTO,3,0,0,0,0,0,0,0,1,1,0,1
651,3.789,LANGMUIR,3,0,0,0,1,0,0,1,0,0,1,0
652,2.726,LASER SURG MED,3,0,0,0,1,0,0,0,1,0,0,1
653, ,LECT NOTES ARTIF INT,3,0,0,0,0,0,0,0,0,1,0,2
654,1.832,MAGN RESON MATER PHY,3,0,0,0,0,1,0,0,0,0,0,2
655,2.665,MATH PROGRAM,3,0,0,0,0,0,0,0,0,0,0,3
656,2.423,MECHATRONICS,3,0,0,1,0,1,1,0,0,0,0,0
657,4.227,MED J AUSTRALIA,3,0,0,0,0,0,0,0,0,0,1,2
658,1.531,METHOD INFORM MED,3,0,2,0,0,0,0,0,0,0,1,0
659,3.998,METHODS,3,0,0,0,1,0,0,0,0,0,0,2
660,2.465,MICROVASC RES,3,0,0,0,0,0,0,0,0,0,0,3
661,0.948,MICROW OPT TECHN LET,3,0,0,0,0,0,1,1,0,0,1,0
662,5.005,NANOMEDICINE-UK,3,0,0,0,1,1,1,0,0,0,0,0
663,27.125,NAT GENET,3,0,0,0,0,0,0,2,0,0,0,1
664,39.235,NAT MATER,3,0,0,0,0,0,0,0,0,2,0,1
665, ,NAT STAT LEARNING,3,0,0,0,0,1,0,0,0,0,0,2
666,4.215,NEURAL COMPUT APPL,3,0,0,0,2,0,0,0,0,1,0,0
667,1.787,NEURAL PROCESS LETT,3,0,0,0,0,0,0,0,0,0,1,2
668,7.461,NEUROSCIENTIST,3,0,0,1,0,0,0,0,1,0,0,1
669,3.263,NEUROUROL URODYNAM,3,0,0,0,0,0,0,0,1,0,0,2
670, ,NEW INTRO MULTIPLE T,3,0,0,0,0,0,0,0,0,0,0,3
671,4.042,OBESITY,3,0,0,0,0,0,2,0,0,1,0,0
672,1.887,OPT COMMUN,3,0,0,0,0,0,0,0,0,0,0,3
673, ,P 21 ANN M ISMRM SAL,3,0,0,0,0,3,0,0,0,0,0,0
674, ,P 23 ANN M ISMRM TOR,3,0,0,3,0,0,0,0,0,0,0,0
675, ,P 24 ANN M ISMRM SIN,3,0,3,0,0,0,0,0,0,0,0,0
676, ,P 25 ANN M ISMRM HON,3,3,0,0,0,0,0,0,0,0,0,0
677, ,P 30 INT C MACH LEAR,3,0,0,0,0,3,0,0,0,0,0,0
678, ,P ACM INT JOINT C PE,3,0,0,1,1,1,0,0,0,0,0,0
679, ,P ANN INT C IEEE ENG,3,0,0,0,0,0,1,1,0,0,0,1
680, ,P COMP CARD CAT,3,0,0,0,0,0,0,0,0,0,0,3
681, ,P IEEE ANN INT C ENG,3,0,0,0,0,0,0,0,0,1,0,2
682, ,P IEEE ANT PROP SOC,3,0,0,0,0,0,0,0,0,1,1,1
683, ,P IEEE ENG MED BIOL,3,0,0,0,0,0,1,0,0,0,0,2
684, ,P IEEE INSTR MEAS TE,3,0,0,0,0,0,0,1,0,0,0,2
685, ,P IEEE RAS-EMBS INT,3,0,0,0,1,0,1,0,1,0,0,0
686, ,P IEEE RSJ INT C INT,3,0,0,0,0,2,0,1,0,0,0,0
687, ,P INT C INT US INT,3,0,0,1,0,2,0,0,0,0,0,0
688,3.123,PEDIATR RES,3,0,0,0,1,0,0,0,0,0,0,2
689,2.765,PFLUG ARCH EUR J PHY,3,0,0,0,1,0,0,0,0,0,0,2
690,5.666,PHILOS T R SOC B,3,0,0,0,0,1,0,0,0,0,0,2
691,3.174,PROG BRAIN RES,3,0,1,0,0,0,0,0,0,0,0,2
692,3.230,RESP MED,3,0,0,0,0,0,1,1,0,0,0,1
693,2.629,SCAND J GASTROENTERO,3,0,0,0,0,0,0,0,0,0,0,3
694, ,SER BIOMED ENG,3,0,0,0,0,0,0,0,3,0,0,0
695,1.643,SIGNAL IMAGE VIDEO P,3,0,1,0,0,0,0,2,0,0,0,0
696,9.598,SMALL,3,1,0,0,0,1,0,0,0,0,0,1
697, ,ST HEAL T,3,0,0,0,0,0,0,0,0,0,0,3
698,2.284,STAT METHODS MED RES,3,0,0,0,0,1,0,0,0,0,0,2
699,11.439,TRENDS NEUROSCI,3,0,0,0,0,0,1,0,0,0,0,2
700,3.300,WORLD J GASTROENTERO,3,0,1,0,1,0,0,0,0,0,0,1
701,2.766,WORLD J SURG,3,0,0,0,0,0,0,0,0,0,1,2
702,2.981,WORLD J UROL,3,0,0,1,0,0,0,1,0,0,0,1
703, ,10 LECT WAVELETS,2,0,0,0,0,0,0,0,0,0,0,2
704, ,12 IEEE INT S WEAR,2,0,0,0,0,0,0,0,0,0,2,0
705, ,2002 IEEE INT C DAT,2,0,0,0,0,0,0,0,0,0,0,2
706, ,2009 16 IEEE INT C,2,0,0,0,0,0,0,0,0,2,0,0
707, ,2014 EAI 4 INT C,2,0,0,0,2,0,0,0,0,0,0,0
708, ,2014 IEEE GLOB C,2,0,0,0,2,0,0,0,0,0,0,0
709, ,2014 IEEE WORKSH,2,0,0,0,2,0,0,0,0,0,0,0
710, ,2015 AS SIGN INF,2,0,0,2,0,0,0,0,0,0,0,0
711, ,2015 IEEE INT C,2,0,0,2,0,0,0,0,0,0,0,0
712, ,2015 IEEE INT C INF,2,0,0,2,0,0,0,0,0,0,0,0
713, ,2016 3 IEEE EMBS,2,0,2,0,0,0,0,0,0,0,0,0
714, ,9 INT MAGN RES IM S,2,0,0,0,0,0,2,0,0,0,0,0
715, ,AAAI92 P 10 NATL C,2,0,0,0,0,0,0,0,0,0,0,2
716, ,ACM,2,0,0,0,0,0,2,0,0,0,0,0
717, ,ACM SIGMOBILE MOBILE,2,0,0,0,0,0,0,0,0,0,0,2
718,2.905,ACM T MATH SOFTWARE,2,0,1,0,1,0,0,0,0,0,0,0
719, ,ACOUST SOC AM J,2,0,0,0,0,0,0,0,0,0,0,2
720, ,ACOUST SPEECH SIG PR,2,0,0,0,0,0,0,0,0,0,0,2
721,8.097,ACS APPL MATER INTER,2,0,0,1,0,0,0,1,0,0,0,0
722,3.324,ACTA OPHTHALMOL,2,0,0,0,0,0,0,0,0,0,0,2
723,2.580,ACTA PAEDIATR,2,0,0,0,0,1,0,0,0,0,0,1
724, ,ADV DATA SCI ADAPT,2,0,0,0,0,0,0,1,0,1,0,0
725, ,ADV INTELL SYST,2,1,0,1,0,0,0,0,0,0,0,0
726, ,ADV NEURAL INF PROCE,2,0,0,0,0,0,0,0,0,1,0,1
727, ,ADV NEUROL,2,0,0,0,0,0,0,0,0,0,0,2
728,3.326,AICHE J,2,0,0,0,1,0,0,0,0,0,0,1
729,7.357,ALIMENT PHARM THER,2,0,0,0,0,0,0,0,0,0,2,0
730, ,AM J EEG TECHNOL,2,0,0,0,0,0,0,0,0,0,0,2
731,3.046,AM J HYPERTENS,2,0,0,0,0,0,1,0,0,0,0,1
732,1.034,AM J PHYS,2,0,0,0,0,0,0,0,0,0,0,2
733,1.713,AM J SPEECH-LANG PAT,2,0,0,0,0,0,0,1,0,0,1,0
734,2.141,AM J SURG,2,0,0,0,0,0,0,0,0,0,0,2
735,3.864,ANALYST,2,0,0,1,0,0,0,0,0,0,1,0
736,1.373,ANAT REC,2,0,0,1,0,0,0,0,0,0,0,1
737,5.008,ANN EMERG MED,2,0,0,0,0,0,0,0,0,0,0,2
738,1.158,ANN I SUPER SANITA,2,0,0,0,0,0,0,0,0,1,0,1
739,1.562,ANN NONINVAS ELECTRO,2,0,0,0,0,0,0,0,0,0,0,2
740,13.930,ANN ONCOL,2,0,0,0,0,0,1,0,0,0,0,1
741,1.470,ANN ROY COLL SURG,2,0,0,0,0,0,1,0,0,0,0,1
742,20.154,ANNU REV BIOCHEM,2,0,0,0,1,0,0,0,0,0,0,1
743,4.256,ANTIMICROB AGENTS CH,2,0,0,0,0,0,0,0,1,1,0,0
744,1.586,ANZ J SURG,2,0,0,0,0,0,0,0,0,0,0,2
745,0.794,AORN J,2,0,0,0,1,0,0,0,0,0,0,1
746,3.633,APPL ENVIRON MICROB,2,0,0,1,0,0,0,0,0,0,0,1
747,1.604,APPL PHYS A-MATER,2,0,0,0,0,0,0,0,0,0,0,2
748,1.642,APPL SPECTROSC,2,0,0,0,0,0,0,0,0,0,0,2
749,0.595,ARCH ITAL BIOL,2,0,0,0,0,0,0,0,0,0,0,2
750, ,ARCH NEURO PSYCHIATR,2,0,0,0,0,0,0,0,0,0,0,2
751, ,ARCH SURG-CHICAGO,2,0,0,0,0,0,0,0,0,0,0,2
752,1.842,ASAIO J,2,0,0,0,0,0,0,1,0,0,0,1
753, ,AUTISM,2,1,0,0,0,0,0,0,0,1,0,0
754,3.679,BBA-GEN SUBJECTS,2,0,0,0,0,1,0,0,0,0,0,1
755, ,BIBL CARDIOL,2,0,0,0,0,0,0,0,0,0,0,2
756,4.235,BIOCHEM PHARMACOL,2,0,0,0,0,0,0,0,0,0,0,2
757, ,BIOIMPEDANCE BIOELEC,2,0,0,1,0,0,0,1,0,0,0,0
758,2.649,BIOL DIRECT,2,0,0,0,0,0,1,0,1,0,0,0
759,3.212,BIOMECH MODEL MECHAN,2,0,1,0,1,0,0,0,0,0,0,0
760, ,BIOMECHANICS MECH PR,2,0,0,0,0,0,0,0,0,0,0,2
761, ,BIOMED CIRC SYST C,2,0,0,0,0,1,0,1,0,0,0,0
762, ,BIOMED ENG,2,0,0,0,0,0,0,0,0,0,1,1
763, ,BIOMED ENG IEEE,2,0,0,0,0,0,0,0,0,1,0,1
764, ,BIOMED INSTRUM TECHN,2,0,0,0,0,0,2,0,0,0,0,0
765, ,BIOMED SIGNAL AN,2,0,0,0,0,0,0,0,0,0,0,2
766,2.571,BIOMICROFLUIDICS,2,0,0,0,1,0,0,0,1,0,0,0
767,1.316,BIORHEOLOGY,2,0,0,0,0,0,0,0,0,0,0,2
768,1.504,BIOSTATISTICS,2,0,0,0,0,0,0,0,0,0,0,2
769,1.619,BIOSYSTEMS,2,0,0,0,0,0,0,0,0,0,1,1
770,3.507,BIOTECHNOL J,2,0,0,0,0,0,0,0,1,0,0,1
771,1.947,BIOTECHNOL PROGR,2,0,0,0,0,0,0,0,0,0,0,2
772,4.876,BJOG-INT J OBSTET GY,2,0,0,0,0,0,0,0,0,0,0,2
773,3.288,BMC CANCER,2,0,0,0,2,0,0,0,0,0,0,0
774,2.731,BMC GASTROENTEROL,2,0,0,1,0,0,1,0,0,0,0,0
775,2.866,BMC GERIATR,2,0,0,0,1,0,0,0,0,0,0,1
776,9.088,BMC MED,2,0,0,0,0,0,0,0,0,1,0,1
777,2.134,BMC MED INFORM DECIS,2,0,1,0,0,1,0,0,0,0,0,0
778, ,BMC RES NOTES,2,0,0,0,0,0,1,0,0,1,0,0
779,3.605,BREAST CANCER RES TR,2,0,0,0,0,0,1,0,0,0,0,1
780,3.657,BRIT J NUTR,2,0,0,0,0,0,0,0,0,1,0,1
781, ,C P IEEE ENG MED BIO,2,0,0,0,1,0,0,0,0,0,0,1
782,6.818,CAN MED ASSOC J,2,0,0,0,0,0,0,0,0,0,0,2
783,6.491,CANCER LETT,2,0,0,1,1,0,0,0,0,0,0,0
784,8.122,CANCER TREAT REV,2,0,0,1,0,0,0,0,0,0,0,1
785, ,CARDIAC MAPPING,2,0,0,0,0,0,0,0,0,2,0,0
786,1.451,CARDIOVASC ENG TECHN,2,0,2,0,0,0,0,0,0,0,0,0
787,3.043,CELL TISSUE RES,2,0,0,0,0,0,0,1,0,0,0,1
788,2.213,CHAOS SOLITON FRACT,2,0,0,0,0,0,0,0,0,0,0,2
789,9.063,CHEM SCI,2,0,0,2,0,0,0,0,0,0,0,0
790,2.092,CLIN EXP PHARMACOL P,2,0,0,0,0,0,0,0,0,0,0,2
791,1.191,CLIN LINGUIST PHONET,2,0,0,0,0,1,0,0,0,0,0,1
792,4.305,CLIN ORAL IMPLAN RES,2,0,0,0,0,2,0,0,0,0,0,0
793,4.464,CLIN PHARMACOKINET,2,0,0,0,0,0,0,0,0,0,0,2
794,2.600,CLIN PHYSIOL FUNCT I,2,0,0,0,0,0,0,0,0,0,0,2
795,1.245,CLINICS,2,0,0,0,0,0,0,2,0,0,0,0
796,2.000,COGN NEURODYNAMICS,2,0,0,1,0,0,0,0,1,0,0,0
797, ,COGNITION,2,0,0,0,0,0,0,1,0,0,0,1
798, ,COGNITIVE BRAIN RES,2,0,0,0,0,0,0,0,0,0,0,2
799,0.353,COMMUN STAT-THEOR M,2,0,0,0,0,0,0,0,0,0,0,2
800, ,COMP CARD 2008 VOLS,2,0,0,0,0,0,0,0,0,0,2,0
801, ,COMP GRAPH,2,0,0,0,0,0,0,0,0,0,0,2
802, ,COMPUT GEOMET,2,0,0,0,0,0,0,0,0,0,1,1
803,2.567,COMPUT GEOSCI-UK,2,0,0,0,0,0,0,0,0,0,0,2
804,1.200,COMPUT GRAPH-UK,2,0,0,0,0,0,0,2,0,0,0,0
805,1.860,COMPUT MATH APPL,2,0,0,0,0,1,0,0,0,0,0,1
806, ,COMPUT METHOD,2,0,0,0,0,0,0,0,0,0,0,2
807, ,COMPUT VIS ECCV,2,0,0,0,0,0,0,0,2,0,0,0
808,1.940,COMPUTER,2,0,0,0,0,0,1,0,1,0,0,0
809,0.391,CONCEPT MAGN RESON A,2,0,0,0,0,0,0,0,0,0,0,2
810,0.684,CONCEPT MAGN RESON B,2,0,0,0,0,0,0,0,0,1,0,1
811, ,CONCEPT MAGNETIC RES,2,0,0,0,0,0,0,0,0,0,0,2
812, ,COND RANDOM F,2,0,0,0,0,0,0,0,0,0,0,2
813,4.495,CRIT REV ONCOL HEMAT,2,0,0,0,0,0,0,0,0,0,0,2
814,9.247,CSH PERSPECT BIOL,2,0,0,0,0,0,0,1,1,0,0,0
815,1.179,CUAJ-CAN UROL ASSOC,2,0,0,0,0,1,0,0,0,0,1,0
816,9.251,CURR BIOL,2,0,0,0,0,0,0,0,0,0,0,2
817, ,CURR DIR PSYCHOL SCI,2,0,0,0,0,0,0,1,0,0,0,1
818,8.380,CURR OPIN BIOTECH,2,0,1,0,1,0,0,0,0,0,0,0
819,1.465,CURR OPIN OTOLARYNGO,2,0,0,0,0,0,0,0,1,0,0,1
820,1.830,CURR OPIN UROL,2,0,0,0,0,1,0,0,0,1,0,0
821,3.260,CYTOM PART A,2,0,0,0,0,0,0,1,1,0,0,0
822,3.565,DECIS SUPPORT SYST,2,0,0,1,0,1,0,0,0,0,0,0
823,1.848,DENTOMAXILLOFAC RAD,2,0,0,0,1,0,0,0,1,0,0,0
824,2.396,DIAGN PATHOL,2,0,0,0,0,1,1,0,0,0,0,0
825, ,DIAGN STAT MAN MENT,2,0,0,0,0,1,0,0,0,0,0,1
826,2.037,DIGESTION,2,0,0,0,0,0,0,1,0,0,0,1
827,6.848,DRUG DISCOV TODAY,2,0,0,0,1,0,0,0,1,0,0,0
828,4.617,ECOLOGY,2,0,0,0,0,0,0,0,0,0,0,2
829,4.660,ELECTROCHEM COMMUN,2,0,0,0,1,0,0,0,1,0,0,0
830,5.116,ELECTROCHIM ACTA,2,0,0,1,0,0,0,0,0,1,0,0
831,2.046,EMERG MED J,2,0,0,0,0,0,0,0,0,1,0,1
832,6.629,ENDOSCOPY,2,0,0,1,0,0,0,0,0,0,1,0
833,2.019,ERGONOMICS,2,0,0,0,0,0,0,0,0,0,1,1
834,1.546,EUR ARCH OTO-RHINO-L,2,0,0,0,0,0,0,1,0,0,0,1
835,1.947,EUR PHYS J-SPEC TOP,2,0,0,0,0,2,0,0,0,0,0,0
836,2.634,EUR SPINE J,2,0,0,0,0,0,0,0,0,0,0,2
837,3.152,EXP EYE RES,2,0,0,0,0,0,0,1,1,0,0,0
838,2.319,EXP MECH,2,0,0,1,0,0,0,0,0,0,0,1
839, ,EXP ROBOTICS,2,0,0,0,1,1,0,0,0,0,0,0
840, ,FDN TRENDS MACH LEAR,2,0,0,0,0,0,0,2,0,0,0,0
841, ,FEDCSIS,2,0,0,0,0,0,0,2,0,0,0,0
842,4.803,FERTIL STERIL,2,0,0,0,1,0,1,0,0,0,0,0
843, ,FINDING GROUPS DATA,2,0,0,0,0,0,0,0,0,1,0,1
844, ,FINITE ELEMENT METHO,2,0,0,0,0,0,1,0,0,0,0,1
845,3.056,FOUND COMPUT MATH,2,0,0,0,1,1,0,0,0,0,0,0
846, ,FOUND TRENDS MACH LE,2,0,0,0,0,0,0,0,0,2,0,0
847, ,FRONT PSYCHOL,2,0,0,0,0,0,2,0,0,0,0,0
848, ,FUNCT IMAGING M,2,0,0,0,0,1,0,1,0,0,0,0
849,2.369,FUTURE ONCOL,2,0,0,0,0,0,1,0,0,0,1,0
850,9.462,GENE DEV,2,0,0,1,0,0,0,0,0,0,0,1
851, ,GENET MOL RES,2,0,0,0,0,1,0,0,1,0,0,0
852,4.075,GENETICS,2,0,0,0,0,0,0,0,0,0,0,2
853,1.019,GRAPH MODELS,2,0,0,0,0,0,0,0,0,0,0,2
854, ,HANDB MED IMAGING,2,0,0,0,0,0,0,0,0,0,0,2
855, ,HEALTHC TECHNOL LETT,2,0,0,1,1,0,0,0,0,0,0,0
856, ,HEAR J,2,0,1,0,0,0,0,0,0,0,0,1
857,1.064,HIGH TEMP+,2,0,0,2,0,0,0,0,0,0,0,0
858,3.966,HIPPOCAMPUS,2,0,0,0,0,0,0,0,0,1,0,1
859,2.015,HISTOL HISTOPATHOL,2,0,0,0,1,0,0,0,0,0,0,1
860,3.131,HPB,2,0,1,0,0,0,0,0,0,0,1,0
861,4.902,HUM MOL GENET,2,0,0,0,0,0,0,0,1,0,0,1
862,11.852,HUM REPROD UPDATE,2,0,0,0,0,0,1,1,0,0,0,0
863, ,ICLR,2,0,0,1,1,0,0,0,0,0,0,0
864, ,ICML,2,0,0,0,0,0,0,0,0,0,0,2
865,3.007,IEEE ANTENN PROPAG M,2,0,0,0,0,0,1,0,0,0,0,1
866,9.270,IEEE COMMUN MAG,2,0,0,0,0,0,1,0,0,0,0,1
867,6.611,IEEE COMPUT INTELL M,2,0,0,0,0,0,1,0,0,1,0,0
868, ,IEEE INT C BIOINFORM,2,0,0,1,0,0,0,0,1,0,0,0
869, ,IEEE INT ULTRA SYM,2,0,0,0,2,0,0,0,0,0,0,0
870,5.177,IEEE J EM SEL TOP P,2,0,1,1,0,0,0,0,0,0,0,0
871,1.754,IEEE J TRANSL ENG HE,2,0,1,0,0,1,0,0,0,0,0,0
872, ,IEEE NUCL SCI CONF R,2,0,0,0,0,0,1,1,0,0,0,0
873,0.587,IEEE PULSE,2,0,0,0,0,0,1,1,0,0,0,0
874,4.337,IEEE SYST J,2,0,0,0,2,0,0,0,0,0,0,0
875,3.052,IEEE T COMPUT,2,0,0,0,0,0,0,0,0,0,0,2
876,1.802,IEEE T CONSUM ELECTR,2,0,0,0,1,0,0,0,0,0,0,1
877,8.803,IEEE T CYBERNETICS,2,0,0,0,0,2,0,0,0,0,0,0
878,8.124,IEEE T EVOLUT COMPUT,2,0,0,0,0,0,0,1,0,0,0,1
879,1.869,IEEE T HAPTICS,2,0,0,0,0,1,0,0,0,1,0,0
880,5.430,IEEE T IND INFORM,2,0,1,0,1,0,0,0,0,0,0,0
881,2.158,IEEE T NANOBIOSCI,2,0,0,0,1,0,0,0,0,0,0,1
882,3.971,IEEE T PARALL DISTR,2,0,0,0,0,2,0,0,0,0,0,0
883,1.253,IEEE T PLASMA SCI,2,0,1,0,0,0,0,0,0,0,0,1
884,6.812,IEEE T POWER ELECTR,2,0,1,1,0,0,0,0,0,0,0,0
885, ,IEEE T SON ULTRASON,2,0,0,0,0,0,0,0,0,0,0,2
886, ,IEEE T SYST MAN CY B,2,0,0,0,0,0,0,1,0,0,0,1
887,9.202,IEEE WIREL COMMUN,2,0,0,0,0,1,0,0,1,0,0,0
888, ,IFAC PAPERSONLINE,2,0,0,1,1,0,0,0,0,0,0,0
889,19.734,IMMUNITY,2,0,0,0,0,0,0,1,1,0,0,0
890, ,INDEPENDENT COMPONEN,2,0,0,0,0,0,0,0,0,0,0,2
891, ,INF PROCESS MED IMAG,2,0,0,0,0,0,0,1,0,0,0,1
892, ,INT C ARTIF INTELLIG,2,0,0,0,0,0,0,2,0,0,0,0
893,2.036,INT J CARDIOVAS IMAG,2,0,0,0,0,0,0,0,1,0,0,1
894, ,INT J COMPUT APPL,2,0,0,1,1,0,0,0,0,0,0,0
895,2.101,INT J CONTROL,2,0,0,0,0,0,0,0,0,0,0,2
896,2.145,INT J ENV RES PUB HE,2,0,0,1,0,0,0,0,0,1,0,0
897,2.940,INT J GERIATR PSYCH,2,0,0,0,0,0,0,1,0,0,0,1
898,2.300,INT J HUM-COMPUT ST,2,0,0,0,1,0,0,0,1,0,0,0
899,1.423,INT J IMAG SYST TECH,2,0,0,0,0,0,0,0,0,0,1,1
900,5.159,INT J OBESITY,2,0,0,0,0,0,0,0,0,0,0,2
901,3.862,INT J PHARMACEUT,2,0,0,0,0,0,0,0,0,0,0,2
902,3.361,INT J THERM SCI,2,0,0,0,1,1,0,0,0,0,0,0
903, ,INTERSPEECH,2,0,0,0,1,1,0,0,0,0,0,0
904, ,INTRO INFORM RETRIEV,2,0,0,0,0,0,0,0,0,0,2,0
905,6.224,INVEST RADIOL,2,0,0,0,0,0,1,0,0,0,0,1
906,0.897,IRBM,2,0,0,0,1,0,0,0,0,0,1,0
907, ,ITIS DATABASE THERMA,2,0,0,2,0,0,0,0,0,0,0,0
908,3.786,J AFFECT DISORDERS,2,0,2,0,0,0,0,0,0,0,0,0
909,6.898,J AM ACAD DERMATOL,2,0,0,1,0,0,0,0,0,0,0,1
910,1.901,J APPL POLYM SCI,2,0,0,0,0,2,0,0,0,0,0,0
911,2.788,J ASSIST REPROD GEN,2,0,0,0,0,0,0,0,2,0,0,0
912, ,J AUTONOM NERV SYST,2,0,0,0,0,0,0,0,0,0,0,2
913,4.011,J BIOL CHEM,2,0,0,0,0,0,1,0,0,0,0,1
914, ,J BIOMED SCI ENG,2,0,0,0,0,2,0,0,0,0,0,0
915,3.249,J CANCER,2,0,1,0,1,0,0,0,0,0,0,0
916,3.942,J CARD FAIL,2,0,0,1,0,0,0,1,0,0,0,0
917,4.302,J CELL MOL MED,2,0,0,0,0,1,1,0,0,0,0,0
918,2.843,J CHEM PHYS,2,0,0,0,0,0,0,0,0,0,0,2
919,5.789,J CLIN ENDOCR METAB,2,0,0,0,1,0,0,0,1,0,0,0
920,2.968,J CLIN GASTROENTEROL,2,0,0,0,0,0,0,0,0,1,0,1
921, ,J CLIN MONITOR,2,0,0,0,0,0,0,0,0,0,0,2
922,3.134,J CLIN PSYCHOPHARM,2,0,0,0,0,0,0,0,0,0,1,1
923,5.091,J COLLOID INTERF SCI,2,0,0,0,0,0,0,0,0,0,0,2
924,1.292,J COMPUT ASSIST TOMO,2,0,0,0,0,0,0,0,0,0,0,2
925,2.872,J CRIT CARE,2,0,0,0,0,1,1,0,0,0,0,0
926, ,J DIABETES SCI TECH,2,0,0,0,0,0,0,0,2,0,0,0
927, ,J DISP TECHNOL,2,0,1,0,0,0,0,0,0,0,1,0
928,1.521,J DYN SYST-T ASME,2,0,0,0,0,0,0,0,0,0,0,2
929,2.732,J ENDOVASC THER,2,0,0,1,1,0,0,0,0,0,0,0
930,2.289,J EXP PSYCHOL HUMAN,2,0,0,0,0,0,0,0,0,0,0,2
931,3.483,J GASTROEN HEPATOL,2,0,0,0,0,0,0,0,0,1,0,1
932, ,J GERONTOL,2,0,0,0,0,0,0,0,0,0,0,2
933,1.407,J GLOBAL OPTIM,2,0,0,0,0,1,0,0,0,0,0,1
934,15.040,J HEPATOL,2,0,0,0,0,0,0,0,0,0,2,0
935,2.433,J HUM HYPERTENS,2,0,0,1,0,1,0,0,0,0,0,0
936,1.107,J INTELL INF SYST,2,0,0,0,0,0,0,0,0,0,0,2
937,3.652,J LIGHTWAVE TECHNOL,2,0,0,0,0,0,0,0,0,0,0,2
938, ,J MACH LEARN TECHNOL,2,0,0,0,0,0,0,2,0,0,0,0
939,1.927,J MATH IMAGING VIS,2,0,0,0,0,0,0,1,0,1,0,0
940, ,J MED IMAGING,2,0,1,0,1,0,0,0,0,0,0,0
941, ,J MED ROBOT RES,2,0,2,0,0,0,0,0,0,0,0,0
942, ,J MED SIGNALS SENS,2,0,0,0,1,1,0,0,0,0,0,0
943,1.701,J MICROBIOL METH,2,0,0,0,0,0,0,0,0,0,0,2
944, ,J NANOTECHNOL ENG ME,2,0,0,0,0,1,0,1,0,0,0,0
945,3.633,J NEUROL PHYS THER,2,0,0,0,0,0,0,0,0,1,0,1
946,7.439,J NUCL MED,2,0,0,0,0,0,0,0,0,0,0,2
947,0.637,J OPT SOC KOREA,2,0,0,0,0,1,1,0,0,0,0,0
948,4.859,J PAIN,2,0,0,0,0,0,1,1,0,0,0,0
949,3.172,J PARKINSON DIS,2,0,0,2,0,0,0,0,0,0,0,0
950, ,J PATHOL INFORM,2,0,1,0,1,0,0,0,0,0,0,0
951,2.128,J PEDIATR SURG,2,0,0,0,0,0,0,1,0,0,0,1
952,2.183,J PERINATOL,2,0,1,0,0,0,0,0,0,0,0,1
953, ,J PHYS C SER,2,0,0,1,0,0,0,0,1,0,0,0
954, ,J PHYS CHEM-US,2,0,0,0,0,0,0,0,0,0,0,2
955, ,J PHYS CONF SER,2,0,0,0,1,0,1,0,0,0,0,0
956, ,J PHYSIOL-PARIS,2,0,0,0,0,0,0,0,1,0,0,1
957,2.158,J PLAST RECONSTR AES,2,0,0,0,0,0,0,0,2,0,0,0
958,1.865,J RECONSTR MICROSURG,2,0,0,1,0,0,1,0,0,0,0,0
959,2.618,J SOUND VIB,2,0,0,0,0,0,0,0,0,0,0,2
960, ,J SPEECH HEAR RES,2,0,0,0,0,0,0,0,0,0,0,2
961,1.882,J SPINAL CORD MED,2,0,0,1,0,0,0,1,0,0,0,0
962,1.320,J STRAIN ANAL ENG,2,0,0,0,0,0,0,0,0,2,0,0
963, ,J THER ULTRASOUND,2,0,0,0,1,1,0,0,0,0,0,0
964,1.836,J VIS COMMUN IMAGE R,2,0,0,0,0,0,0,0,0,0,0,2
965,1.381,J X-RAY SCI TECHNOL,2,0,0,0,1,0,0,0,1,0,0,0
966, ,JACC CLIN ELECTROPHY,2,0,1,1,0,0,0,0,0,0,0,0
967,9.881,JACC-CARDIOVASC INTE,2,0,0,0,1,0,0,1,0,0,0,0
968,2.632,JALA-J LAB AUTOM,2,0,0,0,0,0,1,0,0,0,1,0
969, ,JPN J PHYSIOL,2,0,0,0,0,0,0,0,0,0,0,2
970,8.429,KIDNEY INT,2,0,0,0,0,0,0,0,0,0,0,2
971,4.396,KNOWL-BASED SYST,2,0,0,2,0,0,0,0,0,0,0,0
972,4.263,LAB INVEST,2,0,0,0,0,0,0,1,0,0,0,1
973, ,LEARN KERNELS,2,0,0,0,0,0,0,0,0,0,0,2
974,1.306,MACH VISION APPL,2,0,0,1,0,0,0,0,0,0,0,1
975,3.392,MACROMOL BIOSCI,2,0,1,0,0,0,0,0,0,0,0,1
976,1.231,MATH ANN,2,0,0,0,0,0,0,0,0,0,0,2
977, ,MATH COMPUT MODEL,2,0,0,0,0,0,1,1,0,0,0,0
978,1.628,MATH MED BIOL,2,0,0,1,0,0,0,0,0,0,0,1
979, ,MATRIX COMPUTATIONS,2,0,0,0,0,0,1,0,0,0,0,1
980, ,MCDONALDS BLOOD FLOW,2,0,0,0,0,0,0,0,0,0,0,2
981, ,MED IMAGE COMPUT C 1,2,0,0,0,0,0,1,0,1,0,0,0
982, ,MED IMAGE COMPUT COM,2,0,0,0,0,0,1,0,1,0,0,0
983, ,MED IMAGE COMPUTING,2,0,0,0,0,0,1,1,0,0,0,0
984, ,MED INSTRUM,2,0,0,0,0,0,0,0,1,1,0,0
985,1.588,METHOD CELL BIOL,2,0,0,0,0,0,0,0,0,0,0,2
986, ,MICRO MACH HUM SCI,2,0,0,0,0,0,0,0,0,0,0,2
987,2.222,MICROMACHINES-BASEL,2,0,1,0,1,0,0,0,0,0,0,0
988, ,MINIM INVAS NEUROSUR,2,0,0,0,0,0,0,0,0,0,0,2
989,5.430,MIS QUART,2,0,0,0,0,0,1,0,0,0,0,1
990, ,MOB P 12 ANN INT C,2,0,0,0,2,0,0,0,0,0,0,0
991,10.217,MOL BIOL EVOL,2,0,0,0,0,1,0,0,0,0,0,1
992,5.365,MOL CANCER THER,2,0,0,0,0,0,0,0,1,1,0,0
993,3.312,MOL CELL NEUROSCI,2,0,0,0,0,0,0,1,0,0,0,1
994,1.414,MOL IMAGING,2,0,0,0,0,0,0,0,1,0,0,1
995,3.340,MOL MED,2,0,0,0,1,0,1,0,0,0,0,0
996,12.080,NANO LETT,2,0,0,0,0,0,0,0,0,1,0,1
997,6.500,NANOMED-NANOTECHNOL,2,0,0,1,1,0,0,0,0,0,0,0
998,19.819,NAT REV NEUROL,2,0,0,0,1,0,0,0,1,0,0,0
999,4.994,NEOPLASIA,2,0,0,0,0,0,0,0,0,0,0,2
1000,4.602,NEPHROL DIAL TRANSPL,2,0,0,0,0,0,2,0,0,0,0,0
1001, ,NEURAL NETWORKS PATT,2,0,0,0,0,0,0,0,0,0,0,2
1002,9.384,NEURO-ONCOLOGY,2,0,0,0,0,0,0,0,2,0,0,0
1003,2.285,NEUROL SCI,2,0,0,0,1,0,0,0,0,0,0,1
1004,2.045,NEUROPHYSIOL CLIN,2,0,0,0,0,0,0,0,0,0,0,2
1005,2.277,NEUROSCI RES,2,0,0,1,0,0,1,0,0,0,0,0
1006,3.382,NEUROSCIENCE,2,0,0,0,0,0,0,1,0,0,0,1
1007,4.475,NEUROSURGERY,2,0,0,0,1,0,0,0,1,0,0,0
1008,3.579,NEW J PHYS,2,0,0,0,2,0,0,0,0,0,0,0
1009,7.433,NEW PHYTOL,2,0,0,0,0,0,0,0,0,0,0,2
1010,1.495,NUCL MED COMMUN,2,0,0,1,0,0,0,0,0,0,0,1
1011,1.281,NUMER LINEAR ALGEBR,2,0,0,0,0,0,1,0,0,0,0,1
1012,0.993,OPT ENG,2,0,0,0,0,0,0,0,0,0,0,2
1013,3.388,OPT LASER ENG,2,0,0,0,1,0,1,0,0,0,0,0
1014,7.536,OPTICA,2,0,0,1,1,0,0,0,0,0,0,0
1015,1.499,OPTOMETRY VISION SCI,2,0,0,0,1,0,0,0,0,1,0,0
1016,1.511,OSLI RETINA,2,0,0,0,0,0,2,0,0,0,0,0
1017,5.454,OSTEOARTHR CARTILAGE,2,0,0,0,0,0,0,0,0,1,1,0
1018, ,P 10 INT C UB COMP,2,0,0,0,0,0,0,0,0,0,2,0
1019, ,P 14 INT JOINT C ART,2,0,0,0,0,0,0,0,0,0,0,2
1020, ,P 19 ANN M ISMRM,2,0,0,0,0,0,0,2,0,0,0,0
1021, ,P 22 ANN M ISMRM MIL,2,0,0,0,2,0,0,0,0,0,0,0
1022, ,P 27 INT C MACH LEAR,2,0,0,0,0,0,0,0,2,0,0,0
1023, ,P 28 ANN INT C IEEE,2,0,0,0,0,0,0,0,0,0,0,2
1024, ,P 5 INT C MED IM COM,2,0,0,0,0,0,0,0,0,0,0,2
1025, ,P 6 INT C GRAPH IM P,2,0,0,1,1,0,0,0,0,0,0,0
1026, ,P AS PAC SIGN INF PR,2,0,0,0,0,1,1,0,0,0,0,0
1027, ,P ASME DYN SYST CONT,2,0,0,1,0,0,0,1,0,0,0,0
1028, ,P ASME INT MECH ENG,2,0,0,0,0,0,0,0,0,0,1,1
1029, ,P BILDV MED,2,0,0,0,0,1,0,0,1,0,0,0
1030, ,P EAI C WIR MOB COMM,2,0,0,2,0,0,0,0,0,0,0,0
1031, ,P IEEE 39 INT C AC S,2,0,0,0,2,0,0,0,0,0,0,0
1032, ,P IEEE BIOM CIRC SYS,2,0,0,2,0,0,0,0,0,0,0,0
1033, ,P IEEE EMBS INT C BI,2,0,0,0,0,0,2,0,0,0,0,0
1034, ,P IEEE INT C ENG MED,2,0,0,1,0,0,0,0,0,0,0,1
1035, ,P IEEE INT C ROB AUT,2,0,0,0,0,0,0,0,0,1,0,1
1036, ,P IEEE INT S CIRC SY,2,0,0,0,0,1,0,0,0,0,0,1
1037, ,P IEEE INT S MULT,2,0,0,0,0,0,0,1,1,0,0,0
1038, ,P IEEE INT ULTR S,2,0,0,2,0,0,0,0,0,0,0,0
1039, ,P INT C ADV NEUR INF,2,0,0,1,0,0,1,0,0,0,0,0
1040, ,P INT C MED IM COMP,2,0,0,0,1,1,0,0,0,0,0,0
1041, ,P INT JOINT C ART IN,2,0,0,0,0,0,0,0,0,0,0,2
1042, ,P MEAS BEH,2,0,0,0,2,0,0,0,0,0,0,0
1043, ,P MED IM AN CLIN GRA,2,0,0,0,0,0,0,0,2,0,0,0
1044, ,P SPIE MED IMAG,2,0,0,0,1,1,0,0,0,0,0,0
1045, ,P WORLD C MED PHYS B,2,0,0,1,0,0,0,0,0,1,0,0
1046,1.540,PEDIATR CARDIOL,2,0,0,0,0,0,0,0,0,0,0,2
1047, ,PERCEPT PSYCHOPHYS,2,0,0,0,0,0,0,0,0,0,0,2
1048,1.924,PERS UBIQUIT COMPUT,2,0,0,0,0,0,1,1,0,0,0,0
1049, ,PHOTOACOUSTICS,2,0,0,0,1,1,0,0,0,0,0,0
1050,1.902,PHYS SCRIPTA,2,0,0,0,0,0,0,0,0,0,0,2
1051, ,PHYSIOL REP,2,0,0,1,1,0,0,0,0,0,0,0
1052,1.324,PHYSIOL RES,2,0,0,0,0,0,0,0,0,1,0,1
1053, ,PR INST ELECTR ELECT,2,0,0,0,0,0,0,0,0,0,0,2
1054, ,PR S BIOMED ENG,2,0,0,0,0,2,0,0,0,0,0,0
1055, ,PRACT GUIDE SPLI,2,0,0,0,0,0,0,0,0,0,0,2
1056, ,PROBABILITY STAT,2,0,0,0,0,0,1,0,0,1,0,0
1057, ,PROC 10 EUR CONF,2,0,0,0,0,0,0,0,0,0,2,0
1058, ,PROC EUR CONF ANTENN,2,0,0,0,0,2,0,0,0,0,0,0
1059,6.754,PROG CARDIOVASC DIS,2,0,0,0,0,0,0,0,0,0,0,2
1060,2.874,PROG ELECTROMAGN RES,2,0,0,0,0,1,0,0,1,0,0,0
1061,23.750,PROG MATER SCI,2,0,0,0,1,0,0,1,0,0,0,0
1062,11.653,PROG RETIN EYE RES,2,0,0,0,1,0,0,0,0,0,1,0
1063,5.475,PSYCHOL MED,2,0,0,0,0,1,0,0,0,0,0,1
1064, ,PSYCHOL METHODS,2,0,0,0,0,0,0,0,0,0,0,2
1065, ,PSYCHOL SCI,2,0,0,0,0,0,0,0,0,0,0,2
1066, ,PSYCHON B REV,2,0,0,0,0,0,0,0,0,0,1,1
1067,2.862,RADIAT ONCOL,2,0,1,1,0,0,0,0,0,0,0,0
1068,2.530,RADIAT RES,2,0,0,0,0,0,0,0,0,0,0,2
1069, ,RANDOM DATA ANAL MEA,2,0,0,0,0,0,0,1,0,0,0,1
1070, ,RES REP UROL,2,0,0,0,0,2,0,0,0,0,0,0
1071,2.073,RESP CARE,2,0,0,0,0,0,0,0,1,0,0,1
1072,36.367,REV MOD PHYS,2,0,0,0,0,0,0,0,0,0,0,2
1073,1.428,REV SCI INSTRUM,2,0,1,0,0,0,0,0,0,0,0,1
1074, ,RF COILS FOR MRI,2,0,0,0,0,0,2,0,0,0,0,0
1075,1.177,ROBOTICA,2,0,0,0,0,0,0,0,0,0,0,2
1076,6.944,SCHIZOPHRENIA BULL,2,0,0,0,1,1,0,0,0,0,0,0
1077,10.198,SEMIN CANCER BIOL,2,0,0,2,0,0,0,0,0,0,0,0
1078,4.558,SEMIN NUCL MED,2,0,0,0,0,1,0,0,0,0,0,1
1079, ,SENS TRANSDUCERS,2,0,0,0,2,0,0,0,0,0,0,0
1080, ,SENSORS,2,0,0,1,0,1,0,0,0,0,0,0
1081,1.528,SIAM J MATH ANAL,2,0,0,0,0,0,0,0,1,0,0,1
1082,2.183,SIAM J OPTIMIZ,2,0,0,1,0,0,0,0,0,0,0,1
1083,1.567,SKELETAL RADIOL,2,0,1,0,0,0,0,0,0,0,0,1
1084,2.030,SLEEP BREATH,2,0,0,1,1,0,0,0,0,0,0,0
1085,3.709,SOFT MATTER,2,0,1,0,0,0,1,0,0,0,0,0
1086, ,SPECTRAL ANAL PHYS A,2,0,0,0,0,0,0,0,0,0,0,2
1087, ,SPEECH ANAL SYNTHESI,2,0,0,0,0,1,0,0,0,0,0,1
1088,2.792,SPINE,2,0,0,0,0,0,0,0,0,0,0,2
1089, ,SPRINGER SER OPER RE,2,0,0,0,0,0,0,0,0,0,0,2
1090, ,SPRINGER SERIES STAT,2,0,0,0,0,0,0,0,0,1,0,1
1091, ,SPRINGER TRAC ADV RO,2,0,1,0,0,0,0,0,0,1,0,0
1092,3.989,STEM CELLS INT,2,0,1,0,1,0,0,0,0,0,0,0
1093,1.648,STEREOT FUNCT NEUROS,2,0,0,1,0,0,0,0,0,0,0,1
1094,2.459,STRAHLENTHER ONKOL,2,0,0,0,0,1,0,0,0,0,0,1
1095, ,STUD COMPUT INTELL,2,0,0,0,0,0,0,0,0,2,0,0
1096,1.549,SURG INNOV,2,0,1,0,0,0,0,0,0,0,0,1
1097,1.003,SURG RADIOL ANAT,2,0,0,0,0,0,1,0,0,0,0,1
1098,3.574,SURGERY,2,0,0,0,0,0,0,0,0,0,0,2
1099,2.656,SYST CONTROL LETT,2,0,0,0,0,0,0,1,0,0,0,1
1100,0.719,TECHNOL HEALTH CARE,2,0,0,0,0,0,0,0,0,1,0,1
1101, ,THEOR INFORM CODING,2,0,0,0,0,0,0,0,0,0,0,2
1102,2.038,THER HYPOTHERMIA TEM,2,0,2,0,0,0,0,0,0,0,0,0
1103,1.939,THIN SOLID FILMS,2,0,0,0,0,0,0,0,0,0,0,2
1104,9.655,THORAX,2,2,0,0,0,0,0,0,0,0,0,0
1105,0.806,TRANSPL P,2,0,0,0,0,0,1,0,0,0,0,1
1106, ,VISUALIZATION TOOLKI,2,0,0,0,0,0,0,0,0,0,0,2
1107, ,WAVES CALLED SOLITON,2,0,0,0,0,0,0,0,0,0,0,2
1108, ,WILEY ENCY CLIN TRIA,2,0,0,0,0,0,0,0,0,0,1,1
1109,4.376,WORLD J STEM CELLS,2,0,0,1,1,0,0,0,0,0,0,0
1110,1.160,Z GERONTOL GERIATR,2,0,0,0,0,1,1,0,0,0,0,0
1111,1.891,Z MED PHYS,2,0,1,0,0,0,0,0,1,0,0,0
Copyright  2018 Clarivate Analytics,,,,,,,,,,,,,,
"By exporting the selected data, you agree to the data usage policy set forth in the Terms of Use",,,,,,,,,,,,,,
