Cited Journal Data: J NEUROPHYSIOL,,,,,,,,,,,,,,
,Impact Factor,Citing Journal,All Yrs,2017,2016,2015,2014,2013,2012,2011,2010,2009,2008,Rest
1,,ALL Journals,43471,270,1175,1715,1338,1503,1905,1950,2096,1866,1619,28034
2,,ALL OTHERS (933),933,6,27,40,30,25,40,35,41,41,28,620
3,2.502,J NEUROPHYSIOL,3267,46,122,167,102,126,150,117,124,148,113,2052
4,5.971,J NEUROSCI,1858,13,60,84,40,75,85,73,90,89,69,1180
5,4.122,SCI REP-UK,1668,8,45,71,49,63,81,79,76,73,62,1061
6,2.766,PLOS ONE,1147,5,23,53,38,43,54,62,79,38,41,711
7,7.616,ELIFE,850,12,24,34,22,33,43,38,39,46,28,531
8,3.382,NEUROSCIENCE,832,4,26,46,24,21,39,30,36,35,31,540
9,5.426,NEUROIMAGE,748,0,14,29,25,37,32,84,79,51,45,352
10,6.308,CEREB CORTEX,744,0,2,26,17,24,39,54,45,38,34,465
11,4.540,J PHYSIOL-LONDON,721,8,21,35,30,30,40,30,27,23,23,454
12,1.806,EXP BRAIN RES,696,2,21,21,33,25,34,28,31,35,20,446
13,14.319,NEURON,666,4,20,22,26,22,29,26,24,30,37,426
14,2.871,FRONT HUM NEUROSCI,658,5,23,31,26,27,30,32,47,31,26,380
15,,ENEURO,643,6,22,29,9,23,27,24,32,28,26,417
16,2.832,EUR J NEUROSCI,506,5,15,14,12,17,22,17,19,20,8,357
17,3.877,FRONT NEUROSCI-SWITZ,472,9,12,20,23,12,18,25,27,17,26,283
18,3.955,PLOS COMPUT BIOL,469,6,20,22,8,25,27,23,20,21,19,278
19,4.300,FRONT CELL NEUROSCI,454,3,7,12,7,22,13,20,14,16,18,322
20,3.508,FRONT NEUROL,448,7,16,11,11,13,17,18,29,16,15,295
21,3.131,FRONT NEURAL CIRCUIT,434,4,9,14,6,4,16,16,16,13,22,314
22,9.504,P NATL ACAD SCI USA,416,4,14,12,18,15,9,23,23,20,22,256
23,2.266,J VISION,403,1,17,13,8,12,10,10,13,17,12,290
24,12.353,NAT COMMUN,393,2,17,28,10,19,14,23,18,25,16,221
25,2.824,HEARING RES,375,1,5,10,27,24,16,10,12,8,11,251
26,3.400,J COMP NEUROL,310,0,7,13,10,12,12,11,9,7,8,221
27,4.231,BRAIN STRUCT FUNCT,290,0,6,5,8,9,17,15,15,10,8,197
28,4.927,HUM BRAIN MAPP,285,0,5,9,5,7,11,33,23,19,15,158
29,2.073,FRONT COMPUT NEUROSC,278,0,9,6,7,10,13,9,15,8,13,188
30,4.249,NEUROPHARMACOLOGY,253,0,6,9,9,11,12,8,6,6,12,174
31,5.666,PHILOS T R SOC B,248,1,6,7,5,4,13,8,9,7,7,181
32,9.251,CURR BIOL,246,2,10,14,15,3,12,10,8,11,14,147
33,3.614,CLIN NEUROPHYSIOL,238,1,4,9,9,16,15,12,20,15,10,127
34,2.889,NEUROPSYCHOLOGIA,233,1,8,9,8,13,10,19,9,10,15,131
35,8.037,NEUROSCI BIOBEHAV R,216,0,3,5,8,4,6,13,9,4,7,157
36,3.920,J NEURAL ENG,213,1,5,13,13,13,20,6,9,9,4,120
37,3.972,IEEE T NEUR SYS REH,211,0,2,3,9,9,17,15,12,14,9,121
38,3.394,FRONT PHYSIOL,206,2,8,14,12,7,6,9,9,11,7,121
39,19.912,NAT NEUROSCI,205,1,11,6,5,8,8,8,9,12,8,129
40,2.159,NEUROSCI LETT,203,0,9,14,3,13,14,9,12,7,3,119
41,3.173,BEHAV BRAIN RES,196,1,2,4,4,3,8,9,8,6,11,140
42,,FRONT SYST NEUROSCI,196,4,2,2,4,3,4,7,7,8,6,149
43,8.032,CELL REP,194,3,6,5,2,8,6,9,5,5,8,137
44,,FRONT PSYCHOL,194,1,8,2,3,6,7,4,19,14,7,123
45,3.468,J COGNITIVE NEUROSCI,182,0,11,11,7,4,11,11,18,8,12,89
46,1.606,J COMPUT NEUROSCI,176,0,6,3,0,4,1,7,10,2,11,132
47,,PHYSIOL REP,176,0,7,6,10,9,12,3,6,9,5,109
48,4.483,EXP NEUROL,173,1,2,11,8,8,8,8,11,5,4,107
49,3.152,FRONT NEUROANAT,172,1,5,8,5,2,3,6,2,7,8,125
50,3.199,CEREBELLUM,162,0,1,1,6,2,9,15,5,4,5,114
51,3.125,BRAIN RES,160,0,8,5,5,7,9,4,3,4,7,108
52,6.541,CURR OPIN NEUROBIOL,159,2,8,7,9,6,7,3,5,5,8,99
53,5.002,J NEUROTRAUM,156,0,2,9,9,5,3,5,9,8,4,102
54,2.757,CURR PHARM DESIGN,152,0,1,14,6,3,8,11,13,6,7,83
55,3.865,J NEUROENG REHABIL,151,2,5,4,7,2,4,11,7,4,5,100
56,4.129,NEUROPHOTONICS,149,0,10,6,2,10,10,2,3,7,7,92
57,5.559,PAIN,148,1,2,6,4,4,9,1,8,11,5,97
58,14.163,PROG NEUROBIOL,144,0,1,9,3,3,2,4,1,6,1,114
59,2.716,JARO-J ASSOC RES OTO,141,2,4,1,5,4,10,3,7,3,5,97
60,6.120,BRAIN STIMUL,135,1,1,6,7,10,15,11,13,7,7,57
61,,SPRINGER HANDB AUDIT,134,0,3,0,6,6,9,4,9,5,6,86
62,,NETW FUNCT PLASTXB,131,0,0,3,4,3,2,4,2,6,2,105
63,3.582,FRONT AGING NEUROSCI,129,1,4,4,6,3,9,17,8,11,9,57
64,11.439,TRENDS NEUROSCI,129,0,7,8,6,5,7,4,3,3,6,80
65,24.014,PHYSIOL REV,128,0,3,3,1,2,5,3,6,5,7,93
66,3.179,J EXP BIOL,127,0,6,3,6,2,3,7,7,6,5,82
67,5.797,COMPR PHYSIOL,124,1,0,1,2,6,0,4,1,1,3,105
68,4.907,CORTEX,117,0,2,5,1,2,10,12,5,5,4,71
69,2.668,J NEUROSCI METH,117,1,4,9,3,3,7,14,7,3,3,63
70,2.273,GAIT POSTURE,115,0,6,5,8,4,8,4,3,5,4,68
71,6.045,J CEREBR BLOOD F MET,113,0,1,0,5,5,3,1,2,2,2,92
72,2.069,VISION RES,113,2,0,4,1,6,2,6,3,3,1,85
73,3.869,NEUROIMAGE-CLIN,112,1,3,3,6,5,6,12,10,6,9,51
74,14.675,ANNU REV NEUROSCI,109,1,3,3,6,3,3,3,2,6,2,77
75,5.140,ANNU REV VIS SCI,109,1,4,4,1,3,2,1,9,3,2,79
76,2.598,DEV NEUROBIOL,105,0,7,8,6,5,2,5,4,7,4,57
77,3.138,FRONT BEHAV NEUROSCI,105,1,1,5,4,2,10,2,4,4,5,67
78,3.244,NEUROBIOL LEARN MEM,104,0,3,3,3,6,8,3,6,8,1,63
79,2.277,NEUROSCI RES,104,0,2,2,3,2,6,1,3,3,3,79
80,3.256,J APPL PHYSIOL,102,0,0,5,2,3,5,3,3,3,4,74
81,3.388,INVEST OPHTH VIS SCI,100,0,2,3,1,6,8,3,4,2,1,70
82,1.184,JOVE-J VIS EXP,100,1,5,12,6,8,9,1,5,3,1,49
83,1.513,J MOTOR BEHAV,99,0,0,1,4,1,5,3,4,6,5,70
84,2.772,NEUROCHEM RES,98,0,2,3,0,2,0,2,2,6,2,79
85,3.161,NEURAL PLAST,97,3,4,4,4,1,5,4,7,7,4,54
86,1.568,J ELECTROMYOGR KINES,93,0,0,5,3,6,5,2,7,2,4,59
87,1.651,NEURAL COMPUT,93,0,0,1,2,2,5,2,1,5,6,69
88,5.227,NEUROBIOL DIS,92,0,3,3,3,6,5,0,4,4,4,60
89,1.970,J COMP PHYSIOL A,91,0,3,1,1,2,1,3,5,8,5,62
90,2.401,EUR J APPL PHYSIOL,90,0,1,4,5,3,5,3,3,3,1,62
91,1.840,HUM MOVEMENT SCI,89,0,2,1,3,7,3,3,2,4,0,64
92,32.635,NAT REV NEUROSCI,88,1,4,2,3,2,6,3,6,4,4,53
93,4.609,J NEUROCHEM,85,0,2,1,5,2,3,7,7,3,0,55
94,3.902,FRONT MOL NEUROSCI,84,2,1,5,0,3,1,0,2,6,3,61
95,4.454,NEUROBIOL AGING,84,2,2,5,2,4,3,1,3,1,5,56
96,,P ANN INT IEEE EMBS,84,0,4,3,3,6,5,3,7,4,3,46
97,3.205,MOL PAIN,82,0,3,2,0,1,2,0,3,2,1,68
98,9.163,PLOS BIOL,82,0,1,4,6,2,7,7,10,2,4,39
99,15.557,TRENDS COGN SCI,80,1,6,4,1,1,1,13,3,4,0,46
100,1.605,J ACOUST SOC AM,79,0,4,2,6,4,2,1,3,2,1,54
101,7.197,NEURAL NETWORKS,79,0,3,2,1,1,0,3,2,1,3,63
102,4.711,NEUROREHAB NEURAL RE,79,2,1,8,3,4,5,5,6,5,4,36
103,1.927,VISUAL NEUROSCI,79,0,3,4,4,4,0,0,2,5,4,53
104,2.431,J BIOMECH,78,0,1,4,6,4,5,5,7,2,3,41
105,1.678,ATTEN PERCEPT PSYCHO,77,1,3,6,3,3,2,4,3,4,0,48
106,1.440,BIOL CYBERN,76,0,0,5,3,0,4,1,0,3,3,57
107,2.284,PHYS REV E,73,1,1,2,0,3,3,2,3,4,2,52
108,3.966,HIPPOCAMPUS,72,0,1,2,2,1,2,5,4,3,1,51
109,10.848,BRAIN,71,0,1,2,1,2,6,8,8,4,2,37
110,3.440,BRAIN RES BULL,68,0,0,4,3,2,2,1,4,2,2,48
111,2.606,FRONT NEUROROBOTICS,68,0,1,0,1,3,8,1,3,3,1,47
112,7.461,NEUROSCIENTIST,66,0,0,8,3,2,2,3,3,4,5,36
113,,BRAIN SCI,65,0,1,3,2,1,1,1,0,2,2,52
114,2.662,J NEUROSCI RES,65,0,5,6,2,0,1,2,3,2,2,42
115,5.076,MOL NEUROBIOL,65,0,1,1,1,1,4,5,3,3,3,43
116,2.475,SENSORS-BASEL,63,1,4,3,2,0,2,0,2,4,2,43
117,3.719,BRAIN IMAGING BEHAV,62,0,0,0,0,1,4,8,7,14,8,20
118,,FRONT INTEGR NEUROSC,62,3,2,5,5,3,1,2,1,4,2,34
119,1.151,J INDIAN I SCI,62,1,1,2,2,2,2,3,3,5,2,39
120,4.288,IEEE T BIO-MED ENG,59,1,2,0,0,1,2,3,2,4,3,41
121,2.086,LANG COGN NEUROSCI,59,0,3,1,2,3,2,4,3,3,1,37
122,2.590,REV NEUROSCIENCE,59,0,0,0,0,1,2,2,2,2,2,48
123,2.703,BRAIN TOPOGR,58,0,0,3,1,4,2,1,8,3,2,34
124,3.687,INT J MOL SCI,58,1,6,1,3,1,3,3,1,3,2,34
125,4.580,INT J NEURAL SYST,58,0,0,0,3,3,0,5,7,4,0,36
126,2.339,MULTISENS RES,58,0,3,1,2,1,1,3,2,2,4,39
127,2.118,PEERJ,58,1,0,1,0,1,2,2,2,2,3,44
128,10.250,ANN NEUROL,55,1,2,0,3,4,0,6,5,0,2,32
129,2.289,J EXP PSYCHOL HUMAN,55,0,0,1,0,3,2,2,4,4,1,38
130,6.544,NEUROPSYCHOPHARMACOL,55,0,2,0,1,2,4,3,3,1,2,37
131,2.360,SYNAPSE,55,0,0,0,3,3,1,3,3,6,4,32
132,3.495,BIOPHYS J,54,0,1,1,1,1,5,1,3,3,3,35
133,2.891,BIOL PSYCHOL,53,1,0,1,0,5,1,1,3,4,1,36
134,2.517,PHYSIOL BEHAV,53,0,4,4,1,2,1,4,0,1,0,36
135,5.067,EPILEPSIA,52,0,1,3,0,2,0,4,4,1,3,34
136,3.831,FRONT PHARMACOL,52,1,1,2,0,3,0,3,1,3,0,38
137,2.496,MUSCLE NERVE,52,0,0,1,2,2,3,0,3,4,1,36
138,11.984,BIOL PSYCHIAT,51,0,1,2,1,1,3,4,1,3,5,30
139,3.235,CHEM SENSES,51,1,0,2,0,3,7,1,3,1,2,31
140,2.991,EUR J PAIN,51,0,1,2,3,1,2,0,2,2,3,35
141,8.324,MOVEMENT DISORD,51,0,1,2,1,0,4,2,2,3,2,34
142,0.961,ADV ROBOTICS,50,0,1,0,0,2,0,1,2,2,2,40
143,3.082,AM J PHYSIOL-REG I,50,1,2,4,1,1,3,2,1,2,1,32
144,0.662,J INTEGR NEUROSCI,50,0,0,2,1,0,2,2,1,3,1,38
145,2.671,LEARN MEMORY,50,0,0,2,0,3,1,1,1,2,3,37
146,2.732,EXP PHYSIOL,49,2,2,3,2,1,2,1,4,1,2,29
147,1.266,NEUROREPORT,49,0,2,1,2,0,3,4,1,0,0,36
148,,BIOSYST BIOROBOT,48,0,3,9,3,4,1,7,1,2,3,15
149,2.574,BRAIN COGNITION,48,0,0,1,2,4,1,5,2,2,4,27
150,2.538,CHANNELS,48,1,4,0,2,2,0,4,2,1,2,30
151,2.152,J NEURO-OPHTHALMOL,48,0,0,0,1,0,0,1,0,2,1,43
152,4.847,P ROY SOC B-BIOL SCI,47,1,0,2,2,0,2,2,3,4,2,29
153,2.173,BMC NEUROSCI,46,0,4,1,0,1,1,2,3,2,0,32
154,,CONSCIOUS COGN,46,0,2,5,2,3,2,2,3,1,3,23
155,4.291,MED SCI SPORT EXER,46,1,1,1,1,3,4,0,2,3,2,28
156,41.577,NATURE,46,0,0,2,2,0,0,1,5,1,3,32
157,5.846,GLIA,45,0,1,0,0,0,0,0,0,2,1,41
158,,INN NEURXB,45,0,0,1,0,1,3,0,1,0,1,38
159,,COMPUT NEUROSCI-MIT,44,0,0,0,0,0,0,0,0,0,0,44
160,0.311,ZH VYSSH NERV DEYAT+,44,0,2,2,2,2,1,0,2,1,0,32
161,1.792,RESP PHYSIOL NEUROBI,43,4,1,3,0,1,2,2,1,1,4,24
162,41.058,SCIENCE,43,0,2,2,1,0,1,0,1,4,3,29
163,2.219,BRAIN BEHAV,42,0,0,1,2,1,1,8,7,1,1,20
164,4.859,J PAIN,42,0,0,0,3,4,0,0,2,2,1,30
165,4.277,ANN NY ACAD SCI,41,0,1,2,0,1,3,6,3,3,1,21
166,3.500,SOC COGN AFFECT NEUR,41,0,2,0,1,1,3,5,8,2,1,18
167,1.185,SOMATOSENS MOT RES,41,0,1,0,0,1,0,0,0,0,1,38
168,0.957,MOTOR CONTROL,40,0,0,0,1,1,2,4,6,1,2,23
169,,VIS COGN,40,0,0,1,3,0,2,1,2,0,0,31
170,2.234,NEURAL REGEN RES,39,2,2,2,1,0,3,2,1,0,0,26
171,7.074,SPORTS MED,39,0,1,1,1,2,1,0,0,3,3,27
172,2.727,BIOINSPIR BIOMIM,37,0,0,1,0,0,2,0,0,0,1,33
173,,I-PERCEPTION,37,0,0,1,2,1,0,0,0,1,1,31
174,11.640,MOL PSYCHIATR,37,0,0,1,1,5,1,5,1,2,2,19
175,1.869,IEEE T HAPTICS,36,0,0,1,1,0,0,0,1,0,0,33
176,3.222,PSYCHOPHARMACOLOGY,36,0,3,2,0,0,1,1,1,0,0,28
177,3.118,PSYCHOPHYSIOLOGY,36,0,0,2,1,2,4,3,2,2,2,18
178,4.211,ACS CHEM NEUROSCI,35,0,2,0,1,0,5,0,1,1,2,23
179,4.011,J BIOL CHEM,35,0,1,1,2,0,0,0,0,0,2,29
180,2.176,J MATH PSYCHOL,35,0,0,2,1,4,1,2,1,3,0,21
181,,NEUROMETHODS,35,0,0,0,2,0,2,1,1,1,2,26
182,,ONCOTARGET,35,1,1,2,1,0,2,2,0,3,1,22
183,,PROC SPIE,35,0,0,0,1,1,7,1,3,1,0,21
184,,COGNITION,34,0,2,1,1,1,3,0,1,1,0,24
185,1.971,MED BIOL ENG COMPUT,34,0,0,0,0,1,2,3,1,3,0,24
186,1.371,PERCEPTION,34,0,0,0,2,0,2,1,2,0,0,27
187,,PSYCHON B REV,34,0,0,2,1,2,2,1,2,3,3,18
188,5.578,ADDICT BIOL,33,0,0,2,1,0,1,1,1,1,2,24
189,3.476,J ALZHEIMERS DIS,33,0,1,1,3,0,2,2,2,0,4,18
190,2.757,J PHYSIOL SCI,33,0,1,0,0,1,0,1,1,1,0,28
191,3.405,ANN BIOMED ENG,32,0,0,3,0,1,1,4,5,4,2,12
192,2.583,BIOMED RES INT,32,1,0,4,0,1,2,0,2,1,0,21
193,3.886,CEPHALALGIA,32,0,0,1,0,0,0,4,0,2,1,24
194,2.851,BRAIN LANG,31,0,1,3,1,2,1,2,5,3,2,11
195,3.120,EAR HEARING,31,0,0,0,5,3,0,0,2,0,2,19
196,2.865,J VESTIBUL RES-EQUIL,31,0,1,4,1,1,1,2,2,1,1,17
197,3.241,NEUROCOMPUTING,31,0,0,0,0,1,0,1,0,0,1,28
198,2.448,J NEUROL SCI,30,0,0,1,0,0,0,1,1,2,3,22
199,0.368,NEUROPHYSIOLOGY+,30,0,1,1,1,0,3,2,2,0,1,19
200,3.958,SCHIZOPHR RES,30,0,0,1,0,0,3,1,1,1,2,21
201,,SPRINGER HBK,30,0,0,0,2,1,0,1,0,1,4,21
202,,2017 IEEE WORLDXB,29,0,0,4,3,2,1,0,0,0,2,17
203,1.696,ARTHROPOD STRUCT DEV,29,0,0,1,1,2,4,0,1,3,1,16
204,2.605,AUTON NEUROSCI-BASIC,29,0,2,0,0,2,4,1,1,0,0,19
205,4.738,J PSYCHOPHARMACOL,29,0,0,2,3,1,1,3,1,1,0,17
206,4.691,TRANSL PSYCHIAT,29,0,0,2,1,3,1,2,2,3,0,15
207,3.768,AUTISM RES,28,0,0,1,3,0,0,2,0,1,0,21
208,2.559,BIOCHEM BIOPH RES CO,27,0,2,1,1,0,1,1,1,3,1,16
209,1.650,BRAIN BEHAV EVOLUT,27,0,0,2,1,0,2,1,0,0,0,21
210,2.305,ENTROPY-SWITZ,27,0,0,3,1,0,2,3,4,1,0,13
211,2.491,EPILEPSY RES,27,0,0,1,1,1,0,1,0,0,0,23
212,,FRONT ROBOT AI,27,1,0,3,3,0,1,2,2,0,1,14
213,18.964,PHARMACOL REV,27,1,0,1,0,1,2,3,3,2,0,14
214,2.132,PHYSICA A,27,0,1,0,0,1,1,0,0,0,2,22
215,2.006,PHYSIOL MEAS,27,0,1,3,2,0,0,1,0,3,2,15
216,2.101,RESTOR NEUROL NEUROS,27,1,3,0,1,4,1,0,2,3,2,10
217,,SPR SER BIONUERO,27,0,0,0,1,0,0,0,3,1,0,22
218,6.523,ANESTHESIOLOGY,26,0,1,0,1,0,1,2,1,0,5,15
219,2.565,COGN AFFECT BEHAV NE,26,0,0,1,0,0,3,4,2,2,1,13
220,2.504,ROY SOC OPEN SCI,26,0,1,1,0,0,1,1,0,2,1,19
221,3.077,ARCH PHYS MED REHAB,25,0,0,0,0,1,1,4,1,1,0,17
222,15.071,BEHAV BRAIN SCI,25,0,1,3,0,2,2,0,1,3,1,12
223,1.863,CLIN BIOMECH,25,1,0,1,3,1,1,1,0,1,1,15
224,3.040,EUR J PHARMACOL,25,0,0,1,0,0,2,1,1,1,2,17
225,,EXPERT REV OPHTHALMO,25,0,0,0,0,0,0,0,0,0,0,25
226,3.783,J NEUROL,25,0,3,1,0,2,0,1,1,0,1,16
227,2.645,J PAIN RES,25,0,0,0,2,3,3,1,0,1,2,13
228,2.774,NEUROMODULATION,25,2,2,2,0,0,1,1,0,2,0,15
229,5.530,OCUL SURF,25,0,0,1,0,3,4,0,0,0,0,17
230,1.771,P JPN ACAD B-PHYS,25,0,0,0,0,0,0,1,0,0,0,24
231,2.190,Q J EXP PSYCHOL,25,0,0,2,1,0,1,0,3,1,4,13
232,2.088,BEHAV NEUROL,24,0,0,0,0,3,0,2,2,1,1,15
233,2.170,BMC NEUROL,24,0,0,0,0,1,1,0,1,1,1,19
234,31.398,CELL,24,0,1,0,1,1,0,2,2,0,3,14
235,2.531,DYSPHAGIA,24,0,0,0,0,2,1,0,0,0,0,21
236,3.091,HEADACHE,24,0,2,0,2,0,0,0,0,0,0,20
237,3.500,IEEE T BIOMED CIRC S,24,0,0,0,2,1,2,0,1,1,1,16
238,1.923,MED ENG PHYS,24,0,1,0,0,1,3,0,1,1,1,16
239,1.120,MED HYPOTHESES,24,0,0,0,0,0,1,1,1,2,3,16
240,1.499,OPTOMETRY VISION SCI,24,0,0,0,0,1,0,2,0,0,0,21
241,2.455,PSYCHIAT RES-NEUROIM,24,0,1,0,0,1,1,6,1,3,2,9
242,6.138,SEMIN CELL DEV BIOL,24,0,0,0,0,0,0,0,0,1,1,22
243,2.857,FRONT PSYCHIATRY,23,0,0,0,0,0,0,2,0,4,0,17
244,7.982,IEEE T NEUR NET LEAR,23,0,0,1,0,0,0,0,1,0,1,20
245,3.680,J GEN PHYSIOL,23,0,3,0,1,1,2,0,0,0,2,14
246,1.779,NEUROREHABILITATION,23,0,0,0,1,1,0,2,3,1,0,15
247,,NEUROSCIENCEXB,23,0,0,0,0,1,2,1,1,1,2,15
248,7.230,PSYCHOL REV,23,0,1,0,0,0,1,0,1,1,0,19
249,4.068,CURR NEUROPHARMACOL,22,0,0,1,0,1,1,0,0,1,0,18
250,2.733,J INSECT PHYSIOL,22,0,1,0,5,1,0,0,1,0,1,13
251,1.583,J INTELL ROBOT SYST,22,0,0,0,0,0,0,0,0,0,0,22
252,5.719,NEUROTHERAPEUTICS,22,0,0,0,1,3,0,1,0,1,2,14
253,5.135,SLEEP,22,0,0,1,1,0,0,0,2,0,2,16
254,2.507,BEHAV NEUROSCI,21,0,0,1,0,1,1,1,2,1,0,14
255,1.555,BEHAV PROCESS,21,0,1,1,0,0,0,1,0,2,1,15
256,3.500,J NEURODEV DISORD,21,0,1,0,0,0,0,1,2,1,4,12
257,1.833,J THEOR BIOL,21,0,1,0,1,0,0,0,1,0,1,17
258,8.055,NEUROLOGY,21,2,0,0,0,0,2,2,0,1,0,14
259,2.182,OTOL NEUROTOL,21,0,0,2,3,1,0,2,0,2,0,11
260,2.538,PHARMACOL BIOCHEM BE,21,0,3,0,1,0,1,0,1,0,0,15
261,3.569,AM J PHYSIOL-HEART C,20,0,0,1,0,1,0,1,0,1,1,15
262,2.217,BIOL OPEN,20,0,0,2,1,1,3,0,0,1,0,12
263,2.000,COGN NEURODYNAMICS,20,0,0,0,1,0,1,1,0,3,0,14
264,2.494,DEV PSYCHOBIOL,20,0,0,0,2,0,2,0,0,0,2,14
265,6.875,FRONT NEUROENDOCRIN,20,0,0,0,0,1,0,1,0,1,1,16
266,,IEEE SYS MAN CYBERN,20,0,0,2,0,1,1,3,2,1,1,9
267,3.355,J R SOC INTERFACE,20,0,0,1,2,0,0,0,4,1,1,11
268,1.906,J SPEECH LANG HEAR R,20,0,0,0,3,2,2,0,1,1,0,11
269,,NAT HUM BEHAV,20,0,0,0,0,1,3,3,4,1,1,7
270,2.699,NEUROPSYCHOLOGY,20,0,0,1,0,0,0,3,2,0,2,12
271,9.107,P IEEE,20,0,1,0,2,1,1,3,2,2,1,7
272,4.185,PROG NEURO-PSYCHOPH,20,0,0,0,2,1,2,2,1,0,1,11
273,8.973,AGEING RES REV,19,0,1,0,0,0,0,0,1,0,0,17
274,22.774,ANNU REV PSYCHOL,19,0,0,0,0,1,1,0,0,0,0,17
275,13.251,J CLIN INVEST,19,0,0,1,2,2,0,2,2,0,0,10
276,2.733,J SPORT SCI,19,0,0,0,1,0,0,1,0,0,0,17
277,1.469,KOREAN J PHYSIOL PHA,19,0,0,1,0,2,0,0,1,0,0,15
278,3.312,MOL CELL NEUROSCI,19,0,0,2,0,1,1,2,0,0,3,10
279,4.897,PHARMACOL RES,19,0,0,0,0,0,1,1,0,0,0,17
280,5.930,ACTA PHYSIOL,18,0,0,1,0,0,0,2,0,1,1,13
281,2.435,APPL ERGON,18,0,0,0,1,1,0,2,1,0,0,13
282,2.415,CHAOS,18,0,0,0,0,3,1,0,1,2,0,11
283,3.979,CSH PERSPECT MED,18,0,2,1,0,0,3,0,1,0,1,10
284,3.074,FRONT NEUROINFORM,18,0,0,1,0,1,0,2,2,1,1,10
285,2.162,J CHEM NEUROANAT,18,0,0,1,0,1,0,0,0,0,2,14
286,2.765,PFLUG ARCH EUR J PHY,18,0,0,0,1,0,0,0,2,2,0,13
287,,ADV INTELL SYST,17,0,0,1,0,1,0,1,3,1,0,10
288,3.482,BIOMED OPT EXPRESS,17,0,3,0,2,1,1,1,0,0,0,9
289,5.413,DEVELOPMENT,17,0,0,2,0,0,0,0,1,1,0,13
290,5.065,EXERC SPORT SCI REV,17,0,2,6,2,0,2,1,0,0,0,4
291,3.810,EXP NEUROBIOL,17,0,0,0,0,0,0,0,1,1,0,15
292,3.496,GENES BRAIN BEHAV,17,0,2,0,3,0,1,0,0,0,1,10
293,,J BODYW MOV THER,17,0,0,0,0,0,0,1,0,0,0,16
294,2.325,J STRENGTH COND RES,17,1,0,0,0,2,0,1,1,0,1,11
295,1.922,MOL MED REP,17,0,0,2,1,1,1,0,0,0,0,12
296,3.076,NEUROTOXICOLOGY,17,0,0,1,1,0,0,1,1,2,0,11
297,6.810,BRIT J PHARMACOL,16,0,0,0,0,1,0,0,0,1,1,13
298,3.104,COGNITIVE PSYCHOL,16,0,0,0,0,0,1,0,2,1,1,11
299,4.902,HUM MOL GENET,16,0,0,0,2,1,1,0,2,0,2,8
300,3.923,J CELL PHYSIOL,16,0,0,0,0,1,0,2,2,1,0,10
301,0.875,J MECH MED BIOL,16,0,0,0,1,0,0,0,0,0,1,14
302,0.980,KYBERNETES,16,0,0,0,0,0,0,0,0,0,0,16
303,3.449,MOL BRAIN,16,0,0,1,2,0,2,0,0,1,0,10
304,3.155,NEUROSCI BULL,16,0,0,0,0,0,0,0,2,0,2,12
305,1.270,PAIN RES MANAG,16,0,0,0,0,1,0,3,0,1,1,10
306,3.174,PROG BRAIN RES,16,0,2,1,0,0,0,0,0,1,0,12
307,13.250,PSYCHOL BULL,16,0,0,2,3,1,0,1,2,0,1,6
308,1.936,SPINAL CORD,16,0,0,0,1,1,1,1,1,1,0,10
309,0.719,TECHNOL HEALTH CARE,16,0,0,0,3,0,0,0,3,1,1,8
310,3.127,ACTA DERM-VENEREOL,15,0,0,0,0,0,1,0,0,3,2,9
311,4.815,DEV COGN NEUROS-NETH,15,0,0,0,0,0,1,1,2,0,0,11
312,2.600,EPILEPSY BEHAV,15,0,0,2,0,0,0,1,0,2,0,10
313,3.519,FRONT ENDOCRINOL,15,0,1,1,0,0,0,0,1,1,0,11
314,1.501,INT J BIFURCAT CHAOS,15,0,0,0,0,0,1,0,0,1,1,12
315,4.319,J NEUROSURG,15,0,0,1,0,0,0,1,1,2,0,10
316,1.538,J ORAL FACIAL PAIN H,15,0,0,1,0,0,0,0,0,0,0,14
317,,NEUR SPAC SPATXB,15,0,0,0,0,0,0,0,2,1,0,12
318,3.852,NEUROINFORMATICS,15,0,1,0,1,1,1,0,0,0,0,11
319,2.915,NEUROPEPTIDES,15,0,0,0,0,0,0,2,0,0,2,11
320,,PSYCHOL RES-PSYCH FO,15,0,0,0,1,0,0,0,1,1,0,12
321,3.616,TOXICOL APPL PHARM,15,0,0,1,1,0,0,0,2,0,1,10
322,5.343,WIRES DEV BIOL,15,0,0,0,0,0,0,0,0,1,0,14
323,1.500,ACTA NEUROBIOL EXP,14,0,0,0,1,0,0,0,1,0,0,12
324,15.876,ACTA NEUROPATHOL,14,0,1,1,0,0,0,0,0,0,1,11
325,,AIMS NEUROSCI,14,0,0,0,0,1,0,2,1,1,0,9
326,3.495,CNS NEUROSCI THER,14,0,0,1,0,0,0,1,2,1,0,9
327,,CURR OPIN BEHAV SCI,14,0,2,1,2,0,0,1,1,1,1,5
328,3.322,DRUG ALCOHOL DEPEN,14,0,0,1,0,1,2,0,0,0,0,10
329,3.961,ENDOCRINOLOGY,14,1,0,1,0,0,0,1,2,0,1,8
330,5.595,FASEB J,14,1,0,3,0,0,0,0,0,0,1,9
331,4.401,J CELL SCI,14,0,0,1,0,1,0,0,2,2,0,8
332,,J MOV DISORD,14,0,1,0,0,0,0,1,2,0,0,10
333,2.051,J ORAL REHABIL,14,0,0,1,1,0,0,0,1,0,0,11
334,3.090,J ORTHOP SPORT PHYS,14,0,0,2,0,0,1,1,1,0,1,8
335,3.186,NEUROTOX RES,14,0,0,1,0,0,0,2,0,0,0,11
336,3.579,NEW J PHYS,14,0,1,1,0,1,0,0,1,0,3,7
337,3.623,SCAND J MED SCI SPOR,14,0,0,1,1,0,0,0,1,0,1,10
338,16.710,SCI TRANSL MED,14,0,1,0,0,1,1,1,1,1,3,5
339,,WIRES COGN SCI,14,0,1,0,0,0,2,1,0,3,0,7
340,14.327,ANNU REV PHYSIOL,13,0,0,1,0,0,0,2,1,1,0,8
341,2.050,ARCH ORAL BIOL,13,0,0,1,0,1,1,1,2,0,0,7
342,3.457,BIOMED PHARMACOTHER,13,0,0,0,1,0,1,0,1,0,0,10
343,6.499,BRIT J ANAESTH,13,0,0,1,0,0,0,2,1,2,0,7
344,3.718,CELL CALCIUM,13,0,0,2,1,0,0,0,1,1,1,7
345,3.224,EXP GERONTOL,13,0,1,1,1,1,0,0,1,0,0,8
346,3.696,EXPERT REV NEUROTHER,13,0,0,0,0,0,1,0,0,0,1,11
347,2.495,INT J DEV NEUROSCI,13,0,0,0,1,1,0,1,0,0,1,9
348,2.868,INT J PSYCHOPHYSIOL,13,0,0,1,1,0,1,0,1,1,1,7
349,,INT REV PSYCHIATR,13,0,0,0,0,2,0,3,2,1,0,5
350,7.144,J NEUROL NEUROSUR PS,13,0,0,0,1,0,0,3,0,1,0,8
351,0.853,J ORAL SCI,13,0,0,0,0,0,0,0,1,0,2,10
352,3.706,J PHARMACOL EXP THER,13,0,0,1,0,0,1,0,1,0,1,9
353,,MOV DISORD CLIN PRAC,13,0,0,0,0,0,0,0,0,0,0,13
354,26.919,NAT METHODS,13,0,2,0,1,0,0,0,1,0,0,9
355,2.166,NEUROL INDIA,13,0,0,0,1,0,0,0,0,0,0,12
356,2.045,NEUROPHYSIOL CLIN,13,0,1,1,0,0,1,0,1,1,0,8
357,10.376,PHARMACOL THERAPEUT,13,0,0,0,0,0,0,1,1,1,0,10
358,2.839,SEIZURE-EUR J EPILEP,13,0,0,0,0,0,1,1,0,0,0,11
359,,2017 CHIN AUT C CAXB,12,1,0,0,1,0,0,0,0,0,1,9
360,1.760,ADV EXP MED BIOL,12,0,0,1,0,0,0,0,0,1,0,10
361,1.843,AM J PHYS MED REHAB,12,0,0,0,0,1,1,0,0,3,1,6
362,,BEHAV RES METHODS,12,0,0,0,0,0,1,0,0,1,0,10
363,6.306,BRAIN BEHAV IMMUN,12,0,0,1,1,0,2,2,0,0,0,6
364,,BRAIN-COMPUT INTERFA,12,0,3,0,2,0,0,0,1,0,0,6
365,9.247,CSH PERSPECT BIOL,12,0,0,1,0,0,0,2,1,0,1,7
366,2.362,EUR J PAEDIATR NEURO,12,0,0,1,0,1,0,0,0,0,0,10
367,2.064,EVID-BASED COMPL ALT,12,0,0,0,0,0,0,1,0,0,0,11
368,,INT C ACOUST SPEE,12,0,1,0,0,2,0,0,2,0,1,6
369,1.759,INT J AUDIOL,12,0,0,0,0,2,0,0,2,0,1,7
370,2.751,INTEGR COMP BIOL,12,0,1,2,0,1,0,2,0,0,1,5
371,2.779,J NEURAL TRANSM,12,0,1,2,1,1,0,1,1,0,0,5
372,4.000,J PSYCHIATR RES,12,0,0,1,1,0,2,0,1,1,0,6
373,12.423,NAT PROTOC,12,0,0,2,0,0,2,3,1,0,0,4
374,19.819,NAT REV NEUROL,12,0,2,0,0,0,0,2,0,0,1,7
375,0.404,NEUROCHEM J+,12,0,0,1,1,0,0,1,0,0,0,9
376,2.285,NEUROL SCI,12,0,1,0,1,0,1,1,0,0,0,8
377,2.851,PEPTIDES,12,0,0,1,0,0,0,1,0,0,0,10
378,2.587,PHYS THER,12,0,0,0,1,0,2,0,1,0,1,7
379,5.947,PHYSIOLOGY,12,0,1,1,1,0,0,0,0,1,0,8
380,1.279,PROCESSES,12,0,0,0,0,3,0,0,3,0,0,6
381,2.223,PSYCHIAT RES,12,0,1,0,1,0,1,0,3,0,1,5
382,11.511,SCI ADV,12,0,0,0,0,0,2,0,0,0,2,8
383,,SER BIOENG,12,0,1,3,1,0,1,0,0,0,0,6
384,3.454,AM J PHYSIOL-CELL PH,11,1,0,0,1,0,0,0,0,1,0,8
385,1.373,ANAT REC,11,0,0,1,2,0,0,1,1,1,0,5
386,1.998,BMC MUSCULOSKEL DIS,11,0,0,1,0,0,0,0,0,0,0,10
387,2.084,CNS NEUROL DISORD-DR,11,0,0,0,0,0,0,1,1,0,0,9
388,3.417,COGN NEUROSCI-UK,11,0,0,0,1,0,0,3,2,1,0,4
389,2.115,COMPUT BIOL MED,11,0,2,0,1,0,1,0,2,0,0,5
390,1.974,COMPUT METHOD BIOMEC,11,0,0,0,1,1,0,0,0,0,1,8
391,2.362,DOC OPHTHALMOL,11,0,1,0,0,0,0,1,0,1,0,8
392,4.129,EUR NEUROPSYCHOPHARM,11,0,0,0,0,0,0,0,1,1,1,8
393,3.933,IEEE CIRC SYST MAG,11,0,0,0,1,1,2,0,1,1,0,5
394,,IFAC PAPERSONLINE,11,0,0,1,0,0,0,0,1,0,1,8
395,3.786,J AFFECT DISORDERS,11,1,0,0,0,0,0,4,1,0,2,3
396,1.390,J APPL BIOMECH,11,0,0,0,0,0,0,1,0,0,0,10
397,0.852,J EYE MOVEMENT RES,11,0,0,0,0,0,0,0,0,0,0,11
398,5.193,J NEUROINFLAMM,11,0,0,1,0,2,0,0,0,0,0,8
399,2.028,MEDICINE,11,0,0,0,1,0,0,1,1,0,1,7
400,,NAT BIOMED ENG,11,1,1,0,0,0,0,1,0,1,1,6
401,2.647,NEUROSURG FOCUS,11,0,0,1,3,0,0,0,0,0,1,6
402,4.339,NONLINEAR DYNAM,11,0,0,0,0,0,0,0,0,0,1,10
403,2.782,PAIN MED,11,0,0,0,1,0,1,1,0,2,2,4
404,,QUICK REF NEUR REHXB,11,0,0,1,0,3,0,0,2,0,1,4
405,2.638,ROBOT AUTON SYST,11,0,0,0,0,1,1,0,0,0,0,9
406,2.575,SOC NEUROSCI-UK,11,0,0,1,0,0,2,0,1,2,0,5
407,3.709,WIRES SYST BIOL MED,11,0,0,1,0,0,0,1,2,1,1,5
408,1.924,WORLD NEUROSURG,11,0,0,0,0,0,0,0,0,0,1,10
409,1.088,BIOMED ENG-BIOMED TE,10,0,0,0,0,0,0,1,1,0,0,8
410,6.721,CELL MOL LIFE SCI,10,0,0,0,0,0,1,1,0,0,0,8
411,8.982,CELL SYST,10,0,0,1,0,0,0,0,1,0,0,8
412,3.181,COMMUN NONLINEAR SCI,10,0,0,1,1,0,0,0,1,0,0,7
413,1.829,COMPLEXITY,10,0,0,1,0,0,0,1,0,0,1,7
414,3.478,CURR NEUROL NEUROSCI,10,0,0,0,0,0,2,2,0,1,0,5
415,3.617,EUR ARCH PSY CLIN N,10,0,0,1,0,1,1,0,0,2,1,4
416,1.410,EXP THER MED,10,0,0,0,0,0,0,1,1,0,0,8
417,,EYE BRAIN,10,0,0,0,0,0,0,0,0,1,0,9
418,2.479,J ANAT,10,0,0,0,0,0,0,0,0,0,0,10
419,,J AUTISM DEV DISORD,10,0,0,2,3,0,1,1,0,0,0,3
420,1.916,J BIOMECH ENG-T ASME,10,0,1,0,0,0,0,1,0,0,0,8
421,3.392,J NEUROENDOCRINOL,10,0,0,1,0,0,3,2,0,0,0,4
422,3.633,J NEUROL PHYS THER,10,0,1,0,0,1,0,1,0,0,0,7
423,3.414,J ORTHOP RES,10,0,0,1,0,0,0,1,1,1,0,6
424,2.564,MAGN RESON IMAGING,10,0,0,1,0,0,0,0,1,1,0,7
425,7.199,MAYO CLIN PROC,10,0,0,1,1,0,0,0,0,0,0,8
426,3.978,MOL PHARMACOL,10,0,0,0,1,1,1,0,1,2,1,3
427,1.449,NEUROL RES,10,0,0,1,0,0,1,0,0,1,0,7
428,0.453,NEUROQUANTOLOGY,10,0,0,0,0,0,0,0,0,0,0,10
429,4.731,PSYCHONEUROENDOCRINO,10,0,0,0,1,0,0,0,1,1,2,5
430,2.936,RSC ADV,10,0,0,0,0,1,1,0,1,1,0,6
431,,SCAND J PAIN,10,0,0,0,1,0,1,0,1,1,0,6
432,6.944,SCHIZOPHRENIA BULL,10,0,0,0,0,1,0,1,1,2,1,4
433,6.378,SCI SIGNAL,10,0,1,0,0,0,1,0,1,1,1,5
434,8.266,TRANSL STROKE RES,10,0,0,0,0,1,0,0,0,0,0,9
435,,ACTA POLYTECH,9,0,0,0,0,0,1,1,0,1,0,6
436,7.627,AGING CELL,9,0,0,0,0,0,0,0,1,0,0,8
437,4.045,ALLERGOL INT,9,0,0,0,2,0,0,0,1,1,0,5
438,3.067,ANIM BEHAV,9,0,1,0,0,0,0,0,0,0,1,7
439,1.548,ANN APPL STAT,9,0,0,0,1,1,0,0,1,0,1,5
440,1.548,APPL ANIM BEHAV SCI,9,0,0,0,0,0,1,0,0,0,0,8
441,,BRAIN ED MOL MECHXB,9,0,1,0,0,0,0,0,0,0,0,8
442,1.796,COGN NEUROPSYCHOL,9,0,1,1,1,1,1,0,2,0,0,2
443,2.042,DISABIL REHABIL,9,0,0,0,2,0,1,0,0,0,0,6
444,0.972,DISCRETE CONT DYN-B,9,0,0,0,0,0,0,0,0,0,0,9
445,1.546,EUR ARCH OTO-RHINO-L,9,0,0,0,0,0,0,0,1,0,0,8
446,,EX FUNCT HLTH DISXB,9,0,0,0,0,0,0,1,0,0,1,7
447,2.608,EXP DERMATOL,9,0,0,0,2,0,0,0,0,2,0,5
448,4.075,GENETICS,9,0,0,0,1,0,0,1,0,2,2,3
449,4.203,IEEE T SIGNAL PROCES,9,0,1,0,1,0,0,0,1,0,0,6
450,3.981,INT J NEUROPSYCHOPH,9,0,1,0,0,0,0,1,0,1,0,6
451,,INTELLIGENCE,9,0,0,0,0,0,0,4,0,1,0,4
452,3.466,J BIOMED SCI,9,0,0,0,0,1,0,1,0,1,1,5
453,,J BUS ETHICS,9,0,0,0,0,0,1,2,1,1,1,3
454,1.982,J CLIN NEUROPHYSIOL,9,0,0,0,0,0,0,0,1,1,0,7
455,2.777,J INT NEUROPSYCH SOC,9,0,1,0,0,0,1,0,1,0,1,5
456,2.414,J MATH NEUROSCI,9,0,1,0,0,0,0,1,0,1,1,5
457,2.575,J PHARMACOL SCI,9,0,0,0,0,0,0,0,0,0,1,8
458,3.098,MOLECULES,9,0,1,0,0,0,1,0,0,1,1,5
459,32.621,NAT MED,9,0,0,0,1,0,0,2,0,2,0,4
460,4.215,NEURAL COMPUT APPL,9,0,0,0,0,0,1,0,0,1,0,7
461,3.603,NEUROCHEM INT,9,0,1,1,1,1,0,1,0,1,1,2
462,3.842,NEUROGASTROENT MOTIL,9,0,0,0,0,0,0,0,1,2,0,6
463,1.275,NEUROIMAG CLIN N AM,9,0,1,0,0,0,0,2,3,1,2,0
464,2.195,NEUROPSYCH DIS TREAT,9,0,0,1,0,1,0,0,2,0,0,5
465,,NUTR MOD PAIN AG PXB,9,0,0,1,0,0,0,0,0,0,0,8
466,4.721,PARKINSONISM RELAT D,9,0,1,0,0,0,1,0,0,0,1,6
467,0.288,PROG BIOCHEM BIOPHYS,9,0,2,0,0,0,2,0,2,0,0,3
468,,PSYCHOL SCI,9,0,1,0,0,0,0,2,0,0,0,6
469,3.395,SLEEP MED,9,0,1,1,0,0,1,0,0,0,1,5
470,1.648,STEREOT FUNCT NEUROS,9,0,2,0,1,0,0,0,0,0,0,6
471,,2017 19 INT C SOLXB,8,0,1,0,1,0,2,0,1,0,0,3
472,,2017 IEEE INT CXB,8,0,1,0,0,0,0,0,1,0,0,6
473,,2017 INT C VIRT REXB,8,1,1,1,0,0,0,0,1,0,0,4
474,0.669,ACTA PHYS SIN-CH ED,8,0,0,0,0,0,0,0,2,0,2,4
475,,ACTA PSYCHOL,8,0,0,1,0,0,0,1,2,0,0,4
476,,ADV BIOMED ENG,8,0,0,0,0,0,0,1,1,1,0,5
477,0.889,AEROSP MED HUM PERF,8,0,0,2,1,0,0,1,0,0,0,4
478,6.042,ANAL CHEM,8,0,0,0,1,2,1,0,0,0,0,4
479,5.108,BBA-MOL BASIS DIS,8,0,0,0,0,1,1,0,0,2,0,4
480,4.651,BBA-MOL CELL RES,8,0,1,0,0,3,0,0,0,0,0,4
481,1.724,BIOCHEMISTRY-MOSCOW+,8,0,0,0,0,0,1,0,0,0,1,6
482,0.155,BIOL MEMBRANY,8,0,0,0,0,0,0,0,1,3,0,4
483,1.412,BRAZ J OTORHINOLAR,8,0,0,0,0,0,1,0,0,0,0,7
484,3.043,CELL TISSUE RES,8,0,0,0,0,0,1,0,1,1,0,5
485,,CHANNELSXB,8,0,0,0,0,0,0,1,0,0,0,7
486,3.209,CLIN J PAIN,8,0,0,0,3,0,0,0,1,0,0,4
487,1.649,COMPUT INTEL NEUROSC,8,0,0,0,0,0,0,0,0,1,2,5
488,3.289,CURR ALZHEIMER RES,8,0,0,0,0,0,0,0,0,0,1,7
489,4.010,CURR OPIN NEUROL,8,0,0,1,0,0,1,1,0,0,1,4
490,3.289,DEV MED CHILD NEUROL,8,0,1,0,1,1,0,0,0,2,0,3
491,,DEV PSYCHOPATHOL,8,0,1,0,0,0,0,1,1,1,0,4
492,4.398,DIS MODEL MECH,8,0,0,0,0,0,0,2,0,0,0,6
493,9.333,EPILEPSY CURR,8,0,1,1,0,0,0,0,0,0,0,6
494,1.947,EUR PHYS J-SPEC TOP,8,0,0,0,0,0,0,0,0,0,0,8
495,2.349,FRONT BIOSCI-LANDMRK,8,0,0,0,0,0,0,0,3,0,0,5
496,,HDB CANN REL PATHXB,8,0,0,0,0,0,0,0,0,1,1,6
497,,HUM SPORT MED,8,0,0,0,0,0,1,1,0,1,0,5
498,0.833,INT J CLIN EXP MED,8,0,0,1,0,0,1,1,0,0,0,5
499,2.371,INT REV NEUROBIOL,8,0,0,2,0,0,0,3,0,0,1,2
500,1.625,INVERTEBR NEUROSCI,8,0,0,0,0,0,0,0,0,0,0,8
501,1.665,J CHILD NEUROL,8,0,1,0,0,0,0,2,0,0,0,5
502,0.455,J EVOL BIOCHEM PHYS+,8,0,0,0,0,0,0,0,0,0,0,8
503,,J EXP CHILD PSYCHOL,8,0,0,0,0,0,0,2,0,1,0,5
504,,J EXP PSYCHOL GEN,8,0,0,0,0,1,4,0,0,0,0,3
505,0.758,J INT ADV OTOL,8,0,0,1,1,0,0,0,0,0,0,6
506,2.454,J MOL NEUROSCI,8,0,1,1,0,0,0,0,1,0,0,5
507,3.929,J SCI MED SPORT,8,0,0,1,1,0,0,2,0,0,0,4
508,2.093,J THERM BIOL,8,1,0,2,0,0,0,0,0,3,0,2
509,,JCI INSIGHT,8,0,1,2,0,1,0,0,1,0,1,2
510,3.234,LIFE SCI,8,0,0,0,0,0,0,0,1,1,0,6
511,4.379,MAR DRUGS,8,0,0,2,0,0,0,0,0,1,0,5
512,6.426,MOL NEURODEGENER,8,0,0,0,0,0,0,1,0,0,0,7
513,,MUSIC PERCEPT,8,0,0,0,0,0,2,0,0,0,1,5
514,0.500,NEURAL NETW WORLD,8,0,0,0,0,0,0,0,0,0,0,8
515,5.024,NEUROENDOCRINOLOGY,8,0,0,1,0,1,2,0,0,0,0,4
516,1.012,ORL J OTO-RHINO-LARY,8,0,0,0,2,1,0,0,0,0,0,5
517,,P ASM 10 ANN DYNXB,8,0,0,0,0,1,0,0,1,1,0,5
518,,PHARMACOL RES PERSPE,8,0,0,0,0,2,0,0,0,1,0,5
519,1.850,PM&R,8,0,0,0,0,1,0,0,1,0,0,6
520,,PSYCH J,8,0,1,0,0,0,0,0,1,0,0,6
521,,SLEEP NEUR DISXB,8,0,0,1,0,1,0,0,0,0,0,6
522,1.771,TOP STROKE REHABIL,8,0,0,0,0,0,1,2,2,0,0,3
523,2.064,VITAM HORM,8,0,0,0,0,1,0,0,0,0,0,7
524,,ADV MOTIV A,7,0,0,1,0,1,0,0,0,0,1,4
525,2.121,AGING CLIN EXP RES,7,0,0,0,0,0,0,0,0,0,0,7
526,2.901,AM J PHYS ANTHROPOL,7,0,0,0,0,0,1,0,1,0,0,5
527,,AN FAC MED-UNIV REPU,7,0,0,0,0,0,0,0,0,0,0,7
528,3.463,ANESTH ANALG,7,0,0,1,1,0,0,0,0,0,0,5
529,2.805,ANIM COGN,7,0,0,0,0,0,0,0,1,2,1,3
530,1.769,APPL BIONICS BIOMECH,7,0,0,2,0,0,0,0,1,0,0,4
531,1.689,APPL SCI-BASEL,7,1,0,0,0,0,1,0,0,0,0,5
532,3.679,BBA-GEN SUBJECTS,7,0,0,0,0,0,1,0,0,0,0,6
533,3.543,BIOL SEX DIFFER,7,0,0,0,0,0,1,1,1,0,0,4
534,1.676,BIOMED ENG ONLINE,7,0,0,0,0,0,1,0,0,1,1,4
535,2.783,BIOMED SIGNAL PROCES,7,0,0,0,0,0,0,0,1,0,2,4
536,,BIONANOSCIENCE,7,0,0,0,0,0,0,0,0,0,0,7
537,3.027,BMC EVOL BIOL,7,0,0,0,0,0,0,1,0,0,0,6
538,6.187,BRAIN PATHOL,7,0,1,0,0,0,0,0,1,0,1,4
539,,CER CORT NEUR NEURXB,7,0,0,0,1,0,0,0,0,1,0,5
540,2.120,CURR EYE RES,7,0,0,0,0,0,0,1,0,0,1,5
541,6.313,CURR OPIN PHARMACOL,7,0,3,0,0,0,0,1,0,0,0,3
542,2.133,DEV NEUROSCI-BASEL,7,0,1,2,0,0,0,0,0,0,0,4
543,2.019,ERGONOMICS,7,0,0,0,0,0,0,0,1,2,0,4
544,3.152,EXP EYE RES,7,0,0,0,0,1,1,0,0,0,0,5
545,2.564,GEN COMP ENDOCR,7,0,0,1,0,0,1,0,0,0,0,5
546,4.418,HORM BEHAV,7,0,0,1,0,0,0,2,0,0,1,3
547,0.962,IBM J RES DEV,7,0,0,0,0,0,0,0,0,1,0,6
548,,IEEE ROBOT AUTOM LET,7,0,0,0,0,0,0,0,1,1,0,5
549,1.593,J AM ACAD AUDIOL,7,0,0,0,0,0,0,1,2,0,0,4
550,2.367,J BIOMED OPT,7,0,0,3,0,0,1,0,0,0,0,3
551,1.640,J CLIN NEUROSCI,7,0,0,1,0,1,0,0,1,1,0,3
552,0.780,J ELECTRON IMAGING,7,0,0,1,0,0,0,0,0,0,0,6
553,4.902,J GERONTOL A-BIOL,7,0,0,0,1,0,1,3,0,0,1,1
554,3.403,J HEADACHE PAIN,7,0,0,0,0,0,0,0,0,0,0,7
555,3.992,J HUM EVOL,7,0,0,0,0,1,0,0,0,1,1,4
556,1.536,J NEUROGENET,7,0,1,1,0,0,0,0,1,0,0,4
557,3.786,J NEUROPSYCHOL,7,0,0,0,0,0,0,0,1,1,1,4
558,1.487,J PHYSIOL ANTHROPOL,7,0,0,0,0,0,0,0,0,0,0,7
559,2.057,J SENSORS,7,0,0,0,0,1,0,1,1,0,0,4
560,1.882,J SPINAL CORD MED,7,0,0,0,0,0,0,1,0,0,0,6
561,1.598,J STROKE CEREBROVASC,7,0,0,1,0,0,0,0,0,0,0,6
562,5.995,LAB CHIP,7,1,0,2,0,0,0,0,0,1,2,1
563,1.429,MEDICINA-LITHUANIA,7,0,0,0,0,0,0,0,0,0,0,7
564,5.872,MOL AUTISM,7,0,0,0,1,1,0,2,1,0,1,1
565,,MUSCULOSKEL SCI PRAC,7,0,0,0,0,0,0,0,0,0,0,7
566,,NEUROSCI CONSCIOUS,7,0,0,2,1,0,0,0,0,0,0,4
567,4.936,OXID MED CELL LONGEV,7,0,0,0,0,0,2,1,0,1,0,3
568,,PERCEPT MOTOR SKILL,7,0,0,1,0,1,0,0,0,0,0,5
569,2.787,PHARMACOL REP,7,0,0,0,0,1,0,0,0,1,0,5
570,1.129,PHYSIOTHER THEOR PR,7,0,0,0,0,0,0,0,0,0,0,7
571,5.540,PLOS GENET,7,0,1,0,1,0,0,0,0,1,0,4
572,11.653,PROG RETIN EYE RES,7,0,0,0,0,1,1,0,0,0,0,5
573,,RECEPT SER,7,0,0,0,0,0,1,0,1,0,0,5
574,1.938,SCI CHINA TECHNOL SC,7,0,0,1,0,0,0,0,1,0,0,5
575,5.311,SCI DATA,7,0,0,1,0,1,0,0,0,0,1,4
576,1.486,SIAM J APPL DYN SYST,7,0,0,0,0,1,0,0,0,0,0,6
577,10.602,SLEEP MED REV,7,0,0,0,0,0,0,2,1,0,0,4
578,,SPRINGER PROC PHYS,7,0,0,0,1,0,0,0,0,0,1,5
579,,TEXTS APPL MATH,7,0,0,0,0,0,1,0,0,0,0,6
580,1.423,TOHOKU J EXP MED,7,0,1,0,0,0,0,1,0,0,0,5
581,0.906,ZOOL SCI,7,0,0,0,0,0,0,0,0,0,0,7
582,1.129,ACTA ACUST UNITED AC,6,0,0,1,1,0,0,0,0,0,0,4
583,1.161,ACTA OTO-LARYNGOL,6,0,1,1,0,0,1,0,0,0,0,3
584,,ADV PHARMACOL,6,0,0,0,0,0,1,0,0,0,1,4
585,3.183,ALCOHOL CLIN EXP RES,6,0,0,1,0,0,0,0,0,0,1,4
586,1.330,ANAT SCI INT,6,0,0,0,0,1,0,1,0,0,0,4
587,11.742,ANNU REV BIOPHYS,6,0,0,0,0,0,0,0,1,1,2,2
588,2.244,AUTON ROBOT,6,0,0,0,0,0,0,0,0,0,0,6
589,,BASIC CLIN NEUROSCI,6,0,0,0,0,0,0,0,0,1,0,5
590,,BEHAV SCI-BASEL,6,0,0,0,0,0,0,0,0,0,0,6
591,8.806,BIOMATERIALS,6,0,0,0,0,1,0,0,0,1,0,4
592,,BIOMED PHYS ENG EXPR,6,0,0,1,0,0,0,0,1,0,0,4
593,5.770,BMC BIOL,6,0,1,0,0,1,0,0,1,0,1,2
594,2.061,BRAIN INJURY,6,0,0,0,0,1,0,1,0,1,0,3
595,3.895,CELL MOL NEUROBIOL,6,0,0,1,0,0,0,0,0,0,1,4
596,,COGN PROCESS,6,0,0,0,0,0,0,0,0,0,0,6
597,,COGNITIVE SCI,6,0,0,0,0,1,0,0,0,1,0,4
598,2.258,COMP BIOCHEM PHYS A,6,0,2,0,0,0,0,0,2,0,0,2
599,3.469,CURR MED CHEM,6,0,0,0,0,1,0,0,1,0,0,4
600,4.171,CURR OPIN INSECT SCI,6,1,0,0,1,0,0,0,2,0,1,1
601,2.715,CURR PAIN HEADACHE R,6,1,1,0,0,0,0,0,0,0,0,4
602,5.043,DEPRESS ANXIETY,6,0,0,0,0,0,0,3,1,0,1,1
603,,DEVELOPMENTAL SCI,6,0,0,0,0,0,0,0,0,1,0,5
604,6.848,DRUG DISCOV TODAY,6,0,3,0,1,0,1,0,0,0,0,1
605,,ELIFEXB,6,0,0,0,0,0,0,0,0,0,1,5
606,4.621,EUR J NEUROL,6,0,0,1,0,0,0,0,2,0,0,3
607,1.655,EUR J ORAL SCI,6,0,0,0,0,0,0,0,0,0,1,5
608,2.208,EUR J PHYS REHAB MED,6,0,0,0,1,0,1,0,0,0,1,3
609,,FRONT DEV SCI,6,0,0,2,0,0,0,1,0,0,1,2
610,2.349,FUND CLIN PHARMACOL,6,0,0,1,0,0,0,0,0,0,0,5
611,,GEROSCIENCE,6,0,0,0,0,0,0,0,0,1,0,5
612,2.249,GRAEF ARCH CLIN EXP,6,0,1,0,0,0,0,0,0,0,0,5
613,,HORM BRAIN BEHAVXB,6,0,0,0,0,0,1,0,1,0,0,4
614,2.371,HUM FACTORS,6,0,0,0,0,0,0,0,1,0,0,5
615,3.573,IEEE ROBOT AUTOM MAG,6,0,0,1,1,0,0,0,0,0,0,4
616,4.883,IEEE T CONTR SYST T,6,0,0,1,0,0,1,0,0,0,0,4
617,7.050,IEEE T IND ELECTRON,6,0,0,0,0,0,0,0,0,1,0,5
618,0.723,IEEJ T ELECTR ELECTR,6,0,0,0,0,0,0,0,1,0,0,5
619,1.514,IRAN J BASIC MED SCI,6,0,0,0,0,0,0,1,1,0,0,4
620,8.784,J CELL BIOL,6,0,0,0,0,0,0,0,1,1,0,4
621,1.853,J CLIN EXP NEUROPSYC,6,0,0,0,0,0,0,1,0,3,0,2
622,2.319,J EXP PSYCHOL LEARN,6,0,0,0,0,0,0,0,1,0,1,4
623,1.040,J HAND THER,6,0,0,0,0,0,0,0,0,0,0,6
624,4.099,J HYPERTENS,6,0,1,0,1,0,1,0,0,0,0,3
625,1.211,J MED BIOL ENG,6,0,0,0,1,0,0,0,1,0,1,3
626,1.651,J MUSCULOSKEL NEURON,6,0,0,0,0,1,0,1,0,0,0,4
627,1.566,J OPT SOC AM A,6,0,0,0,0,0,0,0,0,0,0,6
628,4.082,MAGN RESON MED,6,0,0,1,1,0,0,1,0,0,0,3
629,,MECH MACH SCI,6,0,0,0,0,0,0,1,1,1,0,3
630,1.787,NEURAL PROCESS LETT,6,0,0,0,0,0,0,0,0,0,1,5
631,,NEUROBIOL STRESS,6,0,0,2,0,1,0,0,0,1,0,2
632,2.811,NEUROTOXICOL TERATOL,6,0,0,0,0,0,0,0,0,0,0,6
633,3.263,NEUROUROL URODYNAM,6,0,0,0,0,0,0,0,1,1,1,3
634,0.359,NOROPSIKIYATRI ARS,6,0,0,0,0,0,1,0,0,0,1,4
635,4.196,NUTRIENTS,6,0,0,0,0,0,1,0,0,0,0,5
636,3.286,OPEN BIOL,6,0,0,0,0,0,0,1,0,0,0,5
637,,P ASM INT MECH ENGXB,6,0,0,0,0,0,1,0,0,0,0,5
638,1.324,PHYSIOL RES,6,0,0,0,0,0,0,1,1,0,0,4
639,,PROC ASME DES ENG TE,6,0,0,0,0,0,1,0,0,0,0,5
640,,RES DEV DISABIL,6,0,0,1,0,0,2,0,0,1,0,2
641,3.273,TOXINS,6,0,0,1,0,0,0,0,0,0,0,5
642,5.872,TRANSL NEURODEGENER,6,0,1,0,0,0,0,0,0,0,0,5
643,,UNDERST COMPLEX SYST,6,0,0,0,0,0,0,2,0,0,0,4
644,,2017 51 ANN C INFXB,5,0,0,0,0,0,0,0,0,2,0,3
645,,ACS SYM SER,5,0,0,0,1,1,0,0,1,0,1,1
646,1.652,ACTA HISTOCHEM,5,0,0,0,0,0,0,0,0,0,0,5
647,12.764,ALZHEIMERS DEMENT,5,0,0,0,0,0,0,1,1,1,1,1
648,3.164,AM J PHYSIOL-RENAL,5,0,0,0,0,0,1,0,0,0,0,4
649,13.278,ANNU REV CLIN PSYCHO,5,0,0,1,0,0,0,1,0,0,1,2
650,9.589,ANNU REV GENET,5,0,0,0,0,0,2,0,0,0,0,3
651,3.438,BBA-BIOMEMBRANES,5,0,0,0,0,1,0,0,0,0,0,4
652,,BIOCHEM MOSC SUPPL S,5,0,0,0,0,0,0,0,1,1,0,3
653,1.694,BIOL PHARM BULL,5,0,0,0,0,0,0,0,0,0,0,5
654,3.212,BIOMECH MODEL MECHAN,5,0,0,1,0,0,0,0,0,0,0,4
655,,BIOMED ENG INT CONF,5,0,0,0,0,0,0,1,0,0,0,4
656,,BIOMED RES-INDIA,5,0,1,0,0,1,0,0,0,0,0,3
657,1.255,BIOSCI BIOTECH BIOCH,5,0,0,0,0,2,0,0,1,1,0,1
658,4.490,BIPOLAR DISORD,5,0,0,1,0,0,0,0,1,0,0,3
659,3.487,CELL SIGNAL,5,0,0,0,0,0,0,0,0,0,0,5
660,2.885,CELL TRANSPLANT,5,0,0,1,0,0,0,0,0,0,0,4
661,1.807,CLIN EEG NEUROSCI,5,0,0,1,0,0,0,2,0,0,1,1
662,2.505,CLIN INTERV AGING,5,0,0,0,0,0,0,0,0,2,1,2
663,5.220,CLIN SCI,5,0,2,1,0,0,0,0,0,0,0,2
664,2.426,COMP BIOCHEM PHYS C,5,0,0,0,0,0,0,2,0,0,0,3
665,1.545,COMPUT MATH METHOD M,5,0,0,1,0,0,1,0,0,1,0,2
666,1.360,ELECTROMAGN BIOL MED,5,0,0,0,1,0,2,0,0,0,0,2
667,8.749,EMBO REP,5,0,0,0,0,1,1,1,0,0,0,2
668,,EUR SIGNAL PR CONF,5,1,0,0,0,0,1,1,0,0,0,2
669,2.094,EXPERT REV MED DEVIC,5,0,0,0,0,0,0,0,1,0,0,4
670,2.478,EYE,5,0,0,1,0,0,0,0,0,0,0,4
671,2.999,FEBS LETT,5,1,0,1,0,0,0,0,0,0,0,3
672,5.511,FRONT IMMUNOL,5,0,0,0,0,0,0,0,1,0,0,4
673,2.335,FRONT PEDIATR,5,0,0,1,0,0,0,0,2,1,0,1
674,,FRONT PHYS,5,0,0,1,0,0,0,2,1,1,0,0
675,2.048,GENES CELLS,5,0,1,0,0,0,0,1,0,0,0,3
676,2.667,GENESIS,5,1,0,0,0,0,0,1,1,0,0,2
677,7.267,GIGASCIENCE,5,0,0,1,1,0,0,1,1,0,0,1
678,3.930,HUM GENET,5,0,0,0,0,0,0,0,1,0,0,4
679,3.557,IEEE ACCESS,5,0,0,0,0,0,0,0,0,0,0,5
680,,IEEE INT SYMP CIRC S,5,0,1,0,0,0,0,0,2,1,1,0
681,2.617,IEEE SENS J,5,0,1,0,0,0,0,0,0,0,1,3
682,,INT J MODEL IDENTIF,5,0,0,0,0,0,0,0,0,0,0,5
683,1.305,INT J PEDIATR OTORHI,5,0,0,0,0,0,0,0,1,0,0,4
684,4.047,INT J ROBOT RES,5,0,0,0,0,0,0,0,0,0,1,4
685,2.319,J ATHL TRAINING,5,0,0,0,0,0,0,0,2,0,0,3
686,,J AUDIOL OTOL,5,1,0,0,0,0,0,0,0,0,0,4
687,,J CONSCIOUSNESS STUD,5,0,1,0,0,0,0,1,0,0,0,3
688,3.115,J ETHNOPHARMACOL,5,0,0,0,0,0,0,0,0,1,0,4
689,1.261,J HEALTHC ENG,5,0,1,1,0,0,0,1,0,0,0,2
690,0.288,J HIST NEUROSCI,5,0,0,0,0,0,0,0,0,0,0,5
691,6.754,J INTERN MED,5,0,0,0,0,0,1,0,0,0,0,4
692,1.786,J MATH BIOL,5,0,0,0,0,0,1,0,0,0,0,4
693,1.711,J MORPHOL,5,0,0,0,0,0,0,0,0,1,0,4
694,1.547,J NEUROLINGUIST,5,0,0,0,0,0,0,0,1,1,0,3
695,2.323,J OPTICS-UK,5,0,0,0,0,0,1,1,0,0,1,2
696,,J ORAL BIOSCI,5,0,0,0,1,0,0,0,0,0,1,3
697,1.804,J THORAC DIS,5,0,0,1,0,0,0,0,0,0,0,4
698,0.882,KLIN MONATSBL AUGENH,5,1,0,0,0,0,0,0,0,0,0,4
699,,LARYNSCOPE INVEST,5,0,0,0,0,1,0,0,0,2,0,2
700,,LATERALITY,5,0,0,0,0,0,1,1,0,0,0,3
701,2.423,MECHATRONICS,5,0,0,0,0,0,0,0,1,1,0,3
702,1.541,MULTIMED TOOLS APPL,5,0,0,0,0,0,0,0,1,0,0,4
703,12.080,NANO LETT,5,0,0,0,1,0,0,0,0,0,0,4
704,35.724,NAT BIOTECHNOL,5,0,0,0,0,0,1,0,0,1,0,3
705,16.071,NAT REV DIS PRIMERS,5,0,1,1,0,0,0,1,0,0,1,1
706,0.706,NETWORK-COMP NEURAL,5,0,0,0,1,0,0,0,0,0,0,4
707,2.785,NEURODEGENER DIS,5,0,0,0,0,0,0,1,1,0,0,3
708,,NOR SIGN ASTRXB,5,0,0,0,0,0,1,0,1,0,0,3
709,0.229,NUNCIUS,5,0,0,0,0,0,0,0,0,0,0,5
710,0.897,PEDIATR PHYS THER,5,0,0,2,0,0,0,0,0,0,0,3
711,1.538,PHARMACOLOGY,5,0,0,0,0,0,0,0,0,0,0,5
712,14.385,PHYS REV X,5,0,1,0,0,0,1,0,0,0,0,3
713,,PHYSIOL PHARMACOL,5,0,0,0,0,1,0,0,0,0,0,4
714,6.228,PROTEIN CELL,5,0,0,1,0,0,0,0,1,0,0,3
715,5.475,PSYCHOL MED,5,0,0,0,0,0,0,0,3,1,0,1
716,2.878,PSYCHOL SPORT EXERC,5,0,0,0,1,0,0,1,0,1,0,2
717,1.871,RES SPORTS MED,5,0,0,0,0,0,0,0,0,0,0,5
718,1.762,REV NEUROL-FRANCE,5,0,0,0,0,0,0,0,0,0,0,5
719,0.601,REV NEUROLOGIA,5,0,0,0,0,0,1,0,0,0,0,4
720,1.141,SPORT BIOMECH,5,0,0,0,0,0,0,0,0,2,0,3
721,,STRABISMUS,5,0,0,0,0,1,0,0,0,0,0,4
722,,TIM NEUR BEHAV EVXB,5,0,0,0,0,0,0,0,0,0,0,5
723,3.265,TOXICOLOGY,5,0,0,0,0,0,0,0,1,0,0,4
724,,VISUAL PHENOMENOLOXB,5,0,0,0,0,0,1,0,0,0,0,4
725,,2017 IEEE INT C CYXB,4,0,0,1,0,0,0,0,0,1,0,2
726,4.432,ACS BIOMATER SCI ENG,4,0,0,0,0,0,0,0,0,0,0,4
727,13.709,ACS NANO,4,0,1,0,0,0,1,0,0,0,0,2
728,3.324,ACTA OPHTHALMOL,4,0,0,1,0,0,0,0,0,0,0,3
729,1.000,ADAPT BEHAV,4,0,0,0,0,0,0,1,2,0,0,1
730,1.981,ADV PHYSIOL EDUC,4,0,0,0,0,0,0,0,0,0,0,4
731,13.396,AM J PSYCHIAT,4,0,0,0,0,0,1,1,0,0,0,2
732,2.906,AMINO ACIDS,4,0,0,0,0,0,0,0,0,1,0,3
733,2.982,AMYOTROPH LAT SCL FR,4,0,0,0,1,1,0,0,0,0,0,2
734,4.649,ANN CLIN TRANSL NEUR,4,0,0,0,1,0,0,0,0,0,0,3
735,,ANN NEUROSCI,4,0,0,0,0,0,0,0,0,0,0,4
736,3.174,APPETITE,4,0,0,0,0,0,0,0,1,1,0,2
737,,ARCH NEUROSCI,4,0,0,0,0,0,0,0,0,0,0,4
738,2.111,ARTIF ORGANS,4,0,0,0,0,0,0,0,0,0,0,4
739,1.593,ASSAY DRUG DEV TECHN,4,0,0,0,0,1,0,0,0,0,0,3
740,4.419,BIOESSAYS,4,0,0,0,0,1,0,0,0,0,0,3
741,11.700,BIOL REV,4,0,0,1,0,0,0,0,1,0,0,2
742,1.524,BIOMETRICS,4,0,0,0,1,0,0,0,1,0,0,2
743,2.881,BIOORGAN MED CHEM,4,0,0,0,0,0,0,0,0,0,1,3
744,2.769,BMC CELL BIOL,4,0,0,0,0,0,0,1,1,0,0,2
745,1.770,BMC OPHTHALMOL,4,0,0,0,0,0,0,0,0,0,0,4
746,1.958,BMC VET RES,4,0,0,0,0,0,1,0,0,0,0,3
747,2.413,BMJ OPEN,4,0,0,0,0,0,0,0,1,0,0,3
748,,CELL ACT MOD VARXB,4,0,0,0,0,0,0,0,0,0,0,4
749,8.000,CELL DEATH DIFFER,4,0,1,0,0,0,0,0,0,0,1,2
750,20.565,CELL METAB,4,0,0,1,0,0,0,0,0,1,0,2
751,,CEPHALALGIAXB,4,0,0,0,0,0,0,0,0,0,1,3
752,0.508,CESK SLOV NEUROL N,4,0,1,0,0,0,0,0,0,0,0,3
753,1.635,CLIN AUTON RES,4,0,1,0,0,0,1,0,0,0,0,2
754,2.386,CLIN ORAL INVEST,4,0,0,0,0,0,0,0,1,0,0,3
755,2.930,CLIN REHABIL,4,0,0,0,0,0,1,0,0,0,2,1
756,6.754,COCHRANE DB SYST REV,4,0,0,0,0,1,0,0,0,0,0,3
757,3.479,COGN COMPUT,4,0,0,0,0,0,0,0,0,0,0,4
758,1.425,COGN SYST RES,4,0,0,0,0,0,0,0,1,0,0,3
759,,COGNITION EMOTION,4,0,0,2,0,0,0,0,0,0,0,2
760,,COGNITIVE DEV,4,0,0,0,0,0,0,0,0,0,1,3
761,0.585,COMPARATIVE MED,4,0,0,1,0,0,0,1,0,0,0,2
762,2.046,COMPUT GRAPH FORUM,4,0,0,0,0,0,0,0,1,0,0,3
763,4.148,COMPUT STRUCT BIOTEC,4,0,0,0,0,1,0,0,0,1,0,2
764,,CURR DIR PSYCHOL SCI,4,0,0,1,0,0,1,0,0,0,0,2
765,3.544,CURR OPIN ALLERGY CL,4,0,0,0,0,1,0,0,0,0,0,3
766,3.514,CURR TOP MEMBR,4,0,0,0,0,0,0,0,0,0,0,4
767,1.414,DENT TRAUMATOL,4,0,0,0,0,0,0,0,0,0,0,4
768,1.496,DEV GROWTH DIFFER,4,0,0,0,0,0,0,0,0,0,0,4
769,0.891,DM-DIS MON,4,0,0,0,0,0,0,0,0,0,0,4
770,2.435,DOSE-RESPONSE,4,0,0,1,0,0,2,0,0,0,0,1
771,6.183,EBIOMEDICINE,4,0,1,0,0,0,0,0,0,0,0,3
772,,EFSA J,4,0,0,0,0,0,0,0,1,0,0,3
773,,EMOTION,4,0,0,0,0,0,0,0,0,0,0,4
774,1.017,EUR J ENTOMOL,4,0,0,0,0,0,0,0,0,0,1,3
775,,EUR J HUM MOV,4,0,0,0,0,1,1,1,0,0,0,1
776,,EUR J TRANSL MYOL,4,0,1,0,0,0,0,0,0,0,0,3
777,3.091,EUR REV AGING PHYS A,4,0,0,0,0,0,0,0,0,0,0,4
778,1.065,EXP AGING RES,4,0,0,0,0,0,0,0,3,0,0,1
779,,EXP PSYCHOL,4,0,0,1,0,0,1,0,0,0,0,2
780,,HAND CLINIC,4,0,0,0,0,1,0,0,0,0,0,3
781,0.893,HNO,4,0,0,0,0,0,0,0,0,0,0,4
782,0.502,IEEE LAT AM T,4,0,0,0,0,0,0,0,0,1,0,3
783,1.952,IEEE T COGN DEV SYST,4,0,0,0,0,0,0,0,0,0,0,4
784,2.563,IEEE T HUM-MACH SYST,4,0,0,0,0,1,0,0,0,0,0,3
785,4.264,IEEE T ROBOT,4,0,0,0,0,0,1,0,0,0,0,3
786,3.936,IEEE-ASME T MECH,4,0,1,0,0,0,0,0,0,0,0,3
787,,INFORMATION,4,0,0,0,1,0,0,1,0,0,0,2
788,,INT J IMPLANT DENT,4,0,0,0,0,0,0,0,0,0,0,4
789,1.848,INT J NEUROSCI,4,0,0,0,0,0,1,0,2,0,0,1
790,3.384,INT J SPORT PHYSIOL,4,0,0,0,0,1,0,0,0,0,0,3
791,,INT J SPORTS PHYS TH,4,0,0,0,1,0,0,0,0,0,0,3
792,3.859,INT J STROKE,4,0,1,1,0,0,1,0,0,0,0,1
793,0.817,INTERNAL MED,4,0,0,0,0,0,0,0,0,0,0,4
794,,IOP C SER-MAT SCI,4,0,0,0,0,0,0,0,0,0,0,4
795,,ISTANB UNIV-J ELECTR,4,0,0,0,0,0,1,0,0,0,1,2
796,4.327,J ADV RES,4,0,0,0,0,1,0,0,1,0,0,2
797,2.038,J AGING PHYS ACTIV,4,0,0,1,0,0,1,1,0,0,0,1
798,2.176,J APPL PHYS,4,0,0,0,1,0,0,0,0,0,0,3
799,,J ARTIF INTELL SOFT,4,0,0,0,0,1,0,0,0,0,0,3
800,3.231,J BIOMED MATER RES A,4,0,0,0,0,0,0,0,0,1,0,3
801,1.925,J COMPUT SCI-NETH,4,0,0,0,0,0,0,1,0,0,0,3
802,,J CONSUM RES,4,0,0,0,0,0,0,0,0,0,0,4
803,4.012,J ENDOCRINOL,4,0,0,0,0,0,0,1,0,0,0,3
804,2.452,J FORMOS MED ASSOC,4,0,0,0,0,0,0,0,0,0,0,4
805,1.588,J KOREAN MED SCI,4,0,0,0,0,0,0,0,0,1,1,2
806,3.612,J MAGN RESON IMAGING,4,0,0,1,0,0,0,0,0,0,1,2
807,,J MAN MANIP THER,4,0,0,0,0,0,0,0,0,1,0,3
808,1.927,J MATH IMAGING VIS,4,0,0,0,0,0,0,1,0,0,0,3
809,6.253,J MED CHEM,4,0,0,0,0,0,0,1,0,0,0,3
810,0.126,J NEUROL SCI-TURK,4,0,0,0,0,0,0,1,0,0,0,3
811,0.484,J NIPPON MED SCH,4,0,0,0,0,0,0,0,1,0,0,3
812,3.306,J PROSTHODONT RES,4,0,0,0,0,0,0,0,0,0,0,4
813,5.365,J PSYCHIATR NEUROSCI,4,0,0,0,0,0,1,0,0,0,0,3
814,3.433,J SLEEP RES,4,0,0,1,0,0,1,0,0,0,0,2
815,1.120,J SPORT MED PHYS FIT,4,0,0,0,0,0,0,0,0,1,0,3
816,2.404,J STAT MECH-THEORY E,4,0,0,0,0,0,1,0,0,0,1,2
817,,JUNDISHAPUR J NAT PH,4,0,0,0,0,0,0,0,0,0,0,4
818,0.158,KLIN NEUROPHYSIOL,4,0,0,0,0,0,1,1,0,0,0,2
819,53.254,LANCET,4,0,0,0,1,0,0,0,0,1,0,2
820,27.144,LANCET NEUROL,4,0,1,0,1,0,0,0,0,0,0,2
821,2.442,LARYNGOSCOPE,4,0,0,0,0,0,0,1,1,0,0,2
822,1.949,LASER MED SCI,4,0,0,0,0,1,2,0,0,0,0,1
823,1.434,LEARN BEHAV,4,0,0,0,0,0,0,0,0,0,0,4
824,0.685,M S-MED SCI,4,0,0,0,1,0,0,0,0,0,0,3
825,,MALAYS J FUNDAM APPL,4,0,1,0,0,1,0,0,2,0,0,0
826,1.101,MATH MODEL NAT PHENO,4,0,0,0,0,0,0,0,1,0,0,3
827,,MEM COGNITION,4,0,0,2,1,0,1,0,0,0,0,0
828,2.441,METAB BRAIN DIS,4,0,1,0,0,0,0,0,0,0,0,3
829,,METHOD MOL BIOL,4,0,1,0,0,0,1,1,0,0,0,1
830,5.071,MICROSYST NANOENG,4,0,0,0,0,0,1,0,0,0,0,3
831,3.563,MOL CELL ENDOCRINOL,4,0,0,0,0,0,0,0,1,0,2,1
832,,NEUR BACKGR EXPLXB,4,0,0,0,0,0,0,0,0,0,0,4
833,0.920,NEUROCASE,4,0,0,0,0,0,0,0,0,0,0,4
834,3.072,NEUROL CLIN,4,0,0,0,0,0,0,0,0,0,0,4
835,2.952,NEUROMOL MED,4,0,0,0,0,1,0,0,0,0,0,3
836,2.346,NEURORADIOLOGY,4,0,0,0,0,0,0,0,2,0,0,2
837,4.475,NEUROSURGERY,4,0,0,0,0,1,0,0,0,0,0,3
838,,NEW THER TRAUMXB,4,0,0,0,0,1,0,1,0,0,0,2
839,1.842,NOISE HEALTH,4,0,1,0,0,0,0,0,0,0,0,3
840,,P 10 INT JOINT CXB,4,0,0,0,0,0,0,0,0,0,0,4
841,1.124,P I MECH ENG H,4,0,0,0,0,2,0,0,0,0,0,2
842,2.556,PAIN PHYSICIAN,4,0,0,1,0,0,0,0,0,0,0,3
843,3.123,PEDIATR RES,4,0,0,2,0,0,0,0,0,0,0,2
844,2.748,PHILOS T R SOC A,4,0,0,0,0,0,0,0,0,0,0,4
845,1.621,PHYS BIOL,4,0,0,0,0,0,0,0,0,0,1,3
846,,PHYS EDUC STUD,4,0,0,0,0,0,0,1,0,1,1,1
847,8.839,PHYS REV LETT,4,0,0,0,0,0,0,0,0,1,1,2
848,0.558,PHYSIOL INT,4,0,0,0,1,0,1,0,0,0,0,2
849,3.427,PROG BIOPHYS MOL BIO,4,0,0,0,0,0,0,0,1,0,0,3
850,3.199,PSYCHIAT CLIN NEUROS,4,0,0,0,0,0,0,0,1,1,0,2
851,1.209,PSYCHOGERIATRICS,4,0,0,0,0,0,0,0,0,0,0,4
852,,PSYCHOL INQ,4,0,0,0,1,1,0,0,1,0,0,1
853,,PSYCHOL RUSS,4,0,1,0,0,0,0,0,0,0,0,3
854,2.406,PULM PHARMACOL THER,4,0,1,0,0,0,0,0,0,1,0,2
855,7.126,REDOX BIOL,4,0,0,0,0,0,1,0,0,0,1,2
856,14.257,REP PROG PHYS,4,0,0,0,1,0,0,0,1,0,0,2
857,,RES AUTISM SPECT DIS,4,0,0,0,0,0,0,0,0,0,0,4
858,1.616,RES VET SCI,4,0,0,0,0,0,0,0,0,0,0,4
859,,REV GEN PSYCHOL,4,0,0,0,0,0,0,0,0,0,0,4
860,,REV MEX NEUROCIENC,4,0,1,0,0,0,0,0,0,0,0,3
861,,RHYTHM STIM PROCXB,4,0,0,0,0,0,0,0,0,0,1,3
862,,RSC DRUG DISCOV,4,0,0,0,0,0,0,0,0,0,1,3
863,,SOC PERSONAL PSYCHOL,4,0,0,0,0,0,0,1,0,0,0,3
864,5.057,SOFT ROBOT,4,0,0,1,0,0,1,0,0,1,0,1
865,,SPIN MUSC ATR DISXB,4,0,0,0,0,1,0,1,0,0,0,2
866,2.792,SPINE,4,0,0,0,0,0,0,1,0,0,0,3
867,,SPORTS,4,0,0,0,0,0,0,0,0,0,0,4
868,,SPR SER TRANSL STROK,4,0,0,0,0,0,1,0,0,0,0,3
869,3.047,STRESS,4,0,0,0,0,0,0,0,0,0,0,4
870,0.707,TECH PHYS+,4,0,0,0,0,0,0,0,0,1,0,3
871,8.537,THERANOSTICS,4,0,0,0,0,0,1,0,1,0,0,2
872,2.067,TRIALS,4,0,0,0,0,0,0,0,0,0,1,3
873,0.641,TURK J MED SCI,4,0,0,0,0,0,0,0,0,0,0,4
874,2.960,WEAR,4,0,0,0,0,0,0,0,0,0,0,4
875,,WORLD J ORTHOP,4,0,0,1,1,0,0,0,0,1,0,1
876,0.293,YAKUGAKU ZASSHI,4,0,0,1,0,0,0,1,0,0,0,2
877,1.733,ZEBRAFISH,4,0,0,0,0,0,0,0,0,0,1,3
878,1.938,ZOOLOGY,4,0,0,0,0,0,0,0,0,1,0,3
879,,2017 IEEE EMBS INTXB,3,0,0,0,0,0,0,0,1,0,0,2
880,,8 INT SCIENT C KINXB,3,0,0,0,0,1,0,0,0,0,0,2
881,2.110,ACAD RADIOL,3,0,0,0,0,0,0,0,0,0,0,3
882,8.097,ACS APPL MATER INTER,3,0,0,0,0,0,0,0,0,0,0,3
883,5.711,ACS SENSORS,3,0,0,0,0,0,0,0,0,2,0,1
884,2.580,ACTA PAEDIATR,3,0,0,0,0,1,0,0,0,0,0,2
885,5.609,ADV HEALTHC MATER,3,0,0,0,0,0,0,0,0,0,1,2
886,2.824,AESTHET SURG J,3,0,0,0,0,0,1,0,0,0,0,2
887,5.179,AGING-US,3,0,0,0,0,1,0,0,0,0,0,2
888,,AIP C PROC,3,0,0,0,0,0,0,0,1,0,0,2
889,,AISTHESIS,3,0,0,0,0,0,0,0,0,0,0,3
890,2.425,ALCOHOL,3,0,0,0,0,0,1,0,0,0,0,2
891,5.015,ALZHEIMERS RES THER,3,0,0,0,0,0,0,0,0,0,0,3
892,3.653,AM J NEURORADIOL,3,0,0,0,0,0,1,0,1,0,0,1
893,3.293,AM J PHYSIOL-GASTR L,3,1,0,0,0,0,0,0,0,0,0,2
894,4.092,AM J PHYSIOL-LUNG C,3,0,0,0,0,0,0,0,0,0,0,3
895,2.288,AM J PRIMATOL,3,0,0,0,1,0,0,0,0,0,0,2
896,1.713,AM J SPEECH-LANG PAT,3,0,0,0,0,0,0,0,0,0,0,3
897,3.061,AM J TRANSL RES,3,0,0,0,0,0,0,0,1,0,0,2
898,0.833,AM J VET RES,3,0,0,0,0,0,0,0,0,0,0,3
899,3.432,ANN PHYS REHABIL MED,3,0,0,0,0,0,0,1,1,0,0,1
900,6.530,ANTIOXID REDOX SIGN,3,0,0,0,0,0,0,0,0,0,0,3
901,1.721,APPL ACOUST,3,0,0,0,0,0,0,0,0,0,0,3
902,2.300,APPL MATH COMPUT,3,0,0,1,0,0,0,0,1,0,0,1
903,1.558,APPL NEUROPSYCH-ADUL,3,0,0,0,0,0,0,0,0,1,0,2
904,1.388,APPL NEUROPSYCH-CHIL,3,0,0,0,0,0,0,2,0,0,0,1
905,3.617,ASN NEURO,3,0,0,0,0,0,0,0,0,0,0,3
906,0.546,B EXP BIOL MED+,3,0,0,0,0,0,0,0,0,0,1,2
907,2.473,BEHAV ECOL SOCIOBIOL,3,0,0,0,0,0,1,0,0,0,0,2
908,4.235,BIOCHEM PHARMACOL,3,0,0,0,0,0,1,0,0,0,0,2
909,2.000,BIOELECTROMAGNETICS,3,0,0,1,0,0,0,0,0,0,0,2
910,,BIOMED ENG-APP BAS C,3,0,0,0,0,0,0,0,0,0,0,3
911,,BIOMED HUM KINET,3,0,1,0,0,1,1,0,0,0,0,0
912,8.173,BIOSENS BIOELECTRON,3,0,0,0,0,0,0,0,0,0,0,3
913,1.619,BIOSYSTEMS,3,0,0,0,0,1,0,0,0,1,0,1
914,2.109,BMC COMPLEM ALTERN M,3,0,0,0,0,1,0,0,0,0,1,1
915,3.730,BMC GENOMICS,3,0,0,0,0,0,0,0,0,0,0,3
916,2.050,BMC SYST BIOL,3,0,0,0,0,0,0,0,0,0,0,3
917,,BRAIN BEHAV COGNIT,3,0,0,1,0,0,0,0,1,0,1,0
918,6.129,BRIT J DERMATOL,3,0,0,0,0,0,0,0,0,1,0,2
919,,BRIT J PSYCHOL,3,0,0,0,0,0,0,0,0,0,0,3
920,5.638,CELL DEATH DIS,3,0,0,0,0,0,0,0,0,0,0,3
921,2.363,CELL J,3,0,0,0,0,0,0,0,0,0,0,3
922,23.290,CELL STEM CELL,3,0,0,0,0,0,0,1,0,0,0,2
923,3.809,CELLULOSE,3,0,0,0,0,0,0,0,0,0,0,3
924,2.213,CHAOS SOLITON FRACT,3,0,0,0,0,0,0,0,0,0,0,3
925,3.296,CHEM-BIOL INTERACT,3,0,0,1,0,2,0,0,0,0,0,0
926,0.827,CHINESE J PHYSIOL,3,0,0,1,0,0,0,0,0,0,0,2
927,2.643,CHRONOBIOL INT,3,0,0,0,0,0,0,0,0,0,0,3
928,15.211,CIRC RES,3,0,0,2,0,0,0,0,0,0,0,1
929,1.736,CLIN NEUROL NEUROSUR,3,0,1,0,0,0,0,0,1,0,0,1
930,,CLIN PSYCHOL SCI,3,0,0,0,0,0,0,0,0,0,0,3
931,1.023,COLOR RES APPL,3,0,0,0,0,0,0,0,0,0,0,3
932,3.112,CURR DRUG TARGETS,3,0,0,0,0,0,0,0,0,0,0,3
933,3.234,CURR HYPERTENS REP,3,0,1,0,0,0,0,1,0,0,0,1
934,7.572,CURR OPIN CHEM BIOL,3,0,1,0,0,0,1,0,0,0,1,0
935,2.533,CURR OPIN OPHTHALMOL,3,0,1,1,1,0,0,0,0,0,0,0
936,,CURR OPIN PSYCHOL,3,0,0,0,1,0,0,0,0,2,0,0
937,3.864,CURR PSYCHIAT REP,3,0,0,0,0,0,0,1,1,0,0,1
938,3.262,DEV BIOL,3,0,0,0,0,0,0,0,0,0,1,2
939,1.340,DEV NEUROREHABIL,3,0,0,0,0,1,1,0,0,0,0,1
940,,DIS TARG NEUR DISXB,3,0,1,0,0,1,0,0,0,0,0,1
941,0.610,DOKL BIOCHEM BIOPHYS,3,0,0,0,0,0,0,0,0,1,0,2
942,0.261,ELECTR COMMUN JPN,3,0,0,1,0,0,1,0,0,0,0,1
943,,EMOT REV,3,0,0,0,0,0,0,0,0,0,0,3
944,3.553,EUR CHILD ADOLES PSY,3,0,0,1,0,1,0,0,0,0,0,1
945,2.576,EUR J SPORT SCI,3,0,0,0,0,0,0,0,0,0,0,3
946,2.387,EUR REV MED PHARMACO,3,0,0,1,0,0,0,0,0,0,0,2
947,1.639,EURASIP J ADV SIG PR,3,0,0,0,0,1,0,0,0,0,0,2
948,2.424,EXCLI J,3,0,0,0,0,0,0,0,0,0,0,3
949,4.692,EXPERT OPIN DRUG DIS,3,0,0,1,0,0,0,0,0,0,0,2
950,3.289,FOOD FUNCT,3,0,0,0,0,0,0,0,0,0,0,3
951,,FOOTWEAR SCI,3,0,0,0,0,0,0,0,0,0,0,3
952,0.395,FORTSCHR NEUROL PSYC,3,0,0,0,0,0,1,0,0,0,0,2
953,6.020,FREE RADICAL BIO MED,3,0,0,0,0,1,0,0,1,0,0,1
954,2.027,FRONT MED-PRC,3,0,0,0,0,0,0,0,0,0,1,2
955,,FRONT PUBLIC HEALTH,3,0,1,1,0,0,0,0,0,0,0,1
956,,FUNCT NEUROL,3,0,0,0,0,0,1,0,0,0,0,2
957,1.479,GEN PHYSIOL BIOPHYS,3,0,0,0,1,0,0,0,0,0,0,2
958,2.498,GENE,3,0,0,0,0,0,1,1,0,0,0,1
959,,HEARING BALANC COMMU,3,0,0,0,0,0,0,0,0,0,0,3
960,2.164,HISTOCHEM CELL BIOL,3,0,0,0,0,0,0,0,0,0,0,3
961,,HUM NAT BIOLXB,3,0,0,1,0,0,0,1,0,1,0,0
962,3.850,IEEE J BIOMED HEALTH,3,0,0,0,0,0,0,0,0,0,1,2
963,8.803,IEEE T CYBERNETICS,3,0,0,0,0,0,0,0,0,0,0,3
964,6.131,IEEE T MED IMAGING,3,0,0,0,0,0,0,1,0,0,0,2
965,2.158,IEEE T NANOBIOSCI,3,0,0,0,0,0,1,0,0,0,0,2
966,2.950,IEEE-ACM T AUDIO SPE,3,0,0,0,0,0,0,0,0,0,0,3
967,1.336,IET SCI MEAS TECHNOL,3,0,0,0,0,0,1,0,0,0,0,2
968,,IFMBE PROC,3,0,0,0,0,0,0,0,0,0,0,3
969,,INFLAMMOPHARMACOLOXB,3,0,0,0,0,0,0,0,0,0,0,3
970,4.305,INFORM SCIENCES,3,0,0,0,0,0,0,0,0,0,0,3
971,1.579,INT J DEV BIOL,3,0,2,0,0,0,0,0,0,0,1,0
972,0.908,INT J HUM ROBOT,3,0,0,0,1,0,0,0,0,1,0,1
973,1.259,INT J HUM-COMPUT INT,3,0,0,0,0,0,0,0,0,1,0,2
974,0.769,INT J MOD PHYS B,3,0,0,0,0,0,0,0,0,0,1,2
975,,INT J PHYSIOTHER,3,0,0,0,0,0,0,0,0,0,0,3
976,1.441,INT J SPEECH-LANG PA,3,0,0,0,0,0,1,0,0,0,0,2
977,,INT WINT WORKSH BR,3,0,0,0,0,0,0,1,1,0,0,1
978,0.568,ISOKINET EXERC SCI,3,0,0,0,0,0,0,0,1,0,0,2
979,,J ACUPUNCT MERIDIAN,3,0,0,0,0,0,0,0,0,1,0,2
980,3.412,J AGR FOOD CHEM,3,0,0,0,0,0,1,0,0,0,0,2
981,14.357,J AM CHEM SOC,3,0,0,0,0,0,0,0,0,0,0,3
982,1.454,J ANESTH,3,0,0,0,0,1,0,1,0,0,0,1
983,0.982,J BACK MUSCULOSKELET,3,0,0,0,0,0,0,1,0,1,0,1
984,3.628,J BEHAV ADDICT,3,0,0,0,0,0,0,0,2,1,0,0
985,1.996,J COMPUT NONLIN DYN,3,0,0,0,0,0,0,0,0,0,0,3
986,,J CONSULT CLIN PSYCH,3,0,0,0,0,0,0,0,1,0,0,2
987,3.662,J ELECTROCHEM SOC,3,0,0,0,0,0,0,0,0,0,0,3
988,1.483,J EVAL CLIN PRACT,3,0,0,0,0,0,0,2,1,0,0,0
989,,J EXP NEUROSCI,3,0,0,1,0,0,0,0,0,0,0,2
990,2.211,J INTEL MAT SYST STR,3,0,0,0,0,0,0,0,1,0,1,1
991,4.776,J MATER CHEM B,3,0,1,0,0,0,0,0,0,0,0,2
992,2.829,J MEM LANG,3,0,0,0,0,0,0,0,0,0,0,3
993,2.655,J NEUROIMMUNOL,3,0,0,0,0,0,0,0,0,0,0,3
994,,J OCC THER SCH EARLY,3,0,1,0,0,0,1,0,1,0,0,0
995,1.610,J ORTHOP SURG RES,3,0,0,1,0,0,0,0,0,0,0,2
996,3.165,J PHOTOCH PHOTOBIO B,3,0,0,0,0,0,1,0,0,0,0,2
997,8.709,J PHYS CHEM LETT,3,0,1,0,0,0,0,0,0,0,1,1
998,2.373,J PHYS D APPL PHYS,3,0,1,0,0,0,0,0,0,1,0,1
999,11.613,J PINEAL RES,3,0,1,0,0,0,0,0,0,0,0,2
1000,2.947,J PSYCHOSOM RES,3,0,0,0,0,0,0,0,0,1,0,2
1001,1.811,J SPORT REHABIL,3,0,0,0,1,0,0,0,0,0,0,2
1002,1.591,J TEXTURE STUD,3,0,0,0,0,0,0,0,0,0,0,3
1003,1.291,J VET EMERG CRIT CAR,3,0,0,0,0,0,0,1,0,0,0,2
1004,2.185,J VET INTERN MED,3,0,0,0,0,0,0,0,0,0,0,3
1005,11.460,JAMA NEUROL,3,0,0,0,1,0,0,1,0,0,0,1
1006,15.233,LANCET PSYCHIAT,3,0,0,0,0,0,0,1,1,0,1,0
1007,8.136,MATRIX BIOL,3,0,0,0,0,0,0,0,0,0,0,3
1008,2.796,MECH MACH THEORY,3,0,0,0,0,0,0,0,0,1,0,2
1009,8.290,MED RES REV,3,0,0,0,0,1,0,0,0,0,0,2
1010,1.894,MED SCI MONITOR,3,0,1,0,0,0,0,0,0,0,0,2
1011,3.549,MEDIAT INFLAMM,3,0,0,0,0,0,0,0,0,0,0,3
1012,,MIDWEST SYMP CIRCUIT,3,0,0,0,1,0,1,0,1,0,0,0
1013,0.782,MIL MED,3,0,0,0,1,1,0,0,0,0,0,1
1014,0.731,MOD PHYS LETT B,3,0,0,1,0,0,0,0,1,0,0,1
1015,,MODEL OPTIM SCI TECH,3,0,0,0,0,0,0,0,0,0,0,3
1016,6.291,MOL METAB,3,0,0,1,0,0,0,1,0,0,0,1
1017,2.219,MOL VIS,3,0,0,0,0,1,1,0,0,0,1,0
1018,5.280,MULT SCLER J,3,0,0,0,1,0,0,0,0,0,1,1
1019,3.199,MULT SCLER RELAT DIS,3,0,0,1,0,0,0,0,0,0,0,2
1020,11.406,NAT PROD REP,3,0,0,0,0,0,0,0,0,0,0,3
1021,50.167,NAT REV DRUG DISCOV,3,0,0,0,1,1,0,0,0,0,0,1
1022,2.130,NEURAL DEV,3,0,0,0,0,0,0,0,0,1,0,2
1023,1.214,NEUROETHICS-NETH,3,0,0,0,0,0,0,0,1,1,0,1
1024,0.200,NEUROL ASIA,3,0,0,0,0,0,0,0,0,0,0,3
1025,1.938,NEUROLOGIA,3,0,0,1,0,0,0,0,0,1,0,1
1026,,NEW IDEAS PSYCHOL,3,0,0,0,0,0,0,0,0,0,0,3
1027,,NEW ZEAL MED J,3,0,1,0,0,1,0,0,0,0,0,1
1028,4.293,NICOTINE TOB RES,3,0,0,0,0,0,0,0,1,0,0,2
1029,,NPJ SCHIZOPHR,3,0,0,0,0,0,1,0,2,0,0,0
1030,2.262,OPHTHAL PHYSL OPT,3,0,0,0,0,1,0,0,0,0,0,2
1031,,P ASM 9 ANN DYNXB,3,0,0,0,0,0,0,0,0,0,0,3
1032,,P IEEE VIRT REAL ANN,3,0,0,0,0,0,1,0,0,0,0,2
1033,2.187,PAIN PRACT,3,0,0,0,0,0,0,0,0,0,0,3
1034,,PAIN RES TREAT,3,0,0,0,0,0,0,0,0,0,0,3
1035,2.117,PARKINSONS DIS-US,3,0,1,0,1,0,0,0,0,0,0,1
1036,,PERS INDIV DIFFER,3,0,0,0,0,0,0,0,1,0,0,2
1037,,PERSPECT PSYCHOL SCI,3,0,0,0,0,0,0,0,1,0,1,1
1038,0.385,PESQUI VET BRASIL,3,0,0,0,0,1,0,0,0,0,0,2
1039,3.906,PHYS CHEM CHEM PHYS,3,0,0,0,0,0,0,0,0,0,0,3
1040,1.863,PHYS LETT A,3,0,0,0,0,0,0,0,0,0,0,3
1041,1.919,PHYS THER SPORT,3,0,0,0,0,0,0,0,0,0,0,3
1042,1.960,PHYSICA D,3,0,0,0,0,0,0,0,0,0,0,3
1043,3.120,PHYSIOTHERAPY,3,0,0,0,1,0,0,0,0,0,0,2
1044,1.202,PRIMATES,3,0,0,0,0,0,0,0,0,0,0,3
1045,,PROCEDIA COMPUT SCI,3,0,0,0,0,0,1,1,0,0,0,1
1046,1.441,PUBLIC HEALTH,3,0,0,0,0,0,0,0,0,0,0,3
1047,7.469,RADIOLOGY,3,0,1,0,0,0,0,0,1,1,0,0
1048,,REV FAC ING-UNIV ANT,3,0,0,0,0,0,0,0,0,0,0,3
1049,4.750,REV FISH SCI AQUAC,3,0,0,0,0,0,0,0,1,0,0,2
1050,,REV PHILOS PSYCHOL,3,0,0,0,0,0,0,0,1,0,0,2
1051,1.428,REV SCI INSTRUM,3,0,0,0,1,0,0,0,0,0,0,2
1052,3.739,RIV NUOVO CIMENTO,3,0,0,0,0,0,0,0,0,1,0,2
1053,,ROUTL STUD NEW MEDIA,3,0,0,0,0,0,0,0,0,0,0,3
1054,,SCAND J PSYCHOL,3,0,0,0,0,0,1,0,0,0,0,2
1055,2.188,SCI CHINA INFORM SCI,3,0,0,0,0,0,0,0,0,0,0,3
1056,4.356,SEMIN ARTHRITIS RHEU,3,0,0,1,0,0,0,0,1,0,0,1
1057,1.870,SEMIN NEUROL,3,0,0,0,0,0,1,1,0,0,0,1
1058,,SENS EVAL SER,3,0,0,0,0,0,0,0,0,0,0,3
1059,5.667,SENSOR ACTUAT B-CHEM,3,0,0,0,0,0,0,1,0,0,0,2
1060,,SPORT TRAUMATOL,3,0,0,0,0,0,1,0,0,0,0,2
1061,2.694,SPORTS HEALTH,3,0,0,1,0,0,0,0,0,1,0,1
1062,6.537,STEM CELL REP,3,0,0,0,0,0,0,0,0,0,0,3
1063,3.989,STEM CELLS INT,3,0,1,0,0,0,0,0,0,0,0,2
1064,6.239,STROKE,3,0,0,0,1,0,0,0,0,0,0,2
1065,,STUD NEUROSCI,3,0,0,0,0,0,0,0,0,0,0,3
1066,1.034,SYNTHESE,3,0,0,0,0,0,0,0,0,1,0,2
1067,,TOP GERIATR REHABIL,3,0,0,0,0,0,0,0,0,0,0,3
1068,0.833,TRANSL NEUROSCI,3,0,0,0,0,1,0,0,1,0,0,1
1069,7.038,TRENDS CANCER,3,0,0,0,0,0,0,0,0,0,0,3
1070,1.808,TRENDS HEAR,3,0,0,0,0,1,0,0,1,0,0,1
1071,1.176,UNIVERSAL ACCESS INF,3,0,0,0,0,0,0,0,0,0,0,3
1072,,2017 6 DAT DRIVXB,2,0,0,0,0,0,0,0,0,0,0,2
1073,,2017 EUR C CIRCXB,2,0,1,0,0,0,0,0,0,0,0,1
1074,,2017 IEEE 3 INT FOXB,2,0,0,0,0,0,0,2,0,0,0,0
1075,,2017 INT C BIOMXB,2,0,0,0,1,0,0,0,0,0,0,1
1076,,2017 INT C COMPXB,2,0,0,0,0,0,0,0,0,0,0,2
1077,,2017 INT C NASCXB,2,0,0,0,0,0,0,0,0,2,0,0
1078,,2017 SENS NETWXB,2,0,0,0,0,0,0,0,0,0,2,0
1079,2.666,AAPS PHARMSCITECH,2,0,0,0,0,0,0,0,0,0,0,2
1080,4.384,ACM T GRAPHIC,2,0,0,0,0,0,0,0,0,0,0,2
1081,2.973,ACM T INTEL SYST TEC,2,0,0,0,0,0,0,0,0,0,0,2
1082,0.782,ACOUST PHYS+,2,0,0,0,0,0,0,0,0,0,0,2
1083,2.270,ACTA ANAESTH SCAND,2,0,0,0,0,0,0,0,0,0,0,2
1084,0.525,ACTA BIOL COLOMB,2,0,0,0,0,0,1,0,0,0,0,1
1085,6.383,ACTA BIOMATER,2,1,0,1,0,0,0,0,0,0,0,0
1086,0.645,ACTA CHIR ORTHOP TR,2,0,0,0,0,0,0,0,0,0,0,2
1087,,ACTA GYMNICA,2,0,0,0,0,0,0,0,0,0,0,2
1088,0.872,ACTA HISTOCHEM CYTOC,2,0,0,0,0,0,0,0,0,0,0,2
1089,0.562,ACTA MED OKAYAMA,2,0,0,0,0,1,0,0,0,0,0,1
1090,3.126,ACTA NEUROL SCAND,2,0,1,0,0,0,0,1,0,0,0,0
1091,3.562,ACTA PHARMACOL SIN,2,0,0,0,0,0,0,0,0,0,0,2
1092,2.509,ACTA TROP,2,0,1,0,1,0,0,0,0,0,0,0
1093,2.686,ADDICT BEHAV,2,0,0,0,0,0,0,0,1,0,0,1
1094,,ADV COGN PSYCHOL,2,0,0,1,0,1,0,0,0,0,0,0
1095,13.660,ADV DRUG DELIVER REV,2,0,1,0,0,0,1,0,0,0,0,0
1096,5.466,ADV ELECTRON MATER,2,0,0,0,0,0,0,0,0,0,0,2
1097,2.114,ADV INSECT PHYSIOL,2,0,0,0,0,0,0,0,1,0,0,1
1098,21.950,ADV MATER,2,0,0,0,0,0,1,0,0,0,0,1
1099,7.430,ADV OPT MATER,2,0,0,0,0,0,1,0,0,0,0,1
1100,,AER ADV ENG RES,2,0,0,0,0,0,0,0,0,1,0,1
1101,5.058,AGING DIS,2,0,0,0,0,0,0,0,0,0,0,2
1102,,AGING NEUROPSYCHOL C,2,0,0,0,0,0,0,0,0,0,0,2
1103,2.368,ALCOHOL ALCOHOLISM,2,0,0,0,0,0,0,0,0,1,0,1
1104,2.231,AM J DRUG ALCOHOL AB,2,0,0,0,0,0,0,0,0,0,1,1
1105,3.480,AM J GERIAT PSYCHIAT,2,0,0,0,0,0,0,0,0,0,0,2
1106,8.855,AM J HUM GENET,2,0,0,0,0,0,0,0,0,0,0,2
1107,3.016,AM J MED GENET B,2,0,0,0,0,0,0,0,0,0,0,2
1108,3.785,AM J RESP CELL MOL,2,0,0,0,0,0,0,0,0,0,0,2
1109,1.105,AMPHIBIA-REPTILIA,2,0,0,0,0,0,0,0,0,0,0,2
1110,,ANAESTH INTENSIVE TH,2,0,0,0,0,0,0,0,0,0,0,2
1111,3.864,ANALYST,2,0,0,0,0,0,0,0,0,0,0,2
1112,1.402,ANIM SCI J,2,0,0,1,0,0,0,0,0,0,0,1
1113,,ANN REHABIL MED-ARM,2,0,0,0,0,0,0,0,0,0,0,2
1114,8.788,ANNU REV BIOMED ENG,2,0,0,1,0,0,0,0,0,1,0,0
1115,13.295,ANNU REV PHARMACOL,2,0,0,1,0,0,0,0,0,0,0,1
1116,,APPL COMPUT INTELL S,2,0,0,0,0,0,0,0,0,0,0,2
1117,1.538,APPL MATH MECH-ENGL,2,0,0,0,0,0,0,0,0,0,0,2
1118,2.617,APPL MATH MODEL,2,0,0,0,0,0,0,0,0,0,0,2
1119,1.791,APPL OPTICS,2,0,0,0,0,0,0,0,0,0,0,2
1120,3.495,APPL PHYS LETT,2,0,0,0,0,0,0,0,0,0,0,2
1121,2.518,APPL PHYSIOL NUTR ME,2,0,0,0,1,0,0,0,0,0,0,1
1122,,APPL PSYCHOPHYS BIOF,2,0,0,0,0,0,0,0,1,0,0,1
1123,,APUNTS-MED ESPORT,2,0,0,0,0,0,0,0,0,0,0,2
1124,2.710,AQUACULTURE,2,0,0,0,0,0,0,0,0,0,0,2
1125,3.118,ARCH BIOCHEM BIOPHYS,2,0,0,0,0,0,0,0,0,0,0,2
1126,2.241,ARCH GERONTOL GERIAT,2,0,0,0,0,0,1,0,0,0,0,1
1127,2.330,ARCH PHARM RES,2,0,0,0,0,1,0,0,0,0,0,1
1128,,ARCH SEX BEHAV,2,0,0,0,0,0,0,0,0,0,0,2
1129,,ARTIF LIFE ROBOT,2,0,0,0,0,0,0,0,0,0,0,2
1130,,AUDIOL RES,2,0,0,0,0,0,0,0,1,0,0,1
1131,1.387,AURIS NASUS LARYNX,2,0,0,0,0,0,0,0,0,0,0,2
1132,8.745,AUTOIMMUN REV,2,0,0,0,0,0,0,1,0,0,0,1
1133,2.659,BASIC CLIN PHARMACOL,2,0,0,0,0,0,0,0,0,0,0,2
1134,1.854,BEHAV PHARMACOL,2,0,0,0,0,0,0,0,0,0,0,2
1135,3.857,BIOCHEM J,2,0,0,0,0,0,0,0,0,0,0,2
1136,3.188,BIOCHIMIE,2,0,0,0,0,0,0,1,0,0,0,1
1137,1.374,BIOCYBERN BIOMED ENG,2,0,0,0,0,0,1,0,0,0,0,1
1138,3.825,BIODRUGS,2,0,0,0,0,0,1,0,0,0,0,1
1139,0.351,BIOL BULL+,2,0,0,0,0,0,0,0,0,0,0,2
1140,3.022,BIOL CHEM,2,0,1,0,0,0,0,0,0,0,0,1
1141,0.787,BIOL INSPIR COGN ARC,2,0,0,0,0,0,0,0,0,0,0,2
1142,3.184,BIOL REPROD,2,0,0,0,0,1,0,0,0,0,0,1
1143,1.723,BIOMED J,2,0,0,0,0,0,0,0,0,0,0,2
1144,2.077,BIOMED MICRODEVICES,2,0,0,0,0,0,0,0,0,0,0,2
1145,1.284,BIOMED RES-TOKYO,2,0,0,0,0,0,0,0,0,0,0,2
1146,2.656,BIOMOL THER,2,0,0,0,0,0,0,0,0,0,0,2
1147,1.870,BIOPHYS CHEM,2,0,1,0,0,0,0,0,0,0,0,1
1148,,BIOSOCIETIES,2,0,0,0,0,0,0,0,0,0,0,2
1149,1.788,BMC ANESTHESIOL,2,0,0,0,0,0,0,0,0,0,0,2
1150,1.813,BMC BIOPHYS,2,0,0,0,0,0,0,0,0,0,0,2
1151,2.866,BMC GERIATR,2,0,0,0,0,0,0,0,0,0,0,2
1152,,BMC SPORTS SCI MED R,2,0,0,0,0,0,0,0,0,0,0,2
1153,1.699,BRAZ J PHYS THER,2,0,0,0,0,0,0,0,0,0,0,2
1154,2.193,CAN J DIABETES,2,0,0,0,0,0,0,0,0,0,0,2
1155,2.210,CAN J PHYSIOL PHARM,2,0,0,0,0,0,0,1,0,0,0,1
1156,5.500,CELL PHYSIOL BIOCHEM,2,0,0,0,1,0,0,0,0,0,0,1
1157,1.275,CELLS TISSUES ORGANS,2,0,1,0,0,0,0,0,0,0,0,1
1158,3.306,CHEM ENG SCI,2,0,0,0,0,0,1,0,0,0,0,1
1159,1.641,CHEMOSENS PERCEPT,2,0,0,0,0,0,0,0,0,1,0,1
1160,,CHEMOSENSORS,2,0,0,0,0,0,1,0,0,0,0,1
1161,,CHILD DEV,2,0,0,0,0,0,0,0,0,0,1,1
1162,1.235,CHILD NERV SYST,2,0,0,1,0,0,0,1,0,0,0,0
1163,2.740,CHILD NEUROPSYCHOL,2,0,0,0,0,0,0,0,0,0,1,1
1164,2.895,CIRC J,2,0,1,0,0,0,0,0,0,0,0,1
1165,2.092,CLIN EXP PHARMACOL P,2,0,0,0,0,0,0,1,0,0,0,1
1166,3.201,CLIN EXP RHEUMATOL,2,0,0,0,0,0,0,0,0,0,0,2
1167,,CLIN NEUROPSYCHIATR,2,0,1,0,0,0,0,0,0,0,0,1
1168,2.790,CLIN NEURORADIOL,2,0,0,0,0,0,0,1,0,0,0,1
1169,2.696,CLIN OTOLARYNGOL,2,0,0,0,0,0,0,0,0,0,0,2
1170,,CLIN PSYCHOL REV,2,0,0,0,0,0,0,0,1,0,0,1
1171,,CLIN TRANSL MED,2,0,0,2,0,0,0,0,0,0,0,0
1172,1.444,COGN BEHAV NEUROL,2,0,0,0,0,0,0,0,0,0,0,2
1173,3.997,COLLOID SURFACE B,2,0,0,0,0,0,0,0,0,0,0,2
1174,3.063,COMMUN ACM,2,1,0,0,0,0,1,0,0,0,0,0
1175,1.684,COMP BIOCHEM PHYS B,2,0,0,0,0,0,0,0,0,1,0,1
1176,2.913,COMP BIOCHEM PHYS D,2,0,0,0,0,0,0,0,0,0,0,2
1177,,COMP EXERC PHYSIOL,2,0,0,0,0,0,0,0,0,0,0,2
1178,1.701,COMPLEMENT THER CLIN,2,0,0,0,0,0,0,0,0,0,0,2
1179,2.084,COMPLEMENT THER MED,2,0,0,0,1,0,0,0,0,0,0,1
1180,0.697,COMPUT ANIMAT VIRT W,2,0,0,0,0,0,0,0,0,0,0,2
1181,1.860,COMPUT MATH APPL,2,0,0,0,0,0,0,0,0,0,0,2
1182,2.616,CONTROL ENG PRACT,2,0,0,0,0,0,0,0,0,0,0,2
1183,2.464,CORNEA,2,0,0,1,0,1,0,0,0,0,0,0
1184,,CUAD NEUROPSICOL,2,0,0,2,0,0,0,0,0,0,0,0
1185,2.560,CURR ATHEROSCLER REP,2,0,1,0,0,0,0,0,0,0,0,1
1186,2.655,CURR DRUG METAB,2,0,0,0,0,0,0,1,0,0,0,1
1187,3.370,CURR OPIN NEPHROL HY,2,1,0,1,0,0,0,0,0,0,0,0
1188,2.673,CURR OPIN PEDIATR,2,0,0,1,1,0,0,0,0,0,0,0
1189,2.696,CURR PROTEIN PEPT SC,2,0,0,0,0,0,0,0,0,0,0,2
1190,,CURR PSYCHIATRY REV,2,0,0,0,0,0,0,0,0,0,0,2
1191,2.471,DERMATOL SURG,2,0,0,0,0,1,0,0,0,1,0,0
1192,2.333,DEV NEUROPSYCHOL,2,0,0,0,0,0,0,1,0,0,0,1
1193,7.273,DIABETES,2,0,0,1,0,0,0,0,0,0,0,1
1194,1.531,DRUG CHEM TOXICOL,2,0,0,0,0,0,0,0,0,0,0,2
1195,2.646,DRUG DEVELOP RES,2,0,0,0,0,0,0,0,0,0,0,2
1196,,EL PACKAG TECH CONF,2,0,0,0,0,1,1,0,0,0,0,0
1197,,ELEC COMP C,2,0,0,0,0,1,1,0,0,0,0,0
1198,1.232,ELECTRON LETT,2,0,0,0,0,0,0,0,1,1,0,0
1199,2.569,ELECTROPHORESIS,2,0,0,0,0,0,1,0,0,0,0,1
1200,2.800,ENVIRON SCI POLLUT R,2,0,0,0,0,0,0,0,0,0,0,2
1201,1.500,EPILEPTIC DISORD,2,0,0,0,0,1,0,0,0,0,0,1
1202,2.939,EUR J CELL BIOL,2,0,0,0,0,0,0,1,0,0,0,1
1203,2.200,EUR J LIPID SCI TECH,2,0,0,0,0,0,0,1,0,0,0,1
1204,,EUR J PHYSIOTHER,2,0,0,0,0,0,0,0,0,0,0,2
1205,4.129,EUR PSYCHIAT,2,0,0,0,0,0,1,0,0,0,0,1
1206,12.244,EUR RESPIR J,2,0,0,0,0,0,0,0,0,0,0,2
1207,3.623,EVOL HUM BEHAV,2,0,0,0,0,0,0,0,0,0,0,2
1208,3.974,EXPERT OPIN BIOL TH,2,0,0,0,1,0,1,0,0,0,0,0
1209,0.684,EXPERT OPIN ORPHAN D,2,0,0,0,1,0,0,0,0,0,0,1
1210,4.598,EXPERT OPIN THER TAR,2,0,1,0,0,0,0,0,0,0,0,1
1211,0.991,EXPLORE-NY,2,0,0,0,0,0,0,0,0,0,0,2
1212,5.089,FOOD HYDROCOLLOID,2,0,0,0,0,0,0,0,0,0,0,2
1213,,FRONT SOC PSYCHOL,2,0,0,0,0,0,0,0,0,0,0,2
1214,3.627,FRONT ZOOL,2,0,1,0,0,0,0,0,0,0,0,1
1215,1.361,FUND APPL LIMNOL,2,0,0,0,0,0,0,0,0,0,0,2
1216,,GAMES HEALTH J,2,0,0,0,0,0,0,0,0,0,0,2
1217,1.859,GASTROENT RES PRACT,2,0,0,0,0,0,0,0,2,0,0,0
1218,20.773,GASTROENTEROLOGY,2,0,0,0,0,0,0,0,0,0,0,2
1219,,GAZZ MED ITAL ARCH S,2,0,0,0,0,0,0,0,0,0,0,2
1220,2.656,GERIATR GERONTOL INT,2,0,1,0,0,0,0,0,0,0,0,1
1221,17.016,GUT,2,0,0,0,0,0,1,0,0,0,0,1
1222,3.264,HARVARD REV PSYCHIAT,2,0,0,0,0,0,0,1,0,0,1,0
1223,3.177,HEALTH PSYCHOL,2,0,0,0,1,0,0,0,0,0,0,1
1224,1.632,HEREDITAS,2,0,0,0,0,0,0,0,0,0,0,2
1225,2.015,HISTOL HISTOPATHOL,2,0,0,0,0,0,0,0,0,0,0,2
1226,2.806,HUM PSYCHOPHARM CLIN,2,0,0,0,0,0,0,0,0,0,1,1
1227,6.823,HYPERTENSION,2,0,0,0,1,0,0,0,0,0,0,1
1228,2.428,IEEE ACM T COMPUT BI,2,0,0,0,0,0,0,0,0,1,0,1
1229,,IEEE ASME INT C ADV,2,0,0,0,0,0,0,0,0,1,0,1
1230,,IEEE INT CONF COMP V,2,0,0,0,0,0,0,0,0,0,0,2
1231,,IEEE INT CONF SERIOU,2,0,0,0,0,0,0,0,0,0,0,2
1232,1.754,IEEE J TRANSL ENG HE,2,0,0,0,0,0,0,0,0,0,0,2
1233,4.361,IEEE J-STSP,2,0,0,0,0,0,0,0,0,0,0,2
1234,3.667,IEEE T AUTOM SCI ENG,2,0,1,0,0,0,0,0,0,1,0,0
1235,2.450,IEEE T CIRCUITS-II,2,0,0,1,0,0,0,0,1,0,0,0
1236,1.467,IEEE T MAGN,2,0,0,0,1,0,0,0,0,0,0,1
1237,5.135,IEEE T SYST MAN CY-S,2,0,0,0,0,0,0,0,0,0,0,2
1238,,IEEE-CAA J AUTOMATIC,2,0,0,0,0,0,0,0,0,0,0,2
1239,,INDIAN J OTOL,2,0,0,0,0,0,0,0,0,0,0,2
1240,,INFANT BEHAV DEV,2,0,0,0,0,0,0,0,0,0,0,2
1241,3.562,INSECT BIOCHEM MOLEC,2,0,0,0,0,1,0,0,0,0,0,1
1242,2.091,INSECT SCI,2,0,0,0,0,0,0,0,0,1,0,1
1243,2.148,INT ARCH OCC ENV HEA,2,0,0,0,1,0,0,0,1,0,0,0
1244,2.454,INT FORUM ALLERGY RH,2,0,0,0,0,0,1,0,0,0,0,1
1245,,INT J ADV APPL SCI,2,0,0,0,0,0,0,0,0,0,0,2
1246,0.952,INT J ADV ROBOT SYST,2,0,0,0,0,0,0,0,0,0,0,2
1247,4.057,INT J BIOL SCI,2,1,0,0,0,0,0,0,0,0,0,1
1248,4.034,INT J CARDIOL,2,0,0,1,0,0,0,0,0,0,0,1
1249,,INT J CLIN EXP HYP,2,0,0,0,0,0,0,0,0,0,0,2
1250,11.541,INT J COMPUT VISION,2,0,0,0,0,0,0,0,0,0,0,2
1251,2.145,INT J ENV RES PUB HE,2,0,1,0,0,0,1,0,0,0,0,0
1252,1.423,INT J IMAG SYST TECH,2,0,0,0,0,0,0,0,0,1,0,1
1253,1.429,INT J IND ERGONOM,2,0,0,0,0,0,0,0,0,0,0,2
1254,2.284,INT J MED SCI,2,0,0,0,0,0,0,0,0,0,0,2
1255,2.784,INT J MOL MED,2,0,0,0,0,0,0,0,0,0,1,1
1256,0.704,INT J OSTEOPATH MED,2,0,0,0,0,0,0,0,0,0,0,2
1257,1.144,INT J PERF ANAL SPOR,2,0,0,0,0,0,0,0,0,0,1,1
1258,,INT J PHARM SCI RES,2,0,0,0,0,0,0,0,0,1,0,1
1259,1.661,INT J PRECIS ENG MAN,2,0,0,0,0,0,0,0,1,0,0,1
1260,1.432,INT J REHABIL RES,2,0,0,0,0,0,0,0,0,0,0,2
1261,2.453,INT J SPORTS MED,2,0,0,0,0,0,0,0,0,0,0,2
1262,,INT J THER REHABIL,2,0,0,0,0,0,0,0,0,1,0,1
1263,1.504,INT J TOXICOL,2,0,0,0,0,0,1,0,1,0,0,0
1264,1.941,INT J UROL,2,0,0,0,0,0,0,0,0,0,0,2
1265,3.294,INTEGR BIOL-UK,2,0,0,0,0,0,0,1,0,0,1,0
1266,1.333,INVERTEBR BIOL,2,0,0,0,0,0,0,0,0,0,0,2
1267,1.372,IRAN J PHARM RES,2,0,0,0,0,0,0,0,0,0,0,2
1268,0.524,IRAN J RADIOL,2,0,0,0,0,0,0,0,0,0,0,2
1269,0.786,IRAN RED CRESCENT ME,2,0,0,0,0,0,0,0,1,0,0,1
1270,0.916,J AAPOS,2,0,0,1,0,0,0,0,0,0,0,1
1271,,J ABNORM PSYCHOL,2,0,0,0,0,0,0,0,0,0,0,2
1272,,J AM PHILOS ASSOC,2,0,0,0,0,0,0,0,0,0,0,2
1273,,J APPL BIOBEHAV RES,2,0,0,0,0,0,0,0,0,0,0,2
1274,2.909,J APPL TOXICOL,2,0,0,0,0,0,0,0,0,0,0,2
1275,3.668,J ATTEN DISORD,2,0,0,0,0,0,0,1,0,0,0,1
1276,2.914,J BIOENERG BIOMEMBR,2,0,0,0,0,0,0,0,0,0,1,1
1277,3.768,J BIOPHOTONICS,2,0,0,0,0,0,0,0,0,0,0,2
1278,2.959,J CELL BIOCHEM,2,0,0,1,0,0,0,0,0,0,0,1
1279,2.901,J CHILD ADOL PSYCHOP,2,0,0,0,0,0,0,0,0,0,0,2
1280,1.818,J CLIN ANESTH,2,0,0,0,0,0,0,0,0,0,0,2
1281,2.450,J CLIN MONIT COMPUT,2,0,0,0,0,0,0,0,0,0,0,2
1282,,J COGN PSYCHOL,2,0,0,0,0,0,0,0,0,0,0,2
1283,1.771,J COMP PSYCHOL,2,0,0,0,0,0,0,0,0,0,0,2
1284,3.235,J ELECTROANAL CHEM,2,0,0,0,0,0,0,0,0,0,0,2
1285,2.886,J ENDODONT,2,0,0,0,0,0,0,0,0,0,0,2
1286,1.127,J ETHOL,2,0,0,0,0,0,0,0,1,0,0,1
1287,2.538,J EVOLUTION BIOL,2,0,0,0,0,0,0,0,1,1,0,0
1288,2.010,J EXP ANAL BEHAV,2,0,0,0,0,0,0,0,1,0,0,1
1289,1.246,J EXP ZOOL PART A,2,0,0,0,0,0,0,0,0,0,0,2
1290,1.466,J FELINE MED SURG,2,0,0,0,0,0,0,0,0,0,0,2
1291,3.470,J FUNCT FOODS,2,0,1,0,0,0,0,0,0,0,0,1
1292,0.948,J HUAZHONG U SCI-MED,2,0,0,0,0,0,0,0,0,0,0,2
1293,1.136,J INNOV OPT HEAL SCI,2,0,0,0,0,0,0,0,0,0,0,2
1294,6.448,J INVEST DERMATOL,2,0,0,1,0,0,0,0,0,0,1,0
1295,0.967,J LARYNGOL OTOL,2,0,0,0,0,0,0,0,0,1,0,1
1296,2.233,J MECH ROBOT,2,0,0,0,0,0,0,0,0,0,0,2
1297,,J MED INVESTIG,2,0,0,1,0,0,0,1,0,0,0,0
1298,0.432,J MED PRIMATOL,2,0,0,0,0,0,0,0,0,0,0,2
1299,1.638,J MEMBRANE BIOL,2,0,0,0,0,0,0,0,1,0,0,1
1300,5.595,J MOL CELL BIOL,2,0,0,0,0,0,0,0,0,0,0,2
1301,3.885,J NAT PROD,2,0,0,0,0,0,0,1,0,0,0,1
1302,3.060,J NEURO-ONCOL,2,0,0,0,0,0,0,0,0,0,0,2
1303,3.664,J NEUROIMMUNE PHARM,2,0,0,0,0,0,0,0,0,0,0,2
1304,,J NEUROSCI PSYCHOL E,2,0,0,1,0,0,0,0,0,0,0,1
1305,1.680,J OPHTHALMOL,2,0,0,0,0,0,0,0,0,0,0,2
1306,3.172,J PARKINSON DIS,2,0,0,0,0,0,0,0,0,0,0,2
1307,3.667,J PEDIATR-US,2,0,0,1,0,0,0,0,0,0,0,1
1308,2.183,J PERINATOL,2,0,0,1,0,0,0,0,0,0,0,1
1309,3.146,J PHYS CHEM B,2,0,0,0,0,0,0,0,0,0,0,2
1310,,J PHYS CONF SER,2,0,0,0,0,0,0,0,0,0,0,2
1311,2.478,J PHYSIOL PHARMACOL,2,0,0,0,0,0,0,0,0,0,0,2
1312,1.802,J REHABIL MED,2,0,0,0,0,0,0,0,0,0,0,2
1313,,J RES MED DENT SCI,2,0,0,0,0,0,0,0,0,0,0,2
1314,,J ROBOT MECHATRON,2,0,0,0,0,0,0,0,0,0,0,2
1315,3.339,J SEX MED,2,0,0,0,0,0,0,0,0,0,0,2
1316,2.849,J SHOULDER ELB SURG,2,0,1,0,0,0,0,0,0,0,0,1
1317,2.410,J SPORT EXERCISE PSY,2,0,0,0,0,0,0,0,1,0,0,1
1318,0.826,J TIME SER ANAL,2,0,0,0,0,1,0,0,0,0,0,1
1319,3.755,J TRACE ELEM MED BIO,2,0,0,0,0,0,0,0,0,0,0,2
1320,6.669,JAMA OPHTHALMOL,2,0,0,0,0,0,0,0,1,0,0,1
1321,1.775,JPN J OPHTHALMOL,2,0,0,0,0,0,0,0,0,0,0,2
1322,0.922,LARYNGO RHINO OTOL,2,0,0,0,0,0,0,0,0,0,0,2
1323,2.235,LASER PHYS LETT,2,0,0,0,0,0,0,0,0,0,0,2
1324,,LECT NOTES COMPUT SC,2,0,0,0,0,0,0,0,0,0,0,2
1325,1.038,LUTS,2,0,0,0,0,0,0,0,0,0,0,2
1326,,MALAYS J MED SCI,2,0,0,0,0,0,0,0,0,0,0,2
1327,1.443,MAMM BIOL,2,0,0,0,0,0,0,0,0,0,0,2
1328,1.937,MAR GENOM,2,0,0,0,0,0,0,0,0,0,0,2
1329,0.708,MAR TECHNOL SOC J,2,0,0,0,0,0,1,0,0,0,0,1
1330,5.080,MAT SCI ENG C-MATER,2,0,0,0,0,0,0,0,0,0,0,2
1331,1.500,MATH BIOSCI,2,0,0,0,0,0,0,0,0,0,0,2
1332,1.180,MATH METHOD APPL SCI,2,0,0,0,0,0,0,0,0,0,0,2
1333,2.218,MEASUREMENT,2,0,0,0,0,0,0,0,0,0,0,2
1334,3.748,MECH AGEING DEV,2,0,0,0,0,0,0,0,0,1,0,1
1335,,MED ACUPUNCT,2,0,0,0,0,0,0,0,0,0,0,2
1336,,MED GAS RES,2,0,0,0,0,0,0,0,0,0,0,2
1337,1.671,MED ORAL PATOL ORAL,2,0,0,0,1,0,0,0,1,0,0,0
1338,4.069,METALLOMICS,2,0,0,0,0,0,0,0,0,0,0,2
1339,1.588,METHOD CELL BIOL,2,0,0,0,0,0,0,0,0,0,0,2
1340,1.984,METHOD ENZYMOL,2,0,0,0,0,1,1,0,0,0,0,0
1341,1.531,METHOD INFORM MED,2,0,0,0,0,0,0,0,0,0,1,1
1342,2.071,MICROSURG,2,0,0,0,0,0,0,0,0,0,0,2
1343,,MIND LANG,2,0,0,0,0,0,0,0,0,0,0,2
1344,0.842,MIND MACH,2,0,0,0,0,0,0,0,0,0,0,2
1345,2.645,MINI-REV MED CHEM,2,0,0,0,0,0,0,0,0,0,0,2
1346,3.512,MOL BIOL CELL,2,0,0,0,0,0,0,0,0,0,1,1
1347,7.776,MOL CANCER,2,0,0,0,0,0,0,1,0,1,0,0
1348,2.734,MOL GENET GENOMICS,2,0,0,0,1,1,0,0,0,0,0,0
1349,,MOL SYNDROMOL,2,0,0,0,0,0,0,0,0,0,0,2
1350,,MONIST,2,0,0,0,0,1,0,0,0,0,0,1
1351,3.691,MULTIVAR BEHAV RES,2,0,0,0,0,0,0,0,1,0,1,0
1352,2.238,N-S ARCH PHARMACOL,2,0,0,0,0,0,0,0,0,0,0,2
1353,2.070,NANO COMMUN NETW,2,0,0,0,0,0,0,0,0,0,0,2
1354,17.753,NANO TODAY,2,0,0,0,0,0,2,0,0,0,0,0
1355,6.500,NANOMED-NANOTECHNOL,2,0,0,0,0,0,1,0,0,0,0,1
1356,3.125,NANOSCALE RES LETT,2,0,0,0,0,0,0,0,0,0,0,2
1357,3.404,NANOTECHNOLOGY,2,0,0,0,0,0,1,0,0,0,0,1
1358,,NAT ECOL EVOL,2,0,0,0,0,0,1,0,0,0,0,1
1359,37.490,NAT NANOTECHNOL,2,0,0,0,0,0,0,0,0,0,1,1
1360,15.661,NAT REV RHEUMATOL,2,0,0,0,0,0,0,0,0,0,0,2
1361,,NEG AFF STAT COGNXB,2,0,0,0,0,0,0,1,0,0,0,1
1362,0.738,NERVENARZT,2,0,0,0,0,0,0,0,0,0,0,2
1363,3.163,NEUROCRIT CARE,2,0,0,0,0,0,0,0,0,0,0,2
1364,,NEUROL-CLIN PRACT,2,0,0,0,0,0,0,0,0,0,0,2
1365,0.722,NEUROLOGIST,2,0,0,0,0,0,0,0,0,0,0,2
1366,4.894,NEUROPSYCHOL REV,2,0,0,0,0,0,0,1,0,0,0,1
1367,,NEURORADIOL J,2,0,1,0,0,0,0,0,0,0,1,0
1368,3.031,NMR BIOMED,2,0,0,0,0,0,0,0,0,0,0,2
1369,,NPJ PARKINSON DIS,2,0,0,0,1,0,0,0,0,0,0,1
1370,,NPJ REGEN MED,2,1,1,0,0,0,0,0,0,0,0,0
1371,3.313,NUTR NEUROSCI,2,0,0,0,0,0,0,0,0,0,0,2
1372,1.458,ODONTOLOGY,2,0,0,0,0,0,0,0,0,0,0,2
1373,,OPEN ACCESS J SPORTS,2,0,0,0,0,0,0,0,0,0,0,2
1374,0.842,OPHTHALMOLOGE,2,0,0,0,0,0,0,0,0,0,0,2
1375,7.479,OPHTHALMOLOGY,2,0,0,0,0,0,0,0,0,0,0,2
1376,1.887,OPT COMMUN,2,0,0,2,0,0,0,0,0,0,0,0
1377,3.356,OPT EXPRESS,2,0,0,0,0,0,1,0,0,0,0,1
1378,1.718,OR SURG OR MED OR PA,2,0,0,0,0,0,0,0,0,0,0,2
1379,,ORTHOP J SPORTS MED,2,0,0,0,0,0,0,1,0,0,0,1
1380,0.322,ORVOSI HETILAP,2,0,0,0,0,0,0,0,0,0,0,2
1381,,P 2017 11 INT C INXB,2,0,0,0,0,0,0,0,0,0,0,2
1382,2.410,P ROY SOC A-MATH PHY,2,0,0,0,0,0,0,0,0,0,0,2
1383,,PAIN RES,2,0,0,0,0,0,0,0,0,0,0,2
1384,3.965,PATTERN RECOGN,2,0,0,0,0,0,0,0,0,0,0,2
1385,3.440,PESTIC BIOCHEM PHYS,2,0,0,0,1,0,0,0,0,0,0,1
1386,2.064,PHARMACOPSYCHIATRY,2,0,0,0,0,0,0,0,0,0,0,2
1387,,PHILOS PSYCHIAT PSY,2,0,0,0,0,0,0,0,1,0,0,1
1388,,PHILOS STUD,2,0,0,0,0,0,1,0,0,0,0,1
1389,2.665,PHYS MED BIOL,2,0,0,0,0,0,0,0,1,0,0,1
1390,2.782,PHYSIOL GENOMICS,2,0,0,0,0,0,0,0,0,0,0,2
1391,3.621,PLAST RECONSTR SURG,2,0,0,0,0,0,0,0,0,0,0,2
1392,,PROC IUTAM,2,0,0,0,0,0,0,0,0,0,0,2
1393,,PROG ELECTROMA RES M,2,0,0,0,0,0,0,0,0,0,0,2
1394,1.434,PSYCHIAT INVEST,2,0,0,0,0,0,0,0,0,1,0,1
1395,1.196,PSYCHIATR POL,2,0,0,0,0,0,0,0,0,0,0,2
1396,,PSYCHOANAL HIST,2,0,0,0,0,0,0,0,0,0,0,2
1397,3.810,PSYCHOSOM MED,2,0,0,0,0,0,1,0,0,0,0,1
1398,2.530,RADIAT RES,2,0,0,0,1,0,0,0,0,0,0,1
1399,,REGEN ENG TRANSL MED,2,0,0,0,0,0,0,0,1,0,0,1
1400,4.382,REGION ANESTH PAIN M,2,0,0,0,0,0,1,0,0,0,1,0
1401,,REGUL MECH BIOSYST,2,0,0,0,0,0,0,1,0,0,0,1
1402,,RES J PHARM BIOL CHE,2,0,0,0,0,0,0,0,0,0,0,2
1403,2.268,RES Q EXERCISE SPORT,2,0,0,0,0,0,0,0,0,0,0,2
1404,1.412,REV CHIM-BUCHAREST,2,0,0,0,0,0,0,0,0,0,0,2
1405,36.367,REV MOD PHYS,2,0,0,0,0,0,0,0,0,0,0,2
1406,,ROUT RES SPORT EXERC,2,0,0,0,0,0,0,0,0,0,0,2
1407,,SCI GYMNAST J,2,0,0,0,0,0,0,0,0,0,0,2
1408,0.475,SCI IRAN,2,0,0,0,0,0,0,0,0,0,0,2
1409,0.763,SCI SPORT,2,0,0,0,0,0,0,0,0,0,0,2
1410,4.610,SCI TOTAL ENVIRON,2,0,0,0,0,0,0,1,0,0,0,1
1411,1.534,SEMIN OPHTHALMOL,2,0,0,0,0,0,0,0,0,0,0,2
1412,2.311,SENSOR ACTUAT A-PHYS,2,0,0,0,0,0,0,0,0,0,0,2
1413,1.698,SIAM J APPL MATH,2,0,0,0,0,0,0,0,0,0,0,2
1414,,SIG PROCESS COMMUN,2,0,0,0,0,0,1,0,0,0,0,1
1415,,SOC COGNITION,2,0,0,0,0,0,0,0,0,0,0,2
1416,0.629,SPAN J PSYCHOL,2,0,0,0,0,0,0,0,0,0,0,2
1417,3.612,STEM CELL REV REP,2,0,0,0,1,0,0,0,0,0,0,1
1418,,STROKE RES TREAT,2,0,0,0,0,0,0,0,1,0,0,1
1419,,STUD COMPUT INTELL,2,0,0,0,0,0,0,0,0,0,0,2
1420,1.003,SURG RADIOL ANAT,2,0,0,0,0,0,0,0,0,1,0,1
1421,,TECH ORTHOP,2,0,0,0,0,0,0,0,0,0,0,2
1422,0.686,TEH VJESN,2,0,0,0,0,0,0,0,0,0,0,2
1423,,THEOR PSYCHOL,2,0,0,0,0,0,0,0,0,0,0,2
1424,2.136,THERIOGENOLOGY,2,0,0,0,0,0,1,0,0,0,0,1
1425,,THINK REASONING,2,0,0,0,0,0,0,0,0,0,0,2
1426,,TOP COGN SCI,2,0,0,0,1,0,0,0,0,1,0,0
1427,3.105,TOXICOL IN VITRO,2,0,0,0,0,0,0,1,0,0,0,1
1428,2.352,TOXICON,2,0,0,0,0,0,0,0,0,0,0,2
1429,,TOXINOLOGY,2,0,0,0,0,1,0,0,0,0,0,1
1430,2.193,TRANSL VIS SCI TECHN,2,0,0,0,0,0,0,0,0,0,0,2
1431,18.564,TRENDS CELL BIOL,2,0,0,0,0,0,0,0,0,0,0,2
1432,12.108,TRENDS PHARMACOL SCI,2,0,0,0,0,1,0,0,0,0,0,1
1433,3.246,TRIBOL INT,2,0,0,0,0,0,0,0,0,0,0,2
1434,0.580,TURK J ELECTR ENG CO,2,0,0,0,0,0,1,0,0,0,0,1
1435,0.636,UNDERSEA HYPERBAR M,2,0,0,0,0,0,0,0,0,0,0,2
1436,1.036,VISUAL COMPUT,2,0,0,0,0,0,0,0,0,0,0,2
1437,,WOODHEAD PUBL FOOD S,2,0,0,0,0,0,0,0,0,0,0,2
1438,,WORLD J RADIOL,2,0,0,0,0,0,0,1,0,0,0,1
1439,0.928,ZOO BIOL,2,0,0,0,0,0,0,0,0,0,0,2
1440,1.400,ZOOMORPHOLOGY,2,0,0,0,0,0,0,0,0,0,0,2
Copyright  2018 Clarivate Analytics,,,,,,,,,,,,,,
"By exporting the selected data, you agree to the data usage policy set forth in the Terms of Use",,,,,,,,,,,,,,
