Citing Journal Data: J NEUROPHYSIOL,,,,,,,,,,,,,,
,Impact Factor,Cited Journal,All Yrs,2017,2016,2015,2014,2013,2012,2011,2010,2009,2008,Rest
1, ,ALL Journals,29966,326,1269,1585,1469,1638,1525,1518,1375,1381,1337,16543
2, ,ALL OTHERS (1425),1425,18,63,81,81,69,64,62,58,57,54,818
3,2.502,J NEUROPHYSIOL,3267,46,122,167,102,126,150,117,124,148,113,2052
4,5.971,J NEUROSCI,2932,16,81,170,162,237,178,193,173,165,183,1374
5,4.540,J PHYSIOL-LONDON,1099,17,19,21,24,32,39,31,29,37,27,823
6,14.319,NEURON,1060,10,51,76,74,87,96,65,79,66,52,404
7,1.806,EXP BRAIN RES,926,6,14,21,12,23,23,31,41,43,52,660
8,19.912,NAT NEUROSCI,769,7,27,45,62,44,34,46,51,46,39,368
9,41.577,NATURE,731,2,27,18,20,42,40,21,26,25,29,481
10,41.058,SCIENCE,593,2,15,19,11,22,8,12,22,16,29,437
11,9.504,P NATL ACAD SCI USA,578,0,29,27,27,36,36,36,34,49,26,278
12,3.125,BRAIN RES,457,1,11,9,3,6,2,2,8,8,12,395
13,3.400,J COMP NEUROL,401,7,5,6,5,4,8,6,14,12,8,326
14,2.766,PLOS ONE,359,4,20,53,57,72,60,30,22,18,16,7
15,2.069,VISION RES,343,1,4,8,5,4,4,13,6,19,11,268
16,5.426,NEUROIMAGE,326,8,22,16,35,19,26,20,26,15,32,107
17,3.382,NEUROSCIENCE,325,5,10,15,14,21,13,17,18,17,21,174
18,2.832,EUR J NEUROSCI,319,1,12,12,17,13,15,20,15,9,21,184
19,6.308,CEREB CORTEX,317,15,18,30,19,18,18,22,15,22,18,122
20,32.635,NAT REV NEUROSCI,269,0,10,8,12,20,15,11,16,29,18,130
21,3.256,J APPL PHYSIOL,257,1,8,7,11,13,12,12,12,14,9,158
22,6.541,CURR OPIN NEUROBIOL,244,4,15,35,23,3,10,29,17,15,8,85
23,9.251,CURR BIOL,234,5,26,27,23,18,15,14,6,15,17,68
24,3.614,CLIN NEUROPHYSIOL,224,4,23,10,15,9,13,9,15,12,16,98
25,2.159,NEUROSCI LETT,216,0,6,14,9,2,11,5,8,3,12,146
26,10.848,BRAIN,208,1,9,7,6,4,10,5,3,8,6,149
27,11.439,TRENDS NEUROSCI,194,0,10,6,7,7,9,7,12,11,10,115
28,14.675,ANNU REV NEUROSCI,193,0,2,5,6,6,6,15,12,4,22,115
29,2.668,J NEUROSCI METH,178,0,5,7,2,8,10,9,15,12,10,100
30,4.483,EXP NEUROL,176,8,5,7,6,17,13,4,6,4,6,100
31,2.824,HEARING RES,165,1,5,8,5,8,6,11,5,7,6,103
32,2.266,J VISION,161,0,8,21,5,10,16,17,13,20,15,36
33,15.557,TRENDS COGN SCI,137,1,7,7,8,8,12,7,12,6,6,63
34,1.605,J ACOUST SOC AM,134,0,2,1,1,6,2,2,4,6,4,106
35,1.792,RESP PHYSIOL NEUROBI,127,1,7,3,0,15,1,21,8,10,7,54
36,3.920,J NEURAL ENG,125,3,19,8,18,15,10,16,7,7,1,21
37,3.174,PROG BRAIN RES,124,1,0,5,7,0,0,16,3,2,5,85
38,1.440,BIOL CYBERN,121,1,1,0,2,2,3,3,1,0,4,104
39,5.559,PAIN,121,2,6,4,3,8,13,11,7,5,5,57
40,2.889,NEUROPSYCHOLOGIA,118,1,7,11,1,3,3,10,4,4,6,68
41,3.468,J COGNITIVE NEUROSCI,114,3,4,9,6,8,9,9,9,7,8,42
42,3.179,J EXP BIOL,114,2,3,5,5,6,4,5,6,1,8,69
43,2.871,FRONT HUM NEUROSCI,109,1,12,18,28,27,8,3,8,1,3,0
44,3.388,INVEST OPHTH VIS SCI,108,1,7,7,7,7,8,5,4,3,0,59
45,4.277,ANN NY ACAD SCI,107,0,0,4,0,5,8,9,11,7,5,58
46,2.289,J EXP PSYCHOL HUMAN,104,1,2,5,1,1,3,0,2,1,1,87
47,3.955,PLOS COMPUT BIOL,97,3,12,10,17,9,15,13,7,7,3,1
48,14.163,PROG NEUROBIOL,96,0,0,1,1,7,2,4,1,6,2,72
49,7.616,ELIFE,94,4,41,25,18,6,0,0,0,0,0,0
50,1.927,VISUAL NEUROSCI,94,0,1,3,0,1,0,4,0,2,1,82
51,24.014,PHYSIOL REV,93,0,0,0,4,2,7,3,6,3,3,65
52,9.163,PLOS BIOL,90,1,6,5,5,4,3,4,3,6,7,46
53,31.398,CELL,87,0,7,5,10,5,4,6,1,5,6,38
54,1.651,NEURAL COMPUT,86,1,0,4,4,1,4,3,2,5,6,56
55,2.273,GAIT POSTURE,85,1,8,0,6,7,5,4,6,10,6,32
56,3.173,BEHAV BRAIN RES,81,0,1,3,4,4,4,4,4,3,3,51
57, ,BRAIN RES REV,80,0,0,0,0,0,0,4,1,10,31,34
58, ,ELECTROEN CLIN NEURO,80,0,0,1,0,0,0,0,0,0,0,79
59,1.266,NEUROREPORT,73,0,1,1,0,2,2,1,0,4,5,57
60,1.970,J COMP PHYSIOL A,72,0,1,3,1,0,2,8,4,4,5,44
61,1.513,J MOTOR BEHAV,72,0,2,1,2,1,4,2,2,3,3,52
62,12.353,NAT COMMUN,72,6,21,17,12,11,2,3,0,0,0,0
63, ,PERCEPT PSYCHOPHYS,66,0,0,0,0,0,0,0,0,0,0,66
64,5.666,PHILOS T R SOC B,66,2,4,3,4,2,3,11,3,6,1,27
65,2.496,MUSCLE NERVE,64,1,0,2,3,4,0,1,3,0,2,48
66,4.122,SCI REP-UK,64,6,33,15,3,6,1,0,0,0,0,0
67,4.011,J BIOL CHEM,63,0,2,0,1,5,1,2,4,1,2,45
68,8.055,NEUROLOGY,63,2,3,2,2,1,1,6,0,1,4,41
69,10.250,ANN NEUROL,62,1,0,4,1,4,2,0,1,3,1,45
70,2.073,FRONT COMPUT NEUROSC,61,1,3,5,9,25,5,4,6,0,0,3
71,3.131,FRONT NEURAL CIRCUIT,61,2,7,2,15,19,10,1,5,0,0,0
72,2.431,J BIOMECH,57,0,5,3,3,3,3,5,1,1,0,33
73,8.037,NEUROSCI BIOBEHAV R,56,1,3,6,4,3,3,6,5,4,4,17
74,2.277,NEUROSCI RES,56,1,1,4,0,1,3,3,2,0,3,38
75,1.606,J COMPUT NEUROSCI,55,1,4,3,3,2,3,12,5,1,0,21
76, ,SPATIAL VISION,55,0,0,0,0,0,0,0,0,0,0,55
77,7.230,PSYCHOL REV,54,0,0,1,0,1,0,0,2,0,0,50
78,4.927,HUM BRAIN MAPP,53,0,1,2,1,7,1,3,2,7,1,28
79,7.461,NEUROSCIENTIST,53,0,2,3,2,3,5,2,1,2,6,27
80,4.609,J NEUROCHEM,51,2,3,0,2,2,1,3,2,1,3,32
81,4.711,NEUROREHAB NEURAL RE,51,2,6,4,4,1,6,3,6,5,6,8
82,3.440,BRAIN RES BULL,50,0,0,1,0,0,3,1,2,0,3,40
83,4.288,IEEE T BIO-MED ENG,50,1,1,5,3,3,2,2,2,1,1,29
84,3.966,HIPPOCAMPUS,48,1,3,4,0,3,2,0,2,2,3,28
85,1.840,HUM MOVEMENT SCI,48,1,3,2,1,4,1,6,3,1,0,26
86, ,ACTA PHYSIOL SCAND,47,0,0,0,0,0,0,0,0,0,0,47
87,3.082,AM J PHYSIOL-REG I,47,2,3,7,1,3,2,2,4,2,2,19
88,3.972,IEEE T NEUR SYS REH,47,4,4,1,3,1,2,6,3,2,4,17
89,4.847,P ROY SOC B-BIOL SCI,45,0,3,2,1,1,2,2,0,3,0,31
90,6.120,BRAIN STIMUL,44,3,3,7,9,7,4,1,1,2,7,0
91, ,FRONT SYST NEUROSCI,44,0,7,9,7,6,5,3,3,1,3,0
92,3.138,FRONT BEHAV NEUROSCI,42,1,3,7,7,6,6,1,9,2,0,0
93,7.144,J NEUROL NEUROSUR PS,42,0,0,0,0,2,0,1,0,1,3,35
94,4.249,NEUROPHARMACOLOGY,42,1,3,4,6,4,3,3,1,2,2,13
95,1.568,J ELECTROMYOGR KINES,40,0,4,0,1,6,2,3,1,3,0,20
96,8.324,MOVEMENT DISORD,40,1,1,1,0,4,1,2,1,4,3,22
97,6.544,NEUROPSYCHOPHARMACOL,40,0,3,3,3,3,3,5,8,2,1,9
98,14.327,ANNU REV PHYSIOL,39,0,0,1,1,5,2,0,1,0,0,29
99,3.706,J PHARMACOL EXP THER,39,0,0,1,0,0,3,0,1,2,2,30
100,3.495,BIOPHYS J,38,0,2,0,0,0,1,0,0,2,2,31
101,4.300,FRONT CELL NEUROSCI,38,2,3,14,9,6,0,2,0,0,2,0
102,3.680,J GEN PHYSIOL,38,0,0,1,1,0,0,1,1,0,1,33
103,11.984,BIOL PSYCHIAT,37,1,4,5,0,0,1,2,3,3,5,13
104,3.118,PSYCHOPHYSIOLOGY,37,0,2,0,1,0,0,2,8,1,1,22
105,5.002,J NEUROTRAUM,36,2,3,7,1,1,2,4,0,1,0,15
106,2.716,JARO-J ASSOC RES OTO,36,0,2,2,6,5,4,5,3,2,2,5
107,4.907,CORTEX,35,2,5,2,2,5,2,1,0,5,2,9
108,3.877,FRONT NEUROSCI-SWITZ,35,1,5,6,7,4,2,4,3,0,1,2
109, ,IEEE ENG MED BIOL,35,0,0,7,9,2,2,4,0,8,1,2
110,1.760,ADV EXP MED BIOL,34,0,1,0,3,3,1,0,4,10,3,9
111,3.077,ARCH PHYS MED REHAB,33,2,1,2,1,1,4,3,1,2,0,16
112,1.371,PERCEPTION,33,0,2,1,0,0,1,1,0,0,3,25
113,2.765,PFLUG ARCH EUR J PHY,33,0,2,3,0,1,0,0,0,1,0,26
114,6.239,STROKE,33,0,2,0,0,0,2,2,1,3,2,21
115,3.199,CEREBELLUM,32,2,2,6,4,5,5,0,4,1,1,2
116, ,FRONT PSYCHOL,32,1,1,2,6,10,3,6,3,0,0,0
117,7.197,NEURAL NETWORKS,32,0,0,1,0,2,1,0,0,5,2,21
118, ,PSYCHOL SCI,32,0,1,3,2,0,1,2,2,3,0,18
119, ,ACTA PSYCHOL,31,0,1,1,0,2,1,1,0,1,0,24
120,2.598,DEV NEUROBIOL,31,5,8,4,2,1,3,3,1,0,1,3
121,5.067,EPILEPSIA,31,0,2,3,2,2,4,4,4,1,0,9
122, ,J NEUROBIOL,31,0,0,0,0,0,0,0,0,0,0,31
123,6.810,BRIT J PHARMACOL,30,0,0,0,3,0,1,1,4,3,1,17
124,3.040,EUR J PHARMACOL,30,0,0,2,0,0,2,2,0,1,1,22
125,1.161,ACTA OTO-LARYNGOL,29,0,0,1,0,0,2,1,1,0,0,24
126,6.523,ANESTHESIOLOGY,29,1,1,3,2,2,1,4,0,2,0,13
127,5.797,COMPR PHYSIOL,29,1,3,1,5,0,15,4,0,0,0,0
128,2.401,EUR J APPL PHYSIOL,29,0,0,2,2,1,0,2,2,2,1,17
129,5.846,GLIA,29,0,4,0,0,1,2,2,2,0,1,17
130,2.865,J VESTIBUL RES-EQUIL,29,0,0,0,2,3,3,2,1,1,0,17
131, ,AM J PHYSIOL,28,0,0,0,0,0,0,0,0,0,0,28
132,2.507,BEHAV NEUROSCI,28,0,0,0,1,1,0,4,3,0,0,19
133,8.032,CELL REP,28,1,7,6,7,6,1,0,0,0,0,0
134,3.235,CHEM SENSES,28,1,0,5,0,1,2,1,3,0,0,15
135, ,FRONT INTEGR NEUROSC,28,1,4,4,5,2,4,3,1,4,0,0
136,2.448,J NEUROL SCI,28,0,0,2,2,0,1,0,0,0,0,23
137,4.859,J PAIN,28,0,0,0,1,5,4,2,2,3,3,8
138,32.621,NAT MED,28,0,4,3,0,2,3,0,6,0,5,5
139,26.919,NAT METHODS,28,0,0,2,6,2,6,2,1,2,2,5
140,2.587,PHYS THER,28,0,2,1,0,0,1,1,4,0,1,18
141,2.517,PHYSIOL BEHAV,28,0,1,1,1,1,0,0,1,2,0,21
142,2.732,EXP PHYSIOL,27,2,0,1,2,3,2,3,3,0,3,8
143,0.957,MOTOR CONTROL,27,1,2,1,0,0,0,0,2,0,0,21
144, ,COGNITIVE BRAIN RES,26,0,0,0,0,0,0,0,0,0,0,26
145,2.868,INT J PSYCHOPHYSIOL,26,0,1,1,1,2,3,2,0,1,0,15
146,3.865,J NEUROENG REHABIL,26,0,1,4,6,3,2,1,4,0,1,4
147,1.566,J OPT SOC AM A,26,0,0,0,0,0,0,0,0,0,0,26
148,2.671,LEARN MEMORY,26,0,0,0,4,0,1,1,0,3,2,15
149,1.185,SOMATOSENS MOT RES,26,0,0,0,1,0,0,0,1,0,2,22
150,3.104,COGNITIVE PSYCHOL,25,0,0,1,0,1,0,0,0,1,1,21
151, ,COGNITION,24,0,1,1,1,1,0,0,6,2,1,11
152,5.227,NEUROBIOL DIS,24,0,5,3,3,3,1,2,0,2,1,4
153,79.260,NEW ENGL J MED,24,0,3,0,1,3,0,2,3,1,1,10
154, ,ENEURO,23,3,13,6,0,1,0,0,0,0,0,0
155,2.991,EUR J PAIN,23,1,3,2,1,2,0,7,1,2,0,4
156, ,J PHYSIOL-PARIS,23,0,0,1,0,5,1,0,0,1,0,15
157,3.205,MOL PAIN,23,0,1,4,0,1,2,4,4,0,4,3
158, ,PSYCHON B REV,23,0,1,0,2,2,0,0,1,3,0,14
159,2.479,J ANAT,22,0,0,5,0,0,0,0,1,2,0,14
160,2.319,J EXP PSYCHOL LEARN,22,0,0,1,0,0,0,2,1,1,0,17
161,4.902,J GERONTOL A-BIOL,21,0,0,0,0,1,0,0,0,0,1,19
162,1.184,JOVE-J VIS EXP,21,0,1,2,3,4,4,1,1,2,2,1
163,53.254,LANCET,21,1,1,0,0,5,1,5,0,0,0,8
164,4.291,MED SCI SPORT EXER,21,0,1,1,0,1,1,2,0,2,0,13
165,2.284,PHYS REV E,21,0,0,0,0,1,2,3,3,3,6,3
166,3.222,PSYCHOPHARMACOLOGY,21,0,0,0,0,0,0,0,0,0,1,20
167,1.936,SPINAL CORD,21,1,0,0,0,2,3,2,0,0,0,13
168, ,THESIS,21,0,1,3,2,0,2,1,0,0,0,12
169,2.605,AUTON NEUROSCI-BASIC,20,0,2,6,0,2,1,3,0,0,1,5
170,1.982,J CLIN NEUROPHYSIOL,20,0,0,0,0,0,0,1,3,2,1,13
171,4.319,J NEUROSURG,20,2,2,0,0,1,1,2,0,1,1,10
172,0.706,NETWORK-COMP NEURAL,20,0,0,0,0,0,0,0,0,0,0,20
173,3.244,NEUROBIOL LEARN MEM,20,0,2,1,4,2,1,2,0,3,1,4
174,2.360,SYNAPSE,20,0,1,0,0,1,1,1,0,2,4,10
175,3.463,ANESTH ANALG,19,0,0,0,1,0,1,0,0,0,0,17
176,22.774,ANNU REV PSYCHOL,19,1,0,2,0,0,0,1,2,1,2,10
177,1.678,ATTEN PERCEPT PSYCHO,19,0,3,1,3,0,1,3,4,1,0,3
178,2.173,BMC NEUROSCI,19,0,0,1,1,3,0,0,2,3,2,7
179,4.231,BRAIN STRUCT FUNCT,19,2,6,2,2,2,1,1,0,0,0,3
180,3.043,CELL TISSUE RES,19,0,1,1,0,2,0,0,1,1,0,13
181,1.650,BRAIN BEHAV EVOLUT,18,0,0,0,0,0,0,1,2,3,0,12
182,3.120,EAR HEARING,18,0,0,0,0,0,1,4,1,1,2,9
183,13.251,J CLIN INVEST,18,0,0,3,0,2,1,2,2,0,0,8
184,2.662,J NEUROSCI RES,18,0,0,0,2,0,0,0,2,2,0,12
185,27.144,LANCET NEUROL,18,1,1,0,2,5,1,0,1,2,1,4
186,12.423,NAT PROTOC,18,0,3,0,2,1,1,1,1,5,1,3
187,2.774,NEUROMODULATION,18,0,3,4,1,4,0,0,1,0,0,5
188,13.250,PSYCHOL BULL,18,0,0,0,0,0,2,1,1,1,0,13
189,3.569,AM J PHYSIOL-HEART C,17,2,1,0,0,1,1,0,0,0,0,12
190,13.396,AM J PSYCHIAT,17,0,0,1,0,1,2,1,1,0,0,11
191,2.574,BRAIN COGNITION,17,0,3,0,1,0,0,1,1,0,3,8
192,2.210,CAN J PHYSIOL PHARM,17,0,0,0,0,1,0,0,0,0,0,16
193,1.863,CLIN BIOMECH,17,0,1,0,3,0,4,0,0,1,0,8
194,5.065,EXERC SPORT SCI REV,17,0,0,3,0,1,0,0,0,2,2,9
195,3.508,FRONT NEUROL,17,0,1,5,2,5,4,0,0,0,0,0
196,3.978,MOL PHARMACOL,17,0,0,0,1,0,0,0,0,1,1,14
197, ,PHYSIOL REP,17,1,2,5,4,5,0,0,0,0,0,0
198,5.930,ACTA PHYSIOL,16,0,3,1,3,0,0,0,2,2,0,5
199,1.649,COMPUT INTEL NEUROSC,16,1,0,0,2,0,0,13,0,0,0,0
200, ,ELECTROMYOGR MOTOR C,16,0,0,0,0,0,0,0,0,0,0,16
201, ,J NEUROCYTOL,16,0,0,0,0,0,0,0,0,0,0,16
202,27.125,NAT GENET,16,1,0,0,0,0,2,0,0,0,0,13
203,4.454,NEUROBIOL AGING,16,0,1,1,3,1,3,1,0,1,0,5
204,3.183,ALCOHOL CLIN EXP RES,15,0,1,1,1,1,2,1,1,1,0,6
205, ,ARCH GEN PSYCHIAT,15,0,0,0,0,0,1,0,0,1,0,13
206,2.703,BRAIN TOPOGR,15,0,0,0,6,0,1,0,0,1,1,6
207,3.289,DEV MED CHILD NEUROL,15,0,0,2,2,3,1,1,0,0,1,5
208,5.595,FASEB J,15,0,1,2,1,2,0,0,2,0,3,4
209,3.312,MOL CELL NEUROSCI,15,0,1,0,0,0,1,2,0,1,4,6
210, ,PSYCHOL RES-PSYCH FO,15,0,0,1,0,0,0,0,0,3,2,9
211,3.454,AM J PHYSIOL-CELL PH,14,0,0,0,0,0,2,0,1,2,0,9
212, ,ARCH NEUROL-CHICAGO,14,0,0,0,0,0,0,0,0,1,0,13
213, ,BEHAV RES METHODS,14,0,0,0,1,1,0,1,2,0,0,9
214,2.751,INTEGR COMP BIOL,14,1,0,0,1,1,0,4,0,1,1,5
215,8.784,J CELL BIOL,14,0,0,0,0,0,0,0,1,0,0,13
216,1.971,MED BIOL ENG COMPUT,14,0,0,0,0,2,0,3,0,0,0,9
217, ,PATENTS,14,0,0,0,0,0,1,0,0,2,1,10
218, ,PERCEPT MOTOR SKILL,14,0,0,0,0,2,0,0,0,0,0,12
219,15.071,BEHAV BRAIN SCI,13,0,0,0,1,0,0,0,0,0,0,12
220,10.557,EMBO J,13,0,0,1,0,1,0,1,0,0,0,10
221,1.759,INT J AUDIOL,13,0,1,0,1,0,1,1,1,2,0,6
222,6.045,J CEREBR BLOOD F MET,13,0,0,2,0,1,0,0,1,0,0,9
223, ,J EXP PSYCHOL,13,0,0,0,0,0,0,0,0,0,0,13
224, ,NEUROSCIENCE M PLANN,13,1,2,3,1,3,1,0,1,0,0,1
225,8.839,PHYS REV LETT,13,0,0,0,0,0,1,0,0,0,2,10
226,2.190,Q J EXP PSYCHOL,13,0,0,1,0,0,0,0,0,1,2,9
227,16.710,SCI TRANSL MED,13,1,2,3,3,1,3,0,0,0,0,0
228,2.792,SPINE,13,0,0,0,0,1,1,2,0,0,1,8
229,3.405,ANN BIOMED ENG,12,0,0,1,3,0,1,1,0,0,0,6
230,2.851,BRAIN LANG,12,0,0,0,2,1,2,0,3,2,0,2
231,18.881,CIRCULATION,12,0,1,0,1,0,0,1,0,0,1,8
232,3.394,FRONT PHYSIOL,12,0,1,1,5,0,5,0,0,0,0,0
233, ,J EXP PSYCHOL GEN,12,0,0,1,1,1,0,0,0,0,1,8
234,3.783,J NEUROL,12,0,0,1,1,2,0,2,0,1,1,4
235,3.355,J R SOC INTERFACE,12,0,1,2,2,3,1,2,0,1,0,0
236,2.894,J R STAT SOC B,12,0,0,0,0,0,0,0,0,0,0,12
237,1.882,J SPINAL CORD MED,12,0,1,1,3,1,0,2,1,0,1,2
238,11.640,MOL PSYCHIATR,12,0,1,1,0,2,1,0,1,0,1,5
239,2.772,NEUROCHEM RES,12,0,0,1,1,1,1,0,0,0,1,7
240, ,P NATL ACAD SCI-BIOL,12,0,0,0,0,0,0,0,0,0,0,12
241,2.538,PHARMACOL BIOCHEM BE,12,0,1,1,1,1,0,1,0,0,0,7
242, ,Q J EXP PSYCHOL-A,12,0,0,0,0,0,0,0,0,0,0,12
243,1.373,ANAT REC,11,0,0,0,1,1,0,0,0,1,1,7
244,3.067,ANIM BEHAV,11,1,0,0,1,0,0,0,0,1,0,8
245,9.247,CSH PERSPECT BIOL,11,0,0,3,0,0,6,1,1,0,0,0
246,5.413,DEVELOPMENT,11,0,0,0,0,0,1,1,1,0,1,7
247,3.961,ENDOCRINOLOGY,11,0,2,1,0,0,0,1,0,0,0,7
248,3.152,FRONT NEUROANAT,11,0,0,0,1,1,2,5,1,1,0,0
249,2.371,INT REV NEUROBIOL,11,0,0,1,0,0,0,1,2,0,0,7
250, ,J COMP PHYSIOL,11,0,0,0,0,0,0,0,0,0,0,11
251,5.193,J NEUROINFLAMM,11,0,0,3,2,3,0,3,0,0,0,0
252, ,J REHABIL RES DEV,11,0,0,1,0,0,4,0,0,2,0,4
253,22.737,J STAT SOFTW,11,0,0,5,0,0,0,0,0,6,0,0
254,7.008,MOL THER,11,0,1,1,0,1,3,2,1,0,1,1
255,7.479,OPHTHALMOLOGY,11,2,3,0,0,0,1,1,0,0,0,4
256,4.721,PARKINSONISM RELAT D,11,0,2,1,4,0,0,0,1,3,0,0
257,11.653,PROG RETIN EYE RES,11,0,0,1,0,0,2,0,0,0,0,8
258,5.135,SLEEP,11,0,0,2,0,1,0,3,0,0,3,2
259,1.500,ACTA NEUROBIOL EXP,10,0,0,0,1,0,0,0,1,2,1,5
260, ,ANAT EMBRYOL,10,0,0,0,0,0,0,0,0,0,0,10
261,2.050,ARCH ORAL BIOL,10,0,0,0,0,0,0,0,0,0,0,10
262,2.258,COMP BIOCHEM PHYS A,10,0,0,2,0,0,1,0,0,0,1,6
263,3.152,EXP EYE RES,10,0,1,2,0,0,1,1,1,0,0,4
264,3.582,FRONT AGING NEUROSCI,10,0,2,0,3,2,0,0,3,0,0,0
265, ,J AUTONOM NERV SYST,10,0,0,0,0,0,0,0,0,0,0,10
266,2.779,J NEURAL TRANSM,10,0,3,1,1,1,0,0,1,0,0,3
267,3.241,NEUROCOMPUTING,10,0,0,0,0,0,0,0,0,0,1,9
268,18.964,PHARMACOL REV,10,0,0,0,1,0,0,1,2,0,0,6
269, ,RAT BRAIN STEREOTAXI,10,0,0,0,0,0,0,0,0,1,0,9
270,12.108,TRENDS PHARMACOL SCI,10,0,0,0,1,0,0,0,0,0,0,9
271,15.876,ACTA NEUROPATHOL,9,0,3,0,0,0,1,1,0,0,0,4
272,2.891,BIOL PSYCHOL,9,0,1,1,0,1,1,1,0,0,1,3
273,3.384,BRIT J OPHTHALMOL,9,0,0,0,0,0,0,1,0,0,0,8
274,3.718,CELL CALCIUM,9,0,0,0,0,0,3,0,0,2,0,4
275,2.930,CLIN REHABIL,9,0,0,0,0,1,0,3,1,0,0,4
276,3.262,DEV BIOL,9,0,1,0,0,0,1,0,2,1,0,4
277, ,FRONT NEUROENG,9,0,0,0,1,0,4,0,3,0,0,1
278,4.902,HUM MOL GENET,9,0,0,1,0,0,0,0,2,0,0,6
279,6.823,HYPERTENSION,9,0,0,1,0,1,0,0,1,1,1,4
280, ,IEEE T REHABIL ENG,9,0,0,0,0,0,0,0,0,0,0,9
281,4.155,J AM GERIATR SOC,9,0,0,0,0,0,1,0,0,0,0,8
282, ,J AUTISM DEV DISORD,9,0,1,1,0,4,0,0,0,0,0,3
283,1.906,J SPEECH LANG HEAR R,9,0,0,0,1,1,0,2,0,0,1,4
284,2.442,LARYNGOSCOPE,9,0,0,1,0,0,1,2,0,0,0,5
285,35.724,NAT BIOTECHNOL,9,0,2,0,1,0,0,2,0,1,1,2
286,3.161,NEURAL PLAST,9,0,1,2,0,1,2,1,0,0,1,1
287,5.947,PHYSIOLOGY,9,0,1,1,2,0,0,2,1,1,0,1
288,6.944,SCHIZOPHRENIA BULL,9,0,0,0,0,0,1,4,0,1,1,2
289, ,STRABISMUS,9,0,0,0,0,0,0,0,0,0,0,9
290,15.239,AM J RESP CRIT CARE,8,0,0,0,1,0,1,0,0,0,0,6
291,1.669,BIOMETRIKA,8,0,0,0,0,0,0,0,0,0,0,8
292,15.211,CIRC RES,8,0,0,0,0,0,0,0,0,0,0,8
293, ,COLD SPRING HARB SYM,8,0,0,0,3,0,0,1,0,0,0,4
294, ,CONSCIOUS COGN,8,0,0,2,0,0,1,0,0,1,0,4
295,4.010,CURR OPIN NEUROL,8,0,0,1,1,0,0,1,0,0,0,5
296, ,DEV BRAIN RES,8,0,0,0,0,0,0,0,0,0,0,8
297,3.074,FRONT NEUROINFORM,8,0,2,1,0,0,1,1,0,2,0,1
298, ,HANDB CLIN NEUROL,8,0,0,1,0,2,5,0,0,0,0,0
299, ,HDB PHYSL NERVOUS SY,8,0,0,0,0,0,0,0,0,0,0,8
300,4.401,J CELL SCI,8,0,0,0,0,0,0,0,0,0,0,8
301, ,J COMP PHYSIOL PSYCH,8,0,0,0,0,0,0,0,0,0,0,8
302,3.234,LIFE SCI,8,0,0,0,0,0,0,0,0,0,0,8
303,4.082,MAGN RESON MED,8,0,0,0,0,0,0,0,0,1,0,7
304,1.500,MATH BIOSCI,8,1,0,0,0,0,0,1,0,0,0,6
305, ,MEM COGNITION,8,0,0,0,1,0,0,0,0,0,1,6
306, ,METHOD MOL BIOL,8,0,0,1,3,1,0,1,0,0,0,2
307, ,NATURWISSENSCHAFTEN,8,0,0,0,0,0,0,0,0,0,0,8
308,2.045,NEUROPHYSIOL CLIN,8,0,0,0,0,0,1,0,0,0,2,5
309,2.182,OTOL NEUROTOL,8,0,1,0,1,0,0,0,2,1,2,1
310,2.665,PHYS MED BIOL,8,0,0,0,0,0,1,0,0,2,1,4
311,3.427,PROG BIOPHYS MOL BIO,8,0,0,0,0,0,0,1,0,0,0,7
312, ,PSYCHOL AGING,8,0,0,0,0,1,1,0,0,0,1,5
313,2.101,RESTOR NEUROL NEUROS,8,2,0,2,1,0,0,0,3,0,0,0
314, ,VIS COGN,8,0,0,0,1,0,0,0,0,1,0,6
315,3.126,ACTA NEUROL SCAND,7,0,0,0,0,0,1,0,0,1,0,5
316, ,ADV NEURAL INF PROCE,7,0,1,1,0,0,1,3,0,0,0,1
317, ,ADV NEURAL INFORM PR,7,0,0,0,4,1,0,2,0,0,0,0
318,1.843,AM J PHYS MED REHAB,7,0,0,0,0,0,1,0,0,0,0,6
319,0.833,AM J VET RES,7,0,0,0,0,0,1,0,0,0,0,6
320,1.513,ANN OTO RHINOL LARYN,7,0,0,0,0,0,0,0,0,0,1,6
321,2.078,AUDIOL NEURO-OTOL,7,0,0,1,0,0,1,0,0,0,0,5
322, ,BEHAV NEURAL BIOL,7,0,0,0,0,0,0,0,0,0,0,7
323,1.526,BIOL BULL-US,7,0,0,0,0,0,0,0,0,0,0,7
324,20.565,CELL METAB,7,0,0,1,0,0,0,3,0,0,1,2
325, ,CHILD DEV,7,0,0,0,0,0,0,1,2,0,0,4
326,2.092,CLIN EXP PHARMACOL P,7,0,0,0,0,2,1,0,0,0,1,3
327,2.565,COGN AFFECT BEHAV NE,7,0,2,0,0,0,0,0,0,0,0,5
328, ,CURR DIR PSYCHOL SCI,7,0,0,1,0,0,1,0,1,0,0,4
329,2.494,DEV PSYCHOBIOL,7,0,0,1,0,0,0,0,0,0,0,6
330,2.019,ERGONOMICS,7,0,0,0,0,0,1,0,0,0,0,6
331,2.999,FEBS LETT,7,0,0,0,1,0,0,0,0,0,0,6
332, ,HUM NEUROBIOL,7,0,0,0,0,0,0,0,0,0,0,7
333,2.297,J AM STAT ASSOC,7,0,0,0,0,0,0,0,1,0,0,6
334,1.771,J COMP PSYCHOL,7,0,0,0,0,0,0,0,0,0,0,7
335, ,J OPT SOC AM,7,0,0,0,0,0,0,0,0,0,0,7
336,3.414,J ORTHOP RES,7,0,1,0,0,0,0,0,0,0,0,6
337, ,J PHYS THER SCI,7,0,0,3,1,2,0,1,0,0,0,0
338,1.833,J THEOR BIOL,7,0,0,0,0,0,0,0,0,0,1,6
339,5.280,MULT SCLER J,7,0,0,1,0,0,1,0,1,0,0,4
340,4.475,NEUROSURGERY,7,0,1,0,0,0,1,0,1,0,0,4
341,3.263,NEUROUROL URODYNAM,7,0,0,0,0,0,0,1,0,0,1,5
342,11.561,NUCLEIC ACIDS RES,7,0,1,3,0,0,0,0,0,1,0,2
343, ,P R SOC LOND B-CONTA,7,0,0,0,0,0,0,0,0,0,0,7
344,5.515,PEDIATRICS,7,0,0,0,0,1,0,0,0,1,0,5
345, ,R LANG ENV STAT COMP,7,0,3,1,1,1,1,0,0,0,0,0
346, ,RES DEV DISABIL,7,1,0,3,0,1,1,1,0,0,0,0
347, ,SIGNAL DETECT THEORY,7,0,0,0,0,0,0,0,0,0,0,7
348, ,SOC NEUR ABSTR,7,0,0,1,1,0,0,0,0,0,0,5
349, ,ADV NEUR IN,6,0,0,0,0,0,0,0,0,0,0,6
350,6.042,ANAL CHEM,6,0,0,0,0,0,0,1,0,0,1,4
351,0.595,ARCH ITAL BIOL,6,0,0,0,0,0,0,0,0,0,0,6
352, ,ATTENTION PERFORM,6,0,0,0,0,0,0,0,0,0,0,6
353,2.559,BIOCHEM BIOPH RES CO,6,0,0,0,0,0,0,0,2,0,1,3
354,1.524,BIOMETRICS,6,0,0,0,0,0,0,0,0,0,0,6
355,8.173,BIOSENS BIOELECTRON,6,0,0,1,0,0,0,1,1,0,0,3
356,5.770,BMC BIOL,6,0,1,0,0,1,0,0,2,0,0,2
357,2.170,BMC NEUROL,6,0,1,0,1,0,0,1,0,0,0,3
358,23.562,BMJ-BRIT MED J,6,0,1,0,0,0,0,0,0,0,0,5
359,6.499,BRIT J ANAESTH,6,0,0,0,0,1,0,0,0,2,0,3
360, ,BRIT J PSYCHOL,6,0,0,0,0,0,0,0,0,0,0,6
361,6.721,CELL MOL LIFE SCI,6,0,0,0,0,0,1,0,1,1,1,2
362,3.895,CELL MOL NEUROBIOL,6,0,0,0,0,0,2,0,1,0,0,3
363,3.209,CLIN J PAIN,6,0,0,1,0,0,0,0,1,1,2,1
364,6.754,COCHRANE DB SYST REV,6,0,0,3,1,1,1,0,0,0,0,0
365,2.042,DISABIL REHABIL,6,1,0,0,1,0,0,0,1,1,0,2
366, ,ENCY COMPUT N,6,0,0,3,3,0,0,0,0,0,0,0
367,2.491,EPILEPSY RES,6,0,0,0,1,1,1,1,0,0,0,2
368,4.621,EUR J NEUROL,6,0,1,0,1,1,0,0,0,0,1,2
369,3.224,EXP GERONTOL,6,0,2,0,0,1,0,1,1,0,0,1
370, ,EXPERIENTIA,6,0,0,0,0,0,0,0,0,0,0,6
371, ,FRONT SYNAPTIC NEURO,6,0,0,1,2,1,1,0,1,0,0,0
372,4.075,GENETICS,6,0,1,0,0,0,0,0,0,0,0,5
373,1.869,IEEE T HAPTICS,6,0,2,1,1,0,0,1,0,0,1,0
374,2.187,IEEE T INFORM THEORY,6,0,0,0,0,1,0,0,0,0,0,5
375,1.848,INT J NEUROSCI,6,0,0,0,0,0,0,0,0,0,0,6
376,4.047,INT J ROBOT RES,6,0,0,0,0,0,0,0,1,0,0,5
377,0.916,J AAPOS,6,0,0,0,0,2,0,0,0,0,0,4
378,1.593,J AM ACAD AUDIOL,6,0,0,0,1,0,0,1,1,0,0,3
379,1.916,J BIOMECH ENG-T ASME,6,0,0,0,0,1,0,0,0,1,0,4
380,2.176,J MATH PSYCHOL,6,0,0,0,0,0,2,0,0,0,0,4
381,3.490,J NEUROPATH EXP NEUR,6,0,0,0,0,1,0,0,0,0,0,5
382,47.661,JAMA-J AM MED ASSOC,6,0,0,0,1,0,1,0,0,1,0,3
383, ,JPN J PHYSIOL,6,0,0,0,0,0,0,0,0,0,0,6
384, ,MOL BRAIN RES,6,0,0,0,0,0,0,0,0,0,0,6
385,41.465,NAT REV GENET,6,0,0,0,0,1,0,0,2,0,1,2
386,3.603,NEUROCHEM INT,6,0,0,0,1,1,0,0,0,0,0,4
387,3.852,NEUROINFORMATICS,6,0,0,0,1,1,0,0,0,1,0,3
388, ,NEURONAL CONTROL LOC,6,0,0,0,0,0,0,0,0,0,0,6
389,0.368,NEUROPHYSIOLOGY+,6,0,0,0,0,0,0,0,0,0,0,6
390,0.426,PRESENCE-TELEOP VIRT,6,0,0,0,0,0,0,0,1,1,1,3
391,2.455,PSYCHIAT RES-NEUROIM,6,0,0,1,0,0,0,0,0,1,0,4
392,3.235,REV PHYSIOL BIOCH P,6,0,0,0,0,0,0,0,0,0,0,6
393,6.378,SCI SIGNAL,6,0,1,0,0,1,2,0,0,2,0,0
394,10.602,SLEEP MED REV,6,0,1,0,0,0,0,2,0,0,0,3
395,7.074,SPORTS MED,6,0,0,0,0,0,0,1,0,0,0,5
396,2.973,ACM T INTEL SYST TEC,5,0,0,0,0,0,0,5,0,0,0,0
397, ,ACTA ANAT,5,0,0,0,0,0,0,0,0,0,0,5
398,3.080,ACTA ORTHOP,5,0,0,0,1,0,0,1,0,0,0,3
399,4.013,AGE AGEING,5,0,0,0,0,0,0,0,0,0,0,5
400,4.092,AM J PHYSIOL-LUNG C,5,0,0,0,1,0,0,0,0,1,0,3
401,5.140,ANNU REV VIS SCI,5,0,2,3,0,0,0,0,0,0,0,0
402,3.768,AUTISM RES,5,2,1,0,0,0,1,0,0,0,1,0
403, ,AVIAT SPACE ENVIR MD,5,0,0,0,0,0,0,0,0,0,0,5
404,2.449,BEHAV BRAIN FUNCT,5,0,0,0,0,0,0,2,0,0,1,2
405,3.857,BIOCHEM J,5,0,0,0,0,0,0,0,0,0,0,5
406,8.806,BIOMATERIALS,5,0,0,0,1,1,0,0,1,0,1,1
407, ,BIOMECHANICS MOTOR C,5,0,0,0,0,0,0,0,0,2,0,3
408, ,C P IEEE ENG MED BIO,5,0,0,0,1,0,0,0,0,0,0,4
409,2.415,CHAOS,5,0,0,0,0,0,0,1,0,2,1,1
410,1.796,COGN NEUROPSYCHOL,5,0,0,0,0,0,0,0,1,0,1,3
411, ,COPLANAR STEREOTAXIC,5,0,0,0,0,0,0,0,0,0,0,5
412,4.068,CURR NEUROPHARMACOL,5,0,1,1,0,0,0,0,2,0,1,0
413,2.362,DOC OPHTHALMOL,5,0,0,0,1,0,0,0,0,0,0,4
414,2.531,DYSPHAGIA,5,0,0,0,0,0,0,0,0,1,0,4
415, ,ECOL PSYCHOL,5,0,0,0,0,0,0,0,0,0,0,5
416, ,EVOKED POTENTIAL,5,0,0,0,0,0,0,0,0,0,0,5
417,2.478,EYE,5,0,0,2,0,0,0,0,0,0,0,3
418,2.349,FRONT BIOSCI-LANDMRK,5,0,0,0,0,1,1,0,0,1,0,2
419,3.203,GENE THER,5,0,1,1,0,0,0,0,0,0,1,2
420,3.496,GENES BRAIN BEHAV,5,0,0,1,0,0,0,1,0,1,1,1
421, ,HANDB SENS PHYSIOL,5,0,0,0,0,0,0,0,0,0,0,5
422, ,HUM NERV SYSTEM,5,0,0,0,0,0,4,0,0,0,0,1
423,7.982,IEEE T NEUR NET LEAR,5,0,0,0,0,0,0,0,1,0,0,4
424,2.495,INT J DEV NEUROSCI,5,0,0,0,0,0,0,1,0,0,0,4
425,3.981,INT J NEUROPSYCHOPH,5,0,0,0,0,2,1,2,0,0,0,0
426,1.625,INVERTEBR NEUROSCI,5,0,1,0,0,0,0,0,0,0,1,3
427,1.390,J APPL BIOMECH,5,0,1,0,0,1,0,0,0,0,0,3
428,4.539,J IMMUNOL,5,0,0,0,0,0,0,0,0,0,0,5
429,6.448,J INVEST DERMATOL,5,0,1,0,0,0,1,0,1,1,0,1
430,1.711,J MORPHOL,5,0,0,0,0,0,0,0,0,0,0,5
431,1.955,J ZOOL,5,0,0,0,0,0,0,0,0,0,0,5
432, ,KYBERNETIK,5,0,0,0,0,0,0,0,0,0,0,5
433, ,LATERALITY,5,0,0,0,2,1,0,0,0,0,0,2
434, ,LEARN MOTIV,5,0,0,0,0,0,0,0,0,0,0,5
435,1.923,MED ENG PHYS,5,0,1,0,0,1,0,0,0,0,1,2
436,3.449,MOL BRAIN,5,0,0,1,0,1,3,0,0,0,0,0
437,5.076,MOL NEUROBIOL,5,0,1,0,0,0,1,1,0,1,0,1
438,22.727,NAT PHYS,5,0,0,4,0,0,0,0,0,0,0,1
439,19.819,NAT REV NEUROL,5,0,1,0,2,1,0,1,0,0,0,0
440,3.869,NEUROIMAGE-CLIN,5,0,0,3,2,0,0,0,0,0,0,0
441, ,NEUROSIGNALS,5,0,0,0,0,1,0,1,1,0,0,2
442,2.647,NEUROSURG FOCUS,5,0,0,0,0,0,0,0,0,3,0,2
443,1.499,OPTOMETRY VISION SCI,5,0,0,0,0,1,0,0,1,0,0,3
444, ,P ANN INT IEEE EMBS,5,0,0,0,0,0,0,0,0,0,0,5
445,2.782,PAIN MED,5,0,1,0,2,1,0,0,0,1,0,0
446,2.398,PEDIATR NEUROL,5,0,0,0,0,3,1,0,0,0,1,0
447,2.851,PEPTIDES,5,0,0,0,0,0,0,0,0,1,0,4
448, ,Q J EXP PSYCHOL-B,5,0,0,0,0,0,0,0,0,0,0,5
449,7.469,RADIOLOGY,5,0,0,0,0,0,0,0,1,1,0,3
450, ,REINFORCEMENT LEARNI,5,0,0,0,0,0,0,0,0,0,0,5
451, ,RHYTHMS BRAIN,5,0,0,0,0,0,0,0,0,0,0,5
452,3.958,SCHIZOPHR RES,5,0,0,1,0,1,0,0,0,0,0,3
453,1.579,SCI AM,5,0,0,0,0,0,0,1,0,0,0,4
454,1.870,SEMIN NEUROL,5,0,1,0,0,2,0,0,0,1,0,1
455,1.486,SIAM J APPL DYN SYST,5,0,0,1,1,0,0,0,0,0,0,3
456, ,SUPPL CLIN NEUROPHYS,5,0,0,0,0,0,0,0,0,0,0,5
457, ,THEOR NEUROSCI,5,0,0,0,0,0,0,0,0,0,0,5
458, ,Z VERGL PHYSIOL,5,0,0,0,0,0,0,0,0,0,0,5
459,4.211,ACS CHEM NEUROSCI,4,0,0,2,0,2,0,0,0,0,0,0
460, ,ACTA NEUROCHIR SUPPL,4,0,0,0,0,0,0,0,0,0,0,4
461,21.950,ADV MATER,4,0,0,0,2,0,0,1,0,1,0,0
462, ,ADV NEUROL,4,0,0,0,0,0,0,0,0,0,0,4
463, ,AEROSPACE MED,4,0,0,0,0,0,0,0,0,0,0,4
464,2.121,AGING CLIN EXP RES,4,0,0,0,0,0,0,1,0,0,2,1
465,8.855,AM J HUM GENET,4,0,0,0,0,0,1,0,0,0,0,3
466,2.264,AM J MED GENET A,4,0,0,0,0,0,0,0,1,0,0,3
467, ,AM J OCCUP THER,4,0,0,0,0,0,0,0,0,0,0,4
468, ,AM J OTOL,4,0,0,0,0,0,0,0,0,0,0,4
469,3.293,AM J PHYSIOL-GASTR L,4,0,0,0,0,0,0,1,0,0,0,3
470,3.164,AM J PHYSIOL-RENAL,4,0,0,0,0,0,0,0,0,0,0,4
471, ,AM J PHYSIOLREG I,4,0,0,0,0,0,0,0,0,0,0,4
472, ,AM PHYSIOL SOC,4,0,0,0,0,0,0,0,0,0,0,4
473,5.123,ANAL CHIM ACTA,4,0,0,0,0,0,0,0,0,1,0,3
474,2.522,ANN STAT,4,0,0,0,0,0,0,0,0,0,0,4
475, ,ARCH OTOLARYNGOL,4,0,0,0,0,0,0,0,0,0,0,4
476, ,BEHAV BIOL,4,0,0,0,0,0,0,0,0,0,0,4
477,1.854,BEHAV PHARMACOL,4,0,1,0,0,0,1,0,0,0,0,2
478,1.484,BEHAVIOUR,4,0,0,0,0,0,0,1,0,0,0,3
479,3.394,BIOCHEM SOC T,4,0,0,0,0,1,0,0,0,0,0,3
480,2.997,BIOCHEMISTRY-US,4,0,0,0,0,0,0,0,0,0,0,4
481,4.419,BIOESSAYS,4,0,0,0,0,1,0,0,0,0,1,2
482,2.727,BIOINSPIR BIOMIM,4,0,2,1,0,0,0,0,1,0,0,0
483, ,BIOSTAT ANAL,4,0,0,0,0,0,0,0,2,0,0,2
484,1.998,BMC MUSCULOSKEL DIS,4,0,0,0,0,0,2,0,0,1,0,1
485, ,CIRC HUM SPIN CORD,4,0,0,0,0,0,2,0,0,0,0,2
486,1.807,CLIN EEG NEUROSCI,4,0,0,0,0,0,0,3,0,0,1,0
487,5.220,CLIN SCI,4,0,0,2,0,0,0,0,0,0,0,2
488, ,COORDINATION REGULAT,4,0,0,0,0,0,0,0,0,0,0,4
489, ,CURR OPIN BEHAV SCI,4,0,3,1,0,0,0,0,0,0,0,0
490,2.715,CURR PAIN HEADACHE R,4,0,0,0,1,1,0,1,0,0,1,0
491, ,DEVELOPMENTAL SCI,4,0,0,0,0,1,1,1,0,0,0,1
492,6.023,DIABETOLOGIA,4,0,0,0,0,1,0,1,0,0,0,2
493,3.322,DRUG ALCOHOL DEPEN,4,0,1,0,0,0,0,0,1,0,1,1
494,2.600,EPILEPSY BEHAV,4,0,0,1,0,0,0,1,1,0,0,1
495,2.033,EUR J ORTHODONT,4,0,0,0,1,0,0,1,1,0,0,1
496,2.608,EXP DERMATOL,4,0,0,0,0,0,0,0,0,0,1,3
497,3.831,FRONT PHARMACOL,4,0,2,0,0,0,2,0,0,0,0,0
498,2.857,FRONT PSYCHIATRY,4,0,0,0,2,0,1,1,0,0,0,0
499, ,HIPPOCAMPUS COGNITIV,4,0,0,0,0,0,0,0,0,0,0,4
500,4.264,IEEE T ROBOT,4,0,0,0,0,0,0,0,0,1,2,1
501,1.501,INT J BIFURCAT CHAOS,4,0,0,0,0,0,0,0,0,1,0,3
502,1.541,INT J DERMATOL,4,0,0,0,0,0,0,0,0,0,0,4
503, ,INTRO BOOTSTRAP,4,0,0,0,0,0,0,0,0,0,0,4
504, ,INVEST UROL,4,0,0,0,0,0,0,0,0,0,0,4
505,8.655,J AM SOC NEPHROL,4,0,0,0,1,0,0,0,1,0,1,1
506,3.923,J CELL PHYSIOL,4,0,0,0,0,0,0,0,2,0,0,2
507,0.852,J EYE MOVEMENT RES,4,0,0,0,0,0,0,3,0,0,1,0
508, ,J GERONTOL,4,0,0,0,0,0,0,0,0,0,0,4
509,2.816,J HISTOCHEM CYTOCHEM,4,0,0,0,0,0,0,0,0,1,0,3
510,4.099,J HYPERTENS,4,0,0,0,1,0,0,0,0,0,0,3
511,6.253,J MED CHEM,4,0,1,0,0,0,1,0,0,0,0,2
512,1.638,J MEMBRANE BIOL,4,0,0,0,0,0,0,1,0,0,0,3
513,2.550,J PERIPHER NERV SYST,4,0,0,0,0,0,2,1,0,0,0,1
514,2.575,J PHARMACOL SCI,4,0,0,0,2,1,0,0,0,0,0,1
515, ,J PHYSIOLOGY PARIS,4,0,0,0,0,0,0,0,0,0,0,4
516, ,J SPEECH HEAR RES,4,0,0,0,0,0,0,0,0,0,0,4
517,2.733,J SPORT SCI,4,0,1,0,0,0,0,0,0,0,0,3
518, ,J TRAUMA,4,0,0,0,0,0,0,0,0,0,3,1
519,4.368,J VIROL,4,0,0,0,0,0,0,0,0,0,0,4
520,1.508,JAVMA-J AM VET MED A,4,0,0,0,0,0,0,0,0,1,0,3
521, ,LECT NOTES COMPUT SC,4,0,0,0,1,0,0,0,1,1,0,1
522,2.564,MAGN RESON IMAGING,4,0,0,0,0,0,0,0,1,0,1,2
523,3.998,METHODS,4,0,0,0,1,0,0,0,0,0,0,3
524, ,METHODS NEURONAL MOD,4,0,0,0,0,0,0,0,0,0,0,4
525,1.087,MICROSC RES TECHNIQ,4,0,0,0,0,0,0,0,0,0,0,4
526,14.248,MOL CELL,4,0,0,0,0,0,0,0,1,0,0,3
527,3.813,MOL CELL BIOL,4,0,0,1,0,0,0,0,0,0,0,3
528, ,MOTONEURONE ITS MUSC,4,0,0,0,0,0,0,0,0,0,0,4
529,39.235,NAT MATER,4,0,1,0,0,0,2,0,1,0,0,0
530, ,NEURAL BASEMULTISE,4,0,0,0,0,0,3,1,0,0,0,0
531, ,NEUROL EYE MOVEME,4,0,0,3,0,0,0,0,0,0,0,1
532,1.449,NEUROL RES,4,0,0,0,0,0,0,0,0,0,0,4
533,2.699,NEUROPSYCHOLOGY,4,0,0,0,0,0,0,0,0,0,0,4
534, ,PERCEPTION VISUAL WO,4,0,0,0,0,0,0,0,0,0,0,4
535,10.376,PHARMACOL THERAPEUT,4,0,0,0,0,0,0,0,1,0,0,3
536, ,PRINCIPLES NEURAL SC,4,0,0,0,0,1,1,0,0,0,0,2
537, ,PSYCHOL MONOGR,4,0,0,0,0,0,0,0,0,0,0,4
538,2.089,PSYCHOMETRIKA,4,0,0,0,0,0,0,0,0,0,0,4
539,2.268,RES Q EXERCISE SPORT,4,0,0,0,0,0,0,1,0,0,0,3
540,2.590,REV NEUROSCIENCE,4,0,0,0,0,0,0,0,1,0,0,3
541,11.511,SCI ADV,4,0,2,2,0,0,0,0,0,0,0,0
542, ,SPR SER COMPUT NEURO,4,0,1,0,0,0,1,0,2,0,0,0
543,2.324,STAT SCI,4,0,0,0,0,0,0,0,0,0,1,3
544, ,T AM OPHTHAL SOC,4,0,0,0,0,1,0,0,0,0,0,3
545,1.771,TOP STROKE REHABIL,4,0,0,0,0,0,2,1,0,0,0,1
546, ,TRENDS AMPLIF,4,0,0,0,0,0,0,0,0,0,2,2
547,15.938,TRENDS ECOL EVOL,4,0,1,0,0,0,0,0,0,2,0,1
548, ,TUTOR QUANT METHODS,4,0,0,0,0,0,0,0,0,0,2,2
549, ,ABSTR SOC NEUROSCI,3,0,0,0,0,0,0,0,0,0,0,3
550,1.652,ACTA HISTOCHEM,3,0,0,1,0,1,0,0,0,0,0,1
551, ,ACTA PHYSIOL SINICA,3,0,0,0,0,0,0,0,0,1,1,1
552,1.981,ADV PHYSIOL EDUC,3,0,0,0,0,0,1,0,0,0,0,2
553,2.425,ALCOHOL,3,0,0,0,0,0,0,0,0,0,1,2
554,4.171,AM HEART J,3,0,0,0,0,0,0,0,0,0,0,3
555,1.118,AM J AUDIOL,3,0,1,0,2,0,0,0,0,0,0,0
556,3.653,AM J NEURORADIOL,3,0,0,0,0,0,0,0,0,1,0,2
557,4.795,AM J OPHTHALMOL,3,0,0,0,0,0,0,0,0,0,0,3
558,1.842,AM J ORTHOD DENTOFAC,3,0,0,0,0,0,0,0,0,1,0,2
559,2.901,AM J PHYS ANTHROPOL,3,0,0,0,0,0,0,0,0,0,0,3
560,6.057,AM J SPORT MED,3,0,0,0,0,0,1,0,0,1,0,1
561,0.525,AM SCI,3,0,0,0,0,0,0,0,0,0,0,3
562,2.805,ANIM COGN,3,0,0,0,1,0,0,0,1,0,0,1
563, ,ANN MATH STAT,3,0,0,0,0,0,0,0,0,0,0,3
564,8.788,ANNU REV BIOMED ENG,3,0,0,0,1,0,0,0,0,1,1,0
565,9.032,ANNU REV CELL DEV BI,3,0,0,0,1,0,0,0,0,0,1,1
566,13.860,ANNU REV ENTOMOL,3,0,0,0,1,0,0,0,1,0,0,1
567,13.295,ANNU REV PHARMACOL,3,0,0,0,0,0,0,0,0,0,0,3
568, ,APPL NEUROPHYSIOL,3,0,0,0,0,0,0,0,0,0,0,3
569,2.518,APPL PHYSIOL NUTR ME,3,0,1,0,0,1,1,0,0,0,0,0
570,3.118,ARCH BIOCHEM BIOPHYS,3,0,0,0,0,0,0,0,0,0,2,1
571,2.241,ARCH GERONTOL GERIAT,3,1,0,0,0,0,0,0,1,0,0,1
572, ,AUDITORY CORTEX,3,0,0,0,0,0,0,3,0,0,0,0
573, ,AUDITORY SCENE ANAL,3,0,0,0,0,0,0,0,0,0,0,3
574,7.804,B AM METEOROL SOC,3,0,0,0,0,0,0,0,0,0,0,3
575,3.438,BBA-BIOMEMBRANES,3,0,0,0,0,1,0,0,0,0,0,2
576, ,BIOFIZIKA+,3,0,0,0,0,0,0,0,0,0,0,3
577,5.481,BIOINFORMATICS,3,0,0,0,0,0,0,1,0,1,0,1
578,1.694,BIOL PHARM BULL,3,0,0,0,0,1,1,0,0,1,0,0
579,2.583,BIOMED RES INT,3,0,1,0,2,0,0,0,0,0,0,0
580, ,BIOMED SCI INSTRUM,3,0,0,0,0,0,0,0,0,1,0,2
581,1.544,BRAIN DEV-JPN,3,0,0,0,0,0,1,0,0,0,0,2
582,3.838,BRIT J CLIN PHARMACO,3,0,0,0,1,0,0,1,0,0,0,1
583,4.539,BUILD ENVIRON,3,0,0,3,0,0,0,0,0,0,0,0
584,3.377,CAN J ANESTH,3,0,0,0,0,0,0,1,0,0,0,2
585, ,CAN J APPL PHYSIOL,3,0,0,0,0,0,0,0,0,0,0,3
586,9.130,CANCER RES,3,0,0,0,0,0,0,0,0,0,0,3
587,5.500,CELL PHYSIOL BIOCHEM,3,0,0,0,1,0,0,1,1,0,0,0
588,7.652,CHEST,3,0,0,0,0,0,0,0,0,0,0,3
589, ,CIBA F SYMP,3,0,0,0,0,0,0,0,0,0,0,3
590,1.635,CLIN AUTON RES,3,0,0,0,0,0,0,0,0,0,0,3
591,8.636,CLIN CHEM,3,0,0,0,0,0,0,0,0,0,0,3
592,4.347,CLIN CHEST MED,3,0,0,0,0,0,0,0,0,0,0,3
593, ,COGN NEUR 3 3 ED,3,0,0,0,0,0,0,0,0,0,0,3
594,3.417,COGN NEUROSCI-UK,3,0,0,0,0,2,1,0,0,0,0,0
595, ,COLD SPRING HARB MON,3,0,0,0,0,0,0,0,0,0,0,3
596,2.674,COMPUT METH PROG BIO,3,0,0,0,2,0,0,0,0,0,0,1
597, ,COMPUT NEUROB,3,0,0,0,0,0,0,0,0,0,0,3
598,1.074,COMPUT SCI ENG,3,0,0,0,0,0,0,1,0,0,0,2
599, ,CORTICOSPINAL FUNCTI,3,0,0,0,0,0,0,0,0,0,0,3
600,3.979,CSH PERSPECT MED,3,0,0,1,0,0,2,0,0,0,0,0
601,1.465,CURR OPIN OTOLARYNGO,3,0,0,1,0,0,0,0,2,0,0,0
602,2.757,CURR PHARM DESIGN,3,0,0,0,0,2,0,0,0,0,0,1
603,3.374,CURR TOP MED CHEM,3,0,0,0,0,0,0,1,0,0,0,2
604, ,DEV PSYCHOPATHOL,3,0,0,0,0,0,0,0,0,0,1,2
605,13.397,DIABETES CARE,3,0,0,0,0,0,0,0,0,0,0,3
606, ,DIRECTIONAL STAT,3,0,0,0,0,0,0,0,0,0,0,3
607,2.851,ELECTROANAL,3,0,0,0,0,0,0,0,0,0,0,3
608, ,ELECTROMYO CLIN NEUR,3,0,0,0,0,0,0,0,0,0,0,3
609, ,ELEMENTS INFORM THEO,3,0,0,0,0,0,0,0,0,0,0,3
610, ,ELS,3,0,0,1,1,0,0,0,0,0,0,1
611, ,ENCY NEUROSCIENCE,3,0,0,0,0,0,0,0,0,3,0,0
612,1.546,EUR ARCH OTO-RHINO-L,3,0,3,0,0,0,0,0,0,0,0,0
613, ,EUR J MORPHOL,3,0,0,0,0,0,0,0,0,0,0,3
614, ,EXP PSYCHOL,3,0,0,0,0,0,0,0,0,0,0,3
615,3.902,FRONT MOL NEUROSCI,3,0,1,0,0,0,0,0,2,0,0,0
616,6.875,FRONT NEUROENDOCRIN,3,0,0,0,0,0,2,1,0,0,0,0
617,20.773,GASTROENTEROLOGY,3,0,0,1,1,0,0,0,0,1,0,0
618,3.532,GERONTOLOGY,3,0,0,0,0,0,0,1,0,0,0,2
619,3.091,HEADACHE,3,0,3,0,0,0,0,0,0,0,0,0
620,2.371,HUM FACTORS,3,0,0,0,0,0,0,0,0,0,0,3
621,4.241,HUM GENE THER,3,0,0,0,0,0,2,1,0,0,0,0
622,5.007,IEEE T AUTOMAT CONTR,3,0,0,0,0,0,0,0,0,0,0,3
623,4.203,IEEE T SIGNAL PROCES,3,0,0,0,0,0,0,0,0,0,0,3
624,2.453,INT J SPORTS MED,3,0,0,0,0,0,0,0,0,0,0,3
625, ,INTELLIGENCE,3,0,0,0,1,0,0,1,0,0,0,1
626, ,ION CHANNELS EXCITAB,3,0,0,0,0,0,0,0,0,0,0,3
627,1.218,J AM ASSOC LAB ANIM,3,0,0,0,1,1,0,0,0,0,0,1
628,4.583,J BONE JOINT SURG AM,3,0,0,0,0,0,0,0,0,0,0,3
629, ,J BONE JOINT SURG BR,3,0,0,0,0,0,0,0,0,0,1,2
630,2.162,J CHEM NEUROANAT,3,0,0,0,0,0,0,0,0,0,0,3
631,5.789,J CLIN ENDOCR METAB,3,0,0,0,0,0,1,0,0,0,0,2
632,1.853,J CLIN EXP NEUROPSYC,3,0,0,0,0,0,0,0,0,0,1,2
633,1.640,J CLIN NEUROSCI,3,0,0,0,0,0,0,1,0,1,0,1
634,5.383,J DENT RES,3,0,1,1,1,0,0,0,0,0,0,0
635,1.861,J EXP PSYCHOL-ANIM L,3,0,0,0,0,0,0,0,0,0,0,3
636,1.246,J EXP ZOOL PART A,3,0,0,0,0,0,0,0,0,0,0,3
637,1.776,J HAND SURG-AM,3,0,0,0,0,0,0,0,0,0,0,3
638,1.040,J HAND THER,3,0,0,0,0,1,1,1,0,0,0,0
639,2.733,J INSECT PHYSIOL,3,1,0,0,0,0,0,0,1,0,0,1
640,0.662,J INTEGR NEUROSCI,3,0,0,0,0,0,0,2,0,0,0,1
641,0.967,J LARYNGOL OTOL,3,0,0,0,0,0,0,0,0,0,0,3
642,5.751,J MED GENET,3,0,0,0,0,0,0,0,1,0,0,2
643,2.829,J MEM LANG,3,0,0,0,0,1,0,0,0,0,1,1
644,2.412,J MOL HISTOL,3,0,0,0,0,1,1,0,0,0,0,1
645,2.454,J MOL NEUROSCI,3,0,0,0,0,1,0,0,1,0,0,1
646,3.633,J NEUROL PHYS THER,3,0,1,0,0,1,0,0,0,1,0,0
647,1.854,J NEUROPSYCH CLIN N,3,0,0,0,0,0,0,0,1,0,0,2
648,3.950,J PROTEOME RES,3,0,0,0,2,0,0,0,0,1,0,0
649,4.000,J PSYCHIATR RES,3,0,0,0,0,0,0,0,0,0,0,3
650,1.802,J REHABIL MED,3,0,0,0,0,1,0,0,1,0,1,0
651,2.325,J STRENGTH COND RES,3,0,0,0,1,0,0,0,0,1,1,0
652, ,J UNDERGRAD NEUROSCI,3,0,0,0,0,0,1,0,0,0,0,2
653, ,J VOICE,3,0,0,0,0,0,0,0,0,0,0,3
654,8.429,KIDNEY INT,3,0,0,0,1,0,0,0,0,0,0,2
655, ,LAB ANIM SCI,3,0,0,0,0,0,0,0,0,0,0,3
656, ,LME4 LINEAR MIXED EF,3,0,0,0,0,0,2,0,0,1,0,0
657,3.678,MOL ENDOCRINOL,3,0,0,0,0,0,0,0,0,0,0,3
658, ,MONOGR PHYSIOL SOC,3,0,0,0,0,0,0,0,0,0,0,3
659,2.339,MULTISENS RES,3,0,1,2,0,0,0,0,0,0,0,0
660,3.691,MULTIVAR BEHAV RES,3,0,0,0,0,0,1,0,0,0,0,2
661,19.064,NAT CELL BIOL,3,0,0,0,0,0,0,0,0,0,0,3
662, ,NAT CLIN PRACT NEURO,3,0,0,0,0,0,0,0,0,0,1,2
663,50.167,NAT REV DRUG DISCOV,3,0,0,0,1,1,0,0,0,0,0,1
664, ,NEUR M PLANN,3,0,0,1,1,1,0,0,0,0,0,0
665,2.130,NEURAL DEV,3,0,0,0,0,0,1,0,0,0,0,2
666,2.234,NEURAL REGEN RES,3,1,1,1,0,0,0,0,0,0,0,0
667,5.024,NEUROENDOCRINOLOGY,3,0,0,0,0,0,0,0,0,0,0,3
668,3.842,NEUROGASTROENT MOTIL,3,0,0,0,0,1,0,1,0,0,0,1
669,4.894,NEUROPSYCHOL REV,3,0,0,0,1,0,0,1,1,0,0,0
670,1.779,NEUROREHABILITATION,3,0,0,1,2,0,0,0,0,0,0,0
671, ,NEUROSCI BEHAV PHYSL,3,0,0,0,0,0,0,0,0,0,0,3
672, ,NEW VIS NEUR,3,0,0,0,3,0,0,0,0,0,0,0
673, ,NEWS PHYSIOL SCI,3,0,0,0,0,0,0,0,0,0,0,3
674,3.031,NMR BIOMED,3,0,0,0,0,0,0,0,1,0,0,2
675,1.826,OPHTHALMIC RES,3,0,0,0,0,0,0,0,0,0,0,3
676, ,P AM CONTR CONF,3,0,1,0,1,0,0,0,0,0,0,1
677,9.107,P IEEE,3,0,0,0,0,0,0,0,0,0,0,3
678, ,PARAPLEGIA,3,0,0,0,0,0,0,0,0,0,0,3
679,3.965,PATTERN RECOGN,3,0,0,0,0,0,0,0,0,0,1,2
680, ,PEDIATR OPHTHALMOL,3,0,0,0,0,0,2,0,0,0,0,1
681,3.123,PEDIATR RES,3,0,1,0,0,0,0,0,0,0,0,2
682, ,PHYS REV,3,0,0,0,0,0,0,0,0,0,0,3
683,1.324,PHYSIOL RES,3,0,0,0,0,0,0,0,1,0,0,2
684, ,PROBABILITY STAT RAN,3,0,0,0,0,0,3,0,0,0,0,0
685,3.074,PROG MOL BIOL TRANSL,3,0,0,1,1,1,0,0,0,0,0,0
686,4.185,PROG NEURO-PSYCHOPH,3,0,0,0,0,0,0,0,0,0,0,3
687, ,PSYCHOBIOLOGY,3,0,0,0,0,0,0,0,0,0,0,3
688, ,PSYCHOL LEARN MOTIV,3,0,0,0,0,0,0,0,0,0,0,3
689,2.406,PULM PHARMACOL THER,3,0,0,0,0,0,0,0,0,0,0,3
690, ,R OCULO RES,3,0,0,0,0,0,0,0,0,0,0,3
691,3.623,SCAND J MED SCI SPOR,3,1,1,0,0,1,0,0,0,0,0,0
692, ,SCAND J PSYCHOL,3,0,0,0,0,0,0,0,0,1,0,2
693, ,SCAND J REHABIL MED,3,0,0,0,0,0,0,0,0,0,0,3
694, ,SCHOLARPEDIA,3,0,0,1,0,0,0,0,0,1,0,1
695,6.138,SEMIN CELL DEV BIOL,3,0,0,0,0,0,0,0,0,0,0,3
696, ,SIMULATING ANAL ANIM,3,0,0,0,0,0,0,0,0,0,0,3
697,3.500,SOC COGN AFFECT NEUR,3,0,1,1,0,0,0,0,0,1,0,0
698, ,STAT ANAL CIRCULAR D,3,0,0,0,0,0,0,0,0,0,0,3
699,1.932,STAT MED,3,0,0,0,0,0,0,0,0,0,1,2
700, ,THALAMUS,3,0,0,0,0,0,0,0,0,0,0,3
701, ,THALAMUS RELAT SYST,3,0,0,0,0,0,0,0,0,0,0,3
702,3.508,TISSUE ENG,3,0,0,0,0,1,1,0,0,0,0,1
703,0.833,TRANSL NEUROSCI,3,0,0,0,2,1,0,0,0,0,0,0
704,4.691,TRANSL PSYCHIAT,3,0,0,1,0,1,0,1,0,0,0,0
705, ,VET MED SM ANIM CLIN,3,0,0,0,0,0,0,0,0,0,0,3
706, ,WIRES COGN SCI,3,0,0,0,0,0,0,2,1,0,0,0
707, ,Z TIERPSYCHOL,3,0,0,0,0,0,0,0,0,0,0,3
708, ,2012 NEUR M PLANN,2,0,0,0,0,0,2,0,0,0,0,0
709, ,2013 NEUR M PLANN,2,0,0,0,0,2,0,0,0,0,0,0
710, ,ABSTR MIDWINTER RES,2,0,0,0,0,0,0,0,1,0,0,1
711,1.129,ACTA ACUST UNITED AC,2,0,0,0,0,0,0,0,0,0,0,2
712,2.270,ACTA ANAESTH SCAND,2,0,0,0,0,0,0,0,0,0,0,2
713,3.127,ACTA DERM-VENEREOL,2,0,0,0,0,1,0,0,0,0,0,1
714,1.196,ACTA OTORHINOLARYNGO,2,0,0,0,0,0,0,0,1,0,0,1
715, ,ADV BEHAV BIOL,2,0,0,0,0,0,0,0,0,1,0,1
716, ,ADV PSYCHOL,2,0,0,0,0,0,0,0,0,0,0,2
717,2.900,AGE,2,0,0,0,1,1,0,0,0,0,0,0
718,7.627,AGING CELL,2,0,0,0,0,0,0,0,0,0,0,2
719,12.764,ALZHEIMERS DEMENT,2,0,0,1,0,0,0,0,0,0,1,0
720, ,AM J ANAT,2,0,0,0,0,0,0,0,0,0,0,2
721,6.549,AM J CLIN NUTR,2,0,0,0,0,0,0,0,1,0,0,1
722,3.016,AM J MED GENET B,2,0,0,0,0,0,0,0,1,0,0,1
723,4.069,AM J PATHOL,2,0,0,0,0,0,0,0,0,0,1,1
724,1.034,AM J PHYS,2,0,0,0,0,0,0,0,0,0,0,2
725,4.018,AM J PHYSIOL-ENDOC M,2,0,0,0,0,0,0,1,0,1,0,0
726, ,AM J PSYCHOL,2,0,0,0,0,0,0,0,0,0,0,2
727,2.906,AMINO ACIDS,2,0,0,0,0,0,1,0,0,0,1,0
728, ,ANATOMY RHESUS MONKE,2,0,0,0,0,0,0,0,0,0,0,2
729,1.592,ANGLE ORTHOD,2,0,0,0,0,0,0,0,0,2,0,0
730, ,ANIM LEARN BEHAV,2,0,0,0,0,0,0,0,0,0,0,2
731, ,ANIM MODELS SPINAL,2,0,0,0,0,2,0,0,0,0,0,0
732,4.649,ANN CLIN TRANSL NEUR,2,1,1,0,0,0,0,0,0,0,0,0
733,4.256,ANTIMICROB AGENTS CH,2,0,0,0,0,0,0,0,0,0,0,2
734,1.548,APPL ANIM BEHAV SCI,2,0,0,0,0,0,0,0,0,1,1,0
735,1.791,APPL OPTICS,2,0,0,0,0,0,0,0,0,1,0,1
736, ,APPL PSYCHOPHYS BIOF,2,0,0,0,0,0,0,0,0,0,0,2
737,1.386,ARCH ENVIRON OCCUP H,2,0,0,0,0,1,0,0,0,1,0,0
738, ,ARCH INTERN MED,2,0,0,0,0,0,0,0,0,0,0,2
739, ,ARCH OPHTHALMOL-CHIC,2,0,0,0,0,0,0,0,0,0,0,2
740,4.149,ARTHRIT CARE RES,2,0,0,0,0,0,0,1,0,0,0,1
741, ,ASS RES OTOLARYNGOL,2,0,1,1,0,0,0,0,0,0,0,0
742,2.244,AUTON ROBOT,2,0,0,0,0,0,0,1,0,0,0,1
743, ,B J PSYCHOL-GEN SECT,2,0,0,0,0,0,0,0,0,0,0,2
744, ,B JOHNS HOPKINS HOSP,2,0,0,0,0,0,0,0,0,0,0,2
745, ,B LOS ANGEL NEURO SO,2,0,0,0,0,0,0,0,0,0,0,2
746,4.651,BBA-MOL CELL RES,2,0,0,1,0,0,0,0,0,0,0,1
747,2.609,BBA-PROTEINS PROTEOM,2,0,0,0,0,0,0,1,1,0,0,0
748,2.088,BEHAV NEUROL,2,0,0,1,0,0,0,0,0,0,1,0
749, ,BINOCULAR VISION OCU,2,0,0,0,0,0,0,0,0,0,0,2
750,4.235,BIOCHEM PHARMACOL,2,0,0,1,0,0,0,0,0,0,0,1
751,2.000,BIOELECTROMAGNETICS,2,0,0,0,0,0,0,0,0,0,0,2
752,3.345,BIOL LETTERS,2,0,0,0,0,2,0,0,0,0,0,0
753,2.217,BIOL OPEN,2,0,1,1,0,0,0,0,0,0,0,0
754,1.676,BIOMED ENG ONLINE,2,0,1,0,0,0,0,0,0,0,0,1
755, ,BIOMETRY PRINCIPLES,2,0,0,0,0,0,1,0,0,0,0,1
756, ,BIOPHYS-USSR,2,0,0,0,0,0,0,0,0,0,0,2
757,5.876,BIOSCIENCE,2,0,0,0,0,0,0,0,0,0,0,2
758,1.619,BIOSYSTEMS,2,0,0,0,0,0,0,0,0,0,0,2
759,15.132,BLOOD,2,0,0,0,0,1,0,0,0,0,0,1
760,2.213,BMC BIOINFORMATICS,2,0,0,0,0,0,0,1,1,0,0,0
761,3.730,BMC GENOMICS,2,0,1,0,0,0,0,0,0,0,1,0
762,2.219,BRAIN BEHAV,2,0,0,1,0,0,1,0,0,0,0,0
763,6.306,BRAIN BEHAV IMMUN,2,0,1,0,0,0,0,1,0,0,0,0
764, ,BRAIN CONNECT,2,0,1,0,1,0,0,0,0,0,0,0
765,6.187,BRAIN PATHOL,2,0,0,0,0,0,0,0,0,0,0,2
766, ,BRAIN RES PROTOC,2,0,0,0,0,0,0,0,0,0,0,2
767, ,BRAIN STEM CONTROL S,2,0,0,0,0,0,0,0,0,0,0,2
768,7.867,BRIT J SPORT MED,2,0,0,0,0,0,0,0,0,0,0,2
769,3.356,BRIT MED BULL,2,0,0,0,0,0,0,0,0,0,0,2
770, ,C P ANN INT C IEEE E,2,0,0,0,1,0,1,0,0,0,0,0
771, ,CAH PSYCHOL COGN,2,0,0,0,0,0,0,0,0,0,0,2
772,2.006,CAN J NEUROL SCI,2,0,0,0,0,0,0,0,0,0,0,2
773, ,CAN J PSYCHOL,2,0,0,0,0,0,0,0,0,0,0,2
774,6.290,CARDIOVASC RES,2,0,0,0,0,0,0,0,0,0,1,1
775,1.875,CELL COMMUN ADHES,2,0,0,0,0,0,0,0,0,0,1,1
776,3.304,CELL CYCLE,2,0,0,0,1,0,0,0,0,1,0,0
777, ,CELL MOL GASTROENTER,2,0,1,1,0,0,0,0,0,0,0,0
778,15.393,CELL RES,2,0,1,0,0,0,0,1,0,0,0,0
779, ,CEREBELLUM NEURAL CO,2,0,0,0,0,0,0,0,0,0,0,2
780,2.538,CHANNELS,2,0,1,0,0,0,1,0,0,0,0,0
781, ,CHEM OSCILLATIONS WA,2,0,0,0,0,0,0,0,0,0,0,2
782, ,CLASSICAL CONDITION,2,0,0,0,0,0,0,0,0,0,0,2
783, ,CLIN ELECTROENCEPHAL,2,0,0,0,0,0,1,0,0,0,0,1
784,9.117,CLIN INFECT DIS,2,0,0,0,0,0,0,0,0,0,0,2
785,1.736,CLIN NEUROL NEUROSUR,2,0,0,1,0,0,1,0,0,0,0,0
786,4.091,CLIN ORTHOP RELAT R,2,0,0,0,0,0,0,0,0,0,0,2
787,6.544,CLIN PHARMACOL THER,2,0,0,0,0,0,0,0,0,0,0,2
788,2.084,CNS NEUROL DISORD-DR,2,0,0,1,1,0,0,0,0,0,0,0
789,3.495,CNS NEUROSCI THER,2,0,0,0,0,1,0,1,0,0,0,0
790, ,COGNITIVE SCI,2,0,0,0,0,0,0,0,0,0,0,2
791,2.426,COMP BIOCHEM PHYS C,2,0,0,0,0,0,0,0,0,0,1,1
792, ,COMP BIOCHEM PHYSIOL,2,0,0,0,0,0,0,0,0,0,0,2
793, ,COMPR HUM,2,0,0,0,0,0,0,0,0,0,0,2
794, ,COMPR PHYSIOL S3,2,0,0,0,0,0,0,2,0,0,0,0
795,1.974,COMPUT METHOD BIOMEC,2,0,0,0,0,1,0,0,1,0,0,0
796, ,COMPUT NEUROSCI-MIT,2,0,1,0,0,0,1,0,0,0,0,0
797,1.776,COMPUT SPEECH LANG,2,0,0,0,1,0,0,0,0,0,1,0
798, ,CONTEMP TOP LAB ANIM,2,0,0,0,0,0,0,0,0,0,0,2
799, ,CONTR COGN PROC ATT,2,0,0,0,0,0,0,0,0,0,0,2
800,1.313,CR BIOL,2,0,0,0,0,0,0,0,0,0,0,2
801, ,CRIT REV BIOMED ENG,2,0,0,0,0,0,0,0,0,0,0,2
802,3.234,CURR HYPERTENS REP,2,0,0,0,1,0,0,1,0,0,0,0
803,3.469,CURR MED CHEM,2,0,0,0,0,0,0,0,0,0,0,2
804,3.478,CURR NEUROL NEUROSCI,2,0,0,0,0,0,0,0,0,0,0,2
805,2.581,CURR OPIN ANESTHESIO,2,0,0,0,0,0,0,0,0,0,0,2
806,3.864,CURR PSYCHIAT REP,2,0,0,1,0,0,0,0,0,0,1,0
807, ,DETECTION THEOR USE,2,0,0,0,0,0,0,0,0,0,0,2
808,9.616,DEV CELL,2,0,0,1,1,0,0,0,0,0,0,0
809,4.815,DEV COGN NEUROS-NETH,2,0,0,0,1,0,0,1,0,0,0,0
810,2.333,DEV NEUROPSYCHOL,2,0,0,0,0,0,0,0,0,0,0,2
811,7.273,DIABETES,2,0,0,0,0,0,0,0,0,0,0,2
812,3.904,DIABETES-METAB RES,2,0,0,0,0,0,0,0,0,0,1,1
813, ,DIAGN STAT MAN MENT,2,0,0,0,0,1,0,0,0,0,0,1
814, ,DYNAMIC PATTERNS SEL,2,0,0,0,0,0,0,0,0,0,0,2
815, ,DYNAMICAL SYST NE,2,0,0,0,0,0,0,0,0,0,0,2
816,2.025,EARLY HUM DEV,2,0,0,0,0,0,0,0,0,0,0,2
817, ,ECOL APPROACH,2,0,0,0,1,0,0,0,0,0,0,1
818, ,EEG CL N SU,2,0,0,0,0,0,0,0,0,0,0,2
819, ,ELECT FIELDS BRAIN N,2,0,0,0,0,0,0,0,0,0,0,2
820, ,ENVIRON BEHAV,2,0,0,0,0,0,0,0,0,0,0,2
821,4.732,ENVIRON RES,2,0,0,0,0,0,0,0,0,0,0,2
822,1.697,ETHOLOGY,2,0,0,0,0,0,0,0,2,0,0,0
823,3.617,EUR ARCH PSY CLIN N,2,0,0,0,1,0,0,0,0,0,0,1
824,23.425,EUR HEART J,2,0,0,0,1,0,0,0,0,0,0,1
825,3.979,EUR J ANAESTH,2,0,0,0,0,0,0,0,0,0,0,2
826,4.129,EUR NEUROPSYCHOPHARM,2,0,0,1,0,0,0,0,0,0,0,1
827,1.536,EUR PHYS J B,2,0,0,0,0,0,0,0,0,1,0,1
828, ,EUR RECOMMENDAT,2,0,0,0,0,0,0,0,0,0,0,2
829,1.065,EXP AGING RES,2,0,0,0,0,0,0,0,0,0,0,2
830,3.696,EXPERT REV NEUROTHER,2,0,0,0,0,1,0,1,0,0,0,0
831,4.530,FEBS J,2,0,0,0,0,1,0,0,1,0,0,0
832, ,FED PROC,2,0,0,0,0,0,0,0,0,0,0,2
833, ,FOCUS AUTISM OTHER D,2,0,0,0,0,0,0,0,0,0,0,2
834,1.479,GEN PHYSIOL BIOPHYS,2,0,0,0,0,0,0,0,0,0,1,1
835,9.462,GENE DEV,2,0,0,0,0,0,0,0,0,0,0,2
836,1.892,GENOME,2,0,0,0,1,0,0,0,0,1,0,0
837,13.214,GENOME BIOL,2,0,0,0,0,1,0,0,1,0,0,0
838, ,GERONTOL CLIN,2,0,0,0,0,0,0,0,0,0,0,2
839, ,GUIDE CARE USE LAB A,2,0,0,0,0,0,0,2,0,0,0,0
840,17.016,GUT,2,0,0,0,0,0,0,0,1,0,0,1
841, ,HAND CLINIC,2,0,1,0,0,0,0,0,0,0,0,1
842, ,HANDB NEUR ACT MEAS,2,0,0,0,0,0,2,0,0,0,0,0
843, ,HDB BASAL GANGLIA ST,2,0,2,0,0,0,0,0,0,0,0,0
844, ,HDB PHYSL EXERCISE R,2,0,0,0,0,0,0,1,0,0,0,1
845, ,HIPPOCAMPUS BOOK,2,0,0,0,0,0,0,0,0,0,0,2
846, ,HIST NEUROPHYSIOLOGY,2,0,0,0,0,0,0,0,0,0,0,2
847, ,HISTOCHEMISTRY,2,0,0,0,0,0,0,0,0,0,0,2
848,4.418,HORM BEHAV,2,0,0,0,0,0,0,0,0,0,0,2
849,2.560,HORM METAB RES,2,0,0,0,0,0,0,0,0,1,0,1
850, ,HUM HAND FUNCTION,2,0,0,0,0,0,0,0,0,0,0,2
851, ,HUM VISUAL ORIENTA,2,0,0,0,0,0,0,0,0,0,0,2
852, ,IEEE INT C ROB AUT I,2,0,0,0,0,0,0,0,0,0,0,2
853, ,IEEE INT CONF ROBOT,2,0,0,0,0,0,0,1,0,0,0,1
854,4.075,IEEE J SOLID-ST CIRC,2,0,0,0,1,0,0,0,0,1,0,0
855,2.617,IEEE SENS J,2,0,0,0,0,0,2,0,0,0,0,0
856,7.451,IEEE SIGNAL PROC MAG,2,0,0,0,0,0,0,0,0,0,0,2
857,2.563,IEEE T HUM-MACH SYST,2,0,0,1,0,1,0,0,0,0,0,0
858,1.440,IEEE T NUCL SCI,2,0,0,0,0,0,0,0,0,0,0,2
859,9.455,IEEE T PATTERN ANAL,2,0,0,0,0,1,0,0,0,0,0,1
860, ,IEEE-RAS INT C HUMAN,2,0,0,0,0,0,1,0,0,0,0,1
861,2.619,ILAR J,2,0,0,0,0,0,0,1,1,0,0,0
862,2.159,IMAGE VISION COMPUT,2,0,0,0,0,0,0,0,0,0,0,2
863, ,INFERIOR COLLICULUS,2,0,0,0,0,0,0,0,0,0,0,2
864,3.247,INT J BIOCHEM CELL B,2,0,0,0,0,0,0,0,0,0,0,2
865,3.687,INT J MOL SCI,2,0,0,0,1,1,0,0,0,0,0,0
866,5.159,INT J OBESITY,2,0,1,0,0,0,0,0,0,0,0,1
867,1.305,INT J PEDIATR OTORHI,2,0,0,1,0,1,0,0,0,0,0,0
868, ,INT Z ANGEW PHYSIOL,2,0,0,0,0,0,0,0,0,0,0,2
869, ,INTEGRATION NERV,2,0,0,0,0,0,0,0,0,0,0,2
870, ,INTEGRATIVE ACTION N,2,0,0,0,0,0,0,0,0,0,0,2
871,1.946,INVERSE PROBL,2,0,0,0,0,0,1,1,0,0,0,0
872,2.038,J AGING PHYS ACTIV,2,0,0,0,0,0,0,0,1,0,0,1
873, ,J ANAT PHYSIOL,2,0,0,0,0,0,0,0,0,0,0,2
874, ,J APPL PSYCHOL,2,0,0,0,0,0,0,0,0,0,0,2
875,3.668,J ATTEN DISORD,2,1,0,0,0,0,0,0,0,0,0,1
876,2.914,J BIOENERG BIOMEMBR,2,0,1,0,0,0,0,0,0,0,0,1
877,1.000,J BIOL PHYS,2,0,0,0,0,0,0,2,0,0,0,0
878, ,J BIOMED ENG,2,0,0,0,0,0,0,0,0,0,0,2
879,3.373,J BIOMED MATER RES B,2,0,1,0,1,0,0,0,0,0,0,0
880, ,J BODYW MOV THER,2,0,0,0,0,0,1,1,0,0,0,0
881, ,J CHILD LANG,2,0,0,0,0,1,0,0,0,0,0,1
882,1.665,J CHILD NEUROL,2,0,0,0,0,0,0,0,0,0,0,2
883, ,J CLIN PSYCHOL,2,0,0,0,0,0,0,0,0,0,0,2
884, ,J CONSULT CLIN PSYCH,2,0,0,0,0,0,2,0,0,0,0,0
885, ,J EMBRYOL EXP MORPH,2,0,0,0,0,0,0,0,0,0,0,2
886,2.010,J EXP ANAL BEHAV,2,0,0,0,0,0,0,0,0,0,0,2
887, ,J EXP CHILD PSYCHOL,2,0,1,0,0,0,0,0,0,0,0,1
888, ,J GEN PSYCHOL,2,0,0,0,0,0,0,0,0,0,0,2
889,3.054,J GERONTOL B-PSYCHOL,2,0,0,1,0,0,0,0,0,0,0,1
890,2.574,J HERED,2,0,0,0,0,0,0,0,0,0,0,2
891,2.777,J INT NEUROPSYCH SOC,2,0,0,0,0,0,0,0,0,1,0,1
892, ,J LAB CLIN MED,2,0,0,0,0,0,0,0,0,0,0,2
893,2.139,J MAMMAL,2,0,0,0,0,0,0,0,0,0,0,2
894,1.882,J MATH CHEM,2,0,0,0,0,0,0,0,1,0,1,0
895,1.693,J MICROSC-OXFORD,2,0,0,0,0,0,0,0,0,0,0,2
896,4.894,J MOL BIOL,2,0,0,0,0,0,1,0,0,0,0,1
897,5.595,J MOL CELL BIOL,2,0,0,0,0,0,0,1,1,0,0,0
898,1.009,J MULTIVARIATE ANAL,2,0,0,0,0,0,0,0,0,1,0,1
899, ,J NEURAL TRANSM-GEN,2,0,0,0,0,0,0,0,0,0,0,2
900,1.536,J NEUROGENET,2,0,0,0,0,0,0,0,0,0,0,2
901,3.664,J NEUROIMMUNE PHARM,2,0,0,1,0,0,1,0,0,0,0,0
902,1.547,J NEUROLINGUIST,2,0,0,0,0,0,1,0,1,0,0,0
903,4.398,J NUTR,2,0,0,0,0,0,0,0,0,1,0,1
904,1.680,J OPHTHALMOL,2,0,0,0,1,0,0,1,0,0,0,0
905,2.051,J ORAL REHABIL,2,0,0,0,0,0,0,0,0,0,0,2
906,3.090,J ORTHOP SPORT PHYS,2,0,0,0,0,0,0,0,0,0,0,2
907,1.704,J OTOLARYNGOL-HEAD N,2,0,0,0,0,0,0,0,0,0,0,2
908,2.645,J PAIN RES,2,0,0,0,1,1,0,0,0,0,0,0
909,3.249,J PAIN SYMPTOM MANAG,2,0,0,0,0,1,0,0,0,0,1,0
910,0.979,J PEDIAT OPHTH STRAB,2,0,0,0,0,0,0,0,0,0,0,2
911, ,J PHONETICS,2,0,0,0,0,0,0,0,0,0,0,2
912,2.478,J PHYSIOL PHARMACOL,2,0,0,0,0,0,0,0,0,0,2,0
913, ,J PSYCHOL NEUROL,2,0,0,0,0,0,0,0,0,0,0,2
914,4.738,J PSYCHOPHARMACOL,2,0,0,1,1,0,0,0,0,0,0,0
915,2.947,J PSYCHOSOM RES,2,0,0,0,2,0,0,0,0,0,0,0
916, ,J SPEECH HEAR DISORD,2,0,0,0,0,0,0,0,0,0,0,2
917,2.616,J STUD ALCOHOL DRUGS,2,0,0,0,0,0,0,0,0,0,0,2
918,2.051,J SURG RES,2,0,0,0,0,0,0,0,0,0,0,2
919,2.093,J THERM BIOL,2,0,0,0,0,0,1,0,0,0,0,1
920,4.880,J THORAC CARDIOV SUR,2,0,0,0,0,0,0,0,0,0,0,2
921,5.381,J UROLOGY,2,0,0,0,0,0,0,0,1,0,0,1
922, ,J VERB LEARN VERB BE,2,0,0,0,0,0,0,0,0,0,0,2
923,11.460,JAMA NEUROL,2,0,1,0,0,1,0,0,0,0,0,0
924, ,JUDGM DECIS MAK,2,0,0,0,0,0,0,1,1,0,0,0
925,5.995,LAB CHIP,2,0,0,0,0,0,0,1,0,1,0,0
926,1.235,LANG SPEECH,2,0,0,0,0,0,0,0,0,0,0,2
927, ,LECT NOTES ARTIF INT,2,0,0,0,0,0,0,1,0,0,0,1
928, ,MAMMAL SPECIES,2,0,0,0,0,0,0,0,0,0,0,2
929, ,MANUAL STATE TRAIT,2,0,0,0,0,0,0,0,0,0,0,2
930, ,MED BIOL ENG,2,0,0,0,0,0,0,0,0,0,0,2
931,2.028,MEDICINE,2,0,1,1,0,0,0,0,0,0,0,0
932,5.963,METABOLISM,2,0,1,0,0,0,0,0,0,0,0,1
933,1.984,METHOD ENZYMOL,2,0,0,0,0,0,0,0,0,0,0,2
934, ,MICROELECTRODE BIOSE,2,0,0,0,0,2,0,0,0,0,0,0
935,5.872,MOL AUTISM,2,0,0,1,0,0,1,0,0,0,0,0
936,10.217,MOL BIOL EVOL,2,0,0,0,0,2,0,0,0,0,0,0
937,3.563,MOL CELL ENDOCRINOL,2,0,0,0,1,0,1,0,0,0,0,0
938,2.219,MOL VIS,2,0,0,0,0,0,0,0,0,0,1,1
939, ,MOTOR CONTROL THEORI,2,0,0,0,0,0,0,0,2,0,0,0
940,13.843,NAT CHEM BIOL,2,0,1,0,0,0,0,0,0,0,0,1
941,37.490,NAT NANOTECHNOL,2,0,0,1,0,0,0,0,0,0,1,0
942, ,NEPHRON PHYSIOL,2,0,0,0,0,1,0,1,0,0,0,0
943, ,NERV SYST ELECT,2,0,0,0,0,0,0,0,0,0,0,2
944, ,NEURAL CONTROL LOCOM,2,0,0,0,0,0,0,0,0,0,0,2
945, ,NEURAL SYST CIRCUITS,2,0,0,0,0,0,1,1,0,0,0,0
946, ,NEURO-OPHTHALMOLOGY,2,0,0,0,0,0,0,0,0,0,0,2
947, ,NEUROBIOL PREFRON,2,0,0,0,0,0,2,0,0,0,0,0
948, ,NEUROBIOL SACCADI,2,0,0,0,0,0,0,0,0,0,0,2
949,0.920,NEUROCASE,2,0,0,0,1,0,0,1,0,0,0,0
950, ,NEUROGASTRONOMY BRAI,2,0,0,0,0,0,1,1,0,0,0,0
951,3.072,NEUROL CLIN,2,0,0,0,0,0,0,0,0,0,0,2
952,2.285,NEUROL SCI,2,1,1,0,0,0,0,0,0,0,0,0
953, ,NEURON BOOK,2,0,0,0,0,0,0,0,0,0,0,2
954, ,NEUROSCIENCE 21 CENT,2,0,0,0,0,0,2,0,0,0,0,0
955,3.186,NEUROTOX RES,2,0,0,0,0,0,0,0,0,0,2,0
956,3.076,NEUROTOXICOLOGY,2,0,0,0,0,0,0,0,0,1,0,1
957, ,NOBEL LECT PHYSL MED,2,0,0,0,0,0,0,0,0,0,0,2
958,2.262,OPHTHAL PHYSL OPT,2,0,0,0,0,0,0,0,0,0,0,2
959,1.574,OPHTHALMIC GENET,2,1,1,0,0,0,0,0,0,0,0,0
960, ,ORG LEARN,2,0,0,0,0,0,0,0,0,0,0,2
961, ,OROFACIAL PAIN BASIC,2,0,0,0,0,0,0,0,0,0,2,0
962, ,OXFORD HDB EVENT REL,2,0,0,0,0,0,2,0,0,0,0,0
963,2.410,P ROY SOC A-MATH PHY,2,0,0,0,0,0,0,0,0,0,0,2
964, ,PAIN FORUM,2,0,0,0,0,0,0,0,0,0,0,2
965, ,PAIN MANAGE,2,0,0,0,1,0,0,0,0,0,0,1
966,1.954,PATTERN RECOGN LETT,2,0,0,0,0,0,0,0,0,0,0,2
967,2.118,PEERJ,2,0,2,0,0,0,0,0,0,0,0,0
968, ,PERSPECT PSYCHOL SCI,2,0,0,1,0,0,0,0,0,0,0,1
969,4.897,PHARMACOL RES,2,0,0,1,0,0,0,0,0,1,0,0
970,1.632,PHILOS MAG,2,0,0,0,0,0,0,0,0,0,0,2
971, ,PHILOS T ROY SOC LON,2,0,0,0,0,0,0,0,0,0,0,2
972,13.783,PHYS LIFE REV,2,0,2,0,0,0,0,0,0,0,0,0
973,20.099,PHYS REP,2,0,0,0,0,1,0,0,0,0,1,0
974,1.960,PHYSICA D,2,0,0,0,0,0,0,0,0,0,0,2
975,2.291,PHYSIOL BIOCHEM ZOOL,2,0,2,0,0,0,0,0,0,0,0,0
976,2.006,PHYSIOL MEAS,2,0,0,1,0,0,0,0,0,0,0,1
977, ,PHYSIOTHER RES INT,2,0,0,0,0,0,0,0,0,0,0,2
978,1.850,PM&R,2,0,0,0,1,0,0,1,0,0,0,0
979,2.410,PROTEIN SCI,2,0,0,0,0,0,0,0,0,0,0,2
980, ,PSYCHOL ATTENTION,2,0,0,0,0,0,0,0,0,0,0,2
981, ,PSYCHOL METHODS,2,0,0,0,0,0,0,1,0,0,0,1
982, ,PSYCHOL REV-MONOGR S,2,0,0,0,0,0,0,0,0,0,0,2
983,4.731,PSYCHONEUROENDOCRINO,2,0,0,0,0,0,0,0,0,0,0,2
984, ,PSYCHOPHARMACOL BULL,2,0,0,0,0,0,0,0,0,0,0,2
985,2.534,PSYCHOSOMATICS,2,0,0,0,0,0,0,0,0,0,0,2
986, ,Q J EXP PHYSIOL CMS,2,0,0,0,0,0,0,0,0,0,0,2
987,6.128,Q REV BIOPHYS,2,0,0,0,0,0,0,0,0,0,0,2
988, ,RECEPT SER,2,0,0,0,0,0,0,1,1,0,0,0
989, ,REFERENT CONTROL ACT,2,0,0,2,0,0,0,0,0,0,0,0
990,4.382,REGION ANESTH PAIN M,2,0,0,0,0,1,0,0,0,0,0,1
991, ,REPRESENTATION,2,0,0,0,0,0,0,0,0,0,0,2
992, ,RES QUART,2,0,0,0,0,0,0,0,0,0,0,2
993,2.591,RESPIRATION,2,0,0,0,0,0,0,0,0,0,0,2
994,36.367,REV MOD PHYS,2,0,0,0,0,0,0,0,0,0,0,2
995, ,RHESUS MONKEY BRAIN,2,0,0,0,0,0,0,0,0,0,1,1
996,2.638,ROBOT AUTON SYST,2,0,0,0,0,0,0,0,0,0,0,2
997,2.504,ROY SOC OPEN SCI,2,0,1,1,0,0,0,0,0,0,0,0
998, ,SCAND J PAIN,2,0,0,0,1,0,0,1,0,0,0,0
999, ,SCIPY OPEN SOURCE SC,2,0,0,0,0,0,0,0,0,0,0,2
1000, ,SENS PROCESS,2,0,0,0,0,0,0,0,0,0,0,2
1001, ,SENSES COMPR,2,0,0,0,0,0,0,0,0,0,2,0
1002,5.667,SENSOR ACTUAT B-CHEM,2,0,0,0,0,0,0,0,0,0,0,2
1003,2.475,SENSORS-BASEL,2,0,0,0,1,0,1,0,0,0,0,0
1004, ,SENSORY PROCESSING M,2,0,0,0,0,0,0,0,0,0,0,2
1005,1.698,SIAM J APPL MATH,2,0,0,0,0,0,0,0,0,0,0,2
1006,4.886,SIAM REV,2,0,0,0,0,0,0,0,0,1,0,1
1007,1.567,SKELETAL RADIOL,2,0,0,0,0,0,1,0,0,0,1,0
1008, ,SOCIOL METHODOL,2,0,0,0,0,0,0,0,0,0,0,2
1009, ,SPIN CORD INJ FACTS,2,1,0,1,0,0,0,0,0,0,0,0
1010, ,STAT POWER ANAL BEHA,2,0,0,0,0,0,0,0,0,0,0,2
1011,1.648,STEREOT FUNCT NEUROS,2,0,0,1,0,0,0,0,0,1,0,0
1012,1.003,SURG RADIOL ANAT,2,0,0,0,0,0,0,1,0,0,1,0
1013,3.574,SURGERY,2,0,0,0,0,0,0,0,1,0,0,1
1014, ,SYNAPTIC ORG BRAIN,2,0,0,0,0,0,0,0,0,0,0,2
1015, ,TECHNOL DISABILIT,2,0,0,0,0,0,0,0,0,0,0,2
1016,1.540,TEXT RES J,2,0,0,0,0,0,0,0,0,0,0,2
1017, ,THE NERV SYSTEM,2,0,0,0,0,0,0,0,0,0,0,2
1018, ,THEOR APPL ASP,2,0,0,0,0,0,0,0,0,0,0,2
1019, ,THEOR PROBABILITY,2,0,0,0,0,0,0,0,0,0,0,2
1020, ,THORAX PHYSIOL A 3,2,0,0,0,0,0,0,0,0,0,0,2
1021, ,TOPICS SPINAL CORD I,2,0,0,0,0,0,0,2,0,0,0,0
1022, ,TRANSL COMP MOT CONT,2,0,0,0,1,0,0,1,0,0,0,0
1023,18.564,TRENDS CELL BIOL,2,0,2,0,0,0,0,0,0,0,0,0
1024,1.808,TRENDS HEAR,2,0,2,0,0,0,0,0,0,0,0,0
1025,11.021,TRENDS MOL MED,2,0,2,0,0,0,0,0,0,0,0,0
1026, ,UNDERST COMPLEX SYST,2,0,0,0,0,1,0,0,0,0,1,0
1027, ,VELIGER,2,0,0,0,0,0,0,0,0,0,0,2
1028,2.050,VET REC,2,0,0,0,0,0,0,0,0,0,0,2
1029, ,VISUAL NEUROSCIENCES,2,0,0,0,0,0,0,0,0,0,0,2
1030, ,WALL MELZACKS TXB PA,2,0,0,0,0,2,0,0,0,0,0,0
1031, ,WESCON C P,2,0,0,0,0,0,0,0,0,0,0,2
1032,3.713,WORLD J BIOL PSYCHIA,2,0,0,0,0,0,0,0,0,1,0,1
1033, ,WORMBOOK,2,0,0,0,0,0,0,0,0,0,0,2
1034, ,Z SINNESPHYSIOL,2,0,0,0,0,0,0,0,0,0,0,2
1035,2.685,ZOOL J LINN SOC-LOND,2,0,0,0,0,0,0,0,0,0,0,2
1036,0.906,ZOOL SCI,2,0,0,0,0,0,1,0,0,0,0,1
Copyright  2018 Clarivate Analytics,,,,,,,,,,,,,,
"By exporting the selected data, you agree to the data usage policy set forth in the Terms of Use",,,,,,,,,,,,,,
