Citing Journal Data: J NEURAL ENG,,,,,,,,,,,,,,
,Impact Factor,Cited Journal,All Yrs,2017,2016,2015,2014,2013,2012,2011,2010,2009,2008,Rest
1, ,ALL Journals,8349,91,553,709,748,668,603,577,449,439,374,3138
2, ,ALL OTHERS (1191),1191,12,86,87,99,91,79,78,49,57,55,498
3,3.920,J NEURAL ENG,588,12,83,74,74,86,41,76,24,37,15,66
4,4.288,IEEE T BIO-MED ENG,297,4,12,17,18,17,21,23,5,17,11,152
5,2.502,J NEUROPHYSIOL,213,1,5,13,13,13,20,6,9,9,4,120
6,5.426,NEUROIMAGE,202,0,15,14,22,8,25,27,21,9,13,48
7,3.972,IEEE T NEUR SYS REH,197,3,14,15,31,9,16,18,7,12,15,57
8,2.668,J NEUROSCI METH,191,0,4,25,11,5,13,11,11,10,16,85
9,5.971,J NEUROSCI,185,1,4,8,16,11,9,14,18,17,16,71
10,3.614,CLIN NEUROPHYSIOL,177,0,8,5,8,15,6,9,19,15,13,79
11,2.766,PLOS ONE,158,1,14,29,31,28,25,11,5,8,5,1
12, ,IEEE ENG MED BIOL,145,0,7,20,18,13,26,21,13,13,12,2
13,41.577,NATURE,131,1,11,3,4,10,17,3,3,0,8,71
14,9.504,P NATL ACAD SCI USA,91,1,9,12,4,7,4,1,3,6,2,42
15,19.912,NAT NEUROSCI,90,0,5,10,10,6,10,9,5,4,0,31
16,14.319,NEURON,90,1,5,12,11,9,3,9,5,6,4,25
17,3.877,FRONT NEUROSCI-SWITZ,83,1,24,18,14,6,5,4,11,0,0,0
18,3.388,INVEST OPHTH VIS SCI,73,0,9,2,7,6,7,11,4,6,1,20
19,4.540,J PHYSIOL-LONDON,73,0,3,3,1,2,0,3,0,1,0,60
20,41.058,SCIENCE,69,0,1,3,3,8,6,2,1,1,3,41
21,8.806,BIOMATERIALS,53,2,5,5,4,5,2,4,9,1,1,15
22, ,ELECTROEN CLIN NEURO,50,0,0,0,0,0,0,0,0,0,0,50
23,2.069,VISION RES,50,0,0,11,3,0,1,1,0,2,3,29
24,3.865,J NEUROENG REHABIL,47,0,2,6,6,6,6,5,6,1,4,5
25,2.871,FRONT HUM NEUROSCI,46,2,4,10,13,11,4,0,1,1,0,0
26,10.848,BRAIN,43,0,1,2,4,4,0,2,3,1,3,23
27,3.125,BRAIN RES,41,0,1,3,0,3,1,2,0,4,2,25
28,32.635,NAT REV NEUROSCI,41,1,0,0,3,1,5,4,1,4,2,20
29,1.605,J ACOUST SOC AM,40,1,0,0,1,2,1,1,1,3,0,30
30,1.806,EXP BRAIN RES,39,0,0,1,4,0,0,1,2,2,3,26
31,1.651,NEURAL COMPUT,39,0,2,0,3,3,0,9,1,0,1,20
32,4.122,SCI REP-UK,39,3,17,14,2,3,0,0,0,0,0,0
33,16.710,SCI TRANSL MED,39,1,3,7,14,9,1,1,3,0,0,0
34,9.107,P IEEE,35,4,2,6,4,0,2,0,3,0,2,12
35,5.067,EPILEPSIA,33,1,1,1,4,4,1,1,2,1,3,14
36, ,IEEE T REHABIL ENG,33,0,0,0,0,0,0,0,0,0,0,33
37,6.308,CEREB CORTEX,32,0,2,5,1,2,2,3,0,0,3,14
38,4.927,HUM BRAIN MAPP,31,0,1,0,4,2,4,0,1,4,0,15
39,3.382,NEUROSCIENCE,31,0,3,1,3,1,1,0,2,3,2,15
40,3.118,PSYCHOPHYSIOLOGY,31,0,0,0,0,0,1,4,2,1,0,23
41,2.868,INT J PSYCHOPHYSIOL,30,0,1,3,2,3,2,0,1,0,1,17
42,3.400,J COMP NEUROL,30,0,0,0,1,0,1,0,1,2,0,25
43,2.159,NEUROSCI LETT,30,0,0,0,5,0,4,0,4,1,1,15
44,4.580,INT J NEURAL SYST,29,2,3,2,16,3,0,0,1,0,0,2
45,1.971,MED BIOL ENG COMPUT,29,0,1,2,1,1,3,1,1,2,1,16
46,3.405,ANN BIOMED ENG,28,0,0,0,1,2,1,0,0,2,0,22
47,4.483,EXP NEUROL,28,1,2,0,0,2,1,1,1,1,4,15
48,2.824,HEARING RES,27,0,0,2,3,0,1,1,0,0,2,18
49, ,I IEEE EMBS C NEUR E,27,0,0,11,0,11,0,4,0,1,0,0
50,6.541,CURR OPIN NEUROBIOL,26,0,0,4,2,2,0,2,3,0,0,13
51,2.832,EUR J NEUROSCI,26,0,2,0,0,4,4,1,5,1,3,6
52,7.008,MOL THER,26,3,1,5,0,1,0,5,3,2,2,4
53,53.254,LANCET,25,0,3,0,1,11,1,3,0,1,0,5
54,10.250,ANN NEUROL,23,0,0,2,1,5,6,0,1,1,0,7
55,2.891,BIOL PSYCHOL,23,0,2,0,6,0,1,0,0,1,0,13
56,1.649,COMPUT INTEL NEUROSC,23,0,0,2,0,1,0,10,4,0,0,6
57, ,FRONT NEUROENG,23,0,0,0,13,0,2,3,3,2,0,0
58, ,LECT NOTES COMPUT SC,23,0,2,1,5,1,2,4,2,5,1,0
59,1.440,BIOL CYBERN,22,0,0,0,0,0,0,0,0,3,1,18
60,1.568,J ELECTROMYOGR KINES,22,0,0,0,3,1,3,2,1,2,0,10
61,8.055,NEUROLOGY,22,0,0,1,2,2,1,4,0,1,1,10
62,3.077,ARCH PHYS MED REHAB,21,0,0,2,0,0,0,0,1,0,4,14
63,11.984,BIOL PSYCHIAT,21,0,0,1,2,3,5,2,0,0,0,8
64,2.703,BRAIN TOPOGR,21,0,1,3,1,2,1,0,5,1,0,7
65,7.197,NEURAL NETWORKS,21,0,0,1,0,2,0,0,1,11,1,5
66,14.675,ANNU REV NEUROSCI,20,0,0,0,0,3,1,2,1,3,1,9
67,26.919,NAT METHODS,20,0,0,4,3,1,2,4,0,2,1,3
68,2.665,PHYS MED BIOL,20,1,0,0,0,1,2,0,1,2,1,12
69,9.163,PLOS BIOL,20,0,1,1,0,2,0,3,0,2,0,11
70, ,ADV NEURAL INFORM PR,19,0,0,0,2,3,2,0,0,4,0,8
71,2.073,FRONT COMPUT NEUROSC,19,0,5,4,3,3,1,0,2,1,0,0
72,3.500,IEEE T BIOMED CIRC S,19,1,0,1,6,2,1,2,2,2,2,0
73,1.982,J CLIN NEUROPHYSIOL,19,0,0,0,0,0,0,0,3,0,0,16
74,2.281,J MACH LEARN RES,19,0,0,0,0,0,0,3,1,1,1,13
75,12.353,NAT COMMUN,19,0,3,6,4,4,2,0,0,0,0,0
76,2.431,J BIOMECH,18,0,1,2,1,2,1,0,2,0,1,8
77,1.888,J MICROMECH MICROENG,18,0,1,1,3,2,0,2,3,3,2,1
78,3.174,PROG BRAIN RES,18,0,1,0,0,1,1,1,0,4,0,10
79,15.557,TRENDS COGN SCI,18,0,0,1,1,0,2,2,2,0,0,10
80,3.241,NEUROCOMPUTING,17,0,1,1,2,2,4,3,0,1,1,2
81,79.260,NEW ENGL J MED,17,1,2,3,0,2,0,1,1,0,2,5
82,14.163,PROG NEUROBIOL,17,0,0,1,0,1,4,0,6,1,0,4
83,8.788,ANNU REV BIOMED ENG,16,0,0,0,1,1,0,0,0,5,7,2
84,2.783,BIOMED SIGNAL PROCES,16,0,0,2,5,3,2,1,0,0,1,2
85,3.384,BRIT J OPHTHALMOL,16,0,1,0,0,5,1,4,1,0,0,4
86,9.251,CURR BIOL,16,0,1,2,1,2,1,1,1,1,1,5
87,3.662,J ELECTROCHEM SOC,16,0,0,1,0,0,1,2,1,0,0,11
88,4.847,P ROY SOC B-BIOL SCI,16,0,0,0,0,3,1,5,0,1,0,6
89,3.955,PLOS COMPUT BIOL,16,0,5,2,3,0,3,0,0,1,0,2
90,2.475,SENSORS-BASEL,16,1,0,1,3,4,6,0,0,0,1,0
91,11.439,TRENDS NEUROSCI,16,0,1,0,0,0,0,0,0,2,0,13
92,3.203,GENE THER,15,0,3,0,4,0,2,1,0,0,2,3
93,2.249,GRAEF ARCH CLIN EXP,15,1,1,2,0,0,2,0,0,0,0,9
94, ,THESIS,15,0,1,1,2,1,1,1,0,1,0,7
95, ,FRONT SYST NEUROSCI,14,1,4,3,1,2,2,0,1,0,0,0
96,7.982,IEEE T NEUR NET LEAR,14,0,1,0,1,1,1,0,0,1,0,9
97,2.774,NEUROMODULATION,14,0,1,2,2,2,0,0,1,1,0,5
98,1.266,NEUROREPORT,14,0,0,0,0,0,0,1,0,0,0,13
99, ,P ANN INT IEEE EMBS,14,0,0,0,0,0,0,0,0,0,0,14
100, ,PATENTS,14,0,3,0,2,0,1,2,1,1,0,4
101,3.958,SCHIZOPHR RES,14,0,0,1,0,0,3,1,2,0,2,5
102,5.667,SENSOR ACTUAT B-CHEM,14,0,2,2,2,0,2,0,0,2,1,3
103, ,BRAIN RES REV,13,0,0,0,0,0,0,0,0,1,0,12
104,4.241,HUM GENE THER,13,2,5,0,0,1,0,0,0,0,1,4
105, ,J REHABIL RES DEV,13,0,1,0,0,0,2,1,0,2,2,5
106,2.716,JARO-J ASSOC RES OTO,13,0,2,2,2,0,1,1,1,3,0,1
107,32.621,NAT MED,13,0,2,8,0,0,0,0,2,0,0,1
108,11.653,PROG RETIN EYE RES,13,1,4,2,1,1,0,0,1,0,1,2
109,7.616,ELIFE,12,1,4,4,3,0,0,0,0,0,0,0
110,3.768,EXPERT SYST APPL,12,0,2,1,2,1,2,1,1,1,0,1
111,7.451,IEEE SIGNAL PROC MAG,12,0,0,0,0,1,3,0,0,0,2,6
112,4.203,IEEE T SIGNAL PROCES,12,0,0,0,0,1,0,1,0,0,2,8
113,1.606,J COMPUT NEUROSCI,12,0,1,2,1,0,1,2,2,0,1,2
114,2.475,J MICROELECTROMECH S,12,0,0,2,1,0,2,4,2,0,0,1
115,2.266,J VISION,12,0,0,3,1,3,1,1,0,0,1,2
116,2.496,MUSCLE NERVE,12,0,0,0,2,0,0,0,2,0,0,8
117,2.889,NEUROPSYCHOLOGIA,12,0,0,3,0,0,2,2,0,0,0,5
118,8.037,NEUROSCI BIOBEHAV R,12,0,0,0,1,1,3,0,1,1,1,4
119,1.185,SOMATOSENS MOT RES,12,0,0,2,0,3,0,0,0,0,1,6
120,2.077,BIOMED MICRODEVICES,11,0,0,1,0,2,1,3,0,0,0,4
121,3.495,BIOPHYS J,11,0,0,0,1,0,0,0,0,1,1,8
122, ,BRAIN COMPUT INTER,11,0,1,1,1,0,5,0,0,0,0,3
123,1.807,CLIN EEG NEUROSCI,11,0,0,2,2,1,1,3,2,0,0,0
124,3.131,FRONT NEURAL CIRCUIT,11,0,0,5,2,2,2,0,0,0,0,0
125,4.902,HUM MOL GENET,11,0,0,0,1,1,0,1,2,0,0,6
126, ,INT C ACOUST SPEE,11,0,3,0,0,0,1,1,3,0,1,2
127,13.251,J CLIN INVEST,11,0,0,2,2,0,2,0,0,0,3,2
128,3.468,J COGNITIVE NEUROSCI,11,0,1,0,1,1,0,0,0,1,0,7
129,3.235,J ELECTROANAL CHEM,11,0,0,0,0,0,0,0,0,0,0,11
130,1.855,MACH LEARN,11,0,0,0,0,0,0,0,1,0,0,10
131,7.479,OPHTHALMOLOGY,11,0,3,1,0,2,3,0,0,2,0,0
132,1.954,PATTERN RECOGN LETT,11,0,0,3,2,0,0,0,1,0,2,3
133, ,PROC IEEE MICR ELECT,11,0,1,4,0,1,0,1,3,1,0,0
134,3.508,TISSUE ENG,11,0,2,0,0,2,0,1,1,1,0,4
135,1.676,BIOMED ENG ONLINE,10,0,1,0,0,3,2,1,3,0,0,0
136,3.440,BRAIN RES BULL,10,0,0,1,0,0,1,0,0,0,2,6
137,3.074,FRONT NEUROINFORM,10,0,0,3,2,1,0,1,1,1,1,0
138,1.776,J HAND SURG-AM,10,0,0,0,0,0,0,0,0,0,1,9
139,7.144,J NEUROL NEUROSUR PS,10,0,0,0,0,0,0,1,1,1,0,7
140, ,J PHYSIOL-PARIS,10,0,0,0,0,0,1,2,0,1,0,6
141,3.965,PATTERN RECOGN,10,0,0,0,0,0,1,0,1,0,0,8
142,8.839,PHYS REV LETT,10,0,0,0,0,0,0,0,0,5,0,5
143,7.230,PSYCHOL REV,10,0,0,0,0,0,0,0,1,0,0,9
144, ,ARCH OPHTHALMOL-CHIC,9,0,0,0,0,0,1,0,0,1,0,7
145,2.879,ARTIF INTELL MED,9,0,0,1,0,6,1,0,0,1,0,0
146,1.088,BIOMED ENG-BIOMED TE,9,0,2,0,1,3,0,0,2,0,0,1
147,6.120,BRAIN STIMUL,9,0,1,0,1,1,1,0,1,2,2,0
148,31.398,CELL,9,0,1,3,1,0,0,1,1,0,0,2
149,4.075,IEEE J SOLID-ST CIRC,9,0,0,2,0,2,1,1,0,0,1,2
150,7.877,J CONTROL RELEASE,9,0,0,3,0,0,3,0,1,1,0,1
151,1.513,J MOTOR BEHAV,9,0,0,1,1,0,1,0,0,1,0,5
152,5.002,J NEUROTRAUM,9,0,0,0,0,0,0,2,0,0,1,6
153,5.995,LAB CHIP,9,0,1,1,1,2,2,2,0,0,0,0
154,1.923,MED ENG PHYS,9,1,0,1,0,1,0,0,0,1,3,2
155,35.724,NAT BIOTECHNOL,9,0,1,6,1,1,0,0,0,0,0,0
156,39.235,NAT MATER,9,1,1,0,0,0,1,0,4,0,0,2
157,2.006,PHYSIOL MEAS,9,0,0,1,0,1,1,1,1,0,0,4
158,3.470,SIGNAL PROCESS,9,0,0,0,1,0,1,0,0,0,0,7
159,3.495,APPL PHYS LETT,8,0,0,0,0,0,2,1,1,1,0,3
160,3.482,BIOMED OPT EXPRESS,8,0,1,1,1,1,2,1,1,0,0,0
161,8.173,BIOSENS BIOELECTRON,8,0,0,1,0,0,0,0,3,0,0,4
162,2.115,COMPUT BIOL MED,8,0,0,2,1,1,0,1,0,0,0,3
163,2.674,COMPUT METH PROG BIO,8,0,2,1,1,1,0,0,0,0,1,2
164,3.152,EXP EYE RES,8,0,5,0,0,0,0,0,0,1,0,2
165,5.846,GLIA,8,0,0,0,0,0,0,0,1,0,1,6
166, ,IEEE IJCNN,8,0,1,0,1,0,0,0,0,0,3,3
167,2.617,IEEE SENS J,8,0,1,1,1,3,1,0,0,0,0,1
168,4.319,J NEUROSURG,8,0,0,0,1,0,0,0,0,0,1,6
169,3.589,OPT LETT,8,0,1,0,0,1,1,0,2,0,1,2
170,1.103,PROSTHET ORTHOT INT,8,0,0,1,0,1,1,0,0,0,0,5
171, ,AM J PHYSIOL,7,0,0,0,0,0,0,0,0,0,0,7
172,6.042,ANAL CHEM,7,0,0,0,0,0,1,1,0,0,0,5
173, ,BEHAV RES METHODS,7,0,0,0,0,0,0,0,0,1,0,6
174,2.173,BMC NEUROSCI,7,0,2,0,0,1,2,0,1,0,0,1
175, ,BRAIN-COMPUT INTERFA,7,0,1,3,3,0,0,0,0,0,0,0
176,4.300,FRONT CELL NEUROSCI,7,0,4,3,0,0,0,0,0,0,0,0
177, ,FRONT INTEGR NEUROSC,7,0,0,1,1,0,1,1,0,3,0,0
178,3.508,FRONT NEUROL,7,0,0,0,4,1,1,0,1,0,0,0
179,9.455,IEEE T PATTERN ANAL,7,0,0,2,0,1,0,1,0,0,0,3
180, ,IEEE T SYST MAN CY B,7,0,0,0,0,0,4,1,1,0,0,1
181,3.256,J APPL PHYSIOL,7,1,0,0,0,0,1,2,0,0,0,3
182,3.869,NEUROIMAGE-CLIN,7,1,1,2,3,0,0,0,0,0,0,0
183,6.544,NEUROPSYCHOPHARMACOL,7,0,0,0,0,0,0,0,1,1,2,3
184,2.277,NEUROSCI RES,7,0,0,0,2,0,0,0,0,1,0,4
185,4.475,NEUROSURGERY,7,1,0,0,1,0,0,0,2,1,1,1
186,3.263,NEUROUROL URODYNAM,7,0,2,1,0,2,0,0,1,0,1,0
187,2.311,SENSOR ACTUAT A-PHYS,7,0,0,0,2,0,0,0,2,0,1,2
188, ,2007 3 INT IEEEEMBS,6,0,0,0,0,0,0,0,0,0,0,6
189,6.383,ACTA BIOMATER,6,0,0,1,5,0,0,0,0,0,0,0
190,4.795,AM J OPHTHALMOL,6,1,1,0,1,0,0,0,0,0,0,3
191,3.293,AM J PHYSIOL-GASTR L,6,0,0,1,0,0,0,0,0,0,1,4
192,6.523,ANESTHESIOLOGY,6,0,0,0,0,0,0,0,1,1,0,4
193,2.522,ANN STAT,6,0,0,0,0,0,0,0,0,0,0,6
194, ,BIOMED CIRC SYST C,6,0,0,0,4,0,2,0,0,0,0,0
195,1.545,COMPUT MATH METHOD M,6,0,0,0,2,2,2,0,0,0,0,0
196,4.010,CURR OPIN NEUROL,6,0,0,0,0,0,1,0,1,1,1,2
197,5.116,ELECTROCHIM ACTA,6,0,0,0,0,0,0,0,0,0,0,6
198,2.600,EPILEPSY BEHAV,6,0,0,0,1,0,0,0,2,2,0,1
199, ,IEEE INT CONF ROBOT,6,0,0,0,1,1,0,0,0,0,3,1
200, ,IEEE INT SYMP CIRC S,6,0,0,1,1,0,1,1,1,0,0,1
201,4.047,INT J ROBOT RES,6,0,1,1,1,0,1,0,0,0,2,0
202,2.297,J AM STAT ASSOC,6,0,0,0,0,0,0,0,0,0,0,6
203,3.231,J BIOMED MATER RES A,6,0,1,0,0,0,0,0,0,1,1,3
204,2.367,J BIOMED OPT,6,0,1,1,0,0,1,0,3,0,0,0
205,4.583,J BONE JOINT SURG AM,6,0,0,0,0,0,0,0,1,0,0,5
206,1.009,J MULTIVARIATE ANAL,6,0,0,0,0,0,0,0,0,0,1,5
207,2.448,J NEUROL SCI,6,0,0,0,0,0,1,0,0,0,0,5
208,2.662,J NEUROSCI RES,6,0,1,0,1,1,0,0,0,0,0,3
209,1.184,JOVE-J VIS EXP,6,0,2,0,0,2,1,0,0,1,0,0
210,1.775,JPN J OPHTHALMOL,6,0,1,0,0,0,1,0,0,0,0,4
211,27.144,LANCET NEUROL,6,0,0,0,0,2,0,0,0,1,2,1
212,2.564,MAGN RESON IMAGING,6,0,0,0,0,0,0,0,0,0,0,6
213,27.125,NAT GENET,6,0,0,0,0,0,0,0,0,0,0,6
214,3.852,NEUROINFORMATICS,6,0,1,0,1,2,0,0,0,0,1,1
215,3.621,PLAST RECONSTR SURG,6,0,0,1,3,1,0,0,0,0,0,1
216,1.936,SPINAL CORD,6,0,0,0,0,0,1,1,0,0,2,2
217,2.645,ULTRASOUND MED BIOL,6,0,0,0,1,0,0,0,0,1,1,3
218,2.973,ACM T INTEL SYST TEC,5,0,0,0,0,0,0,5,0,0,0,0
219,1.161,ACTA OTO-LARYNGOL,5,0,0,0,0,0,0,1,0,0,0,4
220,1.760,ADV EXP MED BIOL,5,0,1,0,1,0,1,1,0,0,0,1
221, ,ADV NEUR IN,5,0,0,0,0,0,0,0,0,0,0,5
222,1.373,ANAT REC,5,0,0,1,0,0,0,0,0,0,0,4
223, ,ANNU REV BIOPH BIOM,5,0,0,0,0,0,0,0,0,0,0,5
224,2.449,BEHAV BRAIN FUNCT,5,0,0,0,0,0,0,1,4,0,0,0
225,3.173,BEHAV BRAIN RES,5,0,0,2,0,0,0,2,0,0,0,1
226,1.669,BIOMETRIKA,5,0,0,0,0,0,0,0,0,0,0,5
227,8.032,CELL REP,5,0,0,2,0,3,0,0,0,0,0,0
228, ,COGNITIVE BRAIN RES,5,0,0,0,0,0,0,0,0,0,0,5
229,2.491,EPILEPSY RES,5,0,0,0,0,1,0,0,0,0,1,3
230, ,FRONT PSYCHOL,5,0,1,0,2,0,0,2,0,0,0,0
231,3.966,HIPPOCAMPUS,5,0,0,1,0,0,0,1,2,0,0,1
232, ,IEEE INT C SYST MAN,5,1,3,1,0,0,0,0,0,0,0,0
233, ,IEEE SYS MAN CYBERN,5,0,0,0,2,1,0,1,0,0,0,1
234,2.550,J PERIPHER NERV SYST,5,0,0,0,0,0,0,0,0,0,0,5
235, ,J PHYS CHEM-US,5,0,0,0,0,0,0,0,0,0,0,5
236,5.381,J UROLOGY,5,0,0,2,0,0,0,0,2,0,0,1
237,12.423,NAT PROTOC,5,0,1,0,0,2,0,0,1,1,0,0
238,19.819,NAT REV NEUROL,5,0,2,0,0,0,1,1,1,0,0,0
239,0.706,NETWORK-COMP NEURAL,5,0,0,0,0,0,0,0,0,0,0,5
240,5.227,NEUROBIOL DIS,5,0,0,3,0,0,0,0,1,0,0,1
241,7.461,NEUROSCIENTIST,5,0,1,0,0,0,1,0,0,0,1,2
242,5.719,NEUROTHERAPEUTICS,5,0,0,0,2,0,0,1,0,1,1,0
243,3.356,OPT EXPRESS,5,0,0,0,0,1,0,0,1,1,0,2
244, ,P S EYE TRACK RES AP,5,0,0,0,0,0,2,0,0,0,0,3
245,1.960,PHYSICA D,5,0,0,0,0,0,0,0,0,0,0,5
246,2.517,PHYSIOL BEHAV,5,0,1,0,0,0,0,0,0,0,0,4
247,6.944,SCHIZOPHRENIA BULL,5,0,0,0,0,0,0,0,0,0,3,2
248,1.579,SCI AM,5,0,0,1,0,0,0,0,1,0,0,3
249,6.239,STROKE,5,0,0,0,0,0,0,0,0,0,3,2
250, ,TECH REP,5,0,0,0,0,0,1,0,0,0,1,3
251,13.709,ACS NANO,4,0,0,1,0,2,1,0,0,0,0,0
252,5.930,ACTA PHYSIOL,4,0,0,0,1,0,0,0,0,0,2,1
253, ,ADAPT COMPUT MACH LE,4,0,0,0,1,0,1,0,0,0,0,2
254,8.855,AM J HUM GENET,4,0,1,0,0,0,0,0,0,0,0,3
255,1.843,AM J PHYS MED REHAB,4,0,0,0,0,0,0,0,0,0,0,4
256,3.082,AM J PHYSIOL-REG I,4,0,1,0,0,0,0,1,1,0,0,1
257,22.774,ANNU REV PSYCHOL,4,0,0,1,0,0,0,1,0,0,0,2
258,2.833,APPL COMPUT HARMON A,4,0,0,0,0,1,0,1,0,1,0,1
259,3.907,APPL SOFT COMPUT,4,0,0,3,1,0,0,0,0,0,0,0
260,23.562,BMJ-BRIT MED J,4,0,0,0,0,0,0,0,1,0,0,3
261,2.574,BRAIN COGNITION,4,0,0,0,2,0,0,1,0,0,1,0
262, ,C P IEEE ENG MED BIO,4,0,0,0,0,0,0,1,0,1,0,2
263,2.885,CELL TRANSPLANT,4,0,0,1,1,1,0,0,0,0,0,1
264,3.217,CLIN EXP OPHTHALMOL,4,1,0,0,2,1,0,0,0,0,0,0
265,2.000,COGN NEURODYNAMICS,4,0,1,0,1,2,0,0,0,0,0,0
266,3.289,DEV MED CHILD NEUROL,4,0,0,0,0,1,0,0,0,0,0,3
267, ,DISABIL REHABIL-ASSI,4,0,0,0,2,0,1,0,0,0,0,1
268,2.019,ERGONOMICS,4,1,0,0,0,0,1,0,0,0,0,2
269,1.639,EURASIP J ADV SIG PR,4,0,0,0,0,0,1,0,0,0,0,3
270,2.606,FRONT NEUROROBOTICS,4,0,0,1,3,0,0,0,0,0,0,0
271, ,IEEE INT C INT ROBOT,4,0,0,0,1,0,1,2,0,0,0,0
272,5.007,IEEE T AUTOMAT CONTR,4,0,0,0,0,0,0,0,0,0,0,4
273,2.823,IEEE T CIRCUITS-I,4,0,0,0,0,0,0,0,0,0,0,4
274,1.869,IEEE T HAPTICS,4,0,2,2,0,0,0,0,0,0,0,0
275,5.072,IEEE T IMAGE PROCESS,4,0,1,0,0,0,2,0,0,0,0,1
276,2.187,IEEE T INFORM THEORY,4,0,0,0,0,1,0,0,0,0,0,3
277,6.131,IEEE T MED IMAGING,4,0,0,0,0,0,0,0,0,0,0,4
278,4.264,IEEE T ROBOT,4,0,0,0,0,0,0,0,1,0,1,2
279,2.704,IEEE T ULTRASON FERR,4,1,0,1,0,0,0,0,1,0,1,0
280,2.371,INT REV NEUROBIOL,4,0,0,0,0,3,0,0,0,0,0,1
281,2.479,J ANAT,4,0,0,0,0,0,0,0,0,0,0,4
282, ,J AUTISM DEV DISORD,4,0,0,1,0,0,1,0,0,0,0,2
283, ,J AUTONOM NERV SYST,4,0,0,0,0,0,0,0,0,0,0,4
284,4.011,J BIOL CHEM,4,0,0,0,0,0,1,0,0,0,0,3
285, ,J BIOMED MATER RES,4,0,0,0,0,0,0,0,0,0,0,4
286,1.970,J COMP PHYSIOL A,4,0,0,1,0,0,0,0,0,0,0,3
287, ,J DISP TECHNOL,4,0,0,0,2,0,0,1,0,0,1,0
288,3.612,J MAGN RESON IMAGING,4,0,0,0,0,0,0,0,1,0,2,1
289,2.894,J R STAT SOC B,4,0,0,0,0,0,0,0,0,0,0,4
290,4.368,J VIROL,4,0,2,0,0,0,0,0,0,0,0,2
291,2.726,LASER SURG MED,4,0,0,0,0,1,1,0,1,0,0,1
292,4.082,MAGN RESON MED,4,0,0,1,0,0,1,0,0,0,0,2
293, ,METHOD FIND EXP CLIN,4,0,0,0,0,0,0,0,0,0,0,4
294,12.080,NANO LETT,4,0,1,1,0,0,0,1,1,0,0,0
295,50.167,NAT REV DRUG DISCOV,4,0,0,0,2,0,0,0,0,0,1,1
296, ,NEURON BOOK,4,0,0,0,0,0,0,0,0,1,0,3
297,2.045,NEUROPHYSIOL CLIN,4,0,0,0,0,0,1,0,1,0,0,2
298,4.711,NEUROREHAB NEURAL RE,4,0,0,2,0,1,0,0,0,0,0,1
299,5.559,PAIN,4,0,1,0,0,1,0,1,0,0,0,1
300,2.284,PHYS REV E,4,0,1,0,0,0,1,0,0,0,0,2
301,0.426,PRESENCE-TELEOP VIRT,4,0,0,0,0,0,1,0,3,0,0,0
302, ,PROC SPIE,4,0,0,1,0,1,0,0,0,0,2,0
303,13.250,PSYCHOL BULL,4,0,0,0,0,1,0,0,0,0,0,3
304, ,PSYCHOL SCI,4,0,0,0,0,0,0,0,0,1,0,3
305,2.101,RESTOR NEUROL NEUROS,4,0,0,0,1,0,0,0,1,0,0,2
306,0.482,SENSOR MATER,4,0,0,0,0,0,3,0,0,0,1,0
307, ,2015 TRANSD 2015 18,3,0,0,3,0,0,0,0,0,0,0,0
308,4.211,ACS CHEM NEUROSCI,3,1,0,1,0,1,0,0,0,0,0,0
309,3.126,ACTA NEUROL SCAND,3,0,0,0,2,0,0,0,0,0,0,1
310,3.324,ACTA OPHTHALMOL,3,0,0,0,0,0,2,0,0,0,0,1
311, ,ADV DATA SCI ADAPT,3,0,0,0,0,0,0,1,0,2,0,0
312,21.950,ADV MATER,3,0,1,0,0,0,0,1,0,0,0,1
313, ,ADV NEURAL INF PROCE,3,0,0,0,0,0,2,1,0,0,0,0
314, ,ADV NEUROL,3,0,0,0,0,0,0,0,0,0,0,3
315,3.454,AM J PHYSIOL-CELL PH,3,0,0,1,0,0,0,0,0,0,0,2
316,13.396,AM J PSYCHIAT,3,0,0,0,0,0,0,0,0,0,0,3
317, ,ANN MATH STAT,3,0,0,0,0,0,0,0,0,0,0,3
318,4.277,ANN NY ACAD SCI,3,0,0,0,0,0,0,0,0,2,0,1
319,1.791,APPL OPTICS,3,0,0,0,0,0,0,0,0,0,0,3
320, ,ARCH GEN PSYCHIAT,3,0,0,0,0,0,0,0,0,0,0,3
321,3.034,ARTIF INTELL,3,0,0,0,0,0,0,0,0,0,0,3
322,3.814,ARTIF INTELL REV,3,0,0,0,0,0,1,0,1,0,0,1
323,0.872,BIO-MED MATER ENG,3,0,0,1,2,0,0,0,0,0,0,0
324, ,BIOL MED PHYS BIOMED,3,0,0,0,0,0,0,0,1,2,0,0
325, ,BRAIN CONNECT,3,0,1,0,0,0,0,2,0,0,0,0
326,2.851,BRAIN LANG,3,0,0,0,1,0,1,0,0,0,0,1
327,4.091,CLIN ORTHOP RELAT R,3,0,0,0,0,0,0,0,0,0,0,3
328,1.974,COMPUT METHOD BIOMEC,3,0,0,3,0,0,0,0,0,0,0,0
329,4.907,CORTEX,3,1,1,0,0,0,0,0,0,0,1,0
330,3.120,EAR HEARING,3,0,0,0,0,0,0,0,0,0,1,2
331,2.305,ENTROPY-SWITZ,3,0,0,1,0,1,0,0,1,0,0,0
332,3.617,EUR ARCH PSY CLIN N,3,0,0,1,2,0,0,0,0,0,0,0
333,2.401,EUR J APPL PHYSIOL,3,0,0,0,0,0,0,1,1,0,0,1
334,4.129,EUR NEUROPSYCHOPHARM,3,0,1,0,0,0,0,0,2,0,0,0
335,2.478,EYE,3,1,1,0,0,0,1,0,0,0,0,0
336,3.138,FRONT BEHAV NEUROSCI,3,0,0,0,3,0,0,0,0,0,0,0
337, ,FRONT COLLECT,3,0,0,0,0,0,0,0,3,0,0,0
338,2.857,FRONT PSYCHIATRY,3,0,0,1,0,0,2,0,0,0,0,0
339,2.273,GAIT POSTURE,3,0,0,0,0,0,1,0,0,1,1,0
340,2.498,GENE,3,0,0,0,0,1,0,0,0,0,0,2
341,1.840,HUM MOVEMENT SCI,3,0,0,0,0,2,0,0,0,0,1,0
342,6.611,IEEE COMPUT INTELL M,3,0,1,1,0,0,0,0,0,1,0,0
343, ,IEEE INT C AC SPEECH,3,0,0,0,1,1,0,0,0,0,0,1
344,3.850,IEEE J BIOMED HEALTH,3,0,0,0,2,1,0,0,0,0,0,0
345,4.361,IEEE J-STSP,3,1,0,0,1,0,1,0,0,0,0,0
346,2.813,IEEE SIGNAL PROC LET,3,0,1,0,0,0,0,0,0,1,0,1
347, ,IEEE T ACOUST SPEECH,3,0,0,0,0,0,0,0,0,0,0,3
348,4.585,IEEE T AFFECT COMPUT,3,0,0,0,0,0,0,1,2,0,0,0
349, ,IEEE T INF TECHNOL B,3,0,0,0,0,0,1,1,1,0,0,0
350,4.051,IEEE T INTELL TRANSP,3,0,0,0,0,0,0,1,0,0,1,1
351,3.936,IEEE-ASME T MECH,3,0,0,1,0,0,0,0,1,0,0,1
352, ,INT C REHAB ROBOT,3,0,0,2,0,0,0,0,0,0,0,1
353, ,INT J BIOELECTROMAGN,3,0,0,0,0,0,0,2,0,1,0,0
354,11.541,INT J COMPUT VISION,3,0,0,0,0,0,0,1,0,0,0,2
355,1.946,INVERSE PROBL,3,0,0,0,0,0,0,1,1,0,0,1
356,3.476,J ALZHEIMERS DIS,3,0,0,0,2,0,0,1,0,0,0,0
357,3.373,J BIOMED MATER RES B,3,0,0,0,2,0,0,1,0,0,0,0
358,8.784,J CELL BIOL,3,0,0,0,0,0,0,0,0,0,0,3
359,3.179,J EXP BIOL,3,0,0,0,0,0,0,0,0,1,0,2
360, ,J EXP PSYCHOL,3,0,0,0,0,0,0,0,0,0,0,3
361, ,J MED ENG TECHNOL,3,0,0,0,1,0,0,0,0,0,0,2
362,1.566,J OPT SOC AM A,3,0,0,0,1,0,0,0,0,0,0,2
363,0.917,J PSYCHOPHYSIOL,3,0,0,0,0,0,0,0,0,0,1,2
364,3.355,J R SOC INTERFACE,3,0,1,1,0,0,1,0,0,0,0,0
365,1.882,J SPINAL CORD MED,3,0,0,0,0,1,0,1,0,1,0,0
366,2.051,J SURG RES,3,0,0,0,2,0,0,0,0,0,0,1
367,1.833,J THEOR BIOL,3,0,0,0,0,0,0,0,0,0,0,3
368,11.460,JAMA NEUROL,3,0,1,2,0,0,0,0,0,0,0,0
369,1.469,KOREAN J PHYSIOL PHA,3,0,0,1,0,1,0,0,0,1,0,0
370,1.588,METHOD CELL BIOL,3,0,0,0,0,1,0,0,0,0,0,2
371, ,METHOD MOL BIOL,3,0,0,0,1,0,0,1,1,0,0,0
372,5.076,MOL NEUROBIOL,3,1,0,0,0,0,0,0,0,0,0,2
373,2.219,MOL VIS,3,0,0,0,1,0,1,0,0,0,0,1
374,8.324,MOVEMENT DISORD,3,0,0,0,0,0,0,0,1,0,0,2
375,4.814,MRS BULL,3,0,0,0,0,0,3,0,0,0,0,0
376,32.521,NAT PHOTONICS,3,0,1,0,1,0,1,0,0,0,0,0
377, ,NEUROBIONICS BIOMEDI,3,0,3,0,0,0,0,0,0,0,0,0
378,4.129,NEUROPHOTONICS,3,0,2,1,0,0,0,0,0,0,0,0
379,1.421,NEUROPSYCHOBIOLOGY,3,0,0,1,0,0,0,0,0,0,0,2
380,2.647,NEUROSURG FOCUS,3,0,0,0,0,0,0,0,0,2,1,0
381, ,NIEDERMEYERS ELECTRO,3,0,0,0,0,0,1,2,0,0,0,0
382, ,NONLINEAR BIOMED PHY,3,0,0,0,0,0,0,0,0,1,0,2
383, ,P IEEE RAS-EMBS INT,3,0,0,0,0,0,2,0,0,0,1,0
384, ,P NATL ACAD SCI-BIOL,3,0,0,0,0,0,0,0,0,0,0,3
385,2.410,P ROY SOC A-MATH PHY,3,0,0,0,0,0,0,0,1,0,0,2
386, ,P SOC PHOTO-OPT INST,3,0,0,1,0,0,0,0,0,1,0,1
387,5.666,PHILOS T R SOC B,3,0,0,1,1,0,0,0,0,0,0,1
388,2.587,PHYS THER,3,0,0,0,0,0,0,0,0,0,0,3
389, ,PHYSIOL REP,3,0,1,1,1,0,0,0,0,0,0,0
390,24.014,PHYSIOL REV,3,0,0,0,0,0,1,0,0,0,0,2
391,3.222,PSYCHOPHARMACOLOGY,3,0,0,0,0,0,0,0,0,0,0,3
392,4.013,RETINA-J RET VIT DIS,3,0,0,0,0,0,1,0,0,0,1,1
393,2.590,REV NEUROSCIENCE,3,0,0,0,0,0,1,1,0,0,0,1
394,4.886,SIAM REV,3,0,0,0,0,0,0,0,0,1,0,2
395, ,SPATIAL VISION,3,0,0,0,0,0,0,0,0,0,0,3
396,1.648,STEREOT FUNCT NEUROS,3,0,0,0,0,0,0,0,0,0,0,3
397, ,SURG NEUROL,3,0,0,0,0,0,0,0,0,0,0,3
398,1.003,SURG RADIOL ANAT,3,0,0,0,0,0,0,1,1,0,0,1
399,3.574,SURGERY,3,0,0,0,0,0,0,0,1,0,1,1
400,1.568,TECHNOMETRICS,3,0,0,0,0,0,0,0,0,0,0,3
401,11.021,TRENDS MOL MED,3,0,1,0,0,0,0,1,0,0,0,1
402, ,2009 IEEE INT S,2,0,0,0,0,0,0,0,0,2,0,0
403, ,2010 ANN INT C IEEE,2,0,0,0,0,0,0,0,2,0,0,0
404, ,2011 16 INT SOL STAT,2,0,0,0,0,0,0,2,0,0,0,0
405, ,21 INT JOINT C ART,2,0,0,0,0,0,0,0,0,2,0,0
406, ,38 ANN INT C IEEE EN,2,0,2,0,0,0,0,0,0,0,0,0
407, ,4 INT IEEE EMBS C NE,2,0,0,0,0,0,0,0,0,2,0,0
408,5.550,ACM COMPUT SURV,2,0,0,2,0,0,0,0,0,0,0,0
409,0.962,ACM T APPL PERCEPT,2,0,0,0,0,0,1,0,1,0,0,0
410, ,ACOUST SPEECH SIG PR,2,0,0,0,0,0,0,0,0,0,0,2
411,1.129,ACTA ACUST UNITED AC,2,0,0,0,0,0,0,0,0,1,0,1
412, ,ACTA PHYSIOL SCAND,2,0,0,0,0,0,0,0,0,0,0,2
413,4.984,ACTA PSYCHIAT SCAND,2,0,0,0,0,0,0,0,0,0,0,2
414, ,ADAPTIVE FILTER THEO,2,0,0,0,0,0,0,0,0,0,0,2
415,13.325,ADV FUNCT MATER,2,0,0,0,2,0,0,0,0,0,0,0
416,5.609,ADV HEALTHC MATER,2,0,1,0,1,0,0,0,0,0,0,0
417, ,ADV HUM-COMPUT INTER,2,0,0,0,0,2,0,0,0,0,0,0
418,2.982,AMYOTROPH LAT SCL FR,2,0,0,1,0,0,0,0,1,0,0,0
419,0.800,ANALOG INTEGR CIRC S,2,0,0,1,1,0,0,0,0,0,0,0
420, ,ANAT EMBRYOL,2,0,0,0,0,0,0,0,0,0,0,2
421,1.548,ANN APPL STAT,2,0,1,1,0,0,0,0,0,0,0,0
422,14.327,ANNU REV PHYSIOL,2,0,0,0,0,0,0,0,1,0,0,1
423, ,APPL NEUROPHYSIOL,2,0,0,0,0,0,0,0,0,0,0,2
424,2.111,ARTIF ORGANS,2,0,0,0,0,0,0,1,0,0,0,1
425, ,ARTIFICIAL SIGHT,2,0,0,0,0,0,0,0,0,0,0,2
426, ,ASSIST TECHNOL,2,0,0,0,0,1,0,0,0,0,0,1
427, ,AT&T TECH J,2,0,0,0,0,0,0,0,0,0,0,2
428,2.078,AUDIOL NEURO-OTOL,2,0,0,0,0,0,0,1,0,1,0,0
429,6.126,AUTOMATICA,2,0,0,0,0,0,0,0,0,0,0,2
430, ,B MATH BIOPHYS,2,0,0,0,0,0,0,0,0,0,0,2
431,5.481,BIOINFORMATICS,2,0,0,0,0,0,0,0,0,0,0,2
432,2.727,BIOINSPIR BIOMIM,2,1,0,1,0,0,0,0,0,0,0,0
433,5.738,BIOMACROMOLECULES,2,0,0,0,0,0,0,0,1,0,0,1
434,2.897,BIOMED MATER,2,0,0,0,0,0,0,0,2,0,0,0
435,2.583,BIOMED RES INT,2,0,0,2,0,0,0,0,0,0,0,0
436, ,BIOMED SCI INSTRUM,2,0,0,0,0,0,0,0,0,0,0,2
437,1.114,BIOMETRICAL J,2,0,0,1,0,0,0,0,0,0,1,0
438, ,BIOSYST BIOROBOT,2,0,0,0,2,0,0,0,0,0,0,0
439,1.619,BIOSYSTEMS,2,0,0,0,0,1,0,0,0,0,0,1
440,15.132,BLOOD,2,0,0,0,1,1,0,0,0,0,0,0
441,2.170,BMC NEUROL,2,0,0,1,0,0,0,0,0,1,0,0
442,1.770,BMC OPHTHALMOL,2,0,1,0,1,0,0,0,0,0,0,0
443,4.231,BRAIN STRUCT FUNCT,2,0,1,0,0,1,0,0,0,0,0,0
444,6.499,BRIT J ANAESTH,2,0,0,0,0,0,0,0,0,0,0,2
445,1.238,BRIT J NEUROSURG,2,0,0,0,1,0,0,0,0,0,0,1
446, ,C P ANN INT C IEEE E,2,0,0,0,0,1,0,0,0,0,0,1
447,1.314,CAN J OPHTHALMOL,2,0,0,0,0,0,1,0,0,0,0,1
448,3.718,CELL CALCIUM,2,0,0,0,1,0,0,0,0,0,1,0
449,52.613,CHEM REV,2,0,0,0,0,0,0,0,0,0,1,1
450,1.596,CHINESE MED J-PEKING,2,0,0,1,0,0,0,0,0,0,0,1
451,2.092,CLIN EXP PHARMACOL P,2,0,0,0,1,0,0,0,0,1,0,0
452, ,CLIN OPHTHALMOL,2,0,1,0,1,0,0,0,0,0,0,0
453,2.930,CLIN REHABIL,2,0,0,0,1,0,0,0,0,0,0,1
454,3.479,COGN COMPUT,2,0,0,0,0,0,0,0,0,2,0,0
455, ,COMPUT BRAIN,2,0,0,0,0,0,0,0,0,0,0,2
456,1.940,COMPUTER,2,0,0,0,0,0,0,0,0,0,2,0
457, ,CRIT REV BIOMED ENG,2,0,0,0,0,0,0,0,0,0,0,2
458, ,CURR BLADDER DYSFUNC,2,0,2,0,0,0,0,0,0,0,0,0
459,3.374,CURR TOP MED CHEM,2,0,0,0,0,0,0,1,0,0,1,0
460, ,DETECTION THEOR USE,2,0,0,0,0,0,0,0,0,0,0,2
461, ,DIAGN STAT MAN MENT,2,0,0,0,0,2,0,0,0,0,0,0
462,1.663,EDUC PSYCHOL MEAS,2,0,0,0,0,0,0,0,0,0,0,2
463, ,ELEMENTS INFORM THEO,2,0,0,0,0,0,0,0,0,0,0,2
464, ,ELEMENTS STAT LEARNI,2,0,0,0,0,0,0,0,0,1,0,1
465,10.293,EMBO MOL MED,2,0,1,0,1,0,0,0,0,0,0,0
466, ,ENEURO,2,0,2,0,0,0,0,0,0,0,0,0
467, ,EPILEPTOLOGIE,2,0,0,0,0,0,1,0,0,1,0,0
468,10.683,EUR J HEART FAIL,2,0,0,1,0,0,0,0,0,0,1,0
469,4.129,EUR PSYCHIAT,2,0,0,0,0,0,1,0,0,0,1,0
470, ,EUR SIGNAL PR CONF,2,0,1,1,0,0,0,0,0,0,0,0
471,2.388,EVOL COMPUT,2,0,0,0,0,0,0,0,1,0,0,1
472,5.065,EXERC SPORT SCI REV,2,0,0,0,0,0,0,0,0,0,0,2
473,2.732,EXP PHYSIOL,2,0,0,0,0,0,0,1,0,0,0,1
474,2.094,EXPERT REV MED DEVIC,2,0,0,0,0,1,0,0,0,0,0,1
475,5.595,FASEB J,2,0,0,1,0,1,0,0,0,0,0,0
476,3.582,FRONT AGING NEUROSCI,2,0,1,0,0,1,0,0,0,0,0,0
477,3.394,FRONT PHYSIOL,2,0,0,1,1,0,0,0,0,0,0,0
478, ,FUND STAT SI,2,0,0,0,0,1,0,0,0,0,0,1
479,9.937,GENET MED,2,1,0,1,0,0,0,0,0,0,0,0
480,1.171,HAND CLIN,2,0,0,0,0,2,0,0,0,0,0,0
481, ,HANDB CLIN NEUROL,2,0,0,0,0,2,0,0,0,0,0,0
482,5.359,HUM MUTAT,2,0,0,0,0,0,0,0,0,0,0,2
483, ,IEEE C EVOL COMPUTAT,2,0,0,0,0,0,0,0,0,0,1,1
484, ,IEEE CUST INTEGR CIR,2,0,0,0,0,0,0,0,0,0,0,2
485, ,IEEE IMAGE PROC,2,0,0,0,1,1,0,0,0,0,0,0
486, ,IEEE INT C INT SENS,2,0,0,0,0,0,0,2,0,0,0,0
487, ,IEEE INT C REH ROB,2,0,0,0,0,2,0,0,0,0,0,0
488,3.218,IEEE J EM SEL TOP C,2,0,0,0,0,0,0,2,0,0,0,0
489, ,IEEE REV BIOMED ENG,2,0,0,0,0,0,0,0,0,2,0,0
490, ,IEEE REV BIOMEDICAL,2,0,0,0,1,0,0,1,0,0,0,0
491,3.573,IEEE ROBOT AUTOM MAG,2,0,1,0,0,1,0,0,0,0,0,0
492, ,IEEE T AUDIO SPEECH,2,0,0,0,0,0,0,1,0,1,0,0
493,2.889,IEEE T AUTON MENT DE,2,0,0,2,0,0,0,0,0,0,0,0
494,1.660,IEEE T COMP PACK MAN,2,0,0,0,0,0,0,0,0,0,0,2
495,2.620,IEEE T ELECTRON DEV,2,0,0,0,0,0,0,0,0,0,0,2
496,2.563,IEEE T HUM-MACH SYST,2,0,1,0,0,1,0,0,0,0,0,0
497,2.794,IEEE T INSTRUM MEAS,2,0,0,0,1,0,0,0,0,1,0,0
498,4.305,INFORM SCIENCES,2,0,0,0,0,1,0,0,0,0,1,0
499, ,INFORM THEOR INFERE,2,0,0,0,0,0,0,0,0,0,0,2
500, ,INT C ART NEUR NETW,2,0,0,0,0,0,2,0,0,0,0,0
501, ,INT C COMP VIS PATT,2,0,1,0,0,0,0,0,0,0,0,1
502,3.440,INT J HYPERTHER,2,0,0,0,1,0,0,0,0,0,0,1
503,3.687,INT J MOL SCI,2,0,0,0,0,0,0,0,0,1,0,1
504,1.848,INT J NEUROSCI,2,0,0,0,0,0,0,0,0,0,0,2
505, ,INT JOINT C NEUR NET,2,0,1,0,0,0,0,0,0,1,0,0
506, ,INT WINT WORKSH BR,2,0,0,0,0,2,0,0,0,0,0,0
507, ,ISS CLIN COGN NEUROP,2,0,0,0,2,0,0,0,0,0,0,0
508,14.357,J AM CHEM SOC,2,0,0,0,0,0,0,0,0,1,0,1
509,2.620,J AM SOC HYPERTENS,2,0,0,0,0,0,2,0,0,0,0,0
510,1.390,J APPL BIOMECH,2,0,0,0,0,0,0,0,0,0,0,2
511,2.176,J APPL PHYS,2,0,0,0,0,0,0,0,0,0,0,2
512,1.916,J BIOMECH ENG-T ASME,2,0,0,0,0,0,0,0,1,0,0,1
513, ,J BIOMED SCI ENG,2,0,0,0,0,1,0,0,1,0,0,0
514,2.325,J BIONIC ENG,2,1,0,0,0,0,0,0,0,1,0,0
515,6.045,J CEREBR BLOOD F MET,2,0,0,0,0,1,0,0,0,0,0,1
516,2.450,J CLIN MONIT COMPUT,2,0,0,0,0,0,0,0,0,0,0,2
517,1.640,J CLIN NEUROSCI,2,0,0,0,0,0,0,0,0,0,2,0
518, ,J COMP PHYSIOL,2,0,0,0,0,0,0,0,0,0,0,2
519,1.647,J GENE MED,2,1,0,0,0,0,1,0,0,0,0,0
520,1.040,J HAND THER,2,0,0,0,0,0,0,0,0,0,0,2
521,1.211,J MED BIOL ENG,2,0,0,0,0,0,1,1,0,0,0,0
522,2.098,J MED SYST,2,0,0,0,0,0,0,0,0,0,0,2
523, ,J MICROCOMPUT APPL,2,0,0,0,0,0,0,0,0,0,0,2
524,2.152,J NEURO-OPHTHALMOL,2,0,0,0,0,0,0,1,0,1,0,0
525,5.193,J NEUROINFLAMM,2,0,0,0,0,1,1,0,0,0,0,0
526,3.783,J NEUROL,2,0,0,0,0,0,0,0,0,0,0,2
527,3.490,J NEUROPATH EXP NEUR,2,0,0,0,0,0,0,0,0,0,0,2
528,2.162,J NEUROSURG-PEDIATR,2,0,0,0,0,1,0,1,0,0,0,0
529, ,J OBES,2,0,0,1,0,1,0,0,0,0,0,0
530,4.484,J PHYS CHEM C,2,0,0,0,0,0,0,0,1,0,1,0
531, ,J PHYS CONF SER,2,0,0,0,0,2,0,0,0,0,0,0
532,2.373,J PHYS D APPL PHYS,2,0,0,0,1,1,0,0,0,0,0,0
533, ,J POLYM SCI A1,2,0,0,0,0,0,0,0,0,0,0,2
534, ,J PROSTHETICS ORTHOT,2,0,0,0,0,0,0,0,0,0,1,1
535,1.865,J RECONSTR MICROSURG,2,0,0,0,0,0,1,0,0,0,0,1
536,1.802,J REHABIL MED,2,0,0,0,0,0,0,2,0,0,0,0
537,1.104,J SMALL ANIM PRACT,2,0,0,0,0,0,0,0,0,0,0,2
538,1.906,J SPEECH LANG HEAR R,2,0,0,0,0,0,0,0,0,0,0,2
539,4.197,J TRANSL MED,2,0,0,1,0,0,1,0,0,0,0,0
540,6.669,JAMA OPHTHALMOL,2,0,0,0,0,2,0,0,0,0,0,0
541,47.661,JAMA-J AM MED ASSOC,2,0,0,1,1,0,0,0,0,0,0,0
542,3.789,LANGMUIR,2,0,0,1,0,0,0,0,0,0,0,1
543, ,LEARN KERNELS SUP,2,0,0,0,0,0,0,0,0,0,0,2
544,2.671,LEARN MEMORY,2,0,0,1,0,0,0,0,0,0,0,1
545, ,LECT NOTES ARTIF INT,2,0,0,1,0,0,0,0,0,1,0,0
546, ,MAMMALIAN MUSCLE REC,2,0,0,0,0,0,0,0,0,0,0,2
547, ,MAT SCI APPL,2,0,0,0,0,2,0,0,0,0,0,0
548,1.145,MATH PROBL ENG,2,0,0,0,1,0,1,0,0,0,0,0
549, ,MED BIOL ENG,2,0,0,0,0,0,0,0,0,0,0,2
550,2.884,MED PHYS,2,0,1,0,0,1,0,0,0,0,0,0
551,3.998,METHODS,2,1,0,0,0,0,0,0,0,0,0,1
552,5.071,MICROSYST NANOENG,2,0,1,1,0,0,0,0,0,0,0,0
553,1.581,MICROSYST TECHNOL,2,0,0,1,0,0,0,0,0,1,0,0
554,1.541,MULTIMED TOOLS APPL,2,0,0,0,0,1,0,0,0,0,0,1
555,37.490,NAT NANOTECHNOL,2,0,0,0,0,1,1,0,0,0,0,0
556,17.324,NAT REV GASTRO HEPAT,2,0,1,0,0,1,0,0,0,0,0,0
557, ,NATURWISSENSCHAFTEN,2,0,0,0,0,0,0,0,0,0,0,2
558, ,NEUR M PLANN,2,0,1,1,0,0,0,0,0,0,0,0
559,4.215,NEURAL COMPUT APPL,2,0,0,1,0,0,0,0,1,0,0,0
560,4.454,NEUROBIOL AGING,2,0,0,0,0,1,0,0,0,1,0,0
561, ,NEUROERGONOMICS BRAI,2,0,0,0,0,0,0,0,0,0,0,2
562,3.842,NEUROGASTROENT MOTIL,2,0,1,0,0,0,0,0,0,0,0,1
563,1.449,NEUROL RES,2,0,0,0,0,0,0,0,0,0,0,2
564, ,NEUROPROSTHETICS,2,0,0,0,1,0,0,0,0,0,0,1
565, ,NEW YORK TIMES MAG,2,0,0,0,0,0,0,0,0,0,0,2
566,3.607,ORPHANET J RARE DIS,2,0,0,0,0,0,1,0,0,0,0,1
567,2.182,OTOL NEUROTOL,2,0,0,0,1,0,0,0,0,0,0,1
568, ,P 5 INT BRAIN COMP I,2,0,0,0,0,1,0,1,0,0,0,0
569, ,P HUM FACT ERG SOC A,2,0,0,0,0,0,1,0,0,0,0,1
570, ,P IEEE INT C ROB AUT,2,0,0,0,0,0,0,0,1,1,0,0
571, ,P INT C MACH LEARN,2,0,0,0,0,1,0,0,1,0,0,0
572, ,P SOC PHOTO-OPT INS,2,0,0,0,0,0,0,0,0,0,0,2
573, ,PATTERN CLASSIFICATI,2,0,0,0,0,0,1,0,0,0,0,1
574,2.765,PFLUG ARCH EUR J PHY,2,0,0,0,0,0,0,0,0,0,0,2
575, ,PHOTOSENSITIVE EPILE,2,0,0,0,0,0,0,0,0,0,0,2
576,1.850,PM&R,2,0,0,0,0,0,0,2,0,0,0,0
577, ,PRACT BRAIN COMP,2,0,0,0,0,1,1,0,0,0,0,0
578,3.427,PROG BIOPHYS MOL BIO,2,0,0,0,0,0,0,1,0,0,0,1
579,4.185,PROG NEURO-PSYCHOPH,2,0,0,0,0,0,0,0,0,0,0,2
580,5.475,PSYCHOL MED,2,0,0,0,0,0,0,1,0,1,0,0
581,3.249,RADIOGRAPHICS,2,0,0,0,0,0,0,0,1,0,0,1
582,1.595,REAL-TIME SYST,2,0,0,0,0,0,0,1,0,0,0,1
583, ,RHYTHMS BRAIN,2,0,0,0,0,0,0,0,0,0,0,2
584,2.638,ROBOT AUTON SYST,2,1,0,1,0,0,0,0,0,0,0,0
585, ,ROBUST REGRESSION OU,2,0,0,0,0,0,0,0,0,0,0,2
586,2.839,SEIZURE-EUR J EPILEP,2,0,1,0,0,0,0,0,0,1,0,0
587,5.135,SLEEP,2,0,0,0,0,0,0,0,0,0,1,1
588,10.602,SLEEP MED REV,2,0,0,0,0,0,0,0,0,0,0,2
589,3.500,SOC COGN AFFECT NEUR,2,0,0,0,1,1,0,0,0,0,0,0
590,0.812,STAT APPL GENET MOL,2,0,0,0,0,0,0,0,0,0,0,2
591,5.587,STEM CELLS,2,0,0,0,0,0,0,0,0,1,0,1
592, ,T AM OPHTHAL SOC,2,0,0,0,0,0,0,0,1,0,0,1
593,1.939,THIN SOLID FILMS,2,0,0,0,0,0,0,0,0,0,0,2
594,2.193,TRANSL VIS SCI TECHN,2,0,0,0,0,1,1,0,0,0,0,0
595,10.556,TRENDS GENET,2,0,0,0,0,1,0,0,0,0,0,1
596,2.377,ULTRASONICS,2,1,0,1,0,0,0,0,0,0,0,0
597,2.300,UROLOGY,2,0,0,0,2,0,0,0,0,0,0,0
598,1.102,VET SURG,2,0,0,0,0,0,0,0,0,0,0,2
599,1.927,VISUAL NEUROSCI,2,0,0,0,0,0,0,1,0,0,0,1
600,1.924,WORLD NEUROSURG,2,0,1,0,1,0,0,0,0,0,0,0
601, ,Z ELEKTROCHEM,2,0,0,0,0,0,0,0,0,0,0,2
Copyright Â© 2018 Clarivate Analytics,,,,,,,,,,,,,,
"By exporting the selected data, you agree to the data usage policy set forth in the Terms of Use",,,,,,,,,,,,,,
