Citing Journal Data: NATURE,,,,,,,,,,,,,,
,Impact Factor,Cited Journal,All Yrs,2017,2016,2015,2014,2013,2012,2011,2010,2009,2008,Rest
1, ,ALL Journals,45594,2396,4647,4757,4197,3658,3231,2534,2405,2008,1649,14112
2, ,ALL OTHERS (3489),3489,292,364,285,211,179,168,161,125,107,100,1497
3,41.577,NATURE,4469,702,514,486,364,323,347,250,196,135,113,1039
4,41.058,SCIENCE,2575,100,322,294,254,205,204,132,117,109,87,751
5,9.504,P NATL ACAD SCI USA,1567,28,108,166,139,134,119,124,88,79,86,496
6,31.398,CELL,1237,43,143,197,166,120,96,44,59,49,31,289
7,8.839,PHYS REV LETT,713,43,67,41,52,54,53,39,48,28,23,265
8,5.551,ASTROPHYS J,693,55,58,57,48,62,44,37,24,27,25,256
9,12.353,NAT COMMUN,542,49,129,148,116,53,26,13,7,0,0,1
10,11.561,NUCLEIC ACIDS RES,532,13,65,65,59,41,38,24,37,29,18,143
11,5.481,BIOINFORMATICS,508,6,12,49,45,45,42,41,87,100,7,74
12,26.919,NAT METHODS,495,40,29,67,66,70,86,24,21,29,20,43
13,4.011,J BIOL CHEM,466,2,16,18,20,19,23,23,22,18,21,284
14,2.766,PLOS ONE,405,4,29,35,60,70,81,48,36,22,14,6
15,27.125,NAT GENET,362,13,28,51,32,36,34,29,11,13,14,101
16,5.194,MON NOT R ASTRON SOC,350,32,42,35,39,31,30,12,16,16,13,84
17,14.357,J AM CHEM SOC,347,6,34,33,48,26,22,20,20,23,14,101
18,14.319,NEURON,335,11,40,35,21,26,24,27,19,15,4,113
19,14.248,MOL CELL,315,7,41,42,32,33,10,13,33,14,16,74
20,3.099,ACTA CRYSTALLOGR D,302,0,3,13,8,19,14,18,153,3,3,68
21,35.724,NAT BIOTECHNOL,296,7,40,42,29,38,23,38,27,7,10,35
22,5.565,ASTRON ASTROPHYS,279,15,29,28,16,27,11,17,21,15,15,85
23,3.813,PHYS REV B,268,6,24,19,11,19,9,16,6,5,9,144
24,4.339,GEOPHYS RES LETT,253,10,18,35,32,21,15,16,11,10,12,73
25,5.971,J NEUROSCI,240,3,5,7,24,20,14,11,18,19,15,104
26,4.581,EARTH PLANET SC LETT,239,7,14,10,19,21,18,14,15,14,13,94
27,13.214,GENOME BIOL,238,0,14,27,52,23,12,21,23,23,19,24
28,7.616,ELIFE,232,26,70,65,50,17,3,0,0,0,0,1
29,9.462,GENE DEV,221,2,13,15,24,17,10,18,10,4,10,98
30,32.621,NAT MED,213,11,30,33,20,16,9,21,9,13,3,48
31,12.423,NAT PROTOC,213,8,7,10,32,36,27,6,6,33,14,34
32,10.101,GENOME RES,204,13,9,15,21,14,26,11,22,17,7,49
33,10.557,EMBO J,200,4,11,11,8,15,19,15,8,10,5,94
34,79.260,NEW ENGL J MED,194,17,25,26,39,13,18,7,8,11,2,28
35,3.433,J STRUCT BIOL,188,3,14,27,1,8,35,2,2,14,3,79
36,13.333,NAT STRUCT MOL BIOL,185,16,21,11,18,19,14,10,18,5,10,43
37,8.032,CELL REP,183,5,49,38,46,27,18,0,0,0,0,0
38,19.912,NAT NEUROSCI,179,1,24,20,20,21,11,10,14,15,4,39
39,2.909,PHYS REV A,178,5,14,26,16,11,12,11,8,12,8,55
40,4.894,J MOL BIOL,173,1,8,7,2,7,11,6,6,12,5,108
41,23.290,CELL STEM CELL,172,12,19,28,37,26,10,15,10,5,6,4
42,9.251,CURR BIOL,172,2,24,19,22,11,12,8,10,2,14,48
43,12.102,ANGEW CHEM INT EDIT,170,10,17,25,15,13,10,10,6,11,10,43
44,5.413,DEVELOPMENT,169,2,9,13,13,14,16,10,8,10,9,65
45,15.132,BLOOD,167,2,11,12,19,17,14,12,21,4,3,52
46,19.734,IMMUNITY,166,7,16,18,19,18,12,7,7,3,11,48
47,22.844,CANCER CELL,157,3,10,22,21,14,22,24,12,6,4,19
48,13.251,J CLIN INVEST,157,3,10,17,22,4,16,20,9,8,12,36
49,14.391,NAT GEOSCI,156,4,13,17,22,25,15,19,25,13,3,0
50,4.122,SCI REP-UK,156,21,59,37,16,17,5,1,0,0,0,0
51,19.064,NAT CELL BIOL,153,4,17,19,16,15,11,9,12,10,9,31
52,21.809,NAT IMMUNOL,152,5,16,22,14,16,8,13,7,9,10,32
53,5.540,PLOS GENET,142,1,7,13,28,20,15,12,9,17,6,14
54, ,PREPRINT,141,52,55,8,6,6,1,0,2,1,1,9
55,8.784,J CELL BIOL,131,3,4,4,10,8,10,2,6,7,3,74
56,39.235,NAT MATER,130,8,21,17,14,18,8,5,3,6,11,19
57,9.130,CANCER RES,128,1,7,10,10,8,10,7,10,7,8,50
58,4.690,GEOCHIM COSMOCHIM AC,126,0,4,4,7,7,4,6,8,4,2,80
59,22.727,NAT PHYS,126,8,17,18,19,7,13,9,7,7,8,13
60,10.790,J EXP MED,122,8,13,4,6,8,4,7,11,4,6,51
61,9.163,PLOS BIOL,115,0,7,7,10,8,6,13,12,3,12,37
62,35.612,NAT REV MOL CELL BIO,114,6,12,10,10,12,15,8,4,9,7,21
63,5.666,PHILOS T R SOC B,113,1,12,24,10,4,1,2,3,4,5,47
64,4.075,GENETICS,109,1,5,6,10,8,3,6,2,1,4,63
65,4.539,J IMMUNOL,109,0,4,6,7,5,7,4,9,11,7,49
66,3.813,MOL CELL BIOL,109,0,5,3,4,9,5,7,2,3,6,65
67,3.482,J GEOPHYS RES-SOL EA,107,0,3,4,7,7,8,4,8,8,6,52
68,41.465,NAT REV GENET,107,3,12,15,12,13,13,4,7,3,4,21
69,6.634,ASTROPHYS J LETT,105,3,21,15,16,8,13,9,10,7,3,0
70,9.616,DEV CELL,105,1,16,18,5,16,3,5,9,9,3,20
71,2.997,BIOCHEMISTRY-US,103,0,0,5,3,3,3,7,3,5,5,69
72,20.565,CELL METAB,103,5,20,8,11,17,8,10,7,2,6,9
73,3.380,J GEOPHYS RES-ATMOS,102,0,10,10,5,7,8,7,3,5,7,40
74,4.394,PHYS REV D,102,3,15,12,12,6,13,2,5,1,2,31
75,4.847,P ROY SOC B-BIOL SCI,101,1,10,11,6,6,14,7,6,3,4,33
76,19.181,NAT CLIM CHANGE,97,7,25,20,27,8,6,4,0,0,0,0
77,2.981,ICARUS,96,12,1,12,3,5,4,7,2,3,2,45
78,37.490,NAT NANOTECHNOL,96,11,14,23,13,6,12,5,5,3,3,1
79,10.217,MOL BIOL EVOL,94,1,7,6,2,17,19,5,2,1,4,30
80,36.367,REV MOD PHYS,93,1,5,10,5,6,7,7,11,7,7,27
81,12.080,NANO LETT,92,5,10,11,17,12,11,7,6,6,0,7
82,4.368,J VIROL,90,3,8,4,6,2,4,4,5,3,1,50
83,52.613,CHEM REV,88,5,6,5,12,6,7,3,11,0,1,32
84,16.710,SCI TRANSL MED,86,12,12,24,11,7,8,8,3,1,0,0
85,5.509,ATMOS CHEM PHYS,85,4,11,12,10,8,4,6,7,7,6,10
86,2.843,J CHEM PHYS,85,1,2,3,6,3,3,2,2,1,1,61
87,42.784,NAT REV CANCER,85,5,9,6,10,7,13,8,3,4,1,19
88,2.213,BMC BIOINFORMATICS,84,0,2,2,9,8,6,17,8,12,10,10
89,53.254,LANCET,84,4,20,7,5,4,10,6,3,1,3,21
90,32.521,NAT PHOTONICS,82,7,16,10,22,9,6,2,8,1,0,1
91,3.262,DEV BIOL,80,1,2,4,5,3,2,2,6,4,5,46
92,4.150,ASTRON J,78,9,9,3,0,3,4,0,3,3,5,39
93,8.855,AM J HUM GENET,77,0,6,7,7,10,9,5,2,2,2,27
94,9.137,ECOL LETT,77,1,6,8,5,7,5,10,4,7,3,21
95,4.661,J CLIMATE,75,3,12,12,5,10,5,3,5,4,5,11
96,13.843,NAT CHEM BIOL,75,7,11,6,13,10,4,11,3,3,2,5
97,4.617,ECOLOGY,74,2,4,3,4,1,4,5,3,6,1,41
98,3.495,BIOPHYS J,72,2,3,3,8,4,2,1,6,6,3,34
99,41.982,NAT REV IMMUNOL,70,2,5,11,11,4,9,3,1,7,5,12
100,3.221,J COMPUT CHEM,69,0,0,1,3,3,2,1,5,1,3,50
101, ,METHOD MOL BIOL,69,0,8,6,8,11,6,7,6,3,4,10
102,4.265,AM NAT,68,1,4,2,1,1,0,4,1,4,0,50
103,31.851,NAT REV MICROBIOL,67,3,8,16,9,7,4,2,4,2,6,6
104,3.409,PUBL ASTRON SOC PAC,67,0,2,3,1,13,3,1,3,5,2,34
105,3.579,NEW J PHYS,66,2,7,12,10,6,9,4,3,5,2,6
106,4.490,RNA,66,1,7,3,4,10,5,4,4,3,2,23
107,10.199,CLIN CANCER RES,65,5,6,7,8,10,5,2,3,5,1,13
108,4.907,STRUCTURE,65,0,4,11,4,7,9,2,1,2,7,18
109,24.373,CANCER DISCOV,64,7,11,9,20,5,9,3,0,0,0,0
110,26.201,NAT CHEM,64,3,11,11,11,10,9,6,3,0,0,0
111,3.422,J APPL CRYSTALLOGR,63,0,3,0,2,1,3,2,2,2,1,47
112,3.680,J GEN PHYSIOL,63,0,6,1,4,2,2,2,1,0,4,41
113,20.154,ANNU REV BIOCHEM,62,1,5,1,4,8,6,4,5,4,1,23
114,8.561,ASTROPHYS J SUPPL S,62,0,4,5,6,8,5,5,7,4,4,14
115,1.984,METHOD ENZYMOL,62,0,9,3,3,2,0,0,7,1,3,34
116,11.511,SCI ADV,62,12,34,16,0,0,0,0,0,0,0,0
117,3.818,EVOLUTION,59,1,3,2,2,7,0,2,2,3,3,34
118,2.999,FEBS LETT,59,1,6,6,1,1,3,2,3,1,2,33
119,26.360,J CLIN ONCOL,59,2,10,6,8,7,3,4,8,2,4,5
120,6.854,ONCOGENE,59,1,3,7,4,2,6,1,3,1,3,28
121,5.073,GEOLOGY,56,3,5,6,3,5,5,2,2,1,3,21
122,3.512,MOL BIOL CELL,56,2,5,4,3,3,3,5,3,3,1,24
123,7.433,NEW PHYTOL,56,2,6,16,10,8,2,3,6,0,0,3
124,4.457,GLOBAL BIOGEOCHEM CY,55,3,11,3,3,2,3,1,2,1,4,22
125,32.635,NAT REV NEUROSCI,55,2,2,2,5,7,10,0,1,2,3,21
126,4.334,QUATERNARY SCI REV,55,1,0,5,6,5,4,4,3,3,2,22
127,15.678,TRENDS BIOCHEM SCI,55,2,7,5,4,7,0,3,1,4,0,22
128,8.228,PLANT CELL,54,0,5,3,3,8,3,7,0,0,5,20
129,6.158,PLOS PATHOG,54,2,6,4,9,9,3,2,8,6,1,4
130,2.981,GEOCHEM GEOPHY GEOSY,53,0,1,2,5,4,6,3,1,3,5,23
131,4.902,HUM MOL GENET,53,0,2,8,4,3,4,4,3,1,6,18
132,3.495,APPL PHYS LETT,52,0,5,1,7,3,6,1,2,1,1,25
133,4.401,J CELL SCI,51,0,2,5,3,4,9,1,2,1,3,21
134,4.540,J PHYSIOL-LONDON,50,1,2,7,2,2,2,0,1,3,3,27
135,6.253,J MED CHEM,49,3,6,3,4,0,6,1,2,2,4,18
136,14.385,PHYS REV X,49,4,22,12,6,1,4,0,0,0,0,0
137,5.775,PLANT J,49,0,2,5,3,4,3,5,1,6,3,17
138,3.955,PLOS COMPUT BIOL,49,1,7,4,4,8,5,6,5,3,1,5
139,17.872,CELL HOST MICROBE,48,3,8,11,9,4,3,1,2,1,3,3
140,3.992,J HUM EVOL,48,0,2,4,0,3,6,1,1,4,6,21
141,3.570,CHEM GEOL,47,1,3,4,0,6,4,1,0,3,0,25
142,5.949,PLANT PHYSIOL,47,1,6,4,8,3,2,5,0,3,2,13
143,15.938,TRENDS ECOL EVOL,47,1,3,6,1,3,2,1,5,0,2,23
144,2.176,J APPL PHYS,46,0,0,2,1,3,3,2,1,3,0,31
145,2.502,J NEUROPHYSIOL,46,0,0,2,2,0,0,1,5,1,3,32
146,3.906,PHYS CHEM CHEM PHYS,46,1,5,6,8,0,0,6,7,2,4,7
147,2.718,PALEOCEANOGRAPHY,45,1,0,1,6,1,5,0,2,0,0,29
148,6.042,ANAL CHEM,44,0,1,6,3,1,2,3,6,3,2,17
149,3.146,J PHYS CHEM B,44,0,0,3,0,0,3,3,6,3,1,25
150, ,THESIS,44,1,5,3,2,2,4,2,2,2,1,20
151,3.857,BIOCHEM J,43,1,2,3,4,2,3,3,2,2,3,18
152,4.524,CRYOSPHERE,43,2,7,4,9,11,6,2,2,0,0,0
153,6.036,ACTA MATER,42,2,4,2,3,3,4,6,1,2,1,14
154,24.912,ANNU REV ASTRON ASTR,42,0,2,3,8,5,5,1,1,2,1,14
155,20.773,GASTROENTEROLOGY,42,3,4,7,2,0,3,6,3,4,1,9
156,21.950,ADV MATER,41,3,10,5,2,3,1,2,1,4,2,8
157,2.711,J GEOPHYS RES-OCEANS,41,0,2,4,3,3,3,0,0,1,2,23
158,20.955,ACCOUNTS CHEM RES,40,0,4,5,2,5,5,1,1,5,1,11
159,13.709,ACS NANO,40,0,4,12,11,4,4,3,1,1,0,0
160,9.247,CSH PERSPECT BIOL,40,1,4,8,4,8,2,11,2,0,0,0
161,8.997,GLOBAL CHANGE BIOL,40,2,6,7,7,3,0,2,2,3,1,7
162,9.520,ISME J,40,3,8,3,1,4,12,2,3,2,1,1
163,1.184,JOVE-J VIS EXP,40,0,5,3,6,9,2,8,6,1,0,0
164,18.564,TRENDS CELL BIOL,40,1,7,11,10,2,1,0,0,1,0,7
165,7.804,B AM METEOROL SOC,39,4,7,4,2,1,7,1,0,4,1,8
166,3.633,APPL ENVIRON MICROB,38,0,3,2,0,3,0,2,2,1,0,25
167,2.559,BIOCHEM BIOPH RES CO,38,1,1,3,2,4,2,0,3,1,1,20
168,40.182,CHEM SOC REV,38,2,5,5,6,2,4,5,1,4,2,2
169,5.890,CONSERV BIOL,38,2,5,1,1,1,1,0,1,3,3,20
170,6.653,ENVIRON SCI TECHNOL,38,3,10,5,3,3,2,3,1,1,3,4
171,3.219,J BACTERIOL,38,1,1,0,3,0,1,0,0,2,1,29
172,15.211,CIRC RES,37,1,5,6,3,3,5,1,1,1,2,9
173,6.541,CURR OPIN NEUROBIOL,37,1,2,7,6,2,2,1,4,1,1,10
174,3.400,J COMP NEUROL,37,1,0,1,2,1,2,0,1,0,2,27
175, ,LECT NOTES COMPUT SC,37,1,2,4,2,3,2,4,1,0,4,14
176,3.356,OPT EXPRESS,37,0,6,3,10,2,6,2,4,1,2,1
177,3.441,BIOGEOSCIENCES,36,0,4,5,3,11,3,0,6,1,0,3
178,4.661,BIOL CONSERV,36,2,1,1,3,5,0,0,5,5,3,11
179,3.730,BMC GENOMICS,36,1,6,8,7,3,1,1,1,3,3,2
180,4.805,J ORG CHEM,36,4,4,0,4,2,1,0,0,1,2,18
181,3.816,MOL MICROBIOL,36,0,0,0,0,4,4,8,3,1,1,15
182,15.393,CELL RES,35,0,3,10,12,1,1,2,1,1,0,4
183,2.528,GEOPHYS J INT,35,0,2,5,1,1,7,3,1,2,1,12
184,1.336,NUCL INSTRUM METH A,35,1,2,2,1,6,0,3,0,3,1,16
185, ,PHYS REV,35,0,0,0,0,0,0,0,0,0,0,35
186,22.714,ANNU REV IMMUNOL,34,0,4,4,1,3,2,3,3,1,1,12
187,3.544,J GEOPHYS RES-PLANET,34,3,2,4,2,8,2,0,1,0,0,12
188,3.998,METHODS,34,0,6,3,1,1,1,6,1,1,2,12
189, ,PATENTS,34,1,3,3,6,2,1,1,0,0,0,17
190,8.523,SYST BIOL,34,0,0,2,1,2,8,2,8,1,2,8
191,10.015,CURR OPIN CELL BIOL,33,4,4,4,7,1,3,0,2,0,0,8
192,3.179,J EXP BIOL,33,1,3,0,3,2,1,3,1,0,1,18
193, ,J GEOPHYS RES,33,0,2,0,0,2,0,2,1,0,0,26
194,3.086,J PHYS OCEANOGR,33,2,5,2,2,2,1,2,1,1,0,15
195,5.236,MOL CELL PROTEOMICS,32,1,0,4,4,2,6,3,0,1,2,9
196,6.378,SCI SIGNAL,32,0,0,10,0,11,4,1,4,2,0,0
197,5.541,J HIGH ENERGY PHYS,31,0,8,4,4,7,1,2,1,2,0,2
198,3.595,LIMNOL OCEANOGR,31,0,0,1,1,3,4,1,0,0,3,18
199,8.500,MOL SYST BIOL,31,0,3,6,3,2,0,14,1,0,0,2
200,2.156,PHYS EARTH PLANET IN,31,0,0,2,3,0,3,0,1,0,2,20
201,2.284,PHYS REV E,31,3,3,1,1,3,2,1,2,0,1,14
202,3.200,J GLACIOL,30,0,0,5,6,1,2,0,0,1,0,15
203,7.179,CURR OPIN STRUC BIOL,29,2,6,3,1,2,4,3,3,0,1,4
204,7.273,DIABETES,29,0,1,2,6,2,2,1,3,1,0,11
205,50.167,NAT REV DRUG DISCOV,29,0,2,6,5,3,2,4,1,0,3,3
206, ,R LANG ENV STAT COMP,29,0,10,4,3,6,2,0,0,0,4,0
207,9.032,ANNU REV CELL DEV BI,28,0,0,3,6,2,2,1,0,4,1,9
208,10.160,ANNU REV ECOL EVOL S,28,0,0,4,2,2,0,1,1,1,2,15
209,1.833,J THEOR BIOL,28,0,1,1,0,2,3,2,0,1,1,17
210,3.978,MOL PHARMACOL,28,0,2,1,1,0,0,3,2,2,3,14
211,3.709,OIKOS,28,2,1,0,3,2,2,3,3,2,3,7
212,14.675,ANNU REV NEUROSCI,27,0,0,2,3,1,2,1,0,1,2,15
213,3.159,J ATMOS SCI,27,2,0,0,1,3,1,2,1,0,1,16
214,4.154,J BIOGEOGR,27,1,1,4,1,3,1,0,1,2,3,10
215,2.190,J VERTEBR PALEONTOL,27,2,0,0,2,1,0,2,0,0,0,20
216,6.131,MOL ECOL,27,0,1,4,3,3,1,1,2,1,1,10
217,2.748,PHILOS T R SOC A,27,0,0,4,5,0,1,0,0,0,2,15
218,4.254,PHYS LETT B,27,1,3,1,1,4,6,3,1,0,0,7
219,12.149,TRENDS PLANT SCI,27,0,4,2,3,5,3,2,2,0,0,6
220,6.290,CHEM COMMUN,26,1,4,1,1,1,1,3,2,3,0,9
221,2.667,GENESIS,26,0,1,0,2,0,2,0,2,0,3,16
222,3.256,INFECT IMMUN,26,0,0,3,3,1,2,0,1,2,3,11
223,3.061,J ARCHAEOL SCI,26,1,1,6,1,5,1,0,2,0,2,7
224,5.399,J CHEM THEORY COMPUT,26,0,4,2,1,3,4,1,2,3,5,1
225,4.418,J METAMORPH GEOL,26,0,4,1,2,0,0,2,0,0,1,16
226,2.668,J NEUROSCI METH,26,0,2,0,2,1,0,1,3,4,1,12
227,2.617,J PHYS-CONDENS MAT,26,0,1,1,1,0,1,1,1,7,5,8
228,3.382,NEUROSCIENCE,26,0,0,0,0,1,0,1,2,3,1,18
229,20.099,PHYS REP,26,1,1,5,0,1,0,0,1,1,2,14
230,13.529,REV GEOPHYS,26,0,3,0,3,2,0,0,4,1,1,12
231,5.922,BRIT J CANCER,25,1,0,6,2,1,1,4,2,2,1,5
232,4.700,INORG CHEM,25,0,1,4,2,2,1,1,0,0,0,14
233,2.752,J GEOPHYS RES-SPACE,25,1,5,2,1,2,3,1,4,0,0,6
234,3.304,PHYS REV C,25,2,5,4,0,2,3,0,2,0,1,6
235,24.014,PHYSIOL REV,25,0,1,1,3,4,0,2,1,3,1,9
236, ,PROC SPIE,25,0,6,0,1,0,5,1,3,0,2,7
237,6.537,STEM CELL REP,25,1,5,8,8,3,0,0,0,0,0,0
238,9.589,ANNU REV GENET,24,0,3,2,0,2,2,1,2,2,2,8
239,6.810,BRIT J PHARMACOL,24,0,1,0,7,1,3,2,2,0,2,6
240,4.995,CURR OPIN GENET DEV,24,1,5,2,4,1,1,3,1,2,1,3
241,30.067,ENERG ENVIRON SCI,24,2,9,4,4,0,2,1,1,0,0,1
242,22.737,J STAT SOFTW,24,1,3,5,1,1,2,1,3,0,4,3
243,47.661,JAMA-J AM MED ASSOC,24,3,5,5,2,0,1,1,0,0,1,6
244,2.901,AM J PHYS ANTHROPOL,23,0,1,1,1,0,2,0,1,2,0,15
245,14.327,ANNU REV PHYSIOL,23,3,1,3,0,5,2,0,0,1,1,7
246,3.125,BRAIN RES,23,0,0,0,0,1,0,0,0,0,2,20
247,5.915,CHEM BIOL,23,0,0,0,2,2,4,2,4,1,2,6
248,9.890,CHEM MATER,23,1,1,9,2,0,0,0,2,0,0,8
249,4.541,ENVIRON RES LETT,23,3,4,5,5,2,2,1,1,0,0,0
250,2.894,J R STAT SOC B,23,0,0,0,1,0,0,0,0,0,0,22
251, ,ONCOTARGET,23,2,6,9,5,1,0,0,0,0,0,0
252,3.730,PALAEONTOLOGY,23,0,0,4,3,0,5,0,0,1,1,9
253,2.163,QUATERN INT,23,1,3,3,2,3,2,1,2,2,0,4
254,9.063,CHEM SCI,22,3,5,5,3,1,1,3,1,0,0,0
255,5.160,CHEM-EUR J,22,0,3,5,2,2,1,1,2,1,3,2
256,3.774,CLIM DYNAM,22,1,3,5,2,1,3,1,0,0,0,6
257,8.749,EMBO REP,22,0,2,3,2,4,0,2,3,0,1,5
258,9.217,IMMUNOL REV,22,0,1,3,7,0,2,0,2,2,0,5
259,4.484,J PHYS CHEM C,22,0,3,3,0,1,3,3,1,3,3,2
260,2.368,J VOLCANOL GEOTH RES,22,0,2,1,0,1,1,0,0,4,1,12
261,6.492,ORG LETT,22,0,3,3,3,1,2,1,1,3,0,5
262,1.428,REV SCI INSTRUM,22,1,4,3,1,0,3,0,2,0,1,7
263,2.929,ULTRAMICROSCOPY,22,0,1,0,0,10,0,1,0,2,2,6
264,3.374,VIROLOGY,22,0,0,2,0,2,1,1,1,1,0,14
265,3.174,CLIM PAST,21,0,1,4,2,4,4,4,0,1,1,0
266,5.172,EUR PHYS J C,21,1,3,6,5,4,0,1,0,0,0,1
267,4.019,FRONT MICROBIOL,21,3,3,8,5,0,1,1,0,0,0,0
268,5.958,GLOBAL ECOL BIOGEOGR,21,0,5,1,2,0,1,4,0,0,3,5
269,5.172,J ECOL,21,0,5,0,4,0,1,2,0,1,1,7
270,5.354,J EXP BOT,21,2,3,5,3,2,1,2,0,1,1,1
271,10.023,LEUKEMIA,21,1,4,2,2,0,2,1,2,0,0,7
272,14.174,NAT MICROBIOL,21,6,15,0,0,0,0,0,0,0,0,0
273,5.587,STEM CELLS,21,0,1,1,4,2,6,2,0,1,0,4
274,4.069,AM J PATHOL,20,0,0,1,0,2,1,2,3,0,0,11
275,2.275,ANAL BIOCHEM,20,0,0,0,0,0,0,0,1,2,0,17
276,11.700,BIOL REV,20,1,3,1,2,2,1,2,2,0,0,6
277,3.304,CELL CYCLE,20,0,2,2,1,2,2,2,1,2,5,1
278, ,CLIMATE CHANGE 2013,20,0,0,0,0,20,0,0,0,0,0,0
279,5.595,FASEB J,20,0,1,0,0,4,1,1,1,0,2,10
280,36.421,LANCET ONCOL,20,4,1,2,5,1,3,0,1,1,0,2
281,5.914,MACROMOLECULES,20,1,2,1,2,1,0,1,1,0,2,9
282,1.807,RADIOCARBON,20,0,0,0,0,9,0,0,1,3,0,7
283,2.125,TETRAHEDRON LETT,20,1,2,0,0,0,0,0,0,0,0,17
284,14.188,TRENDS IMMUNOL,20,0,2,4,7,2,2,0,0,1,0,2
285,15.876,ACTA NEUROPATHOL,19,1,2,3,2,4,3,0,1,1,0,2
286,2.645,AM MINERAL,19,0,1,2,1,0,3,1,0,1,0,10
287,11.984,BIOL PSYCHIAT,19,1,4,2,3,1,1,0,1,1,1,4
288,5.770,BMC BIOL,19,0,1,2,9,1,3,0,2,0,0,1
289,7.932,CURR OPIN IMMUNOL,19,0,3,3,1,5,2,1,1,1,0,2
290,7.422,EMERG INFECT DIS,19,0,4,4,1,1,1,2,1,0,3,2
291,2.498,GENE,19,0,1,3,0,2,0,1,0,0,0,12
292,17.016,GUT,19,2,8,1,1,1,0,0,0,0,2,4
293,7.360,INT J CANCER,19,0,1,2,2,0,2,2,1,2,2,5
294,8.709,J PHYS CHEM LETT,19,2,6,8,1,1,0,1,0,0,0,0
295,2.274,PROTEINS,19,0,0,0,1,0,2,0,1,1,1,13
296,9.327,SPACE SCI REV,19,1,2,0,2,6,2,0,1,0,0,5
297,2.685,ZOOL J LINN SOC-LOND,19,1,0,0,0,1,0,3,1,0,0,13
298,4.592,ACS CHEM BIOL,18,2,3,1,4,4,0,0,0,2,1,1
299,2.761,ANN GLACIOL,18,0,1,0,2,1,2,0,0,1,1,10
300,10.250,ANN NEUROL,18,1,1,3,1,1,0,0,1,0,2,8
301,11.391,ANNU REV EARTH PL SC,18,0,4,1,1,0,1,4,1,0,0,6
302,3.027,BMC EVOL BIOL,18,0,0,1,2,0,1,2,1,1,2,8
303,3.283,CLASSICAL QUANT GRAV,18,7,0,8,0,0,1,1,1,0,0,0
304,2.507,DEV DYNAM,18,0,1,0,2,1,0,1,1,3,0,9
305,7.267,GIGASCIENCE,18,0,2,3,4,3,6,0,0,0,0,0
306,5.186,J INFECT DIS,18,0,6,2,1,0,0,0,1,3,1,4
307,4.505,J LIPID RES,18,1,1,0,2,1,2,1,1,2,1,6
308,4.609,J NEUROCHEM,18,0,1,3,0,0,1,0,2,1,0,10
309,3.950,J PROTEOME RES,18,0,0,0,2,0,1,1,2,4,1,7
310,7.008,MOL THER,18,1,1,1,2,2,0,2,0,0,5,4
311,3.127,OECOLOGIA,18,0,0,1,2,2,0,0,0,0,0,13
312,3.589,OPT LETT,18,2,3,2,1,0,0,0,1,1,2,6
313,11.776,TRENDS MICROBIOL,18,1,4,2,1,1,3,1,0,0,1,4
314,7.627,AGING CELL,17,1,5,3,0,1,2,1,2,0,1,1
315,3.708,ATMOS ENVIRON,17,0,1,1,2,2,1,2,1,3,1,3
316,5.876,BIOSCIENCE,17,1,1,3,2,1,0,1,0,2,2,4
317,3.626,CONTRIB MINERAL PETR,17,0,1,1,2,2,0,0,1,0,0,10
318,7.491,EARTH-SCI REV,17,0,2,1,0,4,1,0,6,0,0,3
319,14.079,HEPATOLOGY,17,1,1,1,3,0,0,0,2,0,0,9
320,2.190,J IMMUNOL METHODS,17,0,0,0,0,0,0,1,0,7,2,7
321,4.100,J PETROL,17,0,0,1,0,0,2,2,1,1,0,10
322,3.789,LANGMUIR,17,0,0,1,2,0,2,0,0,3,3,6
323,4.059,PLANT CELL PHYSIOL,17,0,2,2,1,1,3,0,0,0,2,6
324,1.601,QUANTUM INF COMPUT,17,2,2,3,2,1,1,0,0,1,1,4
325,7.930,ACTA CRYSTALLOGR A,16,0,0,0,0,0,1,1,0,1,4,9
326,3.893,AM J SCI,16,0,1,1,0,1,0,0,1,0,2,10
327,4.277,ANN NY ACAD SCI,16,0,1,0,1,1,0,0,2,0,1,10
328,2.367,ANN PHYS-NEW YORK,16,0,0,2,0,0,0,1,0,0,1,12
329,13.738,ANNU REV PHYS CHEM,16,0,1,3,1,1,2,1,0,1,1,5
330,6.308,CEREB CORTEX,16,0,0,4,1,0,1,1,0,3,2,4
331,10.293,EMBO MOL MED,16,0,4,2,2,2,3,1,0,2,0,0
332,3.961,ENDOCRINOLOGY,16,0,1,2,1,0,1,1,1,0,2,7
333,4.248,EUR J IMMUNOL,16,0,1,0,0,3,1,0,1,1,0,9
334,5.491,FUNCT ECOL,16,0,3,0,1,2,0,4,1,0,1,4
335,4.039,GEOL SOC AM BULL,16,1,0,0,1,1,1,1,0,0,1,10
336,3.232,J SYNCHROTRON RADIAT,16,1,0,5,5,0,0,0,0,1,0,4
337,6.689,MBIO,16,0,7,4,0,2,3,0,0,0,0,0
338, ,P NATL ACAD SCI-BIOL,16,0,0,0,0,0,0,0,0,0,0,16
339,2.978,Q J ROY METEOR SOC,16,1,0,0,1,1,0,4,1,1,0,7
340,6.457,REMOTE SENS ENVIRON,16,0,0,2,4,0,0,1,3,0,1,5
341,5.216,RNA BIOL,16,2,1,2,2,5,2,0,1,0,1,0
342,3.709,SOFT MATTER,16,1,1,3,4,0,2,0,2,1,2,0
343,10.556,TRENDS GENET,16,0,2,2,0,1,0,1,3,1,0,6
344,11.439,TRENDS NEUROSCI,16,0,1,3,1,1,1,0,1,0,1,7
345,2.788,AM J BOT,15,0,1,2,1,2,0,3,0,0,0,6
346,9.808,ANNU REV MICROBIOL,15,1,0,2,1,1,0,0,1,0,3,6
347,10.848,BRAIN,15,1,1,3,0,2,2,2,1,0,1,2
348,9.188,CANCER IMMUNOL RES,15,1,6,4,2,2,0,0,0,0,0,0
349,0.870,EARTH ENV SCI T R SO,15,0,0,0,1,0,2,0,3,0,0,9
350,4.520,ECOGRAPHY,15,0,0,3,5,0,2,3,0,0,1,1
351,4.974,ENVIRON MICROBIOL,15,0,4,0,1,1,1,0,5,0,1,2
352,4.530,FEBS J,15,0,2,1,3,3,1,1,0,1,1,2
353,2.869,J AM SOC MASS SPECTR,15,0,1,1,0,0,1,0,0,1,0,11
354,4.054,J CLIN MICROBIOL,15,0,3,0,1,3,1,0,0,0,0,7
355,2.514,J GEN VIROL,15,0,1,0,1,1,0,0,2,1,1,8
356,2.836,J PHYS CHEM A,15,0,3,1,1,0,0,2,0,1,0,7
357,11.238,JNCI-J NATL CANCER I,15,0,1,1,1,2,0,1,0,0,1,8
358,7.536,OPTICA,15,3,4,8,0,0,0,0,0,0,0,0
359, ,PUBL LIST,15,0,0,0,0,0,0,0,0,0,0,15
360,6.467,ACTA CRYSTALLOGR B,14,0,1,0,0,0,2,0,0,0,0,11
361,18.712,ANNU REV PLANT BIOL,14,0,1,1,1,3,0,0,1,2,1,4
362,4.280,BBA-BIOENERGETICS,14,0,1,0,1,1,1,3,1,2,0,4
363,3.394,BIOCHEM SOC T,14,1,2,1,1,1,1,3,0,0,0,4
364,8.982,CELL SYST,14,2,3,9,0,0,0,0,0,0,0,0
365,2.774,CHEMBIOCHEM,14,1,0,2,5,1,1,1,0,0,0,3
366,7.828,ECOL MONOGR,14,1,0,1,1,0,0,0,2,1,0,8
367,1.834,EPL-EUROPHYS LETT,14,0,0,0,1,1,2,1,0,3,0,6
368, ,EUR J BIOCHEM,14,0,0,0,0,0,0,0,0,0,0,14
369,2.910,GENOMICS,14,0,0,0,1,0,2,2,0,1,0,8
370,3.804,J CHEM INF MODEL,14,0,3,0,2,0,3,1,3,1,0,1
371,1.957,J MOL EVOL,14,0,0,0,0,0,0,1,0,0,0,13
372,3.857,LITHOS,14,0,1,3,0,1,1,2,1,0,1,4
373,3.337,MAR CHEM,14,0,0,6,0,0,0,1,0,0,0,7
374,8.055,NEUROLOGY,14,2,2,0,1,0,0,0,0,0,0,9
375,4.367,PLOS NEGLECT TROP D,14,0,3,2,5,0,2,1,1,0,0,0
376,1.369,RADIAT MEAS,14,0,0,0,0,1,0,0,0,3,1,9
377,11.384,ACS CATAL,13,1,4,4,1,2,1,0,0,0,0,0
378,4.256,ANTIMICROB AGENTS CH,13,0,2,1,0,1,3,0,0,0,0,6
379, ,ASTR SOC P,13,0,0,0,1,0,0,0,0,2,1,9
380,4.235,BIOCHEM PHARMACOL,13,1,2,1,0,0,0,0,0,1,0,8
381,6.537,CANCER-AM CANCER SOC,13,1,2,1,2,0,1,1,2,0,0,3
382,8.000,CELL DEATH DIFFER,13,0,0,1,4,2,1,0,0,0,0,5
383,6.721,CELL MOL LIFE SCI,13,0,3,3,2,0,0,2,0,1,0,2
384,3.537,CLIMATIC CHANGE,13,1,0,1,2,1,0,3,1,0,0,4
385, ,COLD SPRING HARB PRO,13,0,1,2,1,2,0,1,2,4,0,0
386,3.979,CSH PERSPECT MED,13,0,1,2,5,1,4,0,0,0,0,0
387, ,CURR PROTOC BIOINFOR,13,0,0,1,2,6,0,0,0,1,0,3
388,4.398,DIS MODEL MECH,13,1,2,3,0,1,4,1,0,0,1,0
389,4.461,DNA REPAIR,13,0,2,3,0,0,0,0,1,1,0,6
390,5.511,FRONT IMMUNOL,13,2,4,2,3,2,0,0,0,0,0,0
391,4.158,GEOBIOLOGY,13,1,5,1,0,1,1,3,0,0,1,0
392,5.359,HUM MUTAT,13,0,1,3,1,1,3,0,0,2,0,2
393,5.742,J APPL ECOL,13,0,0,0,1,0,0,3,2,0,3,4
394,3.337,J GEOPHYS RES-EARTH,13,0,1,0,1,2,4,1,1,2,0,1
395,1.885,J MOL GRAPH MODEL,13,0,0,0,0,0,0,0,0,0,0,13
396,2.364,MAR GEOL,13,0,0,0,0,1,0,1,0,1,0,10
397,1.588,METHOD CELL BIOL,13,0,2,2,2,0,1,0,0,0,1,5
398,6.363,METHODS ECOL EVOL,13,0,1,1,1,5,2,3,0,0,0,0
399,5.426,NEUROIMAGE,13,0,1,0,0,1,2,1,0,0,2,6
400,2.375,PALAEOGEOGR PALAEOCL,13,1,2,2,3,1,1,0,0,0,0,3
401,3.907,PRECAMBRIAN RES,13,0,3,2,0,0,1,0,0,1,0,6
402,4.400,TRAFFIC,13,0,2,0,0,0,4,0,1,1,3,2
403,12.108,TRENDS PHARMACOL SCI,13,0,0,2,4,1,0,0,0,0,0,6
404,1.760,ADV EXP MED BIOL,12,1,1,0,1,4,0,0,4,0,1,0
405,21.853,ANNU REV CONDEN MA P,12,0,2,3,1,0,1,0,5,0,0,0
406,2.423,B VOLCANOL,12,1,0,2,1,2,1,1,0,0,0,4
407,6.361,B WORLD HEALTH ORGAN,12,0,7,1,0,0,0,2,0,0,0,2
408,1.686,CHEM PHYS LETT,12,0,1,1,0,1,2,1,0,1,0,5
409,7.349,CURR OPIN PLANT BIOL,12,0,3,4,0,0,1,0,0,0,0,4
410,8.302,FRONT ECOL ENVIRON,12,0,3,0,0,2,0,2,0,1,3,1
411, ,GEOPHYS MONOGR SER,12,0,0,1,2,0,1,0,0,1,0,7
412,6.371,GLOBAL ENVIRON CHANG,12,0,5,2,3,0,0,0,1,1,0,0
413,3.100,INT J CLIMATOL,12,0,0,0,5,0,2,0,0,1,0,4
414,1.258,J INSTRUM,12,1,0,0,0,0,1,2,1,1,6,0
415,2.281,J MACH LEARN RES,12,0,0,3,1,0,0,1,1,0,6,0
416,1.711,J MORPHOL,12,0,2,0,0,1,0,1,0,1,1,6
417,4.398,J NUTR,12,1,0,0,0,0,0,0,1,0,0,10
418,3.706,J PHARMACOL EXP THER,12,0,0,2,0,0,0,0,0,0,0,10
419,3.355,J R SOC INTERFACE,12,0,1,2,1,1,2,2,0,3,0,0
420,2.845,MALARIA J,12,1,0,2,3,1,3,0,0,0,0,2
421,11.640,MOL PSYCHIATR,12,1,2,2,4,2,0,0,1,0,0,0
422, ,NAT ECOL EVOL,12,12,0,0,0,0,0,0,0,0,0,0
423,24.653,NAT REV CLIN ONCOL,12,2,4,2,2,1,0,0,1,0,0,0
424,2.410,P ROY SOC A-MATH PHY,12,0,0,1,1,0,2,1,1,1,1,4
425,2.400,PALEOBIOLOGY,12,1,2,2,0,1,1,0,1,0,0,4
426,2.118,PEERJ,12,1,3,2,6,0,0,0,0,0,0,0
427,18.964,PHARMACOL REV,12,0,1,1,1,1,2,0,2,0,0,4
428,1.632,PHILOS MAG,12,0,0,2,0,1,0,0,0,0,0,9
429,2.517,PHYSIOL BEHAV,12,0,0,2,1,0,1,0,0,0,0,8
430,6.115,PIGM CELL MELANOMA R,12,0,0,1,1,3,1,0,1,1,0,4
431,6.228,PROTEIN CELL,12,3,2,5,0,1,0,0,1,0,0,0
432, ,PROTOC EXCH,12,10,1,0,0,0,0,0,0,0,1,0
433, ,PYMOL MOL GRAPHICS S,12,1,0,2,0,0,0,0,0,0,0,9
434,2.329,QUATERNARY RES,12,0,0,0,0,2,0,0,0,0,0,10
435,14.257,REP PROG PHYS,12,1,0,1,3,1,0,0,0,1,1,4
436, ,TREATISE GEOCHEMISTR,12,0,0,0,7,1,0,0,0,0,0,4
437,13.325,ADV FUNCT MATER,11,0,2,1,4,1,1,0,0,0,0,2
438,11.100,AUTOPHAGY,11,0,0,1,2,2,2,2,0,0,2,0
439, ,BIOCHIM BIOPHYS ACTA,11,0,0,1,0,1,0,0,0,0,0,9
440,4.419,BIOESSAYS,11,1,5,1,0,1,2,0,1,0,0,0
441,2.427,BMC DEV BIOL,11,0,0,3,0,0,0,0,1,1,0,6
442,2.947,CHEMPHYSCHEM,11,0,2,1,1,0,0,2,1,0,1,3
443,18.881,CIRCULATION,11,1,1,0,1,1,0,2,2,0,0,3
444,3.748,COMPUT PHYS COMMUN,11,0,0,0,0,2,3,1,0,2,0,3
445,7.279,CONSERV LETT,11,0,4,1,1,1,1,1,0,0,2,0
446, ,EMBNET J,11,0,0,0,0,0,0,11,0,0,0,0
447,4.151,FRONT GENET,11,0,1,4,3,3,0,0,0,0,0,0
448,3.982,GLOBAL PLANET CHANGE,11,1,1,0,2,0,0,1,0,1,2,3
449,2.297,J AM STAT ASSOC,11,0,0,0,0,0,0,0,1,0,1,9
450,5.789,J CLIN ENDOCR METAB,11,0,0,0,1,0,0,2,0,0,0,8
451,3.484,J GEOPHYS RES-BIOGEO,11,0,0,1,0,2,0,4,1,0,3,0
452,5.751,J MED GENET,11,0,1,1,2,0,1,1,1,0,0,4
453,2.119,J PHYS B-AT MOL OPT,11,0,3,2,0,2,1,0,0,0,1,2
454, ,J PHYS CHEM-US,11,0,0,0,0,0,0,0,0,0,0,11
455,2.326,J SYST PALAEONTOL,11,1,0,1,0,0,0,0,3,0,1,5
456,2.276,MAR ECOL PROG SER,11,0,0,1,0,0,0,1,1,2,1,5
457,1.866,MICROBIOL-SGM,11,0,0,0,1,0,0,0,1,4,0,5
458,3.678,MOL ENDOCRINOL,11,0,0,0,0,1,0,2,0,2,0,6
459,3.588,MOL PLANT MICROBE IN,11,0,2,0,2,0,1,0,0,0,1,5
460,7.360,MUCOSAL IMMUNOL,11,1,2,3,2,1,0,1,0,0,1,0
461,11.471,NAT PLANTS,11,2,6,3,0,0,0,0,0,0,0,0
462,9.107,P IEEE,11,0,3,0,0,0,1,0,0,0,0,7
463,2.410,PROTEIN SCI,11,0,1,1,3,2,0,0,0,0,1,3
464,4.163,SCRIPTA MATER,11,2,0,1,0,0,2,0,0,1,1,4
465,10.769,TRENDS ENDOCRIN MET,11,1,1,1,1,4,2,0,0,0,1,0
466,11.021,TRENDS MOL MED,11,0,1,1,1,1,2,2,2,1,0,0
467,2.283,YEAST,11,0,0,0,2,0,0,0,1,0,0,8
468, ,AM J PHYSIOL,10,0,0,0,0,0,0,0,0,0,0,10
469,3.454,AM J PHYSIOL-CELL PH,10,0,0,1,0,0,0,1,1,2,0,5
470, ,ANCIENT TL,10,0,0,0,0,0,0,1,0,0,0,9
471,13.930,ANN ONCOL,10,1,4,2,0,1,1,1,0,0,0,0
472,2.343,B SEISMOL SOC AM,10,0,0,0,1,1,0,1,0,0,0,7
473,5.108,BBA-MOL BASIS DIS,10,0,2,0,0,2,3,0,0,0,0,3
474,4.651,BBA-MOL CELL RES,10,0,4,1,0,1,0,1,0,2,1,0
475,3.184,BIOL REPROD,10,0,1,1,0,0,1,0,0,0,0,7
476,2.442,BIOORG MED CHEM LETT,10,0,0,0,0,5,1,0,0,0,0,4
477,2.098,BIOTECHNIQUES,10,0,1,2,0,1,0,0,0,0,0,6
478,23.562,BMJ-BRIT MED J,10,0,2,0,0,0,0,1,0,0,1,6
479,3.718,CELL CALCIUM,10,0,0,4,0,0,2,0,0,0,0,4
480,8.636,CLIN CHEM,10,0,0,2,2,0,0,0,0,1,0,5
481, ,COLD SPRING HARB SYM,10,0,1,1,1,1,1,0,1,1,0,3
482, ,CURR ANTHROPOL,10,0,0,0,0,1,1,0,4,0,0,4
483,4.099,DALTON T,10,0,1,2,2,1,2,1,0,0,0,1
484,8.792,EARTH SYST SCI DATA,10,1,5,1,1,1,0,0,1,0,0,0
485,2.832,EUR J NEUROSCI,10,0,1,1,0,1,1,1,1,1,0,3
486,3.309,EXP CELL RES,10,0,0,0,0,1,0,0,1,0,1,7
487,3.308,GEOMORPHOLOGY,10,1,0,1,1,0,1,0,0,1,2,3
488,2.479,J ANAT,10,0,1,1,1,2,0,0,0,1,0,4
489,2.538,J EVOLUTION BIOL,10,0,1,1,1,1,0,0,1,2,2,1
490,2.671,LEARN MEMORY,10,0,0,1,1,1,0,0,0,0,1,6
491,1.887,METALL MATER TRANS A,10,0,0,0,0,1,0,1,0,1,0,7
492,13.439,MICROBIOL MOL BIOL R,10,0,0,1,0,0,0,0,0,1,2,6
493,9.326,MOL PLANT,10,1,1,2,4,1,0,0,1,0,0,0
494, ,MOUSE BRAIN STEREOTA,10,0,0,0,0,0,1,0,0,0,1,8
495,3.404,NANOTECHNOLOGY,10,0,0,1,0,2,1,1,1,2,2,0
496,3.423,ORG BIOMOL CHEM,10,0,0,2,0,0,0,2,0,0,2,4
497,2.810,ORG GEOCHEM,10,0,0,0,2,2,0,0,1,1,0,4
498,2.765,PFLUG ARCH EUR J PHY,10,0,3,0,0,0,0,0,0,1,0,6
499,3.091,PHOTOSYNTH RES,10,0,0,0,1,1,0,1,0,2,1,4
500,1.820,PLANET SPACE SCI,10,0,0,0,0,1,1,0,0,0,2,6
501,6.305,PLANT BIOTECHNOL J,10,0,5,0,2,0,1,1,0,0,0,1
502, ,PREPRINT AT BIORXIV,10,4,6,0,0,0,0,0,0,0,0,0
503,6.128,Q REV BIOPHYS,10,0,0,0,0,0,1,1,3,0,0,5
504,1.579,SCI AM,10,0,1,0,0,0,0,0,0,1,1,7
505,3.930,THEOR APPL GENET,10,0,1,1,0,3,2,0,0,1,0,2
506,4.361,WATER RESOUR RES,10,0,0,2,1,0,2,1,0,0,0,4
507,6.549,AM J CLIN NUTR,9,0,0,0,0,0,1,0,0,2,1,5
508,2.564,AM J TROP MED HYG,9,0,1,1,0,1,0,0,0,0,1,5
509,3.646,ANN BOT-LONDON,9,0,1,0,1,1,0,1,1,2,0,2
510,3.118,ARCH BIOCHEM BIOPHYS,9,0,0,1,1,0,0,1,0,0,1,5
511,5.179,BBA-GENE REGUL MECH,9,0,0,4,0,2,0,0,0,2,0,1
512,2.532,BIOL J LINN SOC,9,0,1,1,0,0,0,0,1,0,0,6
513,3.345,BIOL LETTERS,9,0,2,0,0,1,2,1,0,0,2,1
514,8.806,BIOMATERIALS,9,0,1,1,2,3,1,0,0,0,0,1
515,6.306,BRAIN BEHAV IMMUN,9,0,0,2,0,0,2,0,2,1,1,1
516,6.142,BREAST CANCER RES,9,0,0,0,2,1,1,0,2,1,0,2
517,6.491,CANCER LETT,9,0,2,1,0,0,1,0,0,1,0,4
518,3.298,CHINESE PHYS C,9,1,5,0,3,0,0,0,0,0,0,0
519, ,CLIM CHANG 2013 PHYS,9,0,0,0,1,8,0,0,0,0,0,0
520,2.384,DEEP-SEA RES PT I,9,0,0,0,0,0,0,0,0,0,0,9
521,2.451,DEEP-SEA RES PT II,9,0,0,3,0,1,0,2,0,1,0,2
522,3.895,ECOL ECON,9,1,0,0,1,1,0,1,0,1,0,4
523, ,EOS T AM GEOPHYS UN,9,0,0,0,1,1,0,0,0,1,0,6
524, ,EVOL ANTHROPOL,9,0,0,2,0,0,1,0,0,0,2,4
525,3.427,FARADAY DISCUSS,9,1,1,2,2,1,0,0,0,0,0,2
526,3.496,GENES BRAIN BEHAV,9,1,0,0,0,0,0,0,0,4,0,4
527,2.048,GENES CELLS,9,0,0,1,0,1,0,0,0,1,1,5
528,9.937,GENET MED,9,0,1,1,1,1,0,1,0,2,0,2
529, ,GEOL SOC SPEC PUBL,9,0,0,2,0,1,1,0,0,2,0,3
530,5.189,INT IMMUNOL,9,0,1,1,0,1,0,0,0,2,0,4
531,4.459,J ANIM ECOL,9,0,0,0,2,0,0,0,0,0,1,6
532,2.350,J BIOCHEM,9,0,0,0,1,1,0,0,0,0,0,7
533,3.727,J HYDROL,9,0,0,2,0,0,0,0,3,0,0,4
534, ,J PHYS CONF SER,9,0,0,2,1,4,1,0,1,0,0,0
535,25.148,LANCET INFECT DIS,9,1,3,1,2,0,1,0,1,0,0,0
536,27.144,LANCET NEUROL,9,0,1,2,1,3,0,0,1,0,0,1
537,1.855,MACH LEARN,9,0,0,0,0,0,2,0,0,0,0,7
538,1.874,MAR MICROPALEONTOL,9,0,0,0,0,0,0,0,0,2,0,7
539,3.414,MAT SCI ENG A-STRUCT,9,0,1,0,0,1,0,0,0,0,0,7
540,2.949,METEORIT PLANET SCI,9,0,1,0,0,0,1,2,0,0,0,5
541,4.412,MOL PHYLOGENET EVOL,9,0,1,2,0,0,1,1,0,1,0,3
542,1.954,POLAR BIOL,9,0,2,1,3,0,0,0,0,0,1,2
543,4.270,PROG OCEANOGR,9,0,1,1,1,0,0,0,1,1,1,3
544,6.138,SEMIN CELL DEV BIOL,9,0,1,2,0,2,0,0,2,0,2,0
545,1.997,SURF SCI,9,0,0,0,0,0,0,0,0,0,0,9
546,2.377,TETRAHEDRON,9,0,0,0,0,1,0,0,0,1,0,7
547,11.228,ACS CENTRAL SCI,8,0,6,2,0,0,0,0,0,0,0,0
548,1.887,ACTA PALAEONTOL POL,8,0,0,0,0,0,0,1,0,1,0,6
549, ,AIP C PROC,8,0,2,1,0,0,1,1,0,1,0,2
550,15.239,AM J RESP CRIT CARE,8,1,2,1,1,0,1,0,0,0,0,2
551,8.676,ANNU REV GENOM HUM G,8,0,3,0,1,2,0,0,1,0,0,1
552,13.295,ANNU REV PHARMACOL,8,0,0,1,1,2,1,0,1,0,0,2
553,1.607,ARCH MICROBIOL,8,0,0,0,0,0,0,0,0,0,0,8
554,1.885,ASTROPHYS SPACE SCI,8,0,0,1,0,0,0,1,0,0,0,6
555,3.188,BIOCHIMIE,8,0,0,3,1,0,1,0,0,0,0,3
556,1.504,BIOSTATISTICS,8,0,0,0,0,0,1,0,0,0,1,6
557,9.088,BMC MED,8,1,0,5,1,0,0,0,0,1,0,0
558,6.302,BRIEF BIOINFORM,8,0,0,0,0,5,0,0,0,1,1,1
559,20.642,CLIN MICROBIOL REV,8,0,1,0,0,0,0,1,0,1,0,5
560,7.572,CURR OPIN CHEM BIOL,8,1,3,0,1,0,1,0,0,1,0,1
561, ,CURR PROTOC MOL BIOL,8,0,0,3,1,1,0,0,2,0,0,1
562,3.978,DATABASE-OXFORD,8,1,1,2,0,1,0,2,0,1,0,0
563, ,DEEP-SEA RES,8,0,0,0,0,0,0,0,0,0,0,8
564,6.183,EBIOMEDICINE,8,1,5,2,0,0,0,0,0,0,0,0
565,4.393,ECOL APPL,8,0,2,1,0,0,0,2,1,0,0,2
566,2.000,EVOL DEV,8,0,0,1,2,0,1,1,0,0,0,3
567,3.495,FEMS MICROBIOL ECOL,8,0,1,0,1,0,2,0,0,2,0,2
568,1.735,FEMS MICROBIOL LETT,8,0,0,0,0,0,1,0,0,0,1,6
569,3.677,FRONT PLANT SCI,8,1,3,0,1,1,1,1,0,0,0,0
570,2.742,G3-GENES GENOM GENET,8,1,0,2,1,2,0,2,0,0,0,0
571,3.203,GENE THER,8,0,0,0,2,1,0,0,1,1,0,3
572,3.940,GENOME BIOL EVOL,8,0,1,2,3,0,0,0,0,2,0,0
573,8.898,GENOME MED,8,1,3,1,3,0,0,0,0,0,0,0
574, ,GEO,8,6,2,0,0,0,0,0,0,0,0,0
575,4.252,GEOSCI MODEL DEV,8,1,1,0,1,4,1,0,0,0,0,0
576,3.664,GLYCOBIOLOGY,8,1,0,2,0,0,1,0,2,0,0,2
577,3.872,HEREDITY,8,0,2,0,0,0,1,2,0,0,0,3
578,3.966,HIPPOCAMPUS,8,0,0,1,1,0,1,0,0,0,0,5
579,4.418,HORM BEHAV,8,0,3,0,0,0,1,0,0,0,0,4
580,4.256,HYDROL EARTH SYST SC,8,0,1,1,0,1,1,2,1,0,0,1
581,6.823,HYPERTENSION,8,0,1,0,1,0,0,1,2,1,0,2
582,1.191,J COMPUT BIOL,8,0,0,0,0,1,3,0,1,0,0,3
583,2.893,J FLUID MECH,8,0,0,2,0,1,0,1,1,0,0,3
584,3.652,J LIGHTWAVE TECHNOL,8,0,1,3,0,0,0,0,1,2,0,1
585, ,J MATER CHEM,8,0,0,0,0,0,0,2,0,1,0,5
586,3.566,J MECH PHYS SOLIDS,8,0,0,0,0,0,0,0,0,0,0,8
587,7.439,J NUCL MED,8,0,1,2,0,0,0,2,0,0,0,3
588,6.253,J PATHOL,8,0,0,2,2,1,1,0,0,0,1,1
589,2.373,J PHYS D APPL PHYS,8,0,2,0,0,2,0,0,0,0,0,4
590,1.485,J PHYS SOC JPN,8,0,0,0,0,0,0,0,0,0,0,8
591, ,MATER SCI ENG,8,0,0,0,0,0,0,0,0,0,0,8
592, ,MESSENGER,8,0,0,0,0,0,1,3,0,0,0,4
593,12.888,MMWR-MORBID MORTAL W,8,1,6,0,1,0,0,0,0,0,0,0
594,5.365,MOL CANCER THER,8,0,0,1,2,0,0,1,0,1,1,2
595,1.704,MOL PHYS,8,0,0,1,0,0,0,1,0,1,0,5
596,4.051,ORGANOMETALLICS,8,0,0,0,1,2,0,0,0,0,0,5
597,5.515,PEDIATRICS,8,0,2,0,0,2,0,0,0,1,0,3
598,10.376,PHARMACOL THERAPEUT,8,0,0,1,1,0,2,1,0,0,0,3
599, ,PLOS CURR,8,0,2,0,4,1,0,0,0,1,0,0
600,11.675,PLOS MED,8,0,2,0,0,1,0,2,0,2,0,1
601,23.750,PROG MATER SCI,8,0,0,0,0,0,0,1,0,1,1,5
602,3.532,PROTEOMICS,8,0,1,1,1,0,0,2,3,0,0,0
603,3.440,QUAT GEOCHRONOL,8,0,1,0,1,1,3,1,0,1,0,0
604,1.970,RAPID COMMUN MASS SP,8,0,0,0,0,1,0,1,0,1,1,4
605,1.792,RESP PHYSIOL NEUROBI,8,0,0,0,0,1,0,0,0,0,0,7
606,0.902,SIAM J COMPUT,8,0,0,0,0,0,0,0,1,0,1,6
607,2.324,STAT SCI,8,0,0,0,0,1,0,0,1,0,0,6
608,5.316,ACS SYNTH BIOL,7,3,1,1,0,1,1,0,0,0,0,0
609, ,ACTA METALL MATER,7,0,0,0,0,0,0,0,0,0,0,7
610, ,ADV NEURAL INF PROCE,7,0,1,0,0,0,1,0,0,1,0,4
611,30.917,ADV PHYS,7,0,1,0,0,0,1,0,0,0,0,5
612,1.536,ALGORITHM MOL BIOL,7,0,0,0,1,0,0,5,0,0,0,1
613, ,AM ECON REV,7,0,1,0,1,0,0,0,0,0,0,5
614,3.569,AM J PHYSIOL-HEART C,7,0,0,0,0,0,1,0,0,0,0,6
615,13.396,AM J PSYCHIAT,7,0,0,1,0,2,1,0,0,0,0,3
616,12.867,ANNU REV MAR SCI,7,1,0,0,0,3,0,0,2,1,0,0
617,15.846,ANNU REV MATER RES,7,0,2,0,1,0,0,0,0,0,0,4
618,15.952,ANNU REV PATHOL-MECH,7,0,2,1,1,1,0,0,1,0,1,0
619, ,ARCH GEN PSYCHIAT,7,0,0,0,0,0,0,3,0,0,1,3
620,1.545,ARCHAEOMETRY,7,1,0,0,0,2,0,0,0,0,0,4
621, ,ASTROPHYS J IN PRESS,7,0,0,0,0,0,0,0,0,0,0,7
622, ,AUST ARCHAEOL,7,0,1,0,1,0,1,0,1,0,0,3
623,2.938,B AM MUS NAT HIST,7,0,0,0,0,0,2,2,0,0,0,3
624,3.438,BBA-BIOMEMBRANES,7,0,1,1,1,1,0,0,0,1,0,2
625,4.966,BBA-MOL CELL BIOL L,7,0,1,0,1,3,1,0,0,0,0,1
626,3.173,BEHAV BRAIN RES,7,0,0,1,0,0,0,0,0,2,0,4
627,2.507,BEHAV NEUROSCI,7,0,0,0,0,0,0,0,1,0,0,6
628,2.649,BIOL DIRECT,7,0,0,0,0,1,2,1,0,2,1,0
629,244.585,CA-CANCER J CLIN,7,1,1,2,1,0,0,2,0,0,0,0
630,1.317,CAN J EARTH SCI,7,0,0,0,0,0,0,0,0,0,0,7
631,2.074,CARBOHYD RES,7,0,0,0,0,0,0,0,0,0,0,7
632,6.290,CARDIOVASC RES,7,0,0,1,0,0,0,1,2,0,0,3
633,3.043,CELL TISSUE RES,7,1,1,0,0,0,0,0,0,0,1,4
634,5.877,CLADISTICS,7,0,1,0,0,0,0,0,0,0,5,1
635,9.117,CLIN INFECT DIS,7,0,3,0,0,1,0,0,0,2,1,0
636,1.074,COMPUT SCI ENG,7,0,0,0,0,0,0,2,0,0,0,5
637,14.499,COORDIN CHEM REV,7,1,0,0,0,1,0,0,2,0,2,1
638,4.614,DIVERS DISTRIB,7,0,2,1,0,1,1,0,0,0,0,2
639,5.415,DNA RES,7,0,1,0,1,1,1,0,0,3,0,0
640,8.440,ENVIRON HEALTH PERSP,7,0,1,0,3,0,1,0,1,0,1,0
641,3.040,EUR J PHARMACOL,7,0,1,0,0,2,0,0,0,1,0,3
642,1.802,EUR PHYS J E,7,0,0,0,0,0,0,0,0,1,0,6
643,11.392,FEMS MICROBIOL REV,7,0,0,0,3,0,0,1,1,0,0,2
644,0.728,FERROELECTRICS,7,0,0,0,0,0,0,0,0,0,1,6
645,3.131,FRONT NEURAL CIRCUIT,7,1,1,1,2,1,0,0,0,1,0,0
646,3.394,FRONT PHYSIOL,7,0,1,2,1,2,0,1,0,0,0,0
647,3.930,HUM GENET,7,1,1,1,1,0,1,0,0,1,0,1
648, ,IEEE INT EL DEV M IE,7,0,0,1,2,0,1,1,0,2,0,0
649,2.751,INTEGR COMP BIOL,7,0,0,0,0,2,0,1,0,0,0,4
650,3.476,J ALZHEIMERS DIS,7,1,3,0,0,0,1,0,1,0,0,1
651,2.956,J AM CERAM SOC,7,0,0,0,1,0,0,3,0,0,1,2
652,8.655,J AM SOC NEPHROL,7,0,1,0,0,1,0,0,0,2,1,2
653,1.970,J COMP PHYSIOL A,7,1,0,0,1,0,0,0,0,0,0,5
654,2.864,J COMPUT PHYS,7,0,0,0,0,0,1,0,0,1,0,5
655,1.255,J EXP THEOR PHYS+,7,0,0,0,0,0,0,0,0,0,0,7
656,6.448,J INVEST DERMATOL,7,1,0,2,1,1,0,0,0,0,0,2
657,4.224,J LEUKOCYTE BIOL,7,0,0,1,1,0,0,0,1,0,1,3
658,3.046,J MAGN MAGN MATER,7,0,0,0,0,0,0,0,0,0,0,7
659,5.296,J MOL CELL CARDIOL,7,0,1,4,1,0,0,1,0,0,0,0
660,2.600,J QUANT SPECTROSC RA,7,1,0,0,0,1,1,0,1,1,1,1
661,5.995,LAB CHIP,7,0,1,0,2,0,1,2,0,1,0,0
662,8.529,LASER PHOTONICS REV,7,1,0,0,1,1,3,1,0,0,0,0
663, ,LUNAR PLANET SCI C,7,1,1,1,0,2,0,0,0,0,0,2
664,1.900,MECH DEVELOP,7,0,0,0,0,1,0,0,0,2,0,4
665,9.133,MICROBIOME,7,0,3,1,3,0,0,0,0,0,0,0
666,4.814,MRS BULL,7,1,2,2,0,0,2,0,0,0,0,0
667,7.233,NANOSCALE,7,1,0,1,0,2,1,2,0,0,0,0
668,4.454,NEUROBIOL AGING,7,1,1,0,1,1,1,0,0,1,0,1
669,6.544,NEUROPSYCHOPHARMACOL,7,0,1,1,1,1,0,1,0,0,0,2
670,2.159,NEUROSCI LETT,7,0,0,1,0,0,0,0,1,0,1,4
671,2.511,PARASITOLOGY,7,0,0,1,0,0,0,0,0,0,0,6
672,1.863,PHYS LETT A,7,0,0,0,0,0,0,1,0,0,0,6
673,5.415,PLANT CELL ENVIRON,7,0,0,3,1,0,2,0,0,0,0,1
674,3.712,PLANT SCI,7,0,3,0,3,0,0,0,0,1,0,0
675,3.306,PLANT SOIL,7,0,0,2,0,0,2,0,0,1,0,2
676,1.881,PROTEIN ENG DES SEL,7,0,0,0,0,0,1,0,2,0,0,4
677,2.244,PUBL ASTRON SOC JPN,7,0,0,1,0,0,0,1,0,0,0,5
678,4.610,SCI TOTAL ENVIRON,7,3,3,0,0,0,0,0,0,0,0,1
679,9.598,SMALL,7,0,1,2,1,1,0,1,0,1,0,0
680,2.876,STRUCT MULTIDISCIP O,7,0,0,1,2,1,0,1,0,0,1,1
681,13.578,TRENDS BIOTECHNOL,7,1,0,1,0,0,0,1,0,0,0,4
682,3.667,ACTA ASTRONOM,6,0,1,1,0,1,0,0,0,0,0,3
683,21.875,ADV ENERGY MATER,6,0,4,1,0,1,0,0,0,0,0,0
684,3.293,AM J PHYSIOL-GASTR L,6,0,0,0,0,2,0,0,1,2,0,1
685,5.878,AM J SURG PATHOL,6,0,0,0,1,0,1,0,0,0,0,4
686,2.557,ANN PHYS-BERLIN,6,0,0,2,0,1,0,0,0,0,0,3
687,6.025,ANNU REV ENV RESOUR,6,0,0,0,2,0,0,1,0,0,0,3
688,6.756,ANNU REV NUCL PART S,6,0,0,0,0,3,0,0,0,0,0,3
689,1.394,ANTARCT SCI,6,0,0,1,1,2,0,2,0,0,0,0
690, ,ANTIQUITY,6,2,0,0,1,0,1,0,0,0,0,2
691,3.034,ARTIF INTELL,6,1,0,0,0,0,0,1,0,0,0,4
692,3.022,BIOL CHEM,6,0,0,3,0,2,0,1,0,0,0,0
693,1.440,BIOL CYBERN,6,0,0,0,0,0,0,0,0,0,0,6
694,1.524,BIOMETRICS,6,0,0,0,0,0,0,1,1,0,0,4
695,1.669,BIOMETRIKA,6,0,0,0,0,0,0,0,0,0,0,6
696,2.899,BIOSCIENCE REP,6,0,0,3,0,1,0,0,0,1,0,1
697,2.281,BIOTROPICA,6,0,0,0,0,0,0,0,1,0,0,5
698,3.288,BMC CANCER,6,0,0,1,0,0,1,1,0,1,1,1
699, ,C PROC INT SYMP C,6,0,1,0,0,0,0,0,0,2,1,2
700,5.592,CELL CHEM BIOL,6,2,4,0,0,0,0,0,0,0,0,0
701,3.063,COMMUN ACM,6,0,0,1,0,1,2,0,0,0,0,2
702,4.070,CONTEMP PHYS,6,0,0,2,1,0,0,1,0,0,1,1
703,6.710,CURR OPIN MICROBIOL,6,2,0,0,1,0,0,1,0,0,1,1
704,3.110,CURR TOP DEV BIOL,6,1,2,2,0,0,0,0,0,0,0,1
705,3.260,CYTOM PART A,6,0,0,0,1,1,1,1,0,0,0,2
706,2.244,ECOL ENTOMOL,6,0,0,5,0,0,0,1,0,0,0,0
707,2.340,ECOL EVOL,6,0,0,0,4,2,0,0,0,0,0,0
708,2.507,ECOL MODEL,6,0,1,0,0,0,0,0,1,0,1,3
709,3.750,ECONOMETRICA,6,0,0,0,0,0,0,0,0,0,0,6
710, ,EMDB,6,4,2,0,0,0,0,0,0,0,0,0
711,7.191,EUR J CANCER,6,1,2,0,0,1,0,0,0,0,0,2
712,3.636,EUR J HUM GENET,6,1,0,1,1,0,2,1,0,0,0,0
713,2.250,EVOL BIOL,6,1,0,0,0,1,1,1,0,1,0,1
714,6.020,FREE RADICAL BIO MED,6,0,1,0,0,0,1,1,1,0,0,2
715,5.846,GLIA,6,0,1,2,0,0,0,0,2,0,0,1
716,9.090,HAEMATOLOGICA,6,1,0,1,0,0,0,0,1,0,1,2
717,4.241,HUM GENE THER,6,0,0,0,1,0,0,0,0,0,0,5
718, ,HYPERFINE INTERACT,6,0,0,0,0,0,1,0,0,0,0,5
719,1.467,IEEE T MAGN,6,0,0,3,0,1,0,0,0,1,0,1
720,4.229,INT J HYDROGEN ENERG,6,0,2,1,2,0,0,0,0,0,0,1
721,3.687,INT J MOL SCI,6,0,2,1,1,1,1,0,0,0,0,0
722,12.703,INT MATER REV,6,0,0,0,0,1,0,0,0,0,0,5
723,3.923,J CELL PHYSIOL,6,0,1,0,0,1,0,0,0,1,0,3
724,2.356,J COMPUT AID MOL DES,6,0,0,0,0,2,0,0,1,0,0,3
725,3.662,J ELECTROCHEM SOC,6,0,0,1,0,0,0,0,0,0,0,5
726,1.353,J PALEONTOL,6,0,0,1,2,0,0,0,0,0,0,3
727,23.333,LIVING REV RELATIV,6,4,0,0,1,0,1,0,0,0,0,0
728,2.687,MAMM GENOME,6,0,0,2,1,0,0,0,0,0,0,3
729,3.748,MECH AGEING DEV,6,0,1,0,0,0,0,0,0,0,0,5
730,3.649,MICROPOR MESOPOR MAT,6,0,0,0,0,0,1,1,0,0,0,4
731,2.077,MOL BREEDING,6,0,2,0,1,0,1,0,0,0,0,2
732,7.059,MOL ECOL RESOUR,6,0,2,1,1,0,0,0,1,1,0,0
733,2.734,MOL GENET GENOMICS,6,4,0,0,0,0,0,0,0,0,1,1
734,3.188,MOL IMMUNOL,6,0,0,2,0,0,2,2,0,0,0,0
735,5.750,MSYSTEMS,6,4,2,0,0,0,0,0,0,0,0,0
736,17.324,NAT REV GASTRO HEPAT,6,0,0,3,0,1,1,1,0,0,0,0
737,1.651,NEURAL COMPUT,6,0,0,0,0,0,0,0,0,0,0,6
738,8.037,NEUROSCI BIOBEHAV R,6,0,1,1,1,0,0,0,1,0,0,2
739,3.285,NUCL PHYS B,6,0,1,0,0,0,0,0,0,0,0,5
740,4.042,OBESITY,6,1,0,0,1,1,0,0,1,0,1,1
741,2.289,OCEAN SCI,6,0,1,1,0,0,0,2,0,2,0,0
742,2.333,ORYX,6,1,0,0,0,0,0,0,0,0,0,5
743,1.425,PALAEONTOL ELECTRON,6,0,0,5,0,0,0,0,0,0,0,1
744,5.947,PHYSIOLOGY,6,0,0,0,1,1,0,0,2,1,0,1
745,3.543,PLANT MOL BIOL,6,0,1,0,0,1,0,0,0,0,0,4
746,3.249,PLANTA,6,0,0,0,0,0,0,1,1,0,1,3
747, ,PROC CVPR IEEE,6,0,1,1,0,1,0,0,0,3,0,0
748,14.163,PROG NEUROBIOL,6,0,0,1,0,0,0,0,0,0,1,4
749,2.686,TECTONOPHYSICS,6,0,1,1,2,0,0,0,0,0,0,2
750,5.537,TOPICS CURR CHEM,6,0,0,0,0,0,2,0,2,0,0,2
751,2.422,VET PARASITOL,6,0,0,1,1,1,0,2,0,0,0,1
752, ,VIRUS EVOL,6,0,5,1,0,0,0,0,0,0,0,0
753,1.927,VISUAL NEUROSCI,6,0,0,0,0,0,3,1,0,0,0,2
754,8.097,ACS APPL MATER INTER,5,1,2,1,1,0,0,0,0,0,0,0
755,3.794,ACS MED CHEM LETT,5,0,1,0,1,1,2,0,0,0,0,0
756,1.074,ACTA ZOOL-STOCKHOLM,5,0,0,0,0,0,0,0,0,1,0,4
757,2.000,AEROSOL SCI TECH,5,0,0,0,1,0,0,0,1,0,0,3
758,12.764,ALZHEIMERS DEMENT,5,0,2,0,0,2,1,0,0,0,0,0
759, ,AM ANTIQUITY,5,0,0,0,0,0,1,0,0,0,1,3
760,4.302,AM STAT,5,0,0,0,0,0,0,0,0,0,1,4
761,1.373,ANAT REC,5,0,1,0,1,0,0,0,0,0,0,3
762,3.185,ANN MO BOT GARD,5,0,0,0,0,0,0,0,3,0,0,2
763,2.522,ANN STAT,5,0,0,0,0,0,0,0,0,0,0,5
764,9.528,ANNU REV PHYTOPATHOL,5,0,0,2,1,0,0,0,0,1,0,1
765, ,ANTHROPOLOGIE,5,0,0,0,0,0,0,0,0,0,0,5
766, ,ASTEROIDS,5,0,1,3,0,0,0,0,0,0,0,1
767,3.610,ASTROBIOLOGY,5,0,0,4,0,0,0,0,0,0,0,1
768,3.248,ATMOS MEAS TECH,5,0,1,2,0,1,0,0,0,1,0,0
769,3.886,BASIN RES,5,0,0,1,0,0,0,0,0,0,1,3
770,2.609,BBA-PROTEINS PROTEOM,5,1,0,0,1,1,1,0,1,0,0,0
771,2.605,BMC BIOTECHNOL,5,0,0,0,0,0,1,2,0,1,0,1
772, ,BMC RES NOTES,5,0,0,0,0,0,3,1,0,0,1,0
773,3.124,BOT J LINN SOC,5,0,1,0,0,1,0,0,0,2,0,1
774, ,BRAIN RES REV,5,0,0,0,0,0,0,0,0,0,2,3
775,0.509,CAN J STAT,5,0,0,0,0,0,0,0,0,0,4,1
776,7.082,CARBON,5,0,0,1,0,2,1,0,0,0,0,1
777,4.410,CELL MICROBIOL,5,0,1,2,0,1,0,0,0,0,0,1
778,1.220,COPEIA,5,0,0,0,0,0,0,0,1,0,0,4
779,3.095,CORAL REEFS,5,0,3,0,0,0,0,0,0,0,0,2
780,3.972,CRYST GROWTH DES,5,0,0,1,1,0,0,0,0,2,0,1
781,6.395,CYTOKINE GROWTH F R,5,0,0,0,0,3,0,0,0,0,0,2
782,2.773,EARTH PLANETS SPACE,5,0,0,0,2,1,1,0,0,0,0,1
783,3.769,EARTH SYST DYNAM,5,0,0,2,2,1,0,0,0,0,0,0
784,4.594,EARTHS FUTURE,5,1,2,1,0,1,0,0,0,0,0,0
785,4.329,ELEMENTS,5,0,0,0,1,2,0,1,0,0,0,1
786,4.039,ENERG POLICY,5,0,0,0,2,0,1,0,0,0,0,2
787,7.127,EUROSURVEILLANCE,5,0,1,2,2,0,0,0,0,0,0,0
788,4.694,EVOL APPL,5,0,1,2,0,2,0,0,0,0,0,0
789, ,EVOL THEOR,5,0,0,0,0,0,0,0,0,0,0,5
790,3.224,EXP GERONTOL,5,0,0,0,0,1,0,0,1,0,0,3
791,2.436,EXP HEMATOL,5,0,0,1,0,0,0,0,0,0,0,4
792, ,FRONT SYST NEUROSCI,5,0,2,0,1,0,1,1,0,0,0,0
793,3.362,GENE CHROMOSOME CANC,5,0,0,0,1,0,1,0,0,0,0,3
794, ,GEOL SOC AM SPEC PAP,5,0,0,2,0,0,0,0,0,0,0,3
795, ,GEOPHYS J ROY ASTR S,5,0,0,0,0,0,0,0,0,0,0,5
796,1.249,HIST BIOL,5,0,1,0,0,0,0,0,0,0,0,4
797,2.419,HOLOCENE,5,0,3,0,0,1,0,0,0,1,0,0
798,2.187,IEEE T INFORM THEORY,5,0,1,0,1,0,0,0,0,0,0,3
799, ,IMMUNOL TODAY,5,0,0,0,0,0,0,0,0,0,0,5
800,3.970,J ADV MODEL EARTH SY,5,1,1,2,1,0,0,0,0,0,0,0
801,2.033,J ANTIBIOT,5,0,2,0,0,0,0,0,0,0,0,3
802,5.217,J ANTIMICROB CHEMOTH,5,0,0,0,0,1,1,0,0,0,1,2
803,2.122,J ATMOS OCEAN TECH,5,0,0,0,0,0,0,0,0,0,1,4
804,2.355,J BIOMOL SCREEN,5,0,0,0,2,0,0,0,1,0,1,1
805,6.759,J CATAL,5,0,0,0,0,0,1,0,0,0,0,4
806,1.742,J CRYST GROWTH,5,0,0,1,0,1,0,0,0,0,2,1
807,4.012,J ENDOCRINOL,5,0,0,0,1,1,0,0,0,1,0,2
808,2.574,J HERED,5,0,0,0,0,0,0,0,0,0,0,5
809,2.816,J HISTOCHEM CYTOCHEM,5,0,0,0,0,0,0,0,0,1,1,3
810,3.826,J IMMUNOTHER,5,0,0,0,0,1,0,0,2,1,0,1
811,2.755,J MAMM EVOL,5,0,0,0,0,0,1,0,1,1,0,2
812,9.931,J MATER CHEM A,5,0,1,2,0,2,0,0,0,0,0,0
813,1.165,J MATH PHYS,5,0,0,0,0,0,0,0,0,0,0,5
814,1.693,J MICROSC-OXFORD,5,0,0,1,0,0,0,0,0,0,0,4
815,4.397,J MOL CATAL A-CHEM,5,0,0,0,0,0,0,0,0,0,0,5
816,3.297,J MOL ENDOCRINOL,5,0,0,0,3,0,0,0,0,0,0,2
817,1.834,J MOL SPECTROSC,5,0,2,0,2,0,0,0,0,0,0,1
818,2.662,J NEUROSCI RES,5,1,0,0,0,0,0,1,0,0,0,3
819,2.048,J OPT SOC AM B,5,0,0,0,1,0,0,0,1,0,0,3
820,1.963,J PHYS A-MATH THEOR,5,0,0,0,0,0,2,0,0,0,0,3
821,2.324,J QUATERNARY SCI,5,0,0,0,0,1,1,1,0,0,0,2
822,2.179,J SOLID STATE CHEM,5,0,0,0,0,0,0,0,0,0,0,5
823,4.197,J TRANSL MED,5,0,0,1,1,1,1,1,0,0,0,0
824,2.658,J VEG SCI,5,0,1,0,0,1,0,0,0,1,0,2
825,11.460,JAMA NEUROL,5,0,3,2,0,0,0,0,0,0,0,0
826,1.363,JETP LETT+,5,0,0,0,1,1,0,0,0,0,0,3
827,18.705,LANCET GLOB HEALTH,5,1,1,2,0,1,0,0,0,0,0,0
828,2.218,LETHAIA,5,0,0,0,0,0,0,0,0,0,0,5
829,4.441,MACROMOL RAPID COMM,5,0,0,1,0,0,0,0,2,0,0,2
830,4.291,MED SCI SPORT EXER,5,0,0,0,0,0,0,0,1,1,3,0
831, ,MICROBIOL REV,5,0,0,0,0,0,0,0,0,0,0,5
832,6.655,MODERN PATHOL,5,0,0,2,1,0,0,0,0,0,0,2
833,3.312,MOL CELL NEUROSCI,5,0,0,0,0,1,0,2,0,2,0,0
834,3.774,MOL GENET METAB,5,0,0,0,1,0,1,0,0,0,1,2
835,3.449,MOL HUM REPROD,5,0,0,0,1,0,0,2,0,0,0,2
836,5.264,MOL ONCOL,5,0,0,1,2,2,0,0,0,0,0,0
837,3.681,MOL THER-METH CLIN D,5,1,2,1,1,0,0,0,0,0,0,0
838,3.247,MON WEATHER REV,5,0,0,0,0,1,1,0,0,0,0,3
839,11.406,NAT PROD REP,5,0,0,0,0,0,0,0,1,1,0,3
840,51.941,NAT REV MATER,5,0,5,0,0,0,0,0,0,0,0,0
841,4.994,NEOPLASIA,5,0,0,0,0,0,1,2,0,0,0,2
842,5.227,NEUROBIOL DIS,5,0,0,0,0,2,0,0,0,0,1,2
843,1.667,NEW ZEAL J GEOL GEOP,5,0,2,0,0,0,0,0,0,0,0,3
844,3.286,OPEN BIOL,5,0,2,0,0,0,1,2,0,0,0,0
845, ,P SOC PHOTO-OPT INS,5,0,0,0,0,0,0,0,0,0,0,5
846, ,PHILOS T ROY SOC LON,5,0,1,1,0,0,0,0,0,0,0,3
847,1.679,PHYS CHEM MINER,5,0,0,0,0,0,0,2,0,0,0,3
848,4.370,PHYS TODAY,5,0,0,2,0,0,0,0,0,0,1,2
849, ,PHYSCS PROC,5,0,1,3,0,0,0,1,0,0,0,0
850,2.782,PHYSIOL GENOMICS,5,0,0,0,0,0,0,0,1,0,0,4
851, ,PROG THEOR PHYS,5,0,0,0,0,0,0,0,0,0,0,5
852,1.338,PROTEIN EXPRES PURIF,5,0,0,0,1,0,0,1,0,0,1,2
853,7.230,PSYCHOL REV,5,0,0,0,0,0,0,0,0,0,0,5
854,2.321,Q REV BIOL,5,0,0,0,0,0,0,0,0,0,0,5
855,5.311,SCI DATA,5,4,0,0,1,0,0,0,0,0,0,0
856,7.206,SEMIN IMMUNOL,5,0,1,1,0,2,0,0,0,0,0,1
857,4.926,SOIL BIOL BIOCHEM,5,0,0,0,1,0,0,1,0,0,0,3
858,1.549,SOLID STATE COMMUN,5,0,0,0,0,0,0,0,0,0,0,5
859,2.000,THEOR BIOL MED MODEL,5,0,1,0,1,0,0,1,0,0,0,2
860,1.259,THEOR POPUL BIOL,5,0,0,0,1,0,0,0,0,0,0,4
861,7.929,TRENDS PARASITOL,5,1,2,0,0,0,1,1,0,0,0,0
862,2.069,VISION RES,5,0,0,0,0,0,0,0,0,0,0,5
863,7.051,WATER RES,5,1,0,0,0,1,0,0,0,0,1,2
864,5.124,WIRES CLIM CHANGE,5,1,1,0,0,0,0,1,2,0,0,0
865, ,ACM SIGPLAN NOTICES,4,0,0,1,0,1,1,0,0,0,0,1
866,6.880,ACS PHOTONICS,4,0,0,2,2,0,0,0,0,0,0,0
867,8.678,ACTA CRYSTALLOGR C,4,0,0,3,0,0,0,0,0,0,0,1
868,0.989,ACTA CRYSTALLOGR F,4,0,0,1,0,0,2,1,0,0,0,0
869,13.660,ADV DRUG DELIVER REV,4,0,1,1,1,0,0,0,0,1,0,0
870,5.935,ADV IMMUNOL,4,0,0,0,0,0,0,0,0,0,1,3
871,3.326,AICHE J,4,0,2,0,1,1,0,0,0,0,0,0
872,2.264,AM J MED GENET A,4,0,0,2,1,1,0,0,0,0,0,0
873,3.616,AMBIO,4,0,1,0,0,0,0,0,0,0,0,3
874,5.123,ANAL CHIM ACTA,4,0,0,0,0,0,1,0,0,0,1,2
875, ,ANNU REV BIOPH BIOM,4,0,0,0,0,0,0,0,0,0,0,4
876,11.742,ANNU REV BIOPHYS,4,1,0,0,0,1,1,0,1,0,0,0
877,14.814,ANNU REV FLUID MECH,4,0,0,0,0,0,2,0,0,1,0,1
878,8.886,ANNU REV NUTR,4,0,0,1,1,0,0,0,1,0,0,1
879,22.774,ANNU REV PSYCHOL,4,0,0,1,0,0,0,0,0,0,0,3
880,6.530,ANTIOXID REDOX SIGN,4,0,0,0,2,1,0,0,0,0,0,1
881,7.900,APPL ENERG,4,0,1,1,1,0,0,0,0,1,0,0
882,3.340,APPL MICROBIOL BIOT,4,0,1,0,0,0,0,0,1,0,0,2
883,1.791,APPL OPTICS,4,0,0,0,0,0,0,0,1,0,0,3
884, ,ARCHAEOL OCEAN,4,0,0,1,0,0,0,0,1,0,0,2
885,2.231,ARCT ANTARCT ALP RES,4,0,0,1,1,0,0,0,0,0,0,2
886,6.086,ARTERIOSCL THROM VAS,4,1,0,0,0,1,0,0,0,0,0,2
887, ,ARTHRITIS RHEUM-US,4,0,0,0,0,1,0,0,0,0,1,2
888,1.696,ARTHROPOD STRUCT DEV,4,0,2,0,0,0,0,1,0,1,0,0
889,11.611,ASTRON ASTROPHYS REV,4,0,1,1,0,0,1,0,1,0,0,0
890, ,AT&T TECH J,4,0,0,0,0,0,0,0,0,0,0,4
891,0.771,B AM MATH SOC,4,0,0,0,0,0,0,0,0,0,0,4
892,3.526,B CHEM SOC JPN,4,0,0,0,0,0,0,0,0,0,0,4
893,8.220,BBA-REV CANCER,4,0,1,0,3,0,0,0,0,0,0,0
894,3.347,BEHAV ECOL,4,0,0,0,0,0,0,0,1,1,0,2
895,2.473,BEHAV ECOL SOCIOBIOL,4,0,0,0,0,0,0,1,0,0,0,3
896, ,BIODIVERSITY ECOSYST,4,0,0,0,0,0,0,0,0,1,0,3
897,1.676,BIOMED ENG ONLINE,4,0,0,0,0,0,0,0,0,0,0,4
898,1.870,BIOPHYS CHEM,4,0,1,0,0,0,0,0,0,0,0,3
899,1.990,BIOPOLYMERS,4,0,1,0,0,0,1,0,0,0,0,2
900, ,BIORXIV,4,2,2,0,0,0,0,0,0,0,0,0
901,3.952,BIOTECHNOL BIOENG,4,1,0,0,0,0,0,0,0,0,1,2
902,1.308,BMC STRUCT BIOL,4,0,0,0,0,1,1,0,0,1,1,0
903,3.440,BRAIN RES BULL,4,0,0,0,0,0,1,0,1,0,0,2
904,4.231,BRAIN STRUCT FUNCT,4,0,0,1,0,0,0,1,0,0,0,2
905,3.605,BREAST CANCER RES TR,4,0,0,1,0,0,1,0,0,0,0,2
906,1.184,CAN J ZOOL,4,0,0,3,0,0,0,0,0,0,0,1
907,4.372,CANCER SCI,4,0,0,1,0,0,0,0,0,0,0,3
908,4.667,CATAL TODAY,4,0,2,1,0,0,0,0,0,0,0,1
909,2.121,CELEST MECH DYN ASTR,4,0,2,0,0,1,0,1,0,0,0,0
910,5.638,CELL DEATH DIS,4,0,1,1,0,1,1,0,0,0,0,0
911,5.664,CIRC-CARDIOVASC GENE,4,1,0,1,0,0,0,0,1,1,0,0
912,3.512,CLIN GENET,4,0,1,2,0,0,0,0,0,0,0,1
913,6.754,COCHRANE DB SYST REV,4,1,2,0,1,0,0,0,0,0,0,0
914,4.441,COMPUT METHOD APPL M,4,0,0,1,0,0,0,0,0,0,0,3
915,5.279,CRIT REV BIOCHEM MOL,4,0,0,1,1,1,0,1,0,0,0,0
916,4.186,CURR OPIN ENV SUST,4,0,1,2,1,0,0,0,0,0,0,0
917,6.023,DIABETOLOGIA,4,0,0,0,0,1,0,0,1,0,1,1
918,3.640,DRUG METAB DISPOS,4,0,0,0,2,0,0,0,1,0,0,1
919,3.722,EARTH SURF PROC LAND,4,1,0,0,0,1,0,0,1,0,0,1
920,3.295,ECON GEOL,4,0,0,0,0,0,0,0,0,0,0,4
921,4.030,ECOSYSTEMS,4,0,1,0,1,0,2,0,0,0,0,0
922,5.116,ELECTROCHIM ACTA,4,1,0,0,0,0,1,0,0,0,0,2
923,2.569,ELECTROPHORESIS,4,0,0,0,0,0,0,0,0,1,0,3
924,15.545,ENDOCR REV,4,0,0,0,0,0,0,0,1,0,1,2
925,3.024,ENERG FUEL,4,0,0,1,0,0,0,1,0,0,1,1
926,3.328,ENVIRON REV,4,0,1,1,1,0,0,0,0,0,0,1
927, ,EUKARYOT CELL,4,0,0,0,0,0,0,1,0,1,2,0
928,2.939,EUR J CELL BIOL,4,0,0,0,0,0,0,1,0,0,0,3
929,2.507,EUR J INORG CHEM,4,0,0,1,1,0,1,0,0,0,0,1
930,0.612,EVOL ECOL RES,4,0,0,0,0,0,0,0,1,0,0,3
931, ,F1000PRIME REP,4,0,0,0,4,0,0,0,0,0,0,0
932, ,F1000RESEARCH,4,0,3,0,1,0,0,0,0,0,0,0
933,1.218,FLY,4,0,0,0,0,0,4,0,0,0,0,0
934,2.349,FRONT BIOSCI-LANDMRK,4,0,0,0,0,0,1,0,0,2,0,1
935,3.520,FRONT CELL INFECT MI,4,0,1,0,2,1,0,0,0,0,0,0
936,3.831,FRONT PHARMACOL,4,1,0,3,0,0,0,0,0,0,0,0
937,3.476,FUNGAL GENET BIOL,4,0,0,1,0,0,0,0,0,3,0,0
938, ,GAUSSIAN 09 REVISION,4,0,0,0,0,1,0,0,0,3,0,0
939, ,GENES CANCER,4,0,1,1,0,0,0,2,0,0,0,0
940,1.892,GENOME,4,0,1,0,1,0,0,1,0,0,1,0
941,8.586,GREEN CHEM,4,0,1,1,1,0,0,0,0,0,0,1
942, ,HANDB EXP PHARMACOL,4,0,0,0,3,0,0,0,0,1,0,0
943,1.994,HUM IMMUNOL,4,0,0,1,1,0,0,0,0,0,0,2
944,1.288,IEEE T APPL SUPERCON,4,0,0,0,0,1,0,0,0,0,0,3
945,4.288,IEEE T BIO-MED ENG,4,0,2,0,0,0,0,0,0,0,0,2
946,5.072,IEEE T IMAGE PROCESS,4,0,0,0,0,0,0,1,0,0,0,3
947,3.176,IEEE T MICROW THEORY,4,0,0,0,0,1,0,0,0,0,0,3
948,2.094,IMMUNOGENETICS,4,0,0,0,0,0,0,1,0,1,0,2
949,1.675,INSECT SOC,4,0,0,0,0,0,0,0,1,0,0,3
950,1.501,INT J BIFURCAT CHAOS,4,0,1,0,0,0,1,0,1,0,0,1
951,2.589,INT J NUMER METH ENG,4,1,0,0,0,0,0,0,0,0,0,3
952,5.554,INT J RADIAT ONCOL,4,0,1,0,1,0,0,0,0,0,1,1
953,2.566,INT J SOLIDS STRUCT,4,0,0,0,0,0,0,2,0,0,0,2
954,3.388,INVEST OPHTH VIS SCI,4,0,0,0,0,1,0,1,0,0,0,2
955,3.236,IUBMB LIFE,4,0,0,0,0,1,0,1,0,0,0,2
956,13.258,J ALLERGY CLIN IMMUN,4,0,0,0,1,1,0,0,0,0,1,1
957,6.250,J AM ACAD CHILD PSY,4,0,0,0,1,1,1,0,0,0,0,1
958, ,J AM SOC INF SCI TEC,4,0,0,0,0,1,0,1,1,1,0,0
959,3.608,J ANAL ATOM SPECTROM,4,0,0,0,1,0,0,2,0,0,0,1
960,3.256,J APPL PHYSIOL,4,0,0,0,0,0,0,0,0,0,0,4
961,2.431,J BIOMECH,4,0,0,0,0,0,0,0,0,0,1,3
962,2.534,J BIOMOL NMR,4,0,0,0,0,0,0,0,0,0,0,4
963,2.015,J BIOSCI BIOENG,4,1,0,0,0,0,0,0,0,0,0,3
964,2.959,J CELL BIOCHEM,4,0,1,0,0,1,0,0,0,2,0,0
965,2.419,J CHEM ECOL,4,0,0,0,0,1,0,0,0,0,0,3
966,1.758,J CHEM EDUC,4,0,0,0,0,0,0,0,0,0,0,4
967,7.877,J CONTROL RELEASE,4,0,0,2,1,0,0,0,0,0,0,1
968,2.142,J GEODYN,4,0,3,0,0,0,0,1,0,0,0,0
969,2.015,J GEOL,4,0,0,0,0,0,0,0,0,0,0,4
970,2.683,J GEOL SOC LONDON,4,0,0,1,0,0,0,0,1,0,0,2
971,4.902,J GERONTOL A-BIOL,4,0,0,2,0,0,0,0,0,0,0,2
972,0.958,J MAR RES,4,0,0,0,0,0,1,0,0,0,0,3
973,5.976,J MATER CHEM C,4,0,1,1,2,0,0,0,0,0,0,0
974,2.993,J MATER SCI,4,0,0,0,1,0,0,0,0,0,0,3
975,1.638,J MEMBRANE BIOL,4,0,0,0,0,0,0,0,0,1,0,3
976,1.701,J MICROBIOL METH,4,0,0,0,0,0,0,1,1,0,0,2
977, ,J NEUROBIOL,4,0,0,0,0,0,0,0,0,0,0,4
978, ,J NEUROCYTOL,4,0,0,0,0,0,0,0,0,0,0,4
979,2.448,J NEUROL SCI,4,0,0,0,0,0,1,0,1,0,0,2
980, ,J OPT SOC AM,4,0,0,0,0,0,0,0,0,0,0,4
981,3.667,J PEDIATR-US,4,0,0,1,0,1,0,0,0,0,2,0
982,3.000,J PHYCOL,4,0,0,0,0,0,0,0,0,0,0,4
983, ,J PHYS C SOLID STATE,4,0,0,0,0,0,0,0,0,0,0,4
984,1.897,J PLANKTON RES,4,0,0,0,1,0,0,1,0,0,0,2
985,2.358,J SEDIMENT RES,4,0,0,0,0,0,0,0,0,0,0,4
986,2.404,J STAT MECH-THEORY E,4,0,0,0,0,1,0,0,0,0,1,2
987,10.340,J THORAC ONCOL,4,0,1,2,0,0,0,1,0,0,0,0
988,3.135,MELANOMA RES,4,0,1,0,0,0,2,0,0,0,0,1
989, ,MEM CALIF A,4,0,0,0,0,0,0,0,0,0,0,4
990,2.124,MICROSC MICROANAL,4,0,0,0,2,0,1,0,0,0,0,1
991,2.759,MOL BIOSYST,4,0,1,1,0,0,0,0,1,1,0,0
992, ,MOL ECOL NOTES,4,0,0,0,0,0,0,0,0,0,0,4
993, ,MOL GEN GENET,4,0,0,0,0,0,0,0,0,0,0,4
994,6.291,MOL METAB,4,1,1,0,1,1,0,0,0,0,0,0
995,5.076,MOL NEUROBIOL,4,1,0,0,0,1,0,0,0,2,0,0
996,1.449,MOL SIMULAT,4,0,1,1,0,1,0,0,0,0,0,1
997,6.014,NANOPHOTONICS-BERLIN,4,1,0,1,1,0,1,0,0,0,0,0
998, ,NAT HUM BEHAV,4,3,0,0,0,0,0,0,0,0,0,1
999, ,NATURWISSENSCHAFTEN,4,0,0,0,1,0,1,1,0,0,0,1
1000,9.384,NEURO-ONCOLOGY,4,0,3,0,0,1,0,0,0,0,0,0
1001,9.206,NPJ QUANTUM INFORM,4,2,2,0,0,0,0,0,0,0,0,0
1002,2.210,NUCLEUS-PHILA,4,0,0,0,3,1,0,0,0,0,0,0
1003,3.133,OCEANOGRAPHY,4,0,0,0,0,2,0,0,0,0,0,2
1004,1.664,ONCOL LETT,4,1,0,1,1,0,1,0,0,0,0,0
1005, ,P ROY SOC LONDON,4,0,0,0,0,0,0,0,0,0,0,4
1006, ,PAUP PHYLOGENETIC AN,4,0,0,0,0,0,0,0,0,0,0,4
1007,2.851,PEPTIDES,4,0,0,0,0,0,0,2,2,0,0,0
1008, ,PHYS LETT,4,0,0,0,0,0,0,0,0,0,0,4
1009,4.782,PHYS REV APPL,4,1,2,1,0,0,0,0,0,0,0,0
1010,1.902,PHYS SCRIPTA,4,0,0,0,0,0,0,0,0,1,1,2
1011,4.269,PLANT METHODS,4,1,1,0,0,0,1,1,0,0,0,0
1012, ,PRIMATE FOSSIL RECOR,4,0,0,0,0,0,0,0,0,0,0,4
1013, ,PROG NUCLEIC ACID RE,4,0,0,0,0,0,0,0,0,0,0,4
1014, ,PYMOL MOL GRAPH SYST,4,0,0,3,0,0,0,0,1,0,0,0
1015, ,R NEWS,4,0,0,0,0,0,0,0,0,0,1,3
1016, ,R PACKAGE VERSION,4,1,1,1,1,0,0,0,0,0,0,0
1017,9.184,RENEW SUST ENERG REV,4,1,2,0,0,0,1,0,0,0,0,0
1018,2.967,REPROD BIOMED ONLINE,4,2,0,0,0,0,1,0,1,0,0,0
1019,8.846,REV MINERAL GEOCHEM,4,0,1,0,1,0,0,0,0,0,0,2
1020,2.173,SCIENTOMETRICS,4,1,1,0,0,1,0,0,0,0,0,1
1021,2.311,SENSOR ACTUAT A-PHYS,4,0,0,1,0,0,0,0,1,0,0,2
1022,1.932,STAT MED,4,0,0,0,0,0,1,1,0,0,1,1
1023,3.315,STEM CELLS DEV,4,0,1,2,0,0,0,0,1,0,0,0
1024,3.761,SURV GEOPHYS,4,1,0,1,1,0,1,0,0,0,0,0
1025,2.722,SYNTHESIS-STUTTGART,4,0,0,0,0,0,0,0,0,0,1,3
1026,2.820,T ROY SOC TROP MED H,4,0,1,0,0,0,0,0,0,0,0,3
1027, ,TELLUS,4,0,0,0,0,0,0,0,0,0,0,4
1028, ,THEOR ISLAND BIOGEO,4,0,0,0,0,0,0,0,0,0,0,4
1029,2.439,TOP CATAL,4,0,0,1,0,0,1,0,0,0,1,1
1030,1.966,TOXICOL PATHOL,4,0,0,0,0,0,1,0,0,0,0,3
1031, ,USE R,4,0,0,0,0,0,0,0,0,4,0,0
1032,2.171,VECTOR-BORNE ZOONOT,4,0,2,0,1,1,0,0,0,0,0,0
1033, ,VEGAN COMMUNITY ECOL,4,0,2,2,0,0,0,0,0,0,0,0
1034,5.343,WIRES DEV BIOL,4,0,1,1,2,0,0,0,0,0,0,0
1035, ,WORMBOOK,4,0,0,0,0,0,1,0,1,0,0,2
1036,1.179,Z ANORG ALLG CHEM,4,0,0,0,1,1,0,0,0,0,0,2
1037,1.263,Z KRIST-CRYST MATER,4,0,0,0,1,0,0,0,0,0,0,3
1038,5.414,ACTA NEUROPATHOL COM,3,0,0,1,0,2,0,0,0,0,0,0
1039,4.912,ADV ECOL RES,3,0,1,0,0,0,1,0,0,1,0,0
1040,2.050,ADV HIGH ENERGY PHYS,3,0,1,1,1,0,0,0,0,0,0,0
1041, ,ADV NEUR INF PROC SY,3,0,0,0,0,0,3,0,0,0,0,0
1042, ,ADV NEURAL INFORM PR,3,0,1,0,1,0,0,0,0,0,0,1
1043,5.179,AGING-US,3,0,0,2,0,0,0,1,0,0,0,0
1044,4.039,AGR FOREST METEOROL,3,0,0,1,0,0,0,2,0,0,0,0
1045,1.653,AIP ADV,3,0,1,1,0,1,0,0,0,0,0,0
1046, ,AM J ANAT,3,0,0,0,0,0,0,0,0,0,0,3
1047,4.018,AM J PHYSIOL-ENDOC M,3,0,0,1,0,0,1,0,0,0,0,1
1048,4.092,AM J PHYSIOL-LUNG C,3,0,0,0,0,0,0,0,0,0,0,3
1049,3.164,AM J PHYSIOL-RENAL,3,0,0,0,0,1,0,0,0,1,0,1
1050,3.785,AM J RESP CELL MOL,3,0,0,0,1,1,0,1,0,0,0,0
1051,0.979,AM MUS NOVIT,3,0,0,0,0,0,0,1,0,0,0,2
1052,0.525,AM SCI,3,0,0,0,1,0,1,0,0,0,0,1
1053, ,AM ZOOL,3,0,0,0,0,0,0,0,0,0,0,3
1054,2.906,AMINO ACIDS,3,0,0,0,1,0,1,0,1,0,0,0
1055,1.105,AMPHIBIA-REPTILIA,3,0,0,1,0,2,0,0,0,0,0,0
1056,2.982,AMYOTROPH LAT SCL FR,3,0,0,1,0,0,0,0,2,0,0,0
1057, ,ANC TL,3,0,0,0,0,0,0,0,0,0,0,3
1058,3.067,ANIM BEHAV,3,0,0,0,0,0,0,0,0,0,0,3
1059,19.384,ANN INTERN MED,3,0,0,1,1,1,0,0,0,0,0,0
1060, ,ANN MATH STAT,3,0,0,0,0,0,0,0,0,0,0,3
1061,3.857,ANN SURG ONCOL,3,0,1,0,0,0,1,0,1,0,0,0
1062,3.780,ANN THORAC SURG,3,0,0,0,0,0,1,0,0,1,0,1
1063, ,ANNU REV ANTHROPOL,3,0,0,0,0,0,0,0,1,0,0,2
1064, ,ANTARCT RES SER,3,0,0,0,0,0,0,0,0,0,0,3
1065,0.618,ANTHROPOL SCI,3,0,0,0,1,1,0,0,0,0,0,1
1066,1.865,ANTICANCER RES,3,0,1,0,0,0,1,1,0,0,0,0
1067,11.698,APPL CATAL B-ENVIRON,3,0,0,0,1,0,0,0,1,0,0,1
1068,1.881,APPL PHYS B-LASERS O,3,0,0,0,0,1,0,0,0,0,0,2
1069,1.642,APPL SPECTROSC,3,0,0,0,0,0,1,0,0,0,0,2
1070, ,ARCH DERMATOL,3,0,0,0,0,0,0,0,1,0,0,2
1071,2.754,ASTRON COMPUT,3,0,1,1,0,1,0,0,0,0,0,0
1072,2.442,AUK,3,0,0,2,1,0,0,0,0,0,0,0
1073, ,B MEM SOC ANTHRO PAR,3,0,0,0,0,0,0,0,0,0,0,3
1074,2.144,BASIC APPL ECOL,3,0,0,1,0,0,0,1,0,0,0,1
1075,3.679,BBA-GEN SUBJECTS,3,0,0,2,0,0,0,0,0,0,0,1
1076,2.330,BEILSTEIN J ORG CHEM,3,0,0,1,0,0,1,1,0,0,0,0
1077,4.485,BIOCONJUGATE CHEM,3,0,1,1,0,0,1,0,0,0,0,0
1078,2.828,BIODIVERS CONSERV,3,0,0,1,0,1,0,0,0,1,0,0
1079,1.526,BIOL BULL-US,3,0,0,0,0,0,0,0,0,0,0,3
1080,3.808,BIOL FERT SOILS,3,0,0,0,0,0,0,0,0,0,0,3
1081,2.217,BIOL OPEN,3,0,0,1,2,0,0,0,0,0,0,0
1082,3.212,BIOMECH MODEL MECHAN,3,0,0,0,0,0,2,0,0,0,0,1
1083,2.571,BIOMICROFLUIDICS,3,0,0,0,0,1,0,1,1,0,0,0
1084,1.255,BIOSCI BIOTECH BIOCH,3,0,0,0,0,0,0,0,0,0,0,3
1085,2.731,BMC GASTROENTEROL,3,0,0,0,0,1,0,0,1,1,0,0
1086,2.469,BMC GENET,3,0,0,0,0,0,1,1,0,1,0,0
1087,2.829,BMC MICROBIOL,3,0,0,0,1,0,0,0,1,0,1,0
1088,3.930,BMC PLANT BIOL,3,0,1,1,0,1,0,0,0,0,0,0
1089,2.413,BMJ OPEN,3,0,0,2,0,1,0,0,0,0,0,0
1090,5.128,BRIT J HAEMATOL,3,0,1,0,0,0,0,0,0,0,1,1
1091,4.554,CANCER EPIDEM BIOMAR,3,1,0,0,0,0,1,0,0,0,0,1
1092,5.072,CARCINOGENESIS,3,0,0,1,1,0,0,0,0,0,1,0
1093,2.911,CATAL LETT,3,0,0,0,0,0,0,0,0,0,0,3
1094,5.324,CELL COMMUN SIGNAL,3,0,1,0,0,1,1,0,0,0,0,0
1095,3.487,CELL SIGNAL,3,0,0,0,0,0,0,0,0,0,0,3
1096,3.199,CEREBELLUM,3,1,0,0,1,0,0,0,0,0,1,0
1097,1.707,CHEM PHYS,3,0,0,0,0,0,0,0,0,0,0,3
1098,4.674,CHEMCATCHEM,3,1,0,1,1,0,0,0,0,0,0,0
1099,4.021,CHROMOSOMA,3,0,1,0,0,0,0,0,0,0,0,2
1100,2.909,CHROMOSOME RES,3,0,0,0,0,0,0,0,0,0,1,2
1101, ,CLIM CHANG 2013,3,0,0,0,3,0,0,0,0,0,0,0
1102, ,CLIM CHANG 2014 IMP,3,0,0,0,3,0,0,0,0,0,0,0
1103,2.338,COMMUN MATH PHYS,3,1,0,0,0,0,0,0,0,0,0,2
1104,2.530,COMP MATER SCI,3,0,0,0,0,1,0,0,0,0,0,2
1105,0.792,COMPUT J,3,0,0,0,0,0,0,0,0,0,0,3
1106,1.433,CR PALEVOL,3,0,0,0,0,0,1,1,0,0,1,0
1107,3.304,CRYSTENGCOMM,3,0,1,0,0,0,0,1,0,0,1,0
1108, ,CSH PROTOC,3,0,0,0,0,0,0,0,0,0,1,2
1109, ,CURR CLIM CHANGE REP,3,0,2,1,0,0,0,0,0,0,0,0
1110, ,CURR PROTOC CELL BIO,3,0,0,0,0,0,0,0,0,1,0,2
1111, ,CURR PROTOC IMMUNOL,3,0,1,0,0,1,0,0,0,0,0,1
1112, ,CURR PROTOCOLS BI,3,0,1,0,0,1,0,0,0,0,0,1
1113,0.883,CURR SCI INDIA,3,0,0,2,0,1,0,0,0,0,0,0
1114,5.829,CURR TOP MICROBIOL,3,0,1,0,0,0,0,0,1,1,0,0
1115, ,CYTOGENET CELL GENET,3,0,0,0,0,0,0,0,0,0,0,3
1116, ,DEMOGR RES MONOGR,3,0,0,0,0,0,0,0,3,0,0,0
1117,2.125,DEV GENES EVOL,3,0,1,0,0,0,0,0,0,0,0,2
1118,1.496,DEV GROWTH DIFFER,3,0,0,0,0,0,1,0,0,0,0,2
1119, ,DEV PREC G,3,0,0,0,0,0,0,0,0,0,0,3
1120, ,DIAGN STAT MAN MENT,3,0,0,0,0,1,0,0,0,0,0,2
1121,3.322,DRUG ALCOHOL DEPEN,3,0,0,0,0,0,0,0,0,0,0,3
1122,6.848,DRUG DISCOV TODAY,3,0,0,1,0,0,1,1,0,0,0,0
1123,3.256,ECOL SOC,3,0,1,0,0,0,0,0,1,0,1,0
1124, ,ELECT PARAMAGNETIC R,3,0,0,0,0,0,0,0,0,0,0,3
1125, ,ENRGY PROCED,3,0,0,1,2,0,0,0,0,0,0,0
1126,4.177,ENVIRON MODELL SOFTW,3,0,2,1,0,0,0,0,0,0,0,0
1127,3.826,ENVIRON SCI POLICY,3,0,2,1,0,0,0,0,0,0,0,0
1128,3.179,ENVIRON TOXICOL CHEM,3,0,0,0,1,0,0,0,0,0,0,2
1129,5.351,EPIGENET CHROMATIN,3,0,1,1,0,1,0,0,0,0,0,0
1130,4.918,EPIGENETICS-US,3,0,0,0,0,2,0,1,0,0,0,0
1131,3.338,ESSAYS BIOCHEM,3,0,0,0,0,0,0,2,0,1,0,0
1132,1.546,EUPHYTICA,3,0,0,0,1,0,0,0,0,0,1,1
1133,7.023,EUR J EPIDEMIOL,3,0,0,0,0,0,0,1,0,2,0,0
1134,2.882,EUR J ORG CHEM,3,0,1,0,0,1,0,0,0,0,0,1
1135,1.536,EUR PHYS J B,3,0,0,0,0,1,0,1,0,0,0,1
1136,1.393,EUR PHYS J D,3,0,0,0,1,0,0,0,0,0,0,2
1137,1.947,EUR PHYS J-SPEC TOP,3,0,0,3,0,0,0,0,0,0,0,0
1138,1.806,EXP BRAIN RES,3,0,0,0,0,0,0,0,0,0,0,3
1139,4.483,EXP NEUROL,3,0,0,0,0,0,1,0,0,0,0,2
1140,4.271,EXPERT REV VACCINES,3,0,0,2,1,0,0,0,0,0,0,0
1141, ,FIELDS VIROLOGY,3,0,0,0,0,2,0,0,0,0,0,1
1142,1.193,FOLIA PRIMATOL,3,0,0,0,0,0,0,0,0,0,0,3
1143,3.169,FOREST ECOL MANAG,3,0,0,1,0,1,0,0,0,1,0,0
1144,3.138,FRONT BEHAV NEUROSCI,3,1,0,0,1,0,1,0,0,0,0,0
1145, ,FRONT BIOENG BIOTECH,3,0,0,3,0,0,0,0,0,0,0,0
1146, ,FRONT CELL DEV BIOL,3,0,3,0,0,0,0,0,0,0,0,0
1147,4.300,FRONT CELL NEUROSCI,3,0,0,0,2,1,0,0,0,0,0,0
1148,3.074,FRONT NEUROINFORM,3,0,0,0,2,1,0,0,0,0,0,0
1149,3.877,FRONT NEUROSCI-SWITZ,3,0,0,0,0,1,0,0,1,0,0,1
1150,3.969,FUTURE MED CHEM,3,0,0,1,0,1,1,0,0,0,0,0
1151,0.913,GENES GENET SYST,3,0,0,0,0,0,0,3,0,0,0,0
1152,1.059,GENET RES,3,0,0,0,0,0,0,0,1,0,0,2
1153,1.366,GENETICA,3,0,0,0,0,0,0,0,0,0,0,3
1154, ,GENOME ANNOUNC,3,0,1,0,2,0,0,0,0,0,0,0
1155,1.119,GEOCHRONOMETRIA,3,0,0,0,0,1,1,1,0,0,0,0
1156, ,GEOINFOR GEOSTAT OVE,3,0,0,0,0,3,0,0,0,0,0,0
1157, ,GEOL SOC MEM,3,0,3,0,0,0,0,0,0,0,0,0
1158, ,GEOL TIM SCAL 2012,3,0,0,0,0,0,3,0,0,0,0,0
1159,4.051,GEOSCI FRONT,3,0,2,0,1,0,0,0,0,0,0,0
1160,3.929,GEOSTAND GEOANAL RES,3,0,0,0,0,1,0,1,0,0,0,1
1161, ,GLIDING MAMMALS WORL,3,0,0,0,0,0,3,0,0,0,0,0
1162,5.657,GONDWANA RES,3,0,0,0,2,1,0,0,0,0,0,0
1163, ,GUARDIAN,3,1,0,1,0,0,0,0,0,0,0,1
1164, ,HANDB METATHESIS,3,0,0,0,3,0,0,0,0,0,0,0
1165,1.696,HIGH ENERG DENS PHYS,3,0,0,1,2,0,0,0,0,0,0,0
1166,0.600,HUM BIOL,3,0,0,0,0,2,1,0,0,0,0,0
1167,1.862,HYSTRIX,3,0,0,1,0,2,0,0,0,0,0,0
1168, ,IAU SYMP,3,0,2,0,0,0,0,0,0,0,0,1
1169,2.428,IEEE ACM T COMPUT BI,3,0,0,1,0,2,0,0,0,0,0,0
1170,3.367,IEEE J SEL TOP QUANT,3,0,1,0,0,0,1,0,1,0,0,0
1171,4.075,IEEE J SOLID-ST CIRC,3,0,0,0,1,0,0,0,0,0,0,2
1172,9.455,IEEE T PATTERN ANAL,3,0,0,0,0,0,0,0,2,1,0,0
1173,3.078,IEEE T VIS COMPUT GR,3,0,0,0,1,0,0,1,0,1,0,0
1174,2.873,IMMUNOBIOLOGY,3,1,0,0,0,0,1,0,0,1,0,0
1175,3.358,IMMUNOLOGY,3,0,0,0,2,1,0,0,0,0,0,0
1176, ,IMPACT EJECTA MORPHO,3,3,0,0,0,0,0,0,0,0,0,0
1177,2.545,INFECT GENET EVOL,3,1,1,0,0,1,0,0,0,0,0,0
1178,3.562,INSECT BIOCHEM MOLEC,3,0,0,0,0,3,0,0,0,0,0,0
1179,0.763,INSECT SYST EVOL,3,0,0,0,0,0,0,0,0,0,1,2
1180,3.247,INT J BIOCHEM CELL B,3,0,0,0,0,0,1,1,0,0,0,1
1181,11.541,INT J COMPUT VISION,3,0,0,2,0,0,0,0,0,1,0,0
1182,1.579,INT J DEV BIOL,3,0,0,0,0,0,0,0,0,1,0,2
1183,8.360,INT J EPIDEMIOL,3,1,0,0,1,0,1,0,0,0,0,0
1184,1.826,INT J MASS SPECTROM,3,0,0,1,1,0,0,0,0,0,0,1
1185,1.291,INT J MOD PHYS A,3,0,0,0,0,1,0,0,0,2,0,0
1186,1.932,INT J SYST EVOL MICR,3,0,1,0,1,0,0,0,0,0,0,1
1187,0.968,INT J THEOR PHYS,3,0,0,0,0,0,0,0,0,0,0,3
1188,2.767,INVENT MATH,3,0,1,0,0,0,0,0,0,0,0,2
1189, ,IUCN RED LIST THREAT,3,1,1,0,1,0,0,0,0,0,0,0
1190,6.544,IUCRJ,3,0,1,2,0,0,0,0,0,0,0,0
1191,3.779,J ALLOY COMPD,3,0,1,0,0,0,0,1,0,0,0,1
1192,6.898,J AM ACAD DERMATOL,3,0,0,2,1,0,0,0,0,0,0,0
1193,16.834,J AM COLL CARDIOL,3,1,0,1,0,0,0,0,0,0,1,0
1194, ,J ANTHROPOL ARCHAEOL,3,0,0,0,1,0,0,0,0,0,0,2
1195,2.236,J APPL METEOROL CLIM,3,0,0,0,0,0,0,0,0,1,0,2
1196, ,J ARCHAEOL METHOD TH,3,0,0,0,1,2,0,0,0,0,0,0
1197, ,J AUTISM DEV DISORD,3,0,0,0,0,0,0,0,2,0,0,1
1198,6.045,J CEREBR BLOOD F MET,3,0,0,0,0,0,0,0,0,0,0,3
1199, ,J CHEM SOC PERK T 2,3,0,0,0,0,0,0,0,0,0,0,3
1200,5.091,J COLLOID INTERF SCI,3,0,0,0,0,0,0,0,0,0,0,3
1201, ,J COMP PHYSIOL,3,0,0,0,0,0,0,0,0,0,0,3
1202,1.497,J COMPUT SYST SCI,3,0,0,0,0,0,0,0,0,0,0,3
1203, ,J ECON PERSPECT,3,1,0,0,0,1,0,0,0,0,0,1
1204,3.235,J ELECTROANAL CHEM,3,0,0,0,1,0,0,0,0,0,0,2
1205,1.601,J ELECTRON SPECTROSC,3,0,0,2,0,0,0,0,0,1,0,0
1206, ,J EMBRYOL EXP MORPH,3,0,0,0,0,0,0,0,0,0,0,3
1207, ,J ENVIRON ECON MANAG,3,0,0,0,0,0,0,0,0,0,1,2
1208,4.005,J ENVIRON MANAGE,3,0,0,2,0,0,0,0,0,0,0,1
1209,2.405,J ENVIRON QUAL,3,0,0,3,0,0,0,0,0,0,0,0
1210, ,J FIELD ARCHAEOL,3,0,0,0,1,0,0,1,0,0,0,1
1211, ,J GEN MICROBIOL,3,0,0,0,0,0,0,0,0,0,0,3
1212,2.942,J HUM GENET,3,1,0,1,0,0,0,0,0,0,0,1
1213,1.044,J LOW TEMP PHYS,3,0,0,0,0,1,1,0,0,0,0,1
1214,2.732,J LUMIN,3,0,0,0,0,0,0,0,0,0,0,3
1215,2.139,J MAMMAL,3,0,0,0,0,0,0,0,0,0,1,2
1216,3.239,J MECH BEHAV BIOMED,3,0,0,0,0,0,1,0,0,0,2,0
1217,1.968,J MED ENTOMOL,3,0,1,0,0,0,0,0,0,0,0,2
1218,2.655,J NEUROIMMUNOL,3,0,0,0,0,0,0,0,0,0,0,3
1219,3.490,J NEUROPATH EXP NEUR,3,0,0,0,0,0,0,0,0,0,1,2
1220,1.746,J OCEANOGR,3,0,0,0,0,0,0,0,0,1,0,2
1221,2.752,J PEDIATR GASTR NUTR,3,0,0,0,0,0,0,0,0,0,2,1
1222,3.165,J PHOTOCH PHOTOBIO B,3,0,0,0,0,0,0,1,0,0,0,2
1223,3.722,J PROTEOMICS,3,0,1,1,1,0,0,0,0,0,0,0
1224,3.695,J TRAUMA ACUTE CARE,3,0,0,1,1,0,1,0,0,0,0,0
1225,1.061,J TROP ECOL,3,0,0,0,0,1,0,0,0,0,0,2
1226,5.381,J UROLOGY,3,1,0,0,0,0,0,0,0,0,1,1
1227,1.955,J ZOOL,3,0,0,0,0,0,0,0,0,0,0,3
1228,8.107,JAMA DERMATOL,3,0,2,1,0,0,0,0,0,0,0,0
1229, ,LANGUAGE,3,0,0,0,0,0,1,0,0,0,0,2
1230, ,LIEBIGS ANN-RECL,3,0,0,0,0,0,0,0,0,0,0,3
1231,3.544,MANAGE SCI,3,0,0,1,0,0,0,1,0,0,0,1
1232,3.241,MAR POLLUT BULL,3,1,0,1,0,0,0,1,0,0,0,0
1233,1.500,MATH BIOSCI,3,0,0,0,0,0,0,0,0,0,0,3
1234,2.833,MEM I OSWALDO CRUZ,3,0,1,1,0,0,0,0,0,1,0,0
1235, ,MESOSCOPIC PHYS NANO,3,0,0,0,0,0,0,0,0,0,0,3
1236,7.674,METAB ENG,3,0,0,0,0,0,0,0,0,0,0,3
1237,1.834,METALL MATER TRANS B,3,0,0,0,0,0,0,0,0,0,0,3
1238,4.069,METALLOMICS,3,0,0,1,1,0,1,0,0,0,0,0
1239, ,METH NEUROSCI,3,0,0,0,0,0,0,0,0,0,0,3
1240,2.924,MICROBES INFECT,3,0,1,1,0,0,1,0,0,0,0,0
1241, ,MODEL SELECTION MULT,3,0,0,0,0,0,0,0,0,0,0,3
1242,1.744,MOL BIOCHEM PARASIT,3,0,0,0,0,0,0,0,0,0,0,3
1243,7.776,MOL CANCER,3,0,0,0,0,0,0,1,2,0,0,0
1244,3.851,MOL CARCINOGEN,3,0,0,2,0,0,0,0,0,0,0,1
1245,3.077,MOL CELLS,3,0,0,1,0,1,1,0,0,0,0,0
1246,3.113,MOL REPROD DEV,3,0,0,0,0,0,0,0,0,1,0,2
1247, ,MUTAT RES,3,0,0,0,0,0,0,0,0,0,0,3
1248,46.859,NAT ENERGY,3,0,3,0,0,0,0,0,0,0,0,0
1249,1.901,NAT HAZARDS,3,0,0,0,0,0,0,0,1,0,0,2
1250,9.408,NATL SCI REV,3,0,2,0,1,0,0,0,0,0,0,0
1251,2.130,NEURAL DEV,3,0,1,0,1,0,0,0,0,0,0,1
1252,7.197,NEURAL NETWORKS,3,0,0,0,0,0,0,0,0,0,0,3
1253,3.244,NEUROBIOL LEARN MEM,3,0,1,0,1,0,0,0,0,0,0,1
1254,3.090,NEUROGENETICS,3,0,0,1,0,1,0,0,0,0,0,1
1255,1.266,NEUROREPORT,3,0,0,0,0,0,0,0,0,0,0,3
1256,0.920,NEW ASTRON,3,0,0,0,1,0,0,0,0,1,0,1
1257,1.992,NUCL PHYS A,3,0,0,0,0,0,0,0,0,1,0,2
1258, ,NUCL TRACKS RAD MEAS,3,0,0,0,0,0,0,0,0,0,0,3
1259,2.276,OCEAN COAST MANAGE,3,0,0,1,1,0,0,0,0,0,0,1
1260,2.370,OMICS,3,0,0,0,0,0,3,0,0,0,0,0
1261,5.306,ONCOLOGIST,3,0,1,1,0,0,0,0,0,0,0,1
1262,1.887,OPT COMMUN,3,0,0,0,0,0,0,0,1,0,0,2
1263,2.320,OPT MATER,3,0,0,0,0,0,0,0,0,1,0,2
1264,2.369,ORG DIVERS EVOL,3,0,3,0,0,0,0,0,0,0,0,0
1265, ,ORIGIN SPECIES MEANS,3,0,0,0,0,0,0,0,0,0,0,3
1266, ,OXFORD REV ECON POL,3,1,0,0,0,0,2,0,0,0,0,0
1267, ,P 35 ANN S FDN COMP,3,0,0,0,0,0,0,0,0,0,0,3
1268, ,P CAMB PHILOS SOC,3,0,0,0,0,0,0,0,0,0,0,3
1269, ,P LUNAR PLANET SCI,3,0,0,0,0,0,0,0,0,0,0,3
1270, ,P PHYS SOC LOND,3,0,0,0,0,0,0,0,0,0,0,3
1271,1.500,PALAEONTOGR ABT A,3,0,0,0,0,0,0,0,0,0,0,3
1272,0.608,PALEONTOL J+,3,0,0,0,0,0,0,0,0,0,0,3
1273, ,PAN STARRS1 SURVEYS,3,0,3,0,0,0,0,0,0,0,0,0
1274,3.965,PATTERN RECOGN,3,0,0,0,0,0,0,0,0,0,0,3
1275,2.305,PEDIATR INFECT DIS J,3,0,0,0,0,0,0,0,0,1,0,2
1276,3.123,PEDIATR RES,3,0,0,0,0,1,0,0,0,0,0,2
1277,2.902,PHOTOCH PHOTOBIO SCI,3,0,1,0,0,0,0,0,0,1,0,1
1278,2.214,PHOTOCHEM PHOTOBIOL,3,0,0,0,0,0,0,0,0,0,1,2
1279, ,PHYLOGENY CLASSIFICA,3,0,0,0,0,0,0,0,0,0,0,3
1280,1.621,PHYS BIOL,3,0,0,0,0,0,2,0,0,0,0,1
1281,2.279,PHYS FLUIDS,3,0,0,0,0,0,0,0,0,0,0,3
1282, ,PHYS REV LE IN PRESS,3,2,0,0,0,0,0,0,0,0,0,1
1283,2.132,PHYSICA A,3,0,0,0,0,0,1,0,0,0,0,2
1284,1.453,PHYSICA C,3,0,0,0,0,0,0,0,0,0,0,3
1285, ,PHYSIOL REP,3,0,0,1,0,2,0,0,0,0,0,0
1286,3.186,PHYTOCHEMISTRY,3,0,0,0,0,0,0,0,0,0,1,2
1287, ,PLANT GENOME,3,1,1,0,1,0,0,0,0,0,0,0
1288,1.452,PLANT SYST EVOL,3,0,0,0,0,0,1,0,0,0,0,2
1289,2.228,PLASMID,3,0,0,0,1,0,0,0,0,0,0,2
1290,1.500,POLAR RES,3,0,0,0,0,0,0,1,0,1,0,1
1291, ,PREPRINT BIORXIV,3,2,1,0,0,0,0,0,0,0,0,0
1292, ,PROC R SOC LON SER-A,3,0,0,0,0,0,0,0,0,0,0,3
1293,3.174,PROG BRAIN RES,3,0,1,0,0,0,0,0,0,0,0,2
1294,8.435,PROG LIPID RES,3,0,0,0,0,0,0,0,1,0,0,2
1295,3.074,PROG MOL BIOL TRANSL,3,0,1,0,1,1,0,0,0,0,0,0
1296,11.049,PROG PART NUCL PHYS,3,1,2,0,0,0,0,0,0,0,0,0
1297,4.177,PROG PHYS GEOG,3,0,0,1,0,0,0,0,0,0,0,2
1298,11.653,PROG RETIN EYE RES,3,0,0,0,1,1,0,0,0,0,0,1
1299,2.290,PROG THEOR EXP PHYS,3,2,0,0,0,1,0,0,0,0,0,0
1300,2.991,PROSTAG OTH LIPID M,3,0,0,0,0,0,0,0,0,2,0,1
1301,3.347,PROSTATE,3,0,0,0,0,0,0,0,2,0,0,1
1302,13.250,PSYCHOL BULL,3,0,0,0,0,0,0,0,0,0,0,3
1303, ,PSYCHOL METHODS,3,0,0,0,0,0,0,0,0,2,0,1
1304,2.089,PSYCHOMETRIKA,3,0,0,1,0,0,0,0,0,0,0,2
1305,1.652,PURE APPL GEOPHYS,3,0,0,0,0,0,0,0,0,0,0,3
1306, ,Q J ECON,3,0,0,0,0,0,0,0,0,0,0,3
1307,2.283,QUANTUM INF PROCESS,3,1,0,0,0,1,1,0,0,0,0,0
1308, ,QUANTUM PHASE TRANSI,3,0,0,0,0,0,0,0,0,1,0,2
1309,2.372,RES MICROBIOL,3,0,0,0,0,0,0,0,1,1,0,1
1310, ,RES POLICY,3,1,1,0,0,1,0,0,0,0,0,0
1311, ,RESOUR POLICY,3,0,1,2,0,0,0,0,0,0,0,0
1312,3.299,REV FISH BIOL FISHER,3,0,0,0,0,0,0,0,1,0,0,2
1313,3.235,REV PHYSIOL BIOCH P,3,0,0,0,0,0,0,0,0,0,0,3
1314,2.504,ROY SOC OPEN SCI,3,0,2,0,1,0,0,0,0,0,0,0
1315,2.936,RSC ADV,3,0,0,2,0,1,0,0,0,0,0,0
1316,0.552,S AFR J GEOL,3,0,0,0,0,0,0,0,0,0,0,3
1317,3.085,SCI CHINA LIFE SCI,3,0,2,0,0,0,0,1,0,0,0,0
1318,3.734,SEISMOL RES LETT,3,0,0,0,0,1,1,0,0,0,0,1
1319,2.475,SENSORS-BASEL,3,1,0,0,0,0,0,1,0,1,0,0
1320,2.963,SMART MATER STRUCT,3,0,0,0,1,0,0,0,0,0,0,2
1321, ,SOFTWAREX,3,0,0,3,0,0,0,0,0,0,0,0
1322,1.387,SOIL SCI,3,0,0,0,0,0,0,0,1,0,0,2
1323,4.374,SOL ENERGY,3,0,1,1,0,1,0,0,0,0,0,0
1324,2.751,SOLID STATE IONICS,3,0,0,0,0,0,0,0,0,0,0,3
1325, ,STAT POWER ANAL BEHA,3,0,0,0,0,0,0,0,0,0,0,3
1326,3.969,STRUCT DYNAM-US,3,0,1,2,0,0,0,0,0,0,0,0
1327, ,STRUCT RHEOLOGY C,3,0,0,0,0,0,0,0,0,0,0,3
1328, ,TEMPO MODE EVOLUTION,3,0,0,0,0,0,0,0,0,0,0,3
1329,1.545,THEOR CHEM ACC,3,0,0,1,0,0,0,0,0,0,1,1
1330,2.197,TRANSGENIC RES,3,0,0,0,0,0,0,0,0,0,0,3
1331,3.960,TRANSPLANTATION,3,0,0,0,0,0,0,0,0,0,1,2
1332,15.557,TRENDS COGN SCI,3,0,0,1,0,1,0,0,0,0,1,0
1333, ,US GEOL SURVEY,3,0,0,0,1,1,0,0,0,0,0,1
1334,3.285,VACCINE,3,0,0,1,0,0,0,1,1,0,0,0
1335,2.050,VET REC,3,0,0,1,0,0,0,0,0,0,0,2
1336,2.465,VIROL J,3,0,0,1,0,1,0,0,0,0,0,1
1337,3.947,VIRULENCE,3,0,0,0,0,1,1,0,1,0,0,0
1338,1.811,WETLANDS,3,0,0,2,1,0,0,0,0,0,0,0
1339,5.844,WIRES RNA,3,1,0,0,1,0,1,0,0,0,0,0
1340, ,WORLD ARCHAEOL,3,0,0,1,0,0,0,0,0,1,0,1
1341, ,WORLD DEV,3,0,0,1,1,0,0,0,1,0,0,0
1342,3.300,WORLD J GASTROENTERO,3,0,0,1,1,0,0,0,0,0,0,1
1343,0.931,ZOOTAXA,3,0,0,0,1,0,0,0,1,0,0,1
1344, ,1 PEOPLES NEW WORLD,2,0,0,0,0,0,0,0,0,2,0,0
1345, ,10000 YEARS IN PRESS,2,0,0,0,0,0,0,0,0,0,0,2
1346, ,21506 GCN,2,2,0,0,0,0,0,0,0,0,0,0
1347,7.042,2D MATER,2,0,2,0,0,0,0,0,0,0,0,0
1348, ,5 INT C LEARN REPR,2,2,0,0,0,0,0,0,0,0,0,0
1349, ,AAS DIV PLAN SCI M,2,0,1,0,0,0,0,0,0,0,0,1
1350,4.384,ACM T GRAPHIC,2,0,0,0,0,0,1,0,0,0,0,1
1351,6.131,ACS MACRO LETT,2,0,0,0,1,0,1,0,0,0,0,0
1352,1.239,ACTA BIOCHIM POL,2,0,0,0,0,0,0,0,1,0,0,1
1353,6.383,ACTA BIOMATER,2,0,0,0,1,1,0,0,0,0,0,0
1354, ,ACTA CRYSTALLOGR,2,0,0,0,0,0,0,0,0,0,0,2
1355,3.473,ACTA ONCOL,2,0,0,0,0,0,0,1,0,0,0,1
1356,2.333,ADV ANAT EMBRYOL CEL,2,0,1,0,0,0,0,0,0,0,0,1
1357, ,ADV ARCHAEOL METH TH,2,0,0,0,0,0,0,0,0,0,0,2
1358,6.422,ADV CANCER RES,2,0,0,0,0,0,0,0,0,0,0,2
1359, ,ADV CRYPTOLOGY,2,0,0,0,0,0,0,0,0,0,0,2
1360, ,ADV CRYPTOLOGY CRYPT,2,0,0,0,0,0,0,0,0,0,0,2
1361, ,ADV DENT ANTHR,2,0,0,0,0,0,0,0,0,0,0,2
1362,5.466,ADV ELECTRON MATER,2,0,2,0,0,0,0,0,0,0,0,0
1363,2.576,ADV ENG MATER,2,0,0,1,0,0,0,0,1,0,0,0
1364, ,ADV PROTEIN CHEM,2,0,0,0,0,0,0,0,0,0,0,2
1365,1.529,ADV SPACE RES,2,0,0,0,0,0,0,0,0,0,1,1
1366,5.200,ADV STUD BEHAV,2,0,0,0,0,0,0,0,0,0,0,2
1367,0.797,AFR J ECOL,2,0,0,0,0,0,0,0,0,0,1,1
1368,3.004,AGR SYST,2,0,1,0,0,0,1,0,0,0,0,0
1369,1.556,AIAA J,2,0,0,0,1,0,1,0,0,0,0,0
1370,2.662,AIR QUAL ATMOS HLTH,2,0,0,0,1,1,0,0,0,0,0,0
1371,1.033,ALCHERINGA,2,0,1,0,0,0,0,0,0,0,0,1
1372, ,ALLIGATOR RIVERS ENV,2,0,0,0,0,0,0,0,0,0,0,2
1373, ,AM ASTR SOC M,2,0,0,1,0,0,0,0,0,1,0,0
1374,4.171,AM HEART J,2,0,0,0,0,1,0,1,0,0,0,0
1375,3.998,AM J CANCER RES,2,0,1,1,0,0,0,0,0,0,0,0
1376,4.322,AM J EPIDEMIOL,2,0,0,0,0,1,0,0,0,1,0,0
1377,10.231,AM J GASTROENTEROL,2,0,0,0,0,0,0,0,0,1,0,1
1378, ,AM J MED GENET,2,0,0,0,0,0,0,0,0,0,0,2
1379,2.884,AM J NEPHROL,2,0,0,0,0,0,2,0,0,0,0,0
1380,3.082,AM J PHYSIOL-REG I,2,0,1,0,0,0,0,0,0,0,0,1
1381,2.288,AM J PRIMATOL,2,0,0,0,0,0,0,0,1,0,0,1
1382,6.493,AM J TRANSPLANT,2,1,0,0,0,0,0,0,0,0,0,1
1383,0.306,AM MATH MON,2,0,0,0,0,0,0,0,0,0,0,2
1384,0.714,AM MIDL NAT,2,0,0,0,0,0,0,0,0,0,0,2
1385, ,AMBER 2016,2,0,1,0,0,0,0,0,0,0,0,1
1386, ,AMNIOTE PALEOBIOLOGY,2,0,0,0,0,0,0,0,0,0,0,2
1387, ,AMPHIBIANS REPTILES,2,0,0,0,0,0,0,0,0,0,0,2
1388,1.306,ANDEAN GEOL,2,0,0,0,0,2,0,0,0,0,0,0
1389, ,ANGEW CHEM-GER EDIT,2,0,0,0,1,0,0,0,0,0,0,1
1390,2.889,ANIM CONSERV,2,0,0,0,0,0,0,1,0,0,1,0
1391, ,ANISOTROPIC CORRECTI,2,0,2,0,0,0,0,0,0,0,0,0
1392,1.548,ANN APPL STAT,2,0,1,0,0,0,0,1,0,0,0,0
1393,9.203,ANN SURG,2,0,0,0,0,0,2,0,0,0,0,0
1394,8.756,ANNU REV ANAL CHEM,2,0,0,1,0,0,1,0,0,0,0,0
1395,7.674,ANNU REV CHEM BIOMOL,2,0,1,0,0,0,0,0,1,0,0,0
1396,13.860,ANNU REV ENTOMOL,2,1,0,0,0,0,0,0,0,0,0,1
1397,5.345,ANNU REV VIROL,2,0,2,0,0,0,0,0,0,0,0,0
1398,4.307,ANTIVIR RES,2,0,0,0,0,2,0,0,0,0,0,0
1399,4.521,APPL CATAL A-GEN,2,0,0,0,0,0,0,0,0,0,0,2
1400, ,APPL GENET MOL BIOL,2,0,0,0,0,0,0,0,0,0,0,2
1401,1.604,APPL PHYS A-MATER,2,0,0,0,0,0,0,1,0,0,0,1
1402,3.771,APPL THERM ENG,2,1,0,1,0,0,0,0,0,0,0,0
1403, ,ARCGIS DESKT REL 10,2,0,0,0,0,0,1,1,0,0,0,0
1404,3.258,ARCH DIS CHILD,2,0,0,0,0,0,0,0,0,0,0,2
1405, ,ARCH HISTOL CYTOL,2,0,0,0,0,0,0,0,0,0,0,2
1406,2.448,ARCH RATION MECH AN,2,0,0,0,0,0,0,0,0,2,0,0
1407,2.414,ARCHAEOL ANTHROP SCI,2,0,1,0,1,0,0,0,0,0,0,0
1408,7.873,ARTHRITIS RHEUMATOL,2,2,0,0,0,0,0,0,0,0,0,0
1409, ,ASTRON TELEGR,2,0,0,2,0,0,0,0,0,0,0,0
1410,3.203,ASTROPART PHYS,2,1,0,1,0,0,0,0,0,0,0,0
1411,0.755,ASTROPHYSICS+,2,1,0,0,0,1,0,0,0,0,0,0
1412,1.198,ATMOS SCI LETT,2,0,0,0,2,0,0,0,0,0,0,0
1413,1.115,AUST FORESTRY,2,0,0,0,0,0,0,2,0,0,0,0
1414,0.768,AUST J ZOOL,2,0,0,0,0,0,0,0,0,0,0,2
1415,1.730,AUSTRAL ECOL,2,0,0,0,0,0,0,0,0,0,1,1
1416,2.605,AUTON NEUROSCI-BASIC,2,0,0,0,0,0,0,0,1,0,0,1
1417, ,B AM ASTRON SOC,2,0,0,0,0,0,0,0,0,0,0,2
1418, ,B ATOM SCI,2,0,0,0,2,0,0,0,0,0,0,0
1419, ,B BR MUS NAT HIS G,2,0,0,0,0,0,0,0,0,0,0,2
1420,1.395,B GEOSCI,2,0,1,0,0,0,0,0,0,0,0,1
1421,1.484,B MATH BIOL,2,1,0,0,0,0,0,1,0,0,0,0
1422,5.723,BASIC RES CARDIOL,2,0,1,0,0,0,0,0,0,0,0,1
1423, ,BEHAV RES METHODS,2,0,0,0,0,0,0,0,0,0,1,1
1424, ,BIOCHEM SOC SYMP,2,0,0,0,0,0,0,0,0,0,0,2
1425, ,BIOCOMPUT-PAC SYM,2,0,0,0,0,0,2,0,0,0,0,0
1426, ,BIODIVERSITY,2,0,0,0,0,0,0,0,0,0,0,2
1427,0.784,BIOFUELS-UK,2,0,0,0,0,0,0,1,1,0,0,0
1428,3.265,BIOGEOCHEMISTRY,2,0,0,0,0,0,0,1,0,1,0,0
1429, ,BIOL BASEL,2,0,0,0,0,0,2,0,0,0,0,0
1430, ,BIOMED ENG IEEE,2,0,0,0,0,0,0,0,0,0,0,2
1431,3.482,BIOMED OPT EXPRESS,2,0,0,0,0,1,1,0,0,0,0,0
1432,2.769,BMC CELL BIOL,2,0,0,0,0,0,0,0,0,1,0,1
1433,2.620,BMC INFECT DIS,2,0,0,0,0,0,0,1,0,1,0,0
1434,2.795,BMC MOL BIOL,2,0,0,0,0,0,0,0,0,0,2,0
1435, ,BMC PHYSIOL,2,0,0,0,0,0,0,1,0,1,0,0
1436,2.050,BMC SYST BIOL,2,0,1,0,0,1,0,0,0,0,0,0
1437,4.455,BONE,2,0,1,0,0,0,0,0,0,0,0,1
1438,2.500,BOT REV,2,0,0,0,0,0,0,0,0,0,0,2
1439,3.783,BRIEF FUNCT GENOMICS,2,0,1,0,1,0,0,0,0,0,0,0
1440,3.657,BRIT J NUTR,2,0,0,0,0,0,0,0,0,0,0,2
1441,3.293,CALCIFIED TISSUE INT,2,0,0,0,0,0,0,0,0,1,0,1
1442,1.084,CAN J CHEM,2,0,0,0,0,0,0,0,0,0,0,2
1443,2.631,CAN J FISH AQUAT SCI,2,0,0,0,0,0,0,0,0,0,0,2
1444,1.243,CAN J MICROBIOL,2,0,0,0,0,0,0,0,0,0,0,2
1445,0.945,CAN MINERAL,2,0,0,0,0,0,0,0,0,0,0,2
1446,3.373,CANCER BIOL THER,2,0,0,0,0,0,0,0,0,0,0,2
1447,4.044,CANCER GENE THER,2,0,0,2,0,0,0,0,0,0,0,0
1448,4.225,CANCER IMMUNOL IMMUN,2,0,1,0,0,1,0,0,0,0,0,0
1449,4.021,CANCER PREV RES,2,0,1,0,1,0,0,0,0,0,0,0
1450,5.326,CANCERS,2,0,1,0,0,0,0,0,1,0,0,0
1451, ,CATALYTIC ASYMMETRIC,2,0,0,0,0,0,0,0,2,0,0,0
1452,2.995,CELL IMMUNOL,2,0,0,0,1,0,0,0,0,0,0,1
1453,2.391,CELL STRUCT FUNCT,2,0,0,0,0,0,0,0,0,0,0,2
1454, ,CERNTH401,2,0,0,0,0,0,0,0,0,0,0,2
1455, ,CERNTH412,2,0,0,0,0,0,0,0,0,0,0,2
1456,2.538,CHANNELS,2,0,0,0,0,1,0,0,0,0,1,0
1457,6.735,CHEM ENG J,2,0,0,1,0,1,0,0,0,0,0,0
1458,1.723,CHEM ERDE-GEOCHEM,2,0,0,0,0,0,0,1,0,1,0,0
1459,4.891,CHEM REC,2,0,0,0,0,0,0,0,0,0,1,1
1460,3.692,CHEM-ASIAN J,2,0,0,0,0,0,0,1,0,0,1,0
1461,3.009,CHEMMEDCHEM,2,0,1,0,1,0,0,0,0,0,0,0
1462,2.701,CHEMOMETR INTELL LAB,2,0,0,0,0,0,0,0,0,0,0,2
1463, ,CHILD DEV,2,0,0,0,0,1,0,0,0,0,0,1
1464, ,CIBA F SYMP,2,0,0,0,0,0,0,0,0,0,0,2
1465,3.556,CLIN CHEM LAB MED,2,0,0,0,1,0,0,0,0,0,0,1
1466,5.158,CLIN EXP ALLERGY,2,0,0,1,0,0,0,0,0,1,0,0
1467,5.496,CLIN NUTR,2,0,0,0,0,1,0,1,0,0,0,0
1468,6.544,CLIN PHARMACOL THER,2,0,0,0,0,1,0,0,1,0,0,0
1469, ,CLIN PSYCHOL REV,2,0,0,0,2,0,0,0,0,0,0,0
1470, ,COMMUN INTEGR BIOL,2,0,0,0,0,0,0,1,0,0,1,0
1471,1.684,COMP BIOCHEM PHYS B,2,0,0,0,0,0,1,0,0,1,0,0
1472,5.797,COMPR PHYSIOL,2,0,0,0,2,0,0,0,0,0,0,0
1473,2.722,CONDOR,2,0,0,0,0,0,0,0,0,0,0,2
1474, ,CONSERV SOC,2,0,0,1,0,1,0,0,0,0,0,0
1475, ,CONTRIB WORKING,2,0,0,0,0,1,0,0,0,0,0,1
1476, ,COOPERATION COLLECTI,2,0,0,0,0,2,0,0,0,0,0,0
1477, ,COPP AS SYNTH,2,0,0,0,2,0,0,0,0,0,0,0
1478, ,CR ACAD SCI III-VIE,2,0,0,0,0,0,0,0,0,0,0,2
1479,2.646,CR PHYS,2,0,1,0,0,0,0,0,0,0,0,1
1480, ,CRC MAR BIOL SER,2,0,0,0,0,0,2,0,0,0,0,0
1481, ,CREATION INEQUALITY,2,0,0,0,0,0,2,0,0,0,0,0
1482, ,CRIT REV ONCOGENESIS,2,0,0,0,0,2,0,0,0,0,0,0
1483,4.495,CRIT REV ONCOL HEMAT,2,0,0,0,0,1,0,0,0,0,0,1
1484, ,CUREUS,2,0,1,1,0,0,0,0,0,0,0,0
1485,2.626,CURR CANCER DRUG TAR,2,0,0,0,0,0,0,1,0,0,0,1
1486,3.112,CURR DRUG TARGETS,2,0,0,0,1,0,0,1,0,0,0,0
1487,3.574,CURR GENET,2,0,0,0,1,0,0,0,0,0,0,1
1488,2.254,CURR MOL MED,2,0,0,1,0,0,0,1,0,0,0,0
1489,8.380,CURR OPIN BIOTECH,2,0,0,1,1,0,0,0,0,0,0,0
1490,4.534,CURR OPIN CLIN NUTR,2,0,0,0,0,1,0,1,0,0,0,0
1491,1.819,CURR PHARM BIOTECHNO,2,0,0,0,0,0,0,2,0,0,0,0
1492, ,CURR POLLUT REP,2,0,0,2,0,0,0,0,0,0,0,0
1493, ,CURR PROTOC HUM GENE,2,0,0,0,1,0,0,0,0,0,0,1
1494, ,CURR PROTOC MOUSE BI,2,0,0,0,0,0,1,1,0,0,0,0
1495, ,CURR PROTOC NEUROSCI,2,0,1,0,0,0,0,0,0,1,0,0
1496, ,CURR PROTOC PROTEIN,2,0,0,0,0,1,0,0,0,0,0,1
1497, ,CURR PROTOCOLS IM,2,0,0,0,0,0,0,0,0,0,0,2
1498, ,CURR PROTOCOLS NE,2,0,0,0,0,0,0,1,1,0,0,0
1499, ,CZECH J PHYS,2,0,0,0,0,0,0,0,0,0,0,2
1500, ,DEV PRIMATOL-PROG PR,2,0,0,0,0,0,0,0,0,0,0,2
1501, ,DEV PSYCHOPATHOL,2,0,0,0,0,0,0,1,0,1,0,0
1502,13.397,DIABETES CARE,2,0,1,0,0,0,1,0,0,0,0,0
1503,5.980,DIABETES OBES METAB,2,0,0,0,0,1,1,0,0,0,0,0
1504, ,DINOSAURIA,2,0,0,0,0,0,0,0,0,0,0,2
1505,2.634,DNA CELL BIOL,2,0,0,0,0,0,0,0,0,0,0,2
1506, ,DOC PRAEHISTOR,2,0,0,0,0,0,0,0,0,0,0,2
1507, ,DOKL AKAD NAUK+,2,0,0,0,0,0,0,2,0,0,0,0
1508,1.073,DYN GAMES APPL,2,0,1,0,0,0,0,1,0,0,0,0
1509, ,EARLY VERTEBRATES,2,0,0,0,0,0,0,0,0,0,0,2
1510,0.721,EARTH MOON PLANETS,2,0,0,0,1,0,0,0,0,1,0,0
1511,2.079,EARTHQ SPECTRA,2,0,0,0,0,0,0,0,1,1,0,0
1512, ,ECOL ADAPTIVE RAD,2,0,0,0,0,0,0,0,0,0,0,2
1513,1.500,ECON BOT,2,0,0,0,0,0,0,0,0,0,0,2
1514, ,ECON J,2,0,0,0,0,0,1,1,0,0,0,0
1515, ,ECON SYST RES,2,0,0,0,0,1,0,1,0,0,0,0
1516,4.395,ECOSYST SERV,2,0,0,2,0,0,0,0,0,0,0,0
1517, ,ELECTROCHEM SOLID ST,2,0,0,0,0,0,0,0,0,0,0,2
1518, ,ELECTRON ENG DES,2,0,0,0,0,0,0,0,0,0,0,2
1519,1.232,ELECTRON LETT,2,0,0,0,0,0,1,0,0,0,0,1
1520, ,ELEMENTS STAT LEARNI,2,0,0,0,0,0,0,0,0,2,0,0
1521, ,ENCY COMPLEXITY SYST,2,0,0,0,0,0,0,0,0,2,0,0
1522,5.331,ENDOCR-RELAT CANCER,2,0,0,0,0,0,1,0,1,0,0,0
1523,4.968,ENERGY,2,0,0,0,1,0,0,0,0,0,0,1
1524,2.667,ENGINEERING-PRC,2,1,0,1,0,0,0,0,0,0,0,0
1525, ,ENGINES CREATION COM,2,0,0,0,0,0,0,0,0,0,0,2
1526,2.923,ENVIRON CHEM,2,0,0,0,0,0,2,0,0,0,0,0
1527,2.293,ENVIRON CONSERV,2,0,0,0,0,0,0,0,0,1,0,1
1528,1.661,ENVIRON ENTOMOL,2,0,0,0,0,0,0,0,0,0,1,1
1529,1.500,EPILEPTIC DISORD,2,0,2,0,0,0,0,0,0,0,0,0
1530,2.436,EPJ QUANTUM TECHNOL,2,0,0,2,0,0,0,0,0,0,0,0
1531, ,ESO MESSENGER,2,0,0,0,0,0,0,0,0,0,0,2
1532, ,EUR C OPT COMM PDP3,2,0,1,1,0,0,0,0,0,0,0,0
1533,23.425,EUR HEART J,2,0,0,1,0,1,0,0,0,0,0,0
1534,1.190,EUR J MINERAL,2,0,0,0,0,0,0,0,0,0,0,2
1535, ,EUR J SOL STATE INOR,2,0,0,0,0,0,0,0,0,0,0,2
1536, ,EV PRIM PROD SEA,2,0,0,0,0,0,0,0,0,0,0,2
1537,3.313,EVODEVO,2,0,0,0,1,0,1,0,0,0,0,0
1538,1.877,EVOL BIOINFORM,2,0,0,0,0,1,0,0,0,0,0,1
1539,2.133,EVOL ECOL,2,1,0,0,0,1,0,0,0,0,0,0
1540, ,EVOLUTION INSECTS,2,0,0,0,0,0,0,0,0,0,0,2
1541, ,EXOPLANETS,2,0,0,0,0,0,0,0,2,0,0,0
1542,2.608,EXP DERMATOL,2,0,1,1,0,0,0,0,0,0,0,0
1543,2.195,EXP FLUIDS,2,0,0,0,0,0,0,0,0,1,0,1
1544,0.805,EXP MATH,2,0,0,0,0,0,0,1,0,0,0,1
1545,1.821,EXP PARASITOL,2,0,0,0,0,0,0,0,1,0,0,1
1546, ,EXTREME MECH LETT,2,0,1,1,0,0,0,0,0,0,0,0
1547, ,F1000 BIOL REP,2,0,0,0,0,0,1,1,0,0,0,0
1548, ,F1000 RES,2,0,1,1,0,0,0,0,0,0,0,0
1549, ,FACTOR X ECOEFFICIEN,2,0,0,0,0,2,0,0,0,0,0,0
1550,6.990,FISH FISH,2,0,0,0,0,0,1,0,0,0,0,1
1551,5.637,FORENSIC SCI INT-GEN,2,0,0,1,0,1,0,0,0,0,0,0
1552,3.038,FREE RADICAL RES,2,0,0,0,0,1,0,0,1,0,0,0
1553,2.871,FRONT HUM NEUROSCI,2,0,0,1,0,1,0,0,0,0,0,0
1554, ,FRONT MAR SCI,2,1,1,0,0,0,0,0,0,0,0,0
1555,3.902,FRONT MOL NEUROSCI,2,0,0,0,1,0,1,0,0,0,0,0
1556,3.152,FRONT NEUROANAT,2,0,0,0,1,0,0,0,1,0,0,0
1557,4.416,FRONT ONCOL,2,0,1,1,0,0,0,0,0,0,0,0
1558, ,FRONT SYNAPTIC NEURO,2,0,0,0,0,1,0,0,1,0,0,0
1559, ,FUNCT PHYLOGENY F,2,0,0,0,0,0,0,0,0,0,0,2
1560, ,GAME ECON BEHAV,2,0,0,0,0,0,0,0,0,1,0,1
1561, ,GEN LINEAR MODELS,2,0,0,0,0,0,0,0,0,0,0,2
1562,1.721,GEN RELAT GRAVIT,2,0,0,0,0,0,0,0,0,0,0,2
1563,1.515,GENE EXPR PATTERNS,2,0,0,0,0,0,0,0,0,0,1,1
1564,2.339,GENES IMMUN,2,0,0,0,0,1,0,0,0,0,1,0
1565,2.544,GENET EPIDEMIOL,2,0,0,0,0,0,0,0,2,0,0,0
1566,1.453,GEOARCHAEOLOGY,2,0,1,0,0,0,0,0,0,0,0,1
1567,1.024,GEODIVERSITAS,2,0,0,0,0,0,0,0,1,1,0,0
1568,1.616,GEOGR ANN A,2,0,0,0,0,0,0,0,1,0,0,1
1569, ,GEOL OBSERVATI,2,0,0,0,0,0,0,0,0,0,0,2
1570, ,GEOL SOC AM MEM,2,0,0,0,0,0,0,0,0,1,0,1
1571, ,GEOL SOC AM SPEC PUB,2,0,0,0,0,0,0,0,0,0,0,2
1572, ,GEOL SOC LOND SPEC P,2,0,0,0,0,0,0,0,0,0,0,2
1573, ,GEOPHYS RES,2,0,0,0,0,0,1,0,0,0,0,1
1574, ,GEOPHYS RES ABSTR,2,0,0,0,0,1,0,0,0,1,0,0
1575,2.368,GEOPHYSICS,2,0,0,0,0,0,0,0,0,0,0,2
1576,2.811,GEOSPHERE,2,0,0,0,0,1,0,0,0,0,1,0
1577,3.491,GLOB FOOD SECUR-AGR,2,0,1,0,1,0,0,0,0,0,0,0
1578,1.658,GRANUL MATTER,2,0,1,0,0,0,1,0,0,0,0,0
1579, ,GREAT LEVELER VIOLEN,2,2,0,0,0,0,0,0,0,0,0,0
1580, ,GROWTH COARSENING OS,2,0,0,0,0,0,0,0,0,0,0,2
1581, ,HALF EARTH OUR PLANE,2,0,2,0,0,0,0,0,0,0,0,0
1582, ,HDB AUTOMATED ESSAY,2,0,0,0,0,2,0,0,0,0,0,0
1583, ,HDB BRAIN THEORY NEU,2,0,0,0,0,0,0,0,0,0,0,2
1584, ,HDB SUPERNO IN PRESS,2,0,1,0,0,0,0,0,0,0,0,1
1585, ,HDB XRAY PHOTOELECTR,2,0,0,0,0,0,0,0,0,0,0,2
1586,4.104,HEART FAIL REV,2,0,1,0,0,0,0,0,0,0,0,1
1587,1.081,HELV CHIM ACTA,2,0,0,0,0,0,0,0,0,0,0,2
1588,1.925,HIGH PRESSURE RES,2,0,0,0,0,0,0,0,0,0,2,0
1589, ,HIPPOCAMPUS COGNITIV,2,0,0,0,0,0,0,0,0,0,0,2
1590,2.164,HISTOCHEM CELL BIOL,2,0,0,0,0,0,0,0,0,0,0,2
1591,4.927,HUM BRAIN MAPP,2,0,0,1,0,0,0,0,0,0,0,1
1592,2.806,HUM PSYCHOPHARM CLIN,2,1,0,0,0,0,0,0,0,1,0,0
1593,4.990,HUM REPROD,2,0,0,0,0,0,0,0,0,0,1,1
1594,3.181,HYDROL PROCESS,2,0,0,0,0,0,0,0,0,2,0,0
1595,2.061,HYDROLOG SCI J,2,0,0,0,1,0,0,0,0,0,0,1
1596, ,I S BIOMED IMAGING,2,0,1,0,0,0,0,1,0,0,0,0
1597, ,IAHS-AISH P,2,0,0,0,0,0,0,0,0,0,0,2
1598,1.903,IAWA J,2,0,0,0,0,0,0,0,0,0,0,2
1599, ,IEEE C COMP VIS PATT,2,0,0,0,0,0,0,1,1,0,0,0
1600, ,IEEE J EXPLOR SOLID,2,0,0,2,0,0,0,0,0,0,0,0
1601,3.075,IEEE J PHOTOVOLT,2,0,0,0,0,0,2,0,0,0,0,0
1602,2.069,IEEE J QUANTUM ELECT,2,0,0,0,0,0,0,1,0,1,0,0
1603,5.007,IEEE T AUTOMAT CONTR,2,0,0,0,0,0,0,0,0,0,0,2
1604,0.897,IEEE T COMP INTEL AI,2,1,0,0,0,0,1,0,0,0,0,0
1605,2.089,IEEE T COMPUT AID D,2,0,0,0,0,1,1,0,0,0,0,0
1606,4.662,IEEE T GEOSCI REMOTE,2,0,0,0,0,1,0,0,0,0,0,1
1607,7.050,IEEE T IND ELECTRON,2,0,0,0,1,0,0,1,0,0,0,0
1608,2.857,IEEE T NANOTECHNOL,2,0,0,0,0,0,0,1,0,1,0,0
1609,4.264,IEEE T ROBOT,2,0,0,0,1,0,0,0,0,0,0,1
1610, ,IEEE T TRANSP ELECTR,2,0,2,0,0,0,0,0,0,0,0,0
1611,2.436,IMMUNOL LETT,2,0,0,0,1,0,0,0,0,1,0,0
1612,3.461,IMMUNOTHERAPY-UK,2,0,1,0,0,0,0,1,0,0,0,0
1613, ,IMP VIOLET,2,0,1,0,0,1,0,0,0,0,0,0
1614, ,IN VITRO CELL DEV B,2,0,0,0,0,0,0,0,0,0,0,2
1615,3.141,IND ENG CHEM RES,2,0,0,0,0,0,0,0,0,0,0,2
1616,4.347,INFLAMM BOWEL DIS,2,0,0,0,0,0,0,1,1,0,0,0
1617,2.420,INJURY PREV,2,0,0,0,0,0,0,0,0,0,1,1
1618,2.264,INORG CHIM ACTA,2,0,0,0,0,0,0,0,0,0,0,2
1619,2.492,INSECT MOL BIOL,2,0,0,0,0,0,0,0,0,0,0,2
1620, ,INT C ACOUST SPEE,2,0,1,0,0,1,0,0,0,0,0,0
1621,2.875,INT GEOL REV,2,0,0,1,0,0,0,0,0,0,0,1
1622,1.055,INT J CIRCUMPOL HEAL,2,0,0,0,1,0,1,0,0,0,0,0
1623, ,INT J COMPLEX SYST,2,0,0,0,0,0,0,0,0,0,0,2
1624,2.145,INT J ENV RES PUB HE,2,0,1,0,0,0,0,1,0,0,0,0
1625,3.132,INT J FATIGUE,2,0,0,0,1,0,0,0,1,0,0,0
1626,2.175,INT J FRACTURE,2,0,0,0,0,0,0,0,0,0,0,2
1627,3.891,INT J HEAT MASS TRAN,2,0,1,0,0,0,0,0,0,0,0,1
1628,3.981,INT J NEUROPSYCHOPH,2,0,2,0,0,0,0,0,0,0,0,0
1629,5.159,INT J OBESITY,2,0,1,1,0,0,0,0,0,0,0,0
1630, ,INT J OSTEOARCHAEOL,2,0,0,1,0,0,0,0,0,0,0,1
1631,3.078,INT J PARASITOL,2,0,1,0,0,0,0,0,1,0,0,0
1632,1.450,INT J PLANT SCI,2,0,0,0,0,0,0,0,0,0,0,2
1633,1.278,INT J PRIMATOL,2,0,0,0,0,0,0,0,0,0,0,2
1634,4.047,INT J ROBOT RES,2,0,0,0,0,1,0,0,0,1,0,0
1635,2.392,INT J TUBERC LUNG D,2,0,0,0,0,0,0,1,0,0,0,1
1636, ,INT REV CYTOL,2,0,0,0,0,0,0,0,0,0,0,2
1637, ,INT SURF FORC 3 ED,2,0,0,0,0,0,0,2,0,0,0,0
1638,3.420,INTERMETALLICS,2,0,0,0,0,0,1,0,0,0,0,1
1639, ,INTRAVITAL,2,0,0,0,1,1,0,0,0,0,0,0
1640, ,INTRO BOOTSTRAP,2,0,0,0,0,0,0,0,0,0,0,2
1641, ,ION CHANNELS EXCITAB,2,0,0,0,0,0,0,0,0,0,0,2
1642,1.744,J ACM,2,0,0,0,0,1,0,0,0,1,0,0
1643,1.532,J AFR EARTH SCI,2,0,0,0,0,0,0,0,0,0,0,2
1644,3.412,J AGR FOOD CHEM,2,0,0,0,0,1,0,0,0,0,0,1
1645,2.127,J APPL MECH-T ASME,2,0,0,1,1,0,0,0,0,0,0,0
1646, ,J ARCHAEOL RES,2,0,0,0,1,0,1,0,0,0,0,0
1647,2.866,J ASIAN EARTH SCI,2,0,0,0,0,0,0,0,0,0,0,2
1648,2.788,J ASSIST REPROD GEN,2,0,2,0,0,0,0,0,0,0,0,0
1649,2.835,J ASSOC INF SCI TECH,2,0,0,2,0,0,0,0,0,0,0,0
1650,1.580,J BASIC MICROB,2,0,0,1,0,0,0,0,0,1,0,0
1651,2.952,J BIOL INORG CHEM,2,0,2,0,0,0,0,0,0,0,0,0
1652,3.906,J BIOL RHYTHM,2,0,0,0,0,0,2,0,0,0,0,0
1653,1.600,J BIOMED SEMANT,2,0,1,0,0,1,0,0,0,0,0,0
1654,2.533,J BIOTECHNOL,2,0,0,0,0,0,0,0,0,1,0,1
1655,6.314,J BONE MINER RES,2,0,0,0,0,0,0,1,0,0,0,1
1656,2.196,J CHEM ENG DATA,2,0,1,0,0,0,0,0,0,0,0,1
1657, ,J CHEM SOC PERK T 1,2,0,0,0,0,0,0,0,0,0,0,2
1658,6.486,J CHILD PSYCHOL PSYC,2,0,0,1,0,1,0,0,0,0,0,0
1659,2.441,J CHROMATOGR B,2,0,0,0,0,0,0,1,0,0,0,1
1660, ,J CLIMATOL,2,1,0,0,0,0,0,0,0,0,0,1
1661,2.894,J CLIN PATHOL,2,0,0,0,0,0,0,0,0,0,1,1
1662,3.468,J COGNITIVE NEUROSCI,2,0,0,0,0,0,0,0,0,0,0,2
1663,2.517,J COMP PHYSIOL B,2,0,0,0,0,0,0,0,0,0,0,2
1664, ,J COMP PHYSIOL PSYCH,2,0,0,0,0,0,0,0,0,0,0,2
1665, ,J CONSEIL,2,0,0,0,0,0,0,0,0,0,0,2
1666,5.126,J COSMOL ASTROPART P,2,0,1,0,0,0,0,0,0,1,0,0
1667,1.536,J DIGIT IMAGING,2,0,0,0,0,0,0,0,0,0,0,2
1668, ,J ECON LIT,2,0,0,0,0,0,0,1,0,0,0,1
1669, ,J ECON SURV,2,0,0,1,0,0,0,0,0,0,1,0
1670,1.566,J ELECTRON MATER,2,0,0,1,0,0,0,0,0,0,0,1
1671,1.740,J ENG GAS TURB POWER,2,0,0,0,0,0,0,0,0,1,0,1
1672,3.973,J EPIDEMIOL COMMUN H,2,0,0,0,0,0,0,0,0,0,0,2
1673,3.794,J EUR CERAM SOC,2,0,0,0,1,0,0,0,0,0,0,1
1674, ,J EXP PSYCHOL GEN,2,0,0,1,0,0,1,0,0,0,0,0
1675,2.289,J EXP PSYCHOL HUMAN,2,0,0,0,0,0,0,0,0,0,0,2
1676,2.432,J EXP ZOOL PART B,2,0,0,0,0,0,0,0,0,0,0,2
1677,1.702,J FISH BIOL,2,0,0,0,0,0,0,0,1,1,0,0
1678,1.879,J FLUORINE CHEM,2,0,0,0,0,1,0,0,0,0,0,1
1679,1.511,J FORAMIN RES,2,0,0,0,0,0,0,0,1,0,0,1
1680,1.184,J FORENSIC SCI,2,0,2,0,0,0,0,0,0,0,0,0
1681,4.099,J HYPERTENS,2,0,0,0,1,0,0,0,0,0,0,1
1682,4.356,J IND ECOL,2,0,0,0,0,0,0,1,0,1,0,0
1683,3.484,J INFORMETR,2,0,0,0,1,0,0,0,0,1,0,0
1684,3.837,J INNATE IMMUN,2,0,0,0,0,0,0,1,1,0,0,0
1685,3.092,J INTEGR PLANT BIOL,2,0,0,1,1,0,0,0,0,0,0,0
1686,2.511,J INVERTEBR PATHOL,2,0,0,0,0,0,0,0,0,0,0,2
1687,2.586,J MAGN RESON,2,0,0,0,0,0,0,0,0,0,0,2
1688,2.963,J MAMMARY GLAND BIOL,2,0,0,0,0,0,1,0,0,0,0,1
1689,2.448,J MATER SCI-MATER M,2,0,0,0,0,0,0,0,0,0,1,1
1690,2.233,J MECH ROBOT,2,0,0,1,1,0,0,0,0,0,0,0
1691,2.112,J MED MICROBIOL,2,0,0,0,0,0,0,0,0,0,1,1
1692,1.988,J MED VIROL,2,0,0,0,0,0,1,0,0,1,0,0
1693,6.578,J MEMBRANE SCI,2,0,0,0,0,0,0,1,0,0,0,1
1694,2.475,J MICROELECTROMECH S,2,0,0,0,0,0,0,0,0,1,0,1
1695,1.030,J MINER PETROL SCI,2,0,0,0,0,0,0,0,0,0,2,0
1696,1.269,J MOD OPTIC,2,0,0,0,0,0,0,0,0,0,0,2
1697,4.880,J MOL DIAGN,2,0,0,1,0,1,0,0,0,0,0,0
1698,4.938,J MOL MED,2,0,1,0,0,0,0,0,0,0,1,0
1699,3.885,J NAT PROD,2,0,1,0,0,0,1,0,0,0,0,0
1700,2.779,J NEURAL TRANSM,2,0,1,0,0,0,0,0,0,0,0,1
1701,3.060,J NEURO-ONCOL,2,0,0,0,0,1,0,1,0,0,0,0
1702,3.500,J NEURODEV DISORD,2,0,0,1,0,0,0,0,0,1,0,0
1703,7.144,J NEUROL NEUROSUR PS,2,0,0,1,0,0,1,0,0,0,0,0
1704, ,J NEW YORK ENTOMOL S,2,0,0,0,0,0,0,0,0,0,0,2
1705,1.566,J OPT SOC AM A,2,0,0,0,0,0,0,0,0,0,0,2
1706,2.168,J PALEOLIMNOL,2,0,0,0,0,0,0,0,0,0,0,2
1707,1.395,J PARASITOL,2,0,0,0,0,0,0,2,0,0,0,0
1708,3.172,J PARKINSON DIS,2,0,0,0,0,0,0,2,0,0,0,0
1709,2.183,J PERINATOL,2,1,0,0,0,0,0,0,0,0,0,1
1710, ,J PERS SOC PSYCHOL,2,0,0,0,0,0,0,0,0,0,0,2
1711,3.456,J PHYS G NUCL PARTIC,2,0,1,0,1,0,0,0,0,0,0,0
1712, ,J PHYS PART C SOLID,2,0,0,0,0,0,0,0,0,0,0,2
1713, ,J PHYS REV,2,0,1,1,0,0,0,0,0,0,0,0
1714, ,J POLIT ECON,2,0,0,0,0,0,0,0,0,0,0,2
1715,1.362,J PROPUL POWER,2,0,0,0,0,0,0,0,0,1,0,1
1716,4.000,J PSYCHIATR RES,2,0,0,0,1,0,1,0,0,0,0,0
1717,2.879,J RAMAN SPECTROSC,2,0,0,1,1,0,0,0,0,0,0,0
1718,0.898,J RES NATL INST STAN,2,0,0,0,0,1,0,0,0,0,0,1
1719,1.147,J ROY SOC NEW ZEAL,2,0,0,0,1,0,0,0,0,0,0,1
1720,2.379,J SCI FOOD AGR,2,0,0,0,0,0,0,0,1,0,0,1
1721, ,J SEISMOL SOC JPN,2,0,0,0,0,0,1,0,1,0,0,0
1722, ,J SOC IND APPL MATH,2,0,0,0,0,0,0,0,0,0,0,2
1723,4.880,J THORAC CARDIOV SUR,2,0,0,0,0,0,0,0,0,2,0,0
1724, ,J ULTRA MOL STRUCT R,2,0,0,0,0,0,0,0,0,0,0,2
1725,1.756,J VIROL METHODS,2,0,1,0,0,0,0,1,0,0,0,0
1726,1.247,J WILDLIFE DIS,2,0,1,0,0,0,0,0,0,0,1,0
1727, ,J WORLD PREHIST,2,0,1,1,0,0,0,0,0,0,0,0
1728,19.989,JAMA INTERN MED,2,1,0,0,1,0,0,0,0,0,0,0
1729,10.769,JAMA PEDIATR,2,0,0,2,0,0,0,0,0,0,0,0
1730,16.642,JAMA PSYCHIAT,2,0,1,0,0,1,0,0,0,0,0,0
1731,1.508,JAVMA-J AM VET MED A,2,0,0,0,0,0,0,1,0,0,0,1
1732, ,JCI INSIGHT,2,1,1,0,0,0,0,0,0,0,0,0
1733,1.452,JPN J APPL PHYS,2,0,0,0,0,0,0,0,0,0,0,2
1734,8.429,KIDNEY INT,2,0,0,0,0,0,0,0,0,0,0,2
1735, ,KIRK OTHMER ENCY CHE,2,0,0,0,1,1,0,0,0,0,0,0
1736, ,KYBERNETIK,2,0,0,0,0,0,0,0,0,0,0,2
1737, ,LAB TECH BIOCHEM MOL,2,0,0,0,0,0,0,0,0,2,0,0
1738,3.833,LANDSCAPE ECOL,2,0,0,1,0,0,0,1,0,0,0,0
1739, ,LANG COGNITIVE PROC,2,0,0,0,0,0,0,0,0,0,0,2
1740, ,LANG VAR CHANGE,2,0,0,0,0,0,0,0,0,1,0,1
1741, ,LASER ABLATION ICP M,2,0,0,0,0,0,0,0,0,0,2,0
1742, ,LECT NOTES PHYS,2,0,0,0,0,0,0,0,0,0,0,2
1743,1.471,LETT APPL MICROBIOL,2,1,0,0,0,0,0,1,0,0,0,0
1744,2.644,LEUKEMIA LYMPHOMA,2,1,0,0,0,0,1,0,0,0,0,0
1745,3.234,LIFE SCI,2,0,0,0,0,0,1,0,0,0,0,1
1746, ,LIFE SILK ROAD,2,0,0,1,0,0,0,0,0,0,0,1
1747,12.833,LIVING REV SOL PHYS,2,0,0,1,0,0,1,0,0,0,0,0
1748, ,LME4 LINEAR MIXED EF,2,0,0,0,2,0,0,0,0,0,0,0
1749,4.486,LUNG CANCER,2,0,0,0,0,0,1,0,0,1,0,0
1750,0.685,M S-MED SCI,2,0,1,0,0,0,0,0,0,0,0,1
1751, ,MACH LEARN QUA,2,0,1,0,0,0,0,0,0,0,0,1
1752, ,MAMMALS AGE DINOSAUR,2,0,0,0,0,0,0,0,0,0,0,2
1753, ,MANAGING RISKS EXTRE,2,0,0,0,0,0,2,0,0,0,0,0
1754,2.215,MAR BIOL,2,0,0,0,1,0,0,0,0,0,0,1
1755,3.281,MAR PETROL GEOL,2,0,0,0,0,0,0,1,0,0,0,1
1756,1.851,MAR RESOUR ECON,2,0,0,0,0,0,0,1,1,0,0,0
1757,9.526,MASS SPECTROM REV,2,0,0,0,0,0,0,0,0,0,0,2
1758,1.803,MATER SCI TECH-LOND,2,0,0,1,0,0,0,0,0,0,0,1
1759,5.356,MED IMAGE ANAL,2,0,0,0,0,0,0,0,0,0,0,2
1760,2.884,MED PHYS,2,0,0,0,0,0,0,0,0,0,0,2
1761,1.894,MED SCI MONITOR,2,0,0,0,0,0,0,0,0,2,0,0
1762, ,MESOZOIC FISHES,2,0,0,0,0,0,0,0,0,0,0,2
1763, ,MET REC OPP LIM INFR,2,0,0,0,0,1,0,0,0,0,0,1
1764, ,METABOLITES,2,0,0,0,0,2,0,0,0,0,0,0
1765, ,METAL IONS LIFE SCI,2,0,0,0,2,0,0,0,0,0,0,0
1766, ,METEORITICS,2,0,0,0,0,0,0,0,0,0,0,2
1767, ,METHODS NEUROSCIENCE,2,0,0,0,0,0,0,0,0,0,0,2
1768,3.614,MICROB ECOL,2,0,0,0,0,0,0,0,0,0,0,2
1769,1.335,MICROBIOL IMMUNOL,2,0,0,0,1,0,0,0,0,0,0,1
1770,2.020,MICROELECTRON ENG,2,0,0,0,0,0,0,1,0,0,0,1
1771, ,MICROELECTRONIC CIRC,2,0,0,0,1,0,0,0,0,0,0,1
1772,2.384,MICROFLUID NANOFLUID,2,0,0,0,0,1,0,0,1,0,0,0
1773,1.625,MICROSCOPY-JPN,2,0,2,0,0,0,0,0,0,0,0,0
1774,5.071,MICROSYST NANOENG,2,1,1,0,0,0,0,0,0,0,0,0
1775,1.744,MINERAL MAG,2,0,0,0,0,0,0,0,0,0,0,2
1776, ,MOD ORIGINS N AFR,2,0,0,0,0,0,2,0,0,0,0,0
1777,1.793,MODEL SIMUL MATER SC,2,0,0,0,0,0,0,0,2,0,0,0
1778,7.344,MOL ASPECTS MED,2,0,0,0,0,1,0,0,0,1,0,0
1779,4.597,MOL CANCER RES,2,1,0,0,0,1,0,0,0,0,0,0
1780,2.561,MOL CELL BIOCHEM,2,0,0,0,0,0,0,0,0,0,0,2
1781,3.563,MOL CELL ENDOCRINOL,2,0,0,0,0,0,0,0,0,0,0,2
1782, ,MOL CLONING LAB MANU,2,0,0,0,0,0,0,0,0,0,0,2
1783,6.426,MOL NEURODEGENER,2,0,0,0,0,0,2,0,0,0,0,0
1784,4.188,MOL PLANT PATHOL,2,0,1,0,1,0,0,0,0,0,0,0
1785,3.098,MOLECULES,2,0,0,1,0,0,0,0,1,0,0,0
1786, ,MON NOT R ASTR UNPUB,2,0,2,0,0,0,0,0,0,0,0,0
1787,8.324,MOVEMENT DISORD,2,0,1,1,0,0,0,0,0,0,0,0
1788,3.575,MSPHERE,2,1,0,1,0,0,0,0,0,0,0,0
1789,2.238,N-S ARCH PHARMACOL,2,0,0,0,0,0,0,0,0,0,0,2
1790,13.120,NANO ENERGY,2,0,0,2,0,0,0,0,0,0,0,0
1791, ,NAT BIOMED ENG,2,2,0,0,0,0,0,0,0,0,0,0
1792,20.265,NAT REV ENDOCRINOL,2,0,1,1,0,0,0,0,0,0,0,0
1793,19.819,NAT REV NEUROL,2,0,0,0,1,0,0,0,1,0,0,0
1794,0.706,NETWORK-COMP NEURAL,2,0,0,0,0,0,0,0,0,0,0,2
1795, ,NEURAL NETWORKS COMP,2,0,0,0,0,0,0,0,0,0,0,2
1796,5.024,NEUROENDOCRINOLOGY,2,0,0,0,0,0,0,0,0,0,0,2
1797,3.842,NEUROGASTROENT MOTIL,2,0,1,0,0,0,0,0,1,0,0,0
1798,3.869,NEUROIMAGE-CLIN,2,2,0,0,0,0,0,0,0,0,0,0
1799,2.915,NEUROPEPTIDES,2,0,0,0,0,0,0,0,0,0,0,2
1800,4.249,NEUROPHARMACOLOGY,2,0,0,0,0,1,0,1,0,0,0,0
1801,2.277,NEUROSCI RES,2,0,0,0,0,0,0,0,0,0,0,2
1802,5.719,NEUROTHERAPEUTICS,2,0,0,0,0,1,1,0,0,0,0,0
1803,7.500,NEW ASTRON REV,2,0,0,0,0,1,0,0,0,0,0,1
1804,0.386,NEW SCI,2,0,0,0,0,0,0,0,0,0,0,2
1805, ,NEW YORK TIMES,2,1,0,0,0,0,1,0,0,0,0,0
1806, ,NITRIFICATION,2,0,0,0,0,0,0,2,0,0,0,0
1807,3.031,NMR BIOMED,2,1,0,0,0,0,1,0,0,0,0,0
1808,1.323,NUCL INSTRUM METH B,2,0,0,0,0,0,0,0,0,0,0,2
1809,3.483,NUTR METAB,2,0,1,0,1,0,0,0,0,0,0,0
1810,5.788,NUTR REV,2,0,0,0,0,0,1,0,0,0,0,1
1811, ,NZ GEOL SURVEY,2,0,0,0,0,0,0,0,0,0,0,2
1812,4.982,OBSTET GYNECOL,2,0,2,0,0,0,0,0,0,0,0,0
1813,4.722,ONCOGENESIS,2,0,0,0,1,1,0,0,0,0,0,0
1814,5.503,ONCOIMMUNOLOGY,2,0,0,0,0,2,0,0,0,0,0,0
1815, ,OPEN ATMOS SCI J,2,0,0,0,0,0,0,0,0,0,2,0
1816,0.993,OPT ENG,2,0,0,1,0,0,0,0,0,0,0,1
1817, ,ORG SYNTH,2,0,0,0,0,0,0,1,0,0,0,1
1818,3.607,ORPHANET J RARE DIS,2,0,0,1,1,0,0,0,0,0,0,0
1819, ,P 26 INT COSM RAY C,2,0,0,0,0,0,0,0,0,0,0,2
1820, ,P 27 ANN ACM SIAM S,2,0,2,0,0,0,0,0,0,0,0,0
1821, ,P 31 AAAI C ART INT,2,2,0,0,0,0,0,0,0,0,0,0
1822, ,P 32 INT C MACH LEAR,2,0,0,2,0,0,0,0,0,0,0,0
1823, ,P 33 INT C MACH LEAR,2,0,2,0,0,0,0,0,0,0,0,0
1824, ,P AM PHILOS SOC,2,0,0,0,0,0,0,0,0,0,0,2
1825, ,P OCEAN DRILLING PRO,2,0,0,0,0,0,0,0,0,0,0,2
1826, ,P PHYS SOC LOND A,2,0,0,0,0,0,0,0,0,0,0,2
1827, ,P SCI,2,1,0,1,0,0,0,0,0,0,0,0
1828, ,P SOC EXP BIOL MED,2,0,0,0,0,0,0,0,0,0,0,2
1829, ,P SOC PHOTO-OPT INST,2,0,1,0,0,0,0,0,1,0,0,0
1830,0.822,PAC SCI,2,0,0,0,0,0,0,0,0,0,0,2
1831, ,PACT,2,0,0,0,0,0,0,0,0,0,0,2
1832,5.559,PAIN,2,0,0,0,0,0,0,0,0,0,1,1
1833,2.782,PAIN MED,2,0,0,0,0,2,0,0,0,0,0,0
1834,0.579,PALAEONTOGR ABT B,2,0,0,0,0,0,0,0,0,0,0,2
1835,1.275,PALAEONTOL Z,2,0,0,0,0,0,0,1,0,0,0,1
1836, ,PALEONTOLOGICAL SOC,2,0,0,0,1,0,0,0,0,0,1,0
1837, ,PAN STARRS PHOTOMETR,2,0,2,0,0,0,0,0,0,0,0,0
1838, ,PAN STARRS PIXEL ANA,2,0,2,0,0,0,0,0,0,0,0,0
1839,3.163,PARASITE VECTOR,2,0,1,0,1,0,0,0,0,0,0,0
1840, ,PATTYS TOXICOLOGY,2,0,0,0,0,0,2,0,0,0,0,0
1841,2.646,PEDIATR BLOOD CANCER,2,0,0,0,1,0,0,1,0,0,0,0
1842, ,PERSPECT EN TRANS,2,2,0,0,0,0,0,0,0,0,0,0
1843,3.335,PHARM RES-DORDR,2,0,0,0,0,0,0,0,1,1,0,0
1844,2.302,PHARMACOGENOMICS,2,0,0,1,0,0,0,0,0,0,1,0
1845,3.196,PHARMACOTHERAPY,2,0,0,0,0,0,0,0,0,0,1,1
1846,0.333,PHYLLOMEDUSA,2,0,0,0,0,0,0,1,0,0,0,1
1847, ,PHYS LIQUID CRYSTALS,2,0,0,0,0,0,0,0,0,0,0,2
1848,2.665,PHYS MED BIOL,2,0,0,0,1,0,0,0,0,0,0,1
1849, ,PHYS METALLURGY,2,0,0,0,1,0,0,0,0,0,0,1
1850, ,PHYS SEMICOND D,2,0,0,0,0,0,0,0,0,0,0,2
1851,1.795,PHYS STATUS SOLIDI A,2,0,0,0,0,0,0,0,0,0,0,2
1852,1.729,PHYS STATUS SOLIDI B,2,0,0,0,0,0,0,0,0,0,0,2
1853, ,PHYS Z,2,0,0,0,0,0,0,0,0,0,0,2
1854,1.453,PHYSICA B,2,0,0,0,0,0,0,0,0,0,0,2
1855, ,PHYSICA B & C,2,0,0,0,0,0,0,0,0,0,0,2
1856,2.989,PLANT CELL REP,2,0,0,0,0,0,0,0,0,0,0,2
1857,1.759,PLANT ECOL,2,0,0,0,0,0,1,0,0,0,0,1
1858,2.923,PLANT GENOME-US,2,0,1,0,0,0,1,0,0,0,0,0
1859,2.718,PLANT PHYSIOL BIOCH,2,0,0,0,0,0,0,0,0,0,0,2
1860,1.395,PLANT SIGNAL BEHAV,2,0,0,0,0,2,0,0,0,0,0,0
1861,0.712,POLAR REC,2,0,0,0,0,0,0,0,0,0,0,2
1862, ,POPUL DEV REV,2,0,0,0,0,0,0,0,0,0,1,1
1863,1.644,POPUL ECOL,2,0,0,2,0,0,0,0,0,0,0,0
1864, ,PRINCIPAL COMPONENT,2,0,0,0,0,0,0,0,0,0,0,2
1865, ,PROCEDIA COMPUT SCI,2,0,0,0,0,1,0,1,0,0,0,0
1866,4.185,PROG NEURO-PSYCHOPH,2,0,0,0,0,1,0,1,0,0,0,0
1867,6.456,PROG PHOTOVOLTAICS,2,1,1,0,0,0,0,0,0,0,0,0
1868,24.558,PROG POLYM SCI,2,0,0,0,1,1,0,0,0,0,0,0
1869, ,PROPERTIES KILONOVAE,2,2,0,0,0,0,0,0,0,0,0,0
1870, ,PSYCHOL SCI,2,0,0,0,1,0,1,0,0,0,0,0
1871,3.222,PSYCHOPHARMACOLOGY,2,0,1,0,0,0,0,0,0,0,0,1
1872,5.294,PURE APPL CHEM,2,0,0,0,0,1,0,0,0,0,0,1
1873, ,Q REV,2,0,0,0,0,0,0,0,0,0,0,2
1874, ,QUANTUM,2,1,0,0,0,0,0,0,0,0,0,1
1875, ,QUANTUM APPROXIMATE,2,0,0,0,2,0,0,0,0,0,0,0
1876, ,QUANTUM COMPUTATION,2,0,0,0,0,0,0,1,0,0,0,1
1877, ,QUANTUM FIELD THEORY,2,0,0,0,0,0,0,0,0,0,0,2
1878, ,QUANTUM LINEAR SYSTE,2,1,0,1,0,0,0,0,0,0,0,0
1879, ,QUANTUM MACH LEAR,2,1,1,0,0,0,0,0,0,0,0,0
1880, ,QUANTUM SCI TECHNOL,2,1,1,0,0,0,0,0,0,0,0,0
1881, ,QUANTUM THEOR FIELD,2,0,0,0,0,1,0,0,0,0,0,1
1882, ,QUANTUM WORLD ULTRAC,2,0,0,1,1,0,0,0,0,0,0,0
1883,2.530,RADIAT RES,2,0,0,0,0,1,0,0,0,0,0,1
1884, ,RANDOM WALKS BIOL,2,0,0,0,0,0,0,0,0,0,0,2
1885, ,RANKING VACCINES PRI,2,0,0,0,0,1,1,0,0,0,0,0
1886, ,RAPID TRANSIENT IDEN,2,2,0,0,0,0,0,0,0,0,0,0
1887,2.992,REGEN MED,2,0,0,0,0,1,0,0,0,0,0,1
1888, ,REGUL PEPTIDES,2,0,0,0,0,0,0,0,1,0,0,1
1889, ,REP POLAR MAR RES,2,0,0,0,0,0,0,0,1,0,0,1
1890, ,REPEATMASKER OPEN 4,2,0,0,1,0,1,0,0,0,0,0,0
1891,3.086,REPRODUCTION,2,0,0,0,0,0,0,1,0,0,0,1
1892,5.120,RESOUR CONSERV RECY,2,0,0,0,2,0,0,0,0,0,0,0
1893, ,RESOURCE COMPETITION,2,0,0,0,0,0,0,0,0,0,0,2
1894,2.591,RESPIRATION,2,0,0,0,0,0,0,0,0,0,0,2
1895,2.544,RESTOR ECOL,2,0,0,0,0,1,0,0,0,0,0,1
1896,4.013,RETINA-J RET VIT DIS,2,0,0,0,0,0,0,0,0,0,0,2
1897, ,REV ACAD COLOMB CIEN,2,0,0,0,0,0,0,0,0,0,1,1
1898, ,REV ANTROPOL,2,0,0,0,0,0,0,0,0,0,0,2
1899, ,REV ENV ECON POLICY,2,0,2,0,0,0,0,0,0,0,0,0
1900,1.143,REV SCI TECH OIE,2,0,0,0,0,0,0,0,0,0,0,2
1901, ,RHYTHMS BRAIN,2,0,0,0,0,0,0,2,0,0,0,0
1902, ,RIBOSOMES STRUCT,2,0,0,0,0,0,0,1,0,0,0,1
1903,0.549,RUSS J PHYS CHEM A+,2,0,0,0,0,0,0,0,0,0,0,2
1904,2.629,SCAND J GASTROENTERO,2,0,0,0,0,1,0,0,0,0,0,1
1905,1.859,SCI ENG ETHICS,2,0,0,0,1,0,0,0,0,0,1,0
1906, ,SCI IMMUNOL,2,1,1,0,0,0,0,0,0,0,0,0
1907, ,SCI STKE,2,0,0,0,0,0,0,0,0,0,0,2
1908, ,SCIPY OPEN SOURCE SC,2,0,0,0,0,0,0,0,0,0,0,2
1909,3.069,SEDIMENTOLOGY,2,0,0,0,0,0,0,0,1,0,0,1
1910,6.437,SEMIN IMMUNOPATHOL,2,0,0,1,0,0,1,0,0,0,0,0
1911,4.942,SEMIN ONCOL,2,0,0,2,0,0,0,0,0,0,0,0
1912,3.005,SHOCK,2,0,0,1,0,1,0,0,0,0,0,0
1913, ,SIGNIFICANCE,2,0,1,0,0,0,1,0,0,0,0,0
1914, ,SILK ROAD NEW HIST,2,0,0,0,0,0,2,0,0,0,0,0
1915, ,SILK ROADS ICOMOS TH,2,0,0,0,2,0,0,0,0,0,0,0
1916,5.135,SLEEP,2,0,0,0,0,0,0,0,0,0,0,2
1917, ,SOC CHOICE WELFARE,2,0,0,0,0,0,0,0,0,0,0,2
1918, ,SOCIOL METHOD RES,2,0,0,0,0,0,0,0,0,0,0,2
1919,5.057,SOFT ROBOT,2,0,1,0,1,0,0,0,0,0,0,0
1920,2.580,SOL PHYS,2,0,0,0,0,0,0,0,0,0,0,2
1921,0.244,SOUTHWEST NAT,2,0,0,0,0,0,0,0,0,0,0,2
1922,2.887,SPACE WEATHER,2,0,0,0,0,0,0,0,0,1,0,1
1923, ,SPEC PUBL,2,0,0,0,0,0,1,0,0,0,0,1
1924, ,SPECIATION BIRDS,2,0,0,0,0,0,0,0,0,0,2,0
1925, ,SPECIES DIVERSITY SP,2,0,0,0,0,0,0,0,0,0,0,2
1926, ,SPIE C SERIES,2,0,0,0,0,0,0,0,0,0,0,2
1927, ,SQUELETTE MOUSTERIEN,2,0,0,0,0,0,0,0,0,0,0,2
1928,1.600,STAND GENOMIC SCI,2,0,0,0,0,0,0,1,1,0,0,0
1929,1.851,STAT COMPUT,2,0,0,0,1,0,0,0,0,0,0,1
1930, ,STATE ROUTE 54 PALEO,2,0,0,0,0,0,0,0,0,0,0,2
1931,3.902,STEM CELL RES,2,0,1,0,0,0,1,0,0,0,0,0
1932,4.929,STEM CELL TRANSL MED,2,1,0,1,0,0,0,0,0,0,0,0
1933,3.531,STRUCT EQU MODELING,2,0,0,0,0,0,0,0,0,0,0,2
1934, ,STUD EGYPT CULT,2,0,0,0,0,0,0,0,0,0,0,2
1935,2.360,SYNAPSE,2,0,0,0,0,0,0,0,0,0,0,2
1936,2.369,SYNLETT,2,0,0,0,0,0,0,0,0,1,0,1
1937, ,SYST ZOOL,2,0,0,0,0,0,0,0,0,0,0,2
1938, ,TACKLING DRUG RESIST,2,0,2,0,0,0,0,0,0,0,0,0
1939, ,TECH REP,2,0,0,0,0,0,0,0,0,0,0,2
1940,3.583,TECTONICS,2,0,0,0,0,0,0,0,0,0,0,2
1941,2.013,TELLUS B,2,0,0,1,0,0,0,0,0,0,1,0
1942,2.321,THEOR APPL CLIMATOL,2,0,1,0,0,0,0,0,0,0,1,0
1943,1.453,THEOR ECOL-NETH,2,0,0,0,0,0,0,0,0,0,2,0
1944,1.939,THIN SOLID FILMS,2,0,0,0,1,0,0,0,0,0,0,1
1945,3.508,TISSUE ENG,2,0,0,0,0,0,0,1,1,0,0,0
1946, ,TOPOLOGY OPTIMIZATIO,2,0,0,0,0,0,0,0,0,0,0,2
1947,4.181,TOXICOL SCI,2,0,0,0,0,0,0,0,1,0,0,1
1948, ,TRACKING ENV CHANGE,2,0,0,0,0,0,0,0,0,0,0,2
1949, ,TRANSF OUR WORLD 203,2,0,0,2,0,0,0,0,0,0,0,0
1950,4.691,TRANSL PSYCHIAT,2,0,0,1,0,1,0,0,0,0,0,0
1951, ,TREATISE GEOPHYS,2,0,0,1,0,0,0,0,0,0,0,1
1952,7.038,TRENDS CANCER,2,0,0,2,0,0,0,0,0,0,0,0
1953,1.686,TROP PLANT BIOL,2,0,0,0,0,0,0,0,0,0,2,0
1954, ,TUMOR BIOL,2,0,0,1,1,0,0,0,0,0,0,0
1955, ,TWIN RES,2,0,0,0,0,0,0,0,0,0,0,2
1956, ,UNIFIED NEUTRAL THEO,2,0,0,0,0,0,0,0,0,0,0,2
1957, ,VEGETATIO,2,0,0,0,0,0,0,0,0,0,0,2
1958,2.484,VIRUS RES,2,0,0,1,1,0,0,0,0,0,0,0
1959,3.761,VIRUSES-BASEL,2,0,1,0,1,0,0,0,0,0,0,0
1960, ,VOLCANISM IO COMP EA,2,0,0,0,0,0,0,0,0,0,0,2
1961,2.960,WEAR,2,0,0,0,0,1,0,0,0,0,0,1
1962, ,WELLCOME OPEN RES,2,1,1,0,0,0,0,0,0,0,0,0
1963, ,WHO CLASSIFICATION T,2,0,0,0,0,0,0,0,2,0,0,0
1964, ,WIRED,2,0,0,1,0,0,0,0,0,0,1,0
1965, ,WORLD DAT PROT AR WD,2,0,0,2,0,0,0,0,0,0,0,0
1966, ,WORLD DEV IND,2,1,1,0,0,0,0,0,0,0,0,0
1967, ,WORLD MAL REP 2016,2,0,2,0,0,0,0,0,0,0,0,0
1968, ,YEARB PHYS ANTHROPOL,2,0,0,0,0,0,0,0,0,0,0,2
1969, ,Z PHYS,2,0,0,0,0,0,0,0,0,0,0,2
1970, ,Z PHYS C PART FIELDS,2,0,0,0,0,0,0,0,0,0,0,2
1971,0.906,ZOOL SCI,2,0,1,0,0,0,0,0,0,0,0,1
1972, ,MAR POLICY,0,0,0,0,0,0,0,0,0,0,0,0
1973, ,STAR THEATRE STORY P,0,0,0,0,0,0,0,0,0,0,0,0
Copyright  2018 Clarivate Analytics,,,,,,,,,,,,,,
"By exporting the selected data, you agree to the data usage policy set forth in the Terms of Use",,,,,,,,,,,,,,
