Citing Journal Data: NEUROIMAGE,,,,,,,,,,,,,,
,Impact Factor,Cited Journal,All Yrs,2017,2016,2015,2014,2013,2012,2011,2010,2009,2008,Rest
1, ,ALL Journals,58791,541,3465,4690,4797,4694,4412,3884,3505,3278,2670,22855
2, ,ALL OTHERS (3033),3033,57,236,264,214,194,179,132,117,118,91,1431
3,5.426,NEUROIMAGE,9138,138,641,740,876,920,1100,680,651,502,369,2521
4,5.971,J NEUROSCI,2676,13,105,212,242,277,246,274,193,207,148,759
5,9.504,P NATL ACAD SCI USA,2010,3,126,127,162,138,126,121,163,197,96,751
6,4.082,MAGN RESON MED,1831,13,110,114,68,74,105,71,77,102,63,1034
7,6.308,CEREB CORTEX,1570,28,150,171,153,109,113,81,96,131,101,437
8,4.927,HUM BRAIN MAPP,1491,18,96,146,172,112,102,59,64,133,66,523
9,14.319,NEURON,1207,7,44,109,126,105,91,115,60,61,58,431
10,2.766,PLOS ONE,1018,4,61,120,143,224,162,129,68,45,44,18
11,19.912,NAT NEUROSCI,839,4,43,98,59,64,48,42,21,39,40,381
12,41.058,SCIENCE,807,3,22,27,25,32,23,16,55,35,40,529
13,15.557,TRENDS COGN SCI,755,6,39,35,36,76,62,60,66,32,31,312
14,3.468,J COGNITIVE NEUROSCI,753,7,25,41,45,46,45,91,50,52,41,310
15,2.502,J NEUROPHYSIOL,748,0,14,29,25,37,32,84,79,51,45,352
16,32.635,NAT REV NEUROSCI,684,7,18,29,28,35,50,43,40,74,49,311
17,10.848,BRAIN,669,4,34,43,39,28,36,38,30,34,36,347
18,41.577,NATURE,622,1,36,21,24,28,17,16,27,19,38,395
19,2.889,NEUROPSYCHOLOGIA,564,1,27,42,34,26,46,34,36,35,37,246
20,2.871,FRONT HUM NEUROSCI,552,2,37,66,122,137,86,38,50,8,4,2
21,6.045,J CEREBR BLOOD F MET,393,4,22,27,23,20,35,25,19,12,12,194
22,6.131,IEEE T MED IMAGING,381,1,19,23,15,11,16,20,42,14,12,208
23,11.984,BIOL PSYCHIAT,380,2,10,31,23,31,25,43,30,29,31,125
24,3.614,CLIN NEUROPHYSIOL,355,3,16,25,16,9,17,23,10,22,13,201
25,3.125,BRAIN RES,337,2,10,16,13,13,16,19,22,20,26,180
26,9.251,CURR BIOL,330,0,15,30,28,25,41,35,24,31,23,78
27,2.668,J NEUROSCI METH,330,5,19,42,18,10,15,7,38,12,20,144
28,8.037,NEUROSCI BIOBEHAV R,315,5,20,40,56,44,31,18,12,15,14,60
29,2.564,MAGN RESON IMAGING,314,9,11,11,16,19,14,19,29,33,31,122
30,3.031,NMR BIOMED,300,5,30,30,19,36,13,21,22,9,9,106
31,2.832,EUR J NEUROSCI,288,1,6,18,16,13,18,20,16,33,13,134
32,8.055,NEUROLOGY,284,2,10,13,13,20,16,16,13,18,9,154
33,3.612,J MAGN RESON IMAGING,275,1,10,24,20,16,15,15,28,18,24,104
34,1.806,EXP BRAIN RES,268,0,6,7,5,7,9,20,15,16,9,174
35,4.907,CORTEX,252,3,32,48,22,37,24,4,21,9,13,39
36,3.955,PLOS COMPUT BIOL,242,1,12,26,43,23,20,13,14,34,28,28
37,6.541,CURR OPIN NEUROBIOL,237,0,15,28,16,37,4,3,20,5,7,102
38,4.454,NEUROBIOL AGING,236,2,32,19,33,25,25,16,16,6,9,53
39,3.400,J COMP NEUROL,221,0,0,4,2,3,1,2,2,5,3,199
40,3.118,PSYCHOPHYSIOLOGY,220,0,5,8,5,11,16,40,13,7,11,104
41,5.666,PHILOS T R SOC B,219,1,14,10,24,1,14,13,2,16,7,117
42,14.675,ANNU REV NEUROSCI,212,0,1,14,14,5,11,8,9,20,3,127
43, ,FRONT PSYCHOL,208,0,8,34,39,41,38,42,6,0,0,0
44,11.439,TRENDS NEUROSCI,206,0,11,11,19,15,5,7,3,17,5,113
45,1.266,NEUROREPORT,203,0,3,3,5,5,1,9,2,3,8,164
46,4.231,BRAIN STRUCT FUNCT,198,5,32,60,26,16,4,3,36,5,8,3
47,3.382,NEUROSCIENCE,198,3,12,10,21,11,7,9,9,10,8,98
48,3.877,FRONT NEUROSCI-SWITZ,195,1,21,34,52,38,26,11,6,2,1,3
49,2.159,NEUROSCI LETT,192,0,4,3,7,17,15,21,9,11,7,98
50,4.277,ANN NY ACAD SCI,191,1,4,9,23,10,8,17,10,11,44,54
51, ,FRONT SYST NEUROSCI,178,0,9,7,16,20,34,18,58,0,16,0
52,5.356,MED IMAGE ANAL,176,5,7,15,15,14,9,8,6,3,31,63
53,3.500,SOC COGN AFFECT NEUR,175,4,16,27,42,21,16,5,4,23,6,11
54,10.250,ANN NEUROL,171,0,5,13,10,6,4,10,8,3,9,103
55, ,ELECTROEN CLIN NEURO,168,0,0,0,0,0,0,0,0,0,0,168
56,3.869,NEUROIMAGE-CLIN,168,3,28,35,63,37,2,0,0,0,0,0
57, ,PSYCHOL SCI,166,0,7,12,12,11,10,14,10,17,8,65
58,6.544,NEUROPSYCHOPHARMACOL,165,0,17,16,26,13,8,12,30,6,5,32
59,3.653,AM J NEURORADIOL,157,0,6,8,3,16,3,8,1,8,11,93
60,13.396,AM J PSYCHIAT,151,0,5,5,14,3,7,14,8,2,8,85
61, ,BRAIN CONNECT,151,2,23,14,21,11,38,42,0,0,0,0
62,4.288,IEEE T BIO-MED ENG,151,0,3,8,11,6,3,3,5,4,5,103
63, ,LECT NOTES COMPUT SC,142,0,4,14,21,11,9,9,11,9,8,46
64,9.163,PLOS BIOL,139,0,13,12,8,9,11,9,4,10,33,30
65,7.469,RADIOLOGY,139,1,7,5,11,8,6,6,3,4,1,87
66,7.230,PSYCHOL REV,132,0,0,3,2,1,0,1,8,3,2,112
67,2.868,INT J PSYCHOPHYSIOL,130,1,6,12,8,7,7,7,3,5,4,70
68,4.122,SCI REP-UK,128,9,56,32,10,13,8,0,0,0,0,0
69,2.289,J EXP PSYCHOL HUMAN,126,1,6,5,7,5,3,4,2,10,8,75
70,2.266,J VISION,126,1,9,16,7,19,11,10,14,8,12,19
71, ,COGNITION,122,1,8,10,4,7,5,8,8,6,3,62
72,13.250,PSYCHOL BULL,121,1,3,1,3,9,2,7,9,4,1,81
73, ,ARCH GEN PSYCHIAT,119,0,0,0,0,0,15,9,14,12,6,63
74,12.353,NAT COMMUN,119,1,30,51,28,6,3,0,0,0,0,0
75,2.574,BRAIN COGNITION,117,1,4,2,16,3,6,17,15,9,5,39
76,6.120,BRAIN STIMUL,117,3,15,23,17,26,6,3,4,12,7,1
77,7.461,NEUROSCIENTIST,117,0,8,8,10,19,16,15,2,3,5,31
78,3.074,FRONT NEUROINFORM,115,0,5,12,32,18,12,19,4,10,2,1
79,3.173,BEHAV BRAIN RES,114,1,7,17,6,9,8,13,3,8,4,38
80,2.894,J R STAT SOC B,114,0,0,3,1,2,0,3,2,1,2,100
81,3.958,SCHIZOPHR RES,114,2,8,7,10,15,5,5,6,6,5,45
82,2.891,BIOL PSYCHOL,112,2,9,8,17,6,12,10,4,3,4,37
83,7.439,J NUCL MED,112,0,12,9,9,7,8,5,8,3,4,47
84,4.540,J PHYSIOL-LONDON,112,1,2,2,1,6,5,5,3,2,5,80
85,2.069,VISION RES,109,0,1,8,2,3,5,8,3,7,4,68
86,2.665,PHYS MED BIOL,108,1,6,5,2,3,11,2,2,4,3,69
87,2.455,PSYCHIAT RES-NEUROIM,107,0,4,14,11,13,6,15,7,1,3,33
88,2.851,BRAIN LANG,105,4,2,13,9,17,8,5,4,6,8,29
89,2.565,COGN AFFECT BEHAV NE,103,0,4,6,9,14,12,4,9,3,1,41
90,2.703,BRAIN TOPOGR,102,2,12,16,11,12,2,4,12,4,2,25
91,2.586,J MAGN RESON,101,1,1,6,2,18,1,6,7,9,4,46
92,22.774,ANNU REV PSYCHOL,98,0,11,20,3,4,19,3,2,7,3,26
93,3.966,HIPPOCAMPUS,98,1,5,5,6,4,7,3,7,15,4,41
94,1.605,J ACOUST SOC AM,97,0,1,3,4,2,2,2,1,6,4,72
95,3.222,PSYCHOPHARMACOLOGY,97,1,4,7,3,8,5,11,1,5,4,48
96, ,BRAIN RES REV,95,0,0,0,0,0,0,2,7,3,5,78
97,11.640,MOL PSYCHIATR,93,2,13,16,14,13,9,3,2,0,8,13
98,3.174,PROG BRAIN RES,90,0,7,3,1,0,4,13,4,3,2,53
99, ,PSYCHON B REV,88,0,5,3,4,8,5,2,2,10,5,44
100,2.284,PHYS REV E,86,1,3,6,3,1,5,8,9,6,2,42
101,6.944,SCHIZOPHRENIA BULL,84,0,5,13,4,14,6,4,4,11,7,16
102,6.239,STROKE,84,0,0,1,5,3,8,5,2,2,7,51
103, ,COGNITIVE BRAIN RES,82,0,0,0,0,0,0,0,0,0,0,82
104,1.832,MAGN RESON MATER PHY,82,0,15,2,9,5,9,3,16,1,9,13
105,1.649,COMPUT INTEL NEUROSC,76,0,0,4,0,0,1,67,1,0,1,2
106,7.616,ELIFE,72,3,25,25,17,2,0,0,0,0,0,0
107,7.144,J NEUROL NEUROSUR PS,72,0,2,2,8,1,7,3,5,2,3,39
108,2.319,J EXP PSYCHOL LEARN,70,0,2,2,4,2,6,4,3,5,4,38
109,12.764,ALZHEIMERS DEMENT,69,2,5,24,10,3,1,14,5,0,0,5
110,6.523,ANESTHESIOLOGY,68,0,2,2,0,5,5,2,6,0,2,44
111,3.852,NEUROINFORMATICS,68,0,5,9,4,6,5,10,4,8,0,17
112,3.719,BRAIN IMAGING BEHAV,67,2,9,22,18,1,3,2,0,3,7,0
113,4.815,DEV COGN NEUROS-NETH,67,1,5,20,12,8,9,12,0,0,0,0
114,14.163,PROG NEUROBIOL,67,0,0,5,14,5,5,1,3,0,5,29
115,5.475,PSYCHOL MED,67,1,9,3,9,12,5,5,3,3,0,17
116, ,BEHAV RES METHODS,66,2,1,3,1,2,4,4,9,0,5,35
117,3.476,J ALZHEIMERS DIS,66,0,4,13,10,8,12,5,9,1,1,3
118,27.144,LANCET NEUROL,66,0,3,4,7,12,10,5,7,9,4,5
119,53.254,LANCET,65,0,0,2,7,7,0,5,1,0,4,39
120,5.559,PAIN,65,1,4,1,6,3,4,3,4,7,2,30
121,2.281,J MACH LEARN RES,64,0,0,1,4,3,3,16,5,1,11,20
122, ,J EXP PSYCHOL GEN,63,0,1,1,4,7,3,6,3,2,3,33
123, ,SPATIAL VISION,63,0,0,0,0,0,0,0,0,0,0,63
124,1.651,NEURAL COMPUT,62,0,2,3,1,1,0,1,2,0,2,50
125, ,PERCEPT PSYCHOPHYS,61,0,0,0,0,0,0,0,0,0,3,58
126,8.839,PHYS REV LETT,61,1,3,0,0,5,1,2,0,2,8,39
127,4.483,EXP NEUROL,60,0,4,0,1,15,1,1,4,3,2,29
128,2.297,J AM STAT ASSOC,60,0,2,1,6,3,0,0,3,0,1,44
129, ,PSYCHOL AGING,60,0,0,0,2,4,2,3,6,3,3,37
130,5.067,EPILEPSIA,59,0,4,2,3,3,5,6,9,1,2,24
131,4.000,J PSYCHIATR RES,59,0,2,4,2,4,2,7,3,2,2,31
132, ,COMPUT BIOMED RES,56,0,0,0,0,0,0,0,0,0,0,56
133,2.824,HEARING RES,56,1,3,4,8,6,0,4,3,1,1,25
134,3.920,J NEURAL ENG,55,1,8,9,5,5,4,6,2,4,1,10
135, ,J PERS SOC PSYCHOL,55,0,0,0,1,1,0,1,2,2,2,46
136,8.324,MOVEMENT DISORD,55,0,2,5,3,7,1,4,6,1,3,23
137,4.731,PSYCHONEUROENDOCRINO,55,1,4,3,6,8,11,4,2,6,4,6
138, ,CONSCIOUS COGN,54,0,3,5,2,5,3,7,4,5,4,16
139,16.642,JAMA PSYCHIAT,54,0,2,18,14,20,0,0,0,0,0,0
140,26.919,NAT METHODS,54,0,1,5,4,14,3,18,6,0,2,1
141,15.071,BEHAV BRAIN SCI,53,0,0,1,3,7,2,0,2,3,1,34
142,3.582,FRONT AGING NEUROSCI,53,1,6,14,17,7,3,3,1,0,0,1
143, ,IEEE ENG MED BIOL,53,0,1,9,9,8,8,7,2,1,4,4
144,9.455,IEEE T PATTERN ANAL,53,0,2,0,4,11,2,2,4,2,0,26
145,4.319,J NEUROSURG,53,0,2,4,2,3,2,3,3,3,1,30
146,24.014,PHYSIOL REV,53,0,0,2,6,2,0,4,8,3,7,21
147, ,ARCH NEUROL-CHICAGO,51,0,0,1,0,0,4,3,1,4,2,36
148,2.173,BMC NEUROSCI,51,0,0,5,3,2,4,7,4,8,8,10
149,2.884,MED PHYS,51,0,4,3,1,2,5,6,3,3,3,21
150,2.699,NEUROPSYCHOLOGY,50,0,1,7,1,0,2,3,1,2,4,29
151,4.129,EUR NEUROPSYCHOPHARM,49,0,5,4,7,4,2,3,22,0,0,2
152, ,MEM COGNITION,49,0,2,0,2,1,1,1,1,2,2,37
153,2.857,FRONT PSYCHIATRY,47,1,6,3,8,11,11,4,3,0,0,0
154,4.249,NEUROPHARMACOLOGY,47,1,1,8,10,6,2,0,3,3,1,12
155,5.135,SLEEP,47,0,6,1,5,9,5,4,1,0,3,13
156, ,ACTA PSYCHOL,46,0,2,1,3,2,1,3,3,2,1,28
157,4.010,CURR OPIN NEUROL,46,0,0,4,2,4,3,0,8,6,9,10
158, ,DEVELOPMENTAL SCI,46,3,2,6,5,7,4,2,3,4,1,9
159,3.786,J AFFECT DISORDERS,45,0,1,9,4,10,3,4,4,4,2,4
160,2.522,ANN STAT,44,0,1,2,0,0,1,0,1,0,3,36
161,1.292,J COMPUT ASSIST TOMO,44,0,0,0,0,0,0,0,0,0,0,44
162,2.829,J MEM LANG,44,1,2,1,1,4,1,1,1,1,9,22
163,79.260,NEW ENGL J MED,44,0,1,2,3,8,3,0,8,0,1,18
164,4.609,J NEUROCHEM,43,0,0,3,0,1,1,2,0,2,0,34
165,3.104,COGNITIVE PSYCHOL,42,0,0,0,1,1,2,0,0,0,2,36
166,2.073,FRONT COMPUT NEUROSC,42,0,5,9,6,15,6,0,1,0,0,0
167,15.876,ACTA NEUROPATHOL,40,1,3,1,2,1,0,1,1,1,2,27
168,3.138,FRONT BEHAV NEUROSCI,40,0,3,10,14,10,2,1,0,0,0,0
169,1.855,MACH LEARN,40,0,0,0,0,1,0,0,0,0,2,37
170,6.486,J CHILD PSYCHOL PSYC,39,0,5,5,2,2,3,2,1,0,1,18
171,3.244,NEUROBIOL LEARN MEM,38,0,6,5,3,2,1,1,4,0,1,15
172, ,P INT SOC MAG RESON,38,2,3,4,5,3,1,2,2,8,2,6
173,2.190,Q J EXP PSYCHOL,38,0,4,3,5,1,3,1,1,3,2,15
174, ,CURR DIR PSYCHOL SCI,37,0,1,0,2,10,3,2,2,1,8,8
175, ,EMOTION,37,0,1,0,1,2,2,7,4,1,3,16
176, ,I S BIOMED IMAGING,37,0,7,10,1,3,0,6,5,0,0,5
177,2.777,J INT NEUROPSYCH SOC,37,1,4,3,1,1,1,3,5,3,3,12
178,4.894,NEUROPSYCHOL REV,37,0,0,2,16,3,1,0,7,2,0,6
179,2.346,NEURORADIOLOGY,37,1,0,4,3,3,3,0,3,3,1,16
180, ,FRONT INTEGR NEUROSC,36,0,1,3,4,10,7,7,4,0,0,0
181,4.203,IEEE T SIGNAL PROCES,36,0,1,0,1,4,1,2,2,3,0,22
182, ,J ABNORM PSYCHOL,36,0,0,3,3,1,2,0,1,2,1,23
183,1.982,J CLIN NEUROPHYSIOL,36,0,0,1,0,1,0,2,2,0,1,29
184,1.971,MED BIOL ENG COMPUT,36,0,1,1,1,1,1,3,1,1,2,24
185,2.360,SYNAPSE,36,0,0,1,0,1,2,3,2,5,1,21
186,3.440,BRAIN RES BULL,35,0,0,0,0,0,0,0,2,7,0,26
187,22.737,J STAT SOFTW,35,0,1,12,2,0,2,2,6,8,2,0
188,19.819,NAT REV NEUROL,35,0,1,6,10,5,1,1,10,1,0,0
189,4.691,TRANSL PSYCHIAT,35,0,7,12,4,4,6,2,0,0,0,0
190,3.495,BIOPHYS J,34,0,0,0,0,0,1,1,0,0,1,31
191,1.796,COGN NEUROPSYCHOL,34,0,4,0,0,0,1,1,1,2,1,24
192, ,DEV PSYCHOL,34,0,1,0,2,2,2,2,3,0,3,19
193,2.507,BEHAV NEUROSCI,33,0,1,1,1,0,1,1,2,2,2,22
194,7.197,NEURAL NETWORKS,33,0,0,4,0,0,2,1,0,1,1,24
195,5.578,ADDICT BIOL,32,0,7,10,7,4,1,0,0,3,0,0
196,5.867,BRIT J PSYCHIAT,32,0,1,2,1,0,2,4,0,3,0,19
197,31.398,CELL,32,0,4,4,12,0,0,2,1,1,1,7
198,6.048,ADDICTION,31,0,3,3,4,0,1,1,1,1,2,15
199,3.183,ALCOHOL CLIN EXP RES,31,0,2,1,4,1,0,5,2,1,1,14
200,1.440,BIOL CYBERN,31,0,0,0,3,0,0,0,0,0,0,28
201,3.508,FRONT NEUROL,31,0,1,7,12,5,4,1,1,0,0,0
202,3.783,J NEUROL,31,0,3,2,0,2,2,3,0,1,2,16
203,2.671,LEARN MEMORY,31,0,0,2,3,2,3,2,1,2,1,15
204, ,CHILD DEV,30,1,0,2,1,0,1,3,1,4,1,16
205,7.704,EUR J NUCL MED MOL I,30,0,4,2,2,2,2,2,2,3,3,8
206, ,PSYCHOL RES-PSYCH FO,30,0,2,5,5,3,0,1,0,6,0,8
207, ,THESIS,30,1,1,3,4,1,2,2,1,2,0,13
208,3.152,FRONT NEUROANAT,29,0,3,10,1,0,7,3,3,2,0,0
209,6.250,J AM ACAD CHILD PSY,29,0,3,1,4,5,2,0,4,1,1,8
210,3.965,PATTERN RECOGN,29,0,0,3,0,0,4,0,0,0,1,21
211,2.575,SOC NEUROSCI-UK,29,0,0,1,3,0,4,3,5,1,3,9
212,1.678,ATTEN PERCEPT PSYCHO,28,0,1,4,4,4,5,1,7,2,0,0
213, ,BIORXIV,28,5,21,1,1,0,0,0,0,0,0,0
214,4.027,EUR RADIOL,28,1,2,4,0,2,4,2,4,4,0,5
215, ,INTELLIGENCE,28,0,0,1,1,1,1,2,3,3,2,14
216,2.448,J NEUROL SCI,28,1,0,1,0,1,3,1,2,0,0,19
217,2.277,NEUROSCI RES,28,0,0,2,0,1,4,4,1,2,2,12
218,3.256,J APPL PHYSIOL,27,0,0,0,1,1,0,1,1,1,0,22
219,1.853,J CLIN EXP NEUROPSYC,27,0,0,1,1,0,2,1,2,3,1,16
220, ,J EXP CHILD PSYCHOL,27,0,0,2,1,1,1,3,0,2,3,14
221,2.089,PSYCHOMETRIKA,27,0,0,0,0,4,1,2,2,0,1,17
222, ,J PHYSIOL-PARIS,26,0,1,9,0,0,1,2,1,1,2,9
223, ,P INT SOC MAGN RESON,26,1,5,4,6,3,2,2,1,1,0,1
224,5.481,BIOINFORMATICS,25,0,2,3,2,0,4,2,1,4,0,7
225,2.415,CHAOS,25,1,0,2,3,6,5,0,4,3,1,0
226,3.322,DRUG ALCOHOL DEPEN,25,0,2,2,3,2,2,3,2,3,2,4
227,47.661,JAMA-J AM MED ASSOC,25,0,2,0,3,4,1,2,0,0,1,12
228,27.125,NAT GENET,25,0,1,3,2,5,2,1,1,1,0,9
229, ,PERSPECT PSYCHOL SCI,25,0,0,3,3,2,1,5,0,10,0,1
230,4.185,PROG NEURO-PSYCHOPH,25,0,1,2,1,6,1,1,2,4,0,7
231,16.710,SCI TRANSL MED,25,0,6,1,3,7,3,2,2,1,0,0
232, ,BRAIN CONNECTIVITY,24,0,1,1,12,7,0,3,0,0,0,0
233,4.418,HORM BEHAV,24,1,1,1,0,3,2,1,3,5,1,6
234,5.072,IEEE T IMAGE PROCESS,24,0,0,1,1,4,1,1,3,2,0,11
235,4.011,J BIOL CHEM,24,0,0,0,1,0,3,1,0,1,0,18
236, ,J MAGN RESON SER B,24,0,0,0,0,0,0,0,0,0,0,24
237,2.662,J NEUROSCI RES,24,5,4,1,1,3,1,1,0,0,1,7
238,1.371,PERCEPTION,24,0,2,0,1,0,0,0,2,0,0,19
239, ,PERS INDIV DIFFER,24,0,2,1,1,1,1,2,1,1,0,14
240, ,COPLANAR STEREOTAXIC,23,0,0,0,0,0,0,0,0,0,0,23
241,2.479,J ANAT,23,0,0,0,0,0,1,0,3,0,0,19
242,1.606,J COMPUT NEUROSCI,23,0,3,0,1,0,1,3,5,3,1,6
243,5.365,J PSYCHIATR NEUROSCI,23,0,2,4,3,2,3,1,0,6,1,1
244,4.847,P ROY SOC B-BIOL SCI,23,0,0,0,1,1,3,1,1,1,0,15
245, ,R LANG ENV STAT COMP,23,1,6,4,3,5,2,0,1,0,1,0
246,3.463,ANESTH ANALG,22,0,2,0,0,1,0,0,0,0,2,17
247, ,BEHAV RES THER,22,0,0,2,4,0,1,0,2,0,1,12
248,3.394,FRONT PHYSIOL,22,1,1,0,0,1,19,0,0,0,0,0
249,11.541,INT J COMPUT VISION,22,0,0,0,0,0,1,0,0,1,1,19
250,2.367,J BIOMED OPT,22,0,2,1,2,3,2,2,4,1,1,4
251,5.002,J NEUROTRAUM,22,0,2,5,3,0,1,1,4,0,2,4
252,11.460,JAMA NEUROL,22,0,4,10,4,4,0,0,0,0,0,0
253,2.223,PSYCHIAT RES,22,0,1,2,1,1,1,1,4,2,0,9
254, ,AM PSYCHOL,21,0,0,2,0,0,0,0,0,1,0,18
255,3.199,CEREBELLUM,21,1,2,2,3,2,6,0,1,1,2,1
256,7.451,IEEE SIGNAL PROC MAG,21,0,3,2,0,2,2,0,3,0,2,7
257,3.981,INT J NEUROPSYCHOPH,21,0,0,5,0,4,3,0,1,3,2,3
258, ,J CONSULT CLIN PSYCH,21,0,1,2,3,0,0,1,1,2,1,10
259, ,J EXP PSYCHOL,21,0,0,0,0,0,0,0,0,0,0,21
260,1.854,J NEUROPSYCH CLIN N,21,0,0,0,0,1,2,3,1,1,1,12
261,4.475,NEUROSURGERY,21,0,1,1,4,1,2,0,2,1,1,8
262,3.123,PEDIATR RES,21,0,1,0,0,0,1,1,2,5,0,11
263,5.515,PEDIATRICS,21,0,0,1,3,1,2,2,1,2,2,7
264, ,Q J EXP PSYCHOL-A,21,0,0,0,0,0,0,0,0,0,0,21
265,5.311,SCI DATA,21,1,3,10,7,0,0,0,0,0,0,0
266, ,ADV NEURAL INFORM PR,20,0,1,2,2,1,4,1,2,4,0,3
267,23.562,BMJ-BRIT MED J,20,0,2,2,0,1,3,0,0,2,0,10
268,2.333,DEV NEUROPSYCHOL,20,0,0,0,0,1,4,4,2,3,0,6
269,3.490,J NEUROPATH EXP NEUR,20,0,0,0,1,0,3,1,0,1,0,14
270,3.706,J PHARMACOL EXP THER,20,0,0,0,1,2,0,2,1,1,0,13
271,2.748,PHILOS T R SOC A,20,0,6,0,0,1,0,5,1,4,2,1
272, ,ADV NEUR IN,19,0,0,0,0,0,0,0,0,0,0,19
273,1.669,BIOMETRIKA,19,0,0,0,0,1,0,2,0,0,0,16
274,2.219,BRAIN BEHAV,19,0,11,1,3,1,1,2,0,0,0,0
275,6.499,BRIT J ANAESTH,19,0,0,1,0,2,0,0,0,1,2,13
276, ,CLIN PSYCHOL REV,19,0,1,0,1,3,0,2,4,1,1,6
277,4.247,J CLIN PSYCHIAT,19,0,0,0,1,0,0,1,2,0,0,15
278,5.227,NEUROBIOL DIS,19,0,3,1,3,3,0,1,4,1,0,3
279,2.203,NUCL MED BIOL,19,0,1,1,1,1,1,1,1,0,3,9
280, ,P INT SOC MAGN RES M,19,0,4,2,0,2,1,1,2,1,0,6
281,2.538,PHARMACOL BIOCHEM BE,19,0,0,0,0,1,0,0,0,5,2,11
282,2.517,PHYSIOL BEHAV,19,0,0,1,0,0,1,2,0,1,0,14
283, ,PSYCHOL METHODS,19,1,1,0,0,2,1,2,0,0,0,12
284,13.278,ANNU REV CLIN PSYCHO,18,0,0,1,0,0,4,7,1,0,0,5
285,1.676,BIOMED ENG ONLINE,18,0,0,0,0,2,2,0,13,0,1,0
286,2.491,EPILEPSY RES,18,1,0,1,1,0,3,4,1,1,0,6
287,3.131,FRONT NEURAL CIRCUIT,18,1,2,0,6,3,3,1,1,0,0,1
288,1.423,INT J IMAG SYST TECH,18,0,0,1,0,0,10,1,2,0,3,1
289,2.010,J EXP ANAL BEHAV,18,1,0,1,0,1,0,3,0,1,0,11
290,5.280,MULT SCLER J,18,0,1,1,6,0,4,1,0,0,1,4
291,2.006,PHYSIOL MEAS,18,0,0,1,1,0,1,1,1,0,2,11
292,2.590,REV NEUROSCIENCE,18,0,2,0,1,2,3,3,1,1,1,4
293, ,STRUCTURED CLIN INTE,18,0,0,0,0,0,1,0,0,0,0,17
294,2.110,ACAD RADIOL,17,0,0,0,0,2,4,0,0,2,3,6
295, ,AM J PHYSIOL,17,0,0,0,0,0,0,0,0,0,0,17
296,1.548,ANN APPL STAT,17,0,1,2,3,3,0,2,2,3,0,1
297,1.524,BIOMETRICS,17,0,0,0,0,0,2,1,1,1,0,12
298,2.115,COMPUT BIOL MED,17,0,0,3,0,1,1,5,0,1,3,3
299,3.617,EUR ARCH PSY CLIN N,17,0,1,1,2,4,1,1,2,1,0,4
300,2.843,J CHEM PHYS,17,0,1,1,1,0,0,2,0,0,2,10
301,9.107,P IEEE,17,0,0,1,0,0,0,0,3,0,0,13
302,20.099,PHYS REP,17,0,2,0,0,0,1,1,8,0,0,5
303, ,PROC CVPR IEEE,17,0,0,2,1,0,4,1,2,3,0,4
304,1.648,STEREOT FUNCT NEUROS,17,0,2,1,0,1,1,0,0,3,2,7
305, ,ADV NEURAL INF PROCE,16,0,0,0,4,1,1,2,1,1,3,3
306,1.940,ALZ DIS ASSOC DIS,16,1,0,1,1,1,4,0,1,0,0,7
307,3.125,AM J ROENTGENOL,16,0,1,1,0,0,1,1,0,0,0,12
308,4.302,AM STAT,16,0,3,0,0,0,1,0,0,0,0,12
309, ,COGNITION EMOTION,16,0,1,1,5,1,0,0,3,0,1,4
310, ,COGNITIVE NEUROSCIEN,16,0,2,0,4,3,0,0,0,1,0,6
311,7.273,DIABETES,16,0,1,1,1,0,4,0,0,0,0,9
312,7.982,IEEE T NEUR NET LEAR,16,0,0,0,0,0,0,1,1,0,0,14
313, ,J EDUC PSYCHOL,16,0,0,0,0,0,0,3,0,1,0,12
314,2.779,J NEURAL TRANSM,16,0,1,5,0,1,2,1,0,0,2,4
315,4.738,J PSYCHOPHARMACOL,16,0,3,1,2,0,1,3,2,1,0,3
316,0.917,J PSYCHOPHYSIOL,16,0,1,0,0,1,2,0,0,2,0,10
317,2.404,J STAT MECH-THEORY E,16,0,1,0,0,1,0,0,0,0,12,2
318,1.184,JOVE-J VIS EXP,16,0,1,3,3,4,3,0,2,0,0,0
319,32.621,NAT MED,16,2,3,0,1,4,0,0,0,0,0,6
320,2.045,NEUROPHYSIOL CLIN,16,0,1,0,0,0,2,0,0,0,1,12
321,3.810,PSYCHOSOM MED,16,0,0,0,0,0,0,1,0,0,1,14
322, ,SCAND J PSYCHOL,16,0,0,1,1,0,1,0,1,5,0,7
323,2.973,ACM T INTEL SYST TEC,15,0,0,0,0,0,0,15,0,0,0,0
324, ,ANN MATH STAT,15,0,0,0,0,0,0,0,0,0,0,15
325, ,COGNITIVE SCI,15,0,0,1,2,0,0,1,1,1,0,9
326,2.674,COMPUT METH PROG BIO,15,0,0,2,1,1,3,0,2,0,0,6
327,2.843,EUR J RADIOL,15,0,0,0,0,4,3,0,2,0,4,2
328,4.129,NEUROPHOTONICS,15,0,11,3,1,0,0,0,0,0,0,0
329,1.932,STAT MED,15,0,0,1,1,1,1,0,0,0,0,11
330, ,VIS COGN,15,0,0,1,0,0,2,1,1,0,0,10
331,4.984,ACTA PSYCHIAT SCAND,14,0,0,1,0,0,0,2,2,0,0,9
332,1.823,ACTA RADIOL,14,0,0,3,0,0,1,0,2,1,0,7
333,8.855,AM J HUM GENET,14,0,1,1,0,1,1,5,0,0,0,5
334,2.419,BMC PSYCHIATRY,14,0,2,1,6,0,1,2,0,0,1,1
335,3.040,EUR J PHARMACOL,14,0,1,1,0,0,0,0,0,1,2,9
336,6.875,FRONT NEUROENDOCRIN,14,0,1,0,1,0,0,5,1,3,2,1
337, ,INF PROCESS MED IMAG,14,1,0,5,0,5,0,1,0,0,0,2
338,13.251,J CLIN INVEST,14,0,1,0,0,3,2,0,2,1,0,5
339,2.176,J MATH PSYCHOL,14,0,1,0,1,0,5,0,0,2,1,4
340,3.865,J NEUROENG REHABIL,14,0,0,3,1,0,2,1,0,0,4,3
341,2.716,JARO-J ASSOC RES OTO,14,0,1,2,1,0,3,2,2,0,1,2
342, ,METHOD FIND EXP CLIN,14,0,0,0,0,0,0,0,0,0,0,14
343,4.721,PARKINSONISM RELAT D,14,0,1,1,3,1,3,0,0,1,1,3
344,1.960,PHYSICA D,14,0,0,0,0,0,1,1,0,2,0,10
345, ,PROC SPIE,14,0,1,0,3,3,1,0,4,0,0,2
346,36.367,REV MOD PHYS,14,0,0,1,0,0,0,0,0,0,0,13
347,4.886,SIAM REV,14,0,0,0,0,0,0,3,1,3,1,6
348, ,STAT PAR MAPP ANAL,14,0,0,0,0,0,0,0,0,0,0,14
349,1.927,VISUAL NEUROSCI,14,0,0,3,0,1,0,0,0,0,2,8
350,1.760,ADV EXP MED BIOL,13,0,1,0,1,1,0,0,0,3,0,7
351,14.327,ANNU REV PHYSIOL,13,0,0,0,1,0,0,0,0,0,0,12
352,3.482,BIOMED OPT EXPRESS,13,0,2,2,4,2,1,1,1,0,0,0
353,2.583,BIOMED RES INT,13,0,1,6,3,3,0,0,0,0,0,0
354,2.061,BRAIN INJURY,13,0,0,2,3,1,0,1,0,0,1,5
355,2.000,COGN NEURODYNAMICS,13,0,0,2,0,0,0,0,1,4,6,0
356,5.043,DEPRESS ANXIETY,13,0,0,5,4,0,0,2,1,0,0,1
357, ,DIAGN STAT MAN MENT,13,0,1,0,0,5,1,0,0,0,0,6
358, ,ENEURO,13,2,8,3,0,0,0,0,0,0,0,0
359,2.354,EXP CLIN PSYCHOPHARM,13,0,0,0,1,1,1,2,0,1,0,7
360, ,FRONT NEUROSCI,13,0,0,4,5,2,1,0,0,1,0,0
361, ,J EXP SOC PSYCHOL,13,0,2,0,0,2,1,0,1,2,2,3
362,1.953,J NEUROIMAGING,13,0,1,7,0,0,1,0,0,0,0,4
363,1.566,J OPT SOC AM A,13,0,0,1,1,0,2,0,0,1,0,8
364,3.667,J PEDIATR-US,13,0,1,1,3,0,1,0,2,0,0,5
365,3.433,J SLEEP RES,13,0,0,1,0,0,0,1,0,2,0,9
366,1.833,J THEOR BIOL,13,0,0,0,3,2,0,0,2,1,2,3
367, ,METHOD MOL BIOL,13,0,1,0,0,0,1,8,0,1,0,2
368,22.727,NAT PHYS,13,0,1,0,0,0,1,2,2,0,1,6
369,3.842,NEUROGASTROENT MOTIL,13,0,0,0,0,1,0,3,1,5,1,2
370, ,NEUROIMAGE IN PRESS,13,3,8,1,0,0,0,0,0,0,0,1
371,1.421,NEUROPSYCHOBIOLOGY,13,0,0,1,3,1,1,1,0,0,0,6
372,5.719,NEUROTHERAPEUTICS,13,0,0,0,2,2,0,0,1,0,0,8
373,4.042,OBESITY,13,0,0,0,3,0,2,2,2,2,0,2
374,2.324,STAT SCI,13,0,0,0,0,0,0,0,1,0,2,10
375, ,TECH REP,13,0,4,2,0,0,0,1,0,0,1,5
376,2.686,ADDICT BEHAV,12,0,0,2,2,1,0,0,1,2,0,4
377,6.549,AM J CLIN NUTR,12,0,1,0,1,0,0,0,1,3,0,6
378,2.449,BEHAV BRAIN FUNCT,12,0,0,0,2,1,0,2,0,1,2,4
379,4.490,BIPOLAR DISORD,12,0,0,1,1,0,3,2,0,1,1,3
380,1.807,CLIN NEUROPSYCHOL,12,2,0,1,1,0,1,1,1,0,1,4
381,3.417,COGN NEUROSCI-UK,12,1,0,0,0,1,4,1,5,0,0,0
382,3.289,DEV MED CHILD NEUROL,12,0,1,0,1,0,3,0,0,0,0,7
383, ,DEV REV,12,0,0,0,1,0,0,1,0,1,3,6
384,3.640,DRUG METAB DISPOS,12,0,0,0,0,0,0,2,0,4,1,5
385,3.120,EAR HEARING,12,0,1,0,0,0,2,0,1,0,1,7
386,2.495,INT J DEV NEUROSCI,12,0,0,3,1,2,1,3,0,2,0,0
387,2.940,INT J GERIATR PSYCH,12,0,0,1,1,1,0,0,0,3,0,6
388,1.696,J COMMUN DISORD,12,0,0,0,0,0,2,1,0,1,0,8
389,3.234,LIFE SCI,12,0,0,0,0,0,1,0,0,1,0,10
390, ,MED IMAGE COMPUT COM,12,0,1,0,2,2,1,1,2,0,1,2
391,12.423,NAT PROTOC,12,2,0,0,2,0,1,0,1,1,0,5
392,3.161,NEURAL PLAST,12,0,6,0,1,3,2,0,0,0,0,0
393, ,PSYCHOL ADDICT BEHAV,12,0,0,0,1,6,2,1,0,0,0,2
394,3.435,SEMIN FETAL NEONAT M,12,0,0,0,3,1,2,0,0,0,0,6
395,1.585,SPEECH COMMUN,12,0,0,0,0,0,1,0,1,1,0,9
396,2.368,ALCOHOL ALCOHOLISM,11,0,1,0,0,0,0,1,0,2,0,7
397, ,AM J PSYCHOL,11,0,0,0,0,0,0,0,0,0,0,11
398,3.495,APPL PHYS LETT,11,0,0,0,0,0,2,0,3,0,1,5
399, ,BIOL PSYCHIAT COGN N,11,1,10,0,0,0,0,0,0,0,0,0
400,2.170,BMC NEUROL,11,1,0,1,2,1,1,2,0,2,1,0
401,6.810,BRIT J PHARMACOL,11,0,0,1,0,1,0,1,0,0,0,8
402, ,BRIT J PSYCHOL,11,0,1,0,0,0,0,2,0,0,0,8
403,18.881,CIRCULATION,11,0,0,0,0,0,0,0,0,0,1,10
404,1.807,CLIN EEG NEUROSCI,11,0,0,1,3,0,2,1,0,2,1,1
405, ,CURR OPIN BEHAV SCI,11,0,2,9,0,0,0,0,0,0,0,0
406,4.617,ECOLOGY,11,0,0,0,0,0,0,1,0,0,0,10
407, ,EVOKED POTENTIAL,11,0,0,0,0,0,0,0,0,0,0,11
408,3.388,INVEST OPHTH VIS SCI,11,0,1,0,0,0,3,0,3,0,0,4
409,6.224,INVEST RADIOL,11,0,0,0,1,1,0,1,0,0,0,8
410, ,J PSYCHOL NEUROL,11,0,0,0,0,0,0,0,0,0,0,11
411, ,J VERB LEARN VERB BE,11,0,0,0,0,0,0,0,0,0,0,11
412,0.920,NEUROCASE,11,0,2,1,1,1,0,0,0,1,0,5
413,2.195,NEUROPSYCH DIS TREAT,11,0,2,5,2,1,0,0,0,0,1,0
414, ,P 24 ANN M ISMRM SIN,11,0,11,0,0,0,0,0,0,0,0,0
415, ,RAT BRAIN STEREOTAXI,11,0,0,0,0,0,0,0,0,0,0,11
416, ,STAT POWER ANAL BEHA,11,0,0,0,0,0,0,0,0,0,0,11
417, ,ADV NEUROL,10,0,0,0,0,0,0,0,0,0,0,10
418,3.174,APPETITE,10,0,1,3,1,0,2,0,2,1,0,0
419,3.034,ARTIF INTELL,10,0,0,0,1,1,0,0,0,0,1,7
420,3.768,AUTISM RES,10,1,4,1,0,0,0,1,0,3,0,0
421,1.544,BRAIN DEV-JPN,10,0,0,0,0,0,0,0,0,0,0,10
422,15.211,CIRC RES,10,0,0,1,0,0,0,0,0,0,0,9
423,2.435,COMPUT MED IMAG GRAP,10,0,0,0,1,0,1,0,0,5,0,3
424, ,DEV PSYCHOPATHOL,10,0,0,1,0,1,0,3,0,2,2,1
425, ,ELECT FIELDS BRAIN N,10,0,0,0,0,0,0,0,0,0,0,10
426,2.600,EPILEPSY BEHAV,10,0,0,2,3,2,1,0,1,1,0,0
427,2.991,EUR J PAIN,10,0,1,0,0,1,0,1,0,0,0,7
428,4.300,FRONT CELL NEUROSCI,10,1,0,4,3,1,0,0,0,0,1,0
429,2.544,GENET EPIDEMIOL,10,0,1,0,1,1,1,3,0,3,0,0
430,7.267,GIGASCIENCE,10,0,2,4,4,0,0,0,0,0,0,0
431, ,HUM BRAIN FUNCTION,10,0,0,0,0,0,0,0,0,0,0,10
432,4.361,IEEE J-STSP,10,0,2,0,0,0,0,2,0,0,6,0
433,2.159,IMAGE VISION COMPUT,10,0,0,0,0,0,1,0,0,0,0,9
434, ,INT J BIOMED IMAGING,10,0,1,0,3,1,0,1,2,0,1,1
435,5.159,INT J OBESITY,10,1,1,1,0,0,1,0,2,0,3,1
436, ,ISS CLIN COGN NEUROP,10,0,0,0,10,0,0,0,0,0,0,0
437, ,J BEHAV THER EXP PSY,10,0,0,0,0,1,0,1,0,0,0,8
438, ,J CLIN PSYCHOL,10,0,0,0,0,0,1,0,0,1,0,8
439,4.859,J PAIN,10,0,2,0,1,2,1,2,0,1,1,0
440,3.998,METHODS,10,0,0,1,0,0,0,0,2,0,0,7
441,2.772,NEUROCHEM RES,10,0,0,1,6,1,1,0,0,0,0,1
442,4.711,NEUROREHAB NEURAL RE,10,0,1,2,0,0,1,2,1,1,1,1
443, ,NIPS,10,0,0,1,0,1,3,1,0,0,1,3
444,3.589,OPT LETT,10,0,0,0,0,1,0,2,2,0,0,5
445, ,P ANN INT IEEE EMBS,10,0,0,0,0,0,0,0,0,0,0,10
446,1.954,PATTERN RECOGN LETT,10,0,0,1,1,0,1,1,1,0,1,4
447, ,PRINCIPLES NEURAL SC,10,0,0,0,0,2,0,0,0,0,0,8
448,3.199,PSYCHIAT CLIN NEUROS,10,0,0,0,2,2,1,0,0,0,0,5
449,2.284,STAT METHODS MED RES,10,0,1,0,0,1,0,0,0,0,0,8
450,1.568,TECHNOMETRICS,10,0,0,0,0,0,0,1,0,0,0,9
451,12.108,TRENDS PHARMACOL SCI,10,0,0,0,0,0,0,0,0,0,1,9
452, ,VERGLEICHENDE LOKALI,10,0,0,0,0,0,0,0,0,0,0,10
453, ,WIRES COGN SCI,10,0,0,0,0,1,2,4,3,0,0,0
454,2.270,ACTA ANAESTH SCAND,9,0,0,0,0,0,0,0,0,0,0,9
455,3.082,AM J PHYSIOL-REG I,9,0,0,0,0,1,0,0,0,1,0,7
456, ,ANAT EMBRYOL,9,0,0,0,0,0,0,0,0,0,0,9
457,2.088,BEHAV NEUROL,9,0,0,2,0,2,0,0,0,0,0,5
458,1.504,BIOSTATISTICS,9,0,1,1,1,0,1,0,0,2,2,1
459,1.635,BMC MED IMAGING,9,0,0,0,2,0,3,0,1,2,1,0
460,3.504,CNS SPECTRUMS,9,0,0,2,3,0,0,0,0,0,2,2
461,3.063,COMMUN ACM,9,0,0,0,0,0,1,1,0,0,0,7
462,4.266,CURR OPIN PSYCHIATR,9,0,0,1,2,1,0,0,0,1,0,4
463, ,DIFF MRI QUANT MEAS,9,0,0,0,0,0,0,0,0,9,0,0
464,4.621,EUR J NEUROL,9,0,1,1,0,0,0,0,3,1,0,3
465,4.129,EUR PSYCHIAT,9,0,1,2,0,0,3,1,0,0,0,2
466,6.823,HYPERTENSION,9,0,0,1,0,1,0,0,0,1,0,6
467,8.360,INT J EPIDEMIOL,9,0,0,0,0,2,2,2,0,0,1,2
468,2.261,INT PSYCHOGERIATR,9,0,0,0,2,1,0,0,1,3,0,2
469, ,J ABNORM CHILD PSYCH,9,0,1,1,2,1,0,0,0,0,0,4
470,4.155,J AM GERIATR SOC,9,0,0,0,0,0,0,0,2,0,0,7
471, ,J APPL PSYCHOL,9,0,0,0,0,0,0,1,0,0,0,8
472, ,J AUTISM DEV DISORD,9,0,0,0,0,0,0,1,0,1,0,7
473,2.162,J CHEM NEUROANAT,9,0,1,0,0,0,0,0,0,1,0,7
474,1.640,J CLIN NEUROSCI,9,0,1,0,0,1,0,1,0,3,0,3
475,3.054,J GERONTOL B-PSYCHOL,9,0,1,0,1,0,0,1,1,0,0,5
476,2.454,J MOL NEUROSCI,9,0,0,1,2,0,0,0,0,0,3,3
477,1.513,J MOTOR BEHAV,9,0,0,0,0,2,1,0,0,1,0,5
478,4.398,J NUTR,9,0,0,1,0,0,0,0,0,1,0,7
479, ,J PERS ASSESS,9,0,0,0,0,0,1,0,0,0,0,8
480, ,J PSYCHOL,9,0,0,1,0,0,0,0,0,0,0,8
481,1.906,J SPEECH LANG HEAR R,9,0,0,1,1,0,1,0,0,0,0,6
482,2.616,J STUD ALCOHOL DRUGS,9,0,0,0,0,0,0,1,0,0,0,8
483,15.233,LANCET PSYCHIAT,9,0,4,2,3,0,0,0,0,0,0,0
484,2.086,LANG COGN NEUROSCI,9,1,7,0,1,0,0,0,0,0,0,0
485,4.291,MED SCI SPORT EXER,9,0,1,0,0,0,0,3,0,0,0,5
486,2.441,METAB BRAIN DIS,9,0,2,0,0,2,1,0,0,1,0,3
487,2.774,NEUROMODULATION,9,0,0,1,1,5,1,1,0,0,0,0
488,3.356,OPT EXPRESS,9,0,1,0,0,1,3,1,0,1,1,1
489, ,P ISMRM,9,0,1,2,0,1,2,0,1,0,0,2
490,1.826,PEDIATR RADIOL,9,0,0,1,1,3,1,1,0,0,1,1
491, ,PERS SOC PSYCHOL B,9,0,0,0,0,1,0,0,0,0,0,8
492, ,PSYCHOL LEARN MOTIV,9,0,0,0,0,0,1,0,0,0,0,8
493, ,RHYTHMS BRAIN,9,0,0,0,0,0,0,0,0,0,0,9
494,2.183,SIAM J OPTIMIZ,9,0,0,1,0,1,0,1,1,1,0,4
495, ,SOC NEUROSCI,9,0,2,3,3,0,0,0,0,0,0,1
496, ,STAT PARAMETRIC MAPP,9,0,0,0,0,0,0,6,0,0,0,3
497, ,TR07JA2 FMRIB,9,0,0,0,0,0,0,0,4,0,0,5
498, ,WECHSLER ABBREVIATED,9,0,0,0,0,0,0,0,0,0,0,9
499,1.500,ACTA NEUROBIOL EXP,8,0,0,1,0,0,1,0,0,1,0,5
500,3.126,ACTA NEUROL SCAND,8,0,2,0,1,0,0,0,0,1,1,3
501,3.258,ARCH DIS CHILD,8,0,0,0,0,0,0,0,0,0,0,8
502,3.077,ARCH PHYS MED REHAB,8,0,0,1,0,0,0,0,1,0,0,6
503, ,BILING-LANG COGN,8,0,4,0,0,0,0,0,1,0,0,3
504,4.235,BIOCHEM PHARMACOL,8,0,1,0,0,1,0,0,0,1,1,4
505, ,BIOL MOOD ANXIETY DI,8,0,0,1,1,2,4,0,0,0,0,0
506, ,CEREB CORTE IN PRESS,8,4,3,1,0,0,0,0,0,0,0,0
507,2.740,CHILD NEUROPSYCHOL,8,0,2,1,0,0,0,0,1,2,0,2
508,3.289,CURR ALZHEIMER RES,8,0,1,2,0,1,3,0,0,1,0,0
509,2.133,DEV NEUROSCI-BASEL,8,0,1,1,1,0,0,1,2,0,0,2
510,3.671,DIALOGUES CLIN NEURO,8,0,0,0,2,2,1,1,1,0,0,1
511,3.750,ECONOMETRICA,8,0,0,0,0,0,0,0,0,0,0,8
512,3.961,ENDOCRINOLOGY,8,0,0,0,1,0,0,0,1,0,0,6
513,3.696,EXPERT REV NEUROTHER,8,0,0,1,1,1,1,1,0,0,2,1
514, ,FRONT NEUROENERG,8,0,0,0,0,2,0,1,3,2,0,0
515,4.902,HUM MOL GENET,8,0,0,1,0,0,0,0,1,1,2,3
516,1.840,HUM MOVEMENT SCI,8,0,0,0,0,0,0,1,0,1,0,6
517,2.187,IEEE T INFORM THEORY,8,0,0,0,0,0,0,0,2,0,2,4
518, ,INT C ACOUST SPEE,8,0,0,2,0,1,1,0,0,0,3,1
519,4.270,J AM MED INFORM ASSN,8,0,0,0,0,0,0,0,0,0,0,8
520, ,J EXP PSYCHOL-APPL,8,0,0,0,0,0,2,0,0,0,0,6
521,6.754,J INTERN MED,8,0,0,0,0,1,0,0,0,0,0,7
522,3.075,J PHARM SCI-US,8,0,0,0,1,2,1,1,0,0,1,2
523, ,J SUBST ABUSE TREAT,8,0,1,0,0,0,0,1,0,1,1,4
524, ,LECT NOTES ARTIF INT,8,0,0,1,0,0,0,0,1,0,0,6
525, ,MEMORY,8,0,1,0,0,1,1,0,0,0,0,5
526,3.978,MOL PHARMACOL,8,0,0,0,0,2,0,0,0,0,0,6
527,3.691,MULTIVAR BEHAV RES,8,0,0,0,0,0,0,0,1,0,0,7
528,1.275,NEUROIMAG CLIN N AM,8,0,0,0,1,1,1,0,0,0,0,5
529, ,P INT SOC MAGNETIC R,8,0,1,1,2,2,0,1,0,0,0,1
530,2.118,PEERJ,8,0,1,3,4,0,0,0,0,0,0,0
531,2.064,PHARMACOPSYCHIATRY,8,0,0,0,0,0,1,1,0,2,0,4
532,2.132,PHYSICA A,8,1,0,1,0,0,0,0,0,0,1,5
533,6.000,PROG NUCL MAG RES SP,8,0,0,0,1,0,4,1,0,1,0,1
534, ,PSYCHOL ASSESSMENT,8,0,0,0,0,2,3,0,0,0,0,3
535,10.602,SLEEP MED REV,8,0,1,0,0,0,0,1,2,0,0,4
536,3.531,STRUCT EQU MODELING,8,0,0,0,0,0,0,1,0,0,2,5
537, ,TUTOR QUANT METHODS,8,0,0,0,0,0,1,0,0,0,4,3
538,1.929,ACTA NEUROCHIR,7,0,0,0,0,1,0,0,1,0,1,4
539,3.569,AM J PHYSIOL-HEART C,7,0,0,0,0,1,1,1,0,0,0,4
540, ,ANN DYSLEXIA,7,0,0,0,0,0,0,0,0,0,0,7
541, ,ANN M ORG HUM BRAIN,7,0,3,1,0,1,0,0,0,1,0,1
542, ,ATTENTION PERFORM,7,0,0,0,0,0,0,0,0,0,0,7
543,2.078,AUDIOL NEURO-OTOL,7,0,0,0,0,0,0,0,0,0,0,7
544,5.108,BBA-MOL BASIS DIS,7,0,0,0,0,0,7,0,0,0,0,0
545,1.555,BEHAV PROCESS,7,0,0,0,2,1,0,2,0,0,0,2
546, ,BMC RES NOTES,7,0,0,0,3,0,0,4,0,0,0,0
547,1.814,BRIT J RADIOL,7,0,0,0,1,0,0,0,0,0,0,6
548, ,COGN PROCESS,7,0,1,0,0,1,1,0,0,0,1,3
549,1.545,COMPUT MATH METHOD M,7,0,0,1,1,4,1,0,0,0,0,0
550,1.074,COMPUT SCI ENG,7,0,0,0,0,0,0,1,0,0,0,6
551,0.684,CONCEPT MAGN RESON B,7,0,0,0,0,0,0,0,1,0,0,6
552, ,CONCEPT MAGNETIC RES,7,0,0,0,0,0,0,0,0,0,0,7
553,2.886,DEMENT GERIATR COGN,7,0,0,1,0,0,0,0,1,0,0,5
554,2.494,DEV PSYCHOBIOL,7,0,1,1,2,2,1,0,0,0,0,0
555,2.732,EXP PHYSIOL,7,0,0,0,2,0,0,1,0,0,0,4
556, ,FRONTIERS SYST NE,7,0,1,0,0,1,3,0,1,0,1,0
557,20.773,GASTROENTEROLOGY,7,0,0,0,0,0,1,1,0,0,0,5
558,3.496,GENES BRAIN BEHAV,7,0,0,1,0,1,0,1,1,1,0,2
559,5.846,GLIA,7,0,0,0,0,0,0,0,0,1,0,6
560, ,HANDB CLIN NEUROL,7,0,0,5,0,1,1,0,0,0,0,0
561,3.177,HEALTH PSYCHOL,7,0,0,0,1,0,0,4,0,1,0,1
562, ,IEEE I CONF COMP VIS,7,0,0,2,0,3,0,2,0,0,0,0
563,5.007,IEEE T AUTOMAT CONTR,7,0,0,0,0,0,0,0,0,1,0,6
564,3.078,IEEE T VIS COMPUT GR,7,0,0,0,0,3,1,1,0,0,0,2
565, ,INSIGHT J,7,0,0,0,0,0,0,0,0,6,0,1
566,1.759,INT J AUDIOL,7,0,0,0,0,0,0,0,1,0,1,5
567, ,INT WORKSHOP PATTERN,7,0,0,0,0,7,0,0,0,0,0,0
568, ,INTRO EV POT TECHN,7,0,0,0,7,0,0,0,0,0,0,0
569,8.784,J CELL BIOL,7,0,0,0,0,0,0,0,0,1,0,6
570,1.665,J CHILD NEUROL,7,0,0,0,0,1,0,1,0,0,0,5
571,4.902,J GERONTOL A-BIOL,7,1,0,1,0,2,0,0,0,0,0,3
572,1.940,J NERV MENT DIS,7,0,0,0,1,0,0,0,0,1,0,5
573,3.500,J NEURODEV DISORD,7,0,5,1,0,0,1,0,0,0,0,0
574, ,J PERS,7,0,0,0,0,0,0,0,0,0,0,7
575,3.355,J R SOC INTERFACE,7,0,4,0,1,0,0,0,0,2,0,0
576, ,J RES PERS,7,0,0,0,0,0,1,0,1,0,0,5
577, ,MENT RETARD DEV D R,7,0,0,0,0,0,0,0,0,0,0,7
578,3.626,MOL IMAGING BIOL,7,1,0,2,0,0,0,1,0,1,1,1
579, ,NETWORKS BRAIN,7,0,0,0,0,0,0,6,1,0,0,0
580,3.241,NEUROCOMPUTING,7,0,2,2,1,0,0,0,0,0,0,2
581,3.076,NEUROTOXICOLOGY,7,0,0,0,0,0,0,0,0,0,1,6
582,3.579,NEW J PHYS,7,0,1,1,0,0,1,1,0,1,1,1
583,4.293,NICOTINE TOB RES,7,0,0,0,1,0,0,0,2,1,1,2
584, ,P 23 ANN M ISMRM TOR,7,0,0,7,0,0,0,0,0,0,0,0
585, ,PERCEPT MOTOR SKILL,7,0,0,0,0,0,1,0,0,0,0,6
586,13.783,PHYS LIFE REV,7,0,0,0,5,1,0,1,0,0,0,0
587,3.813,PHYS REV B,7,0,0,1,0,0,0,0,0,0,0,6
588,11.675,PLOS MED,7,0,0,0,1,0,0,0,0,0,0,6
589, ,PSYCHOL REP,7,0,0,0,1,0,0,0,0,0,1,5
590, ,RAT NERV SYSTEM,7,0,0,3,0,0,0,0,0,0,0,4
591,0.898,SCAND J STAT,7,0,0,0,0,0,0,0,0,0,0,7
592, ,SCI REP,7,1,3,3,0,0,0,0,0,0,0,0
593, ,SCI STUD READ,7,0,0,0,0,2,1,0,0,0,1,3
594, ,SOC NETWORKS,7,0,0,0,0,0,0,0,0,0,0,7
595,30.000,WORLD PSYCHIATRY,7,0,0,1,2,0,0,1,0,0,1,2
596, ,2009 IEEE INT S,6,0,0,0,0,0,0,0,0,6,0,0
597, ,ACCIDENT ANAL PREV,6,0,1,0,0,0,0,1,0,2,0,2
598, ,ALCOHOL RES-CURR REV,6,0,0,5,0,0,1,0,0,0,0,0
599,2.231,AM J DRUG ALCOHOL AB,6,0,0,1,1,3,0,1,0,0,0,0
600,3.480,AM J GERIAT PSYCHIAT,6,0,1,0,1,0,0,0,0,2,0,2
601,1.656,ANN NUCL MED,6,0,0,0,0,2,0,1,0,0,0,3
602, ,APPL COGNITIVE PSYCH,6,0,0,0,0,1,0,1,2,0,0,2
603,1.791,APPL OPTICS,6,0,0,0,0,0,0,0,0,3,0,3
604,0.595,ARCH ITAL BIOL,6,0,0,0,0,0,2,0,3,0,0,1
605,5.728,ARCH TOXICOL,6,0,0,2,1,0,0,0,1,0,0,2
606, ,BIOL MAGN RESON,6,0,0,6,0,0,0,0,0,0,0,0
607,2.420,BMC PUBLIC HEALTH,6,0,0,3,1,1,1,0,0,0,0,0
608, ,BRAIN MAPPING ENCY R,6,0,0,6,0,0,0,0,0,0,0,0
609,7.867,BRIT J SPORT MED,6,0,1,1,0,0,0,1,1,1,0,1
610, ,CAN J EXP PSYCHOL,6,0,0,0,0,3,0,0,0,1,0,2
611,0.792,COMPUT J,6,0,0,0,0,0,0,0,0,0,0,6
612,1.181,COMPUT STAT DATA AN,6,0,0,0,1,0,0,0,0,1,1,3
613, ,DIFFUSION TENSOR IMA,6,0,4,0,0,0,0,0,0,0,2,0
614,1.663,EDUC PSYCHOL MEAS,6,0,1,0,0,0,0,0,0,0,0,5
615,1.500,EPILEPTIC DISORD,6,0,0,0,0,0,0,0,0,0,0,6
616,3.553,EUR CHILD ADOLES PSY,6,0,0,3,1,1,0,0,0,0,0,1
617,2.242,EUR J PEDIATR,6,0,0,0,0,0,0,0,4,0,0,2
618, ,EXP PSYCHOL,6,0,0,0,0,2,0,1,1,1,0,1
619, ,HDB AGING COGNITION,6,0,0,0,0,0,0,1,0,0,0,5
620,2.371,HUM FACTORS,6,0,1,0,0,0,0,0,0,0,1,4
621, ,ICML,6,0,0,1,0,0,1,0,3,0,0,1
622, ,IEEE T ACOUST SPEECH,6,0,0,0,0,0,0,0,0,0,0,6
623, ,INT AFFECTIVE PICTUR,6,0,0,0,0,0,0,0,0,0,5,1
624,1.848,INT J NEUROSCI,6,0,0,1,0,0,0,0,1,1,1,2
625, ,J APPL BEHAV ANAL,6,0,0,0,0,0,0,0,0,0,0,6
626,2.176,J APPL PHYS,6,0,0,0,0,0,0,0,0,0,0,6
627, ,J BEHAV DECIS MAKING,6,0,0,0,0,1,0,0,0,0,1,4
628,1.790,J COMPUT GRAPH STAT,6,0,0,0,1,1,0,0,1,1,0,2
629,1.632,J ECONOMETRICS,6,0,0,0,0,0,1,0,0,1,0,4
630, ,J MAGN RESON SER A,6,0,0,0,0,0,0,0,0,0,0,6
631,1.009,J MULTIVARIATE ANAL,6,0,0,0,0,1,0,0,0,0,2,3
632, ,J NEUROBIOL,6,0,0,0,0,0,0,0,0,0,0,6
633,3.392,J NEUROENDOCRINOL,6,0,1,0,0,0,0,1,1,1,0,2
634,2.868,J NUTR HEALTH AGING,6,0,2,1,0,1,0,0,0,0,0,2
635, ,J PHONETICS,6,0,0,0,0,0,0,0,0,0,0,6
636,2.947,J PSYCHOSOM RES,6,0,0,0,0,0,0,0,0,0,1,5
637,1.455,MAGN RESON MED SCI,6,0,1,1,1,0,0,1,0,1,0,1
638,5.076,MOL NEUROBIOL,6,0,2,1,0,1,0,0,0,0,0,2
639, ,MOUSE BRAIN STEREOTA,6,0,0,0,0,1,0,0,0,0,2,3
640,32.521,NAT PHOTONICS,6,0,0,0,4,0,0,0,0,1,0,1
641,41.465,NAT REV GENET,6,0,1,0,0,0,0,1,2,0,0,2
642,0.706,NETWORK-COMP NEURAL,6,0,0,0,0,0,0,0,0,0,0,6
643, ,NEURAL BASEMULTISE,6,0,0,0,0,0,6,0,0,0,0,0
644,2.285,NEUROL SCI,6,0,0,1,0,2,0,2,1,0,0,0
645,1.495,NUCL MED COMMUN,6,0,0,0,0,0,1,1,1,1,0,2
646, ,NUCL SCI S MED IM C,6,0,0,0,0,0,0,0,0,0,0,6
647, ,P INT SOC MAG RES ME,6,0,1,0,1,0,2,2,0,0,0,0
648,18.964,PHARMACOL REV,6,0,0,0,0,0,0,0,0,0,1,5
649,10.376,PHARMACOL THERAPEUT,6,0,0,0,1,0,3,0,0,0,0,2
650, ,QUANT MRI SPI,6,0,0,0,6,0,0,0,0,0,0,0
651, ,READ WRIT,6,0,0,0,0,0,0,0,0,1,1,4
652,1.579,SCI AM,6,0,0,0,0,0,0,0,2,0,0,4
653,1.859,SCI ENG ETHICS,6,0,0,0,6,0,0,0,0,0,0,0
654,2.361,SIAM J IMAGING SCI,6,0,0,1,1,1,1,0,1,1,0,0
655,3.470,SIGNAL PROCESS,6,0,0,0,0,1,0,0,0,0,0,5
656,3.395,SLEEP MED,6,0,0,3,1,0,0,0,0,0,0,2
657,1.185,SOMATOSENS MOT RES,6,0,0,0,3,0,0,0,0,0,0,3
658,2.792,SPINE,6,0,0,1,3,0,0,0,0,0,0,2
659,0.812,STAT APPL GENET MOL,6,0,0,0,0,0,0,0,2,0,0,4
660,0.886,STAT SINICA,6,0,0,1,0,0,0,1,0,0,2,2
661, ,ADAPT COMPUT MACH LE,5,0,1,0,0,0,0,0,0,0,0,4
662, ,ADV CHILD DEV BEHAV,5,0,0,4,0,0,1,0,0,0,0,0
663,2.900,AGE,5,0,0,1,3,1,0,0,0,0,0,0
664, ,AGING NEUROPSYCHOL C,5,0,1,0,0,1,0,0,0,0,0,3
665,5.015,ALZHEIMERS RES THER,5,0,1,2,1,0,0,0,1,0,0,0
666,4.322,AM J EPIDEMIOL,5,0,0,0,0,0,0,0,0,0,1,4
667,1.373,ANAT REC,5,0,0,0,0,0,0,0,1,0,0,4
668,3.405,ANN BIOMED ENG,5,0,0,0,0,0,1,0,0,0,1,3
669,13.295,ANNU REV PHARMACOL,5,0,0,2,1,0,0,0,0,0,0,2
670, ,APPL PSYCH MEAS,5,0,0,0,0,0,0,0,0,0,0,5
671,1.590,ARCH CLIN NEUROPSYCH,5,0,0,0,0,0,0,0,0,1,0,4
672, ,ARCH PSYCHIAT NERVEN,5,0,0,0,0,0,0,0,0,0,0,5
673, ,ARTHRITIS RHEUM-US,5,0,0,0,0,0,0,0,3,0,0,2
674,2.213,BMC BIOINFORMATICS,5,0,0,0,0,0,0,1,0,0,0,4
675,9.088,BMC MED,5,0,0,0,0,3,1,0,1,0,0,0
676,6.306,BRAIN BEHAV IMMUN,5,0,1,0,0,1,1,2,0,0,0,0
677,3.657,BRIT J NUTR,5,1,0,0,0,0,1,0,0,0,0,3
678,3.612,CAN J PSYCHIAT,5,0,1,0,0,1,0,0,0,0,2,1
679, ,CELEX LEXICAL DATABA,5,0,0,0,0,0,0,0,0,0,0,5
680,20.565,CELL METAB,5,0,0,0,0,0,0,2,0,0,2,1
681,3.895,CELL MOL NEUROBIOL,5,0,1,0,1,0,0,0,0,1,0,2
682,8.032,CELL REP,5,0,2,1,0,2,0,0,0,0,0,0
683, ,CLIN PSYCHOL SCI,5,0,1,2,1,1,0,0,0,0,0,0
684,1.444,COGN BEHAV NEUROL,5,0,0,0,0,0,0,1,1,1,0,2
685, ,COGNITIVE DEV,5,0,0,0,0,0,0,0,1,2,1,1
686, ,COGNITIVE THER RES,5,0,0,0,0,0,0,0,0,0,3,2
687, ,COMMUN INTEGR BIOL,5,0,0,0,0,0,0,4,0,1,0,0
688,2.128,COMPR PSYCHIAT,5,0,0,0,0,1,0,1,0,0,1,2
689, ,CREATIVITY RES J,5,0,1,0,0,1,1,1,0,0,0,1
690,3.478,CURR NEUROL NEUROSCI,5,0,1,1,2,1,0,0,0,0,0,0
691,4.068,CURR NEUROPHARMACOL,5,0,0,0,0,0,0,0,0,0,5,0
692, ,DATA BRIEF,5,0,2,3,0,0,0,0,0,0,0,0
693,2.598,DEV NEUROBIOL,5,3,0,0,0,0,1,0,0,0,0,1
694,6.023,DIABETOLOGIA,5,0,0,0,0,0,0,0,0,0,0,5
695, ,DIFFUSION MRI,5,0,0,0,3,0,0,1,1,0,0,0
696, ,DYSLEXIA,5,0,0,1,0,0,0,1,2,0,0,1
697, ,ELEMENTS STAT LEARNI,5,0,0,0,0,0,0,0,0,2,2,1
698,7.023,EUR J EPIDEMIOL,5,0,0,3,0,0,1,1,0,0,0,0
699, ,FUNCT MAGN,5,0,1,0,0,0,0,0,0,2,1,1
700,4.075,GENETICS,5,0,1,0,2,0,2,0,0,0,0,0
701,10.101,GENOME RES,5,0,0,0,0,0,0,0,0,3,0,2
702, ,IEEE NUCL SCI CONF R,5,0,0,0,0,0,0,1,0,0,0,4
703, ,IEEE REV BIOMED ENG,5,0,0,0,0,0,4,0,0,0,1,0
704, ,IEEE T INF TECHNOL B,5,0,0,0,0,0,0,0,0,2,2,1
705,2.775,IEEE T KNOWL DATA EN,5,0,0,0,1,1,0,0,2,1,0,0
706,3.972,IEEE T NEUR SYS REH,5,0,1,0,0,1,1,0,1,0,0,1
707,1.440,IEEE T NUCL SCI,5,0,0,0,0,1,0,0,0,1,0,3
708,2.704,IEEE T ULTRASON FERR,5,0,0,0,1,1,0,1,0,1,1,0
709, ,INT C MED IM COMP CO,5,0,1,0,1,0,0,1,0,0,0,2
710, ,INT J BIOELECTROMAGN,5,0,0,0,0,0,0,0,0,0,2,3
711,2.371,INT REV NEUROBIOL,5,0,1,0,0,1,0,0,0,0,0,3
712, ,INTRO FUNCT MAG,5,0,0,0,0,0,0,0,0,5,0,0
713,1.946,INVERSE PROBL,5,0,0,0,0,0,0,0,0,1,1,3
714, ,ISMRM,5,0,1,0,1,1,0,0,1,0,0,1
715, ,J APPL MATH,5,0,0,0,0,5,0,0,0,0,0,0
716,3.396,J CLIN SLEEP MED,5,0,0,0,0,0,0,0,0,1,1,3
717,2.183,J GERIATR PSYCH NEUR,5,0,0,0,1,0,0,0,1,0,0,3
718, ,J HIRNFORSCH,5,0,0,0,0,0,0,0,0,0,0,5
719,0.662,J INTEGR NEUROSCI,5,0,0,0,1,1,0,0,2,0,0,1
720,6.253,J MED CHEM,5,0,0,0,1,0,0,0,0,0,0,4
721, ,J NEUROCYTOL,5,0,0,0,0,0,0,0,0,0,0,5
722, ,J PERS DISORD,5,0,0,0,2,1,0,0,0,2,0,0
723,1.750,J R STAT SOC C-APPL,5,1,1,0,0,0,1,0,0,0,0,2
724, ,J SPEECH HEAR RES,5,0,0,0,0,0,0,0,0,0,0,5
725,2.325,J STRENGTH COND RES,5,0,0,1,0,0,0,1,2,0,0,1
726, ,J VOICE,5,0,0,0,0,0,0,1,0,1,0,3
727, ,J YOUTH ADOLESCENCE,5,0,0,0,0,0,0,0,0,0,0,5
728, ,MED IMAGE COMPUTING,5,0,0,1,0,0,1,1,1,0,0,1
729,12.888,MMWR-MORBID MORTAL W,5,0,0,0,0,0,1,1,0,0,2,1
730, ,MOTIV EMOTION,5,0,0,0,0,0,3,0,1,0,0,1
731, ,NEUROLMAGE S1,5,0,0,0,0,0,0,0,0,5,0,0
732,11.561,NUCLEIC ACIDS RES,5,0,0,1,0,1,0,0,1,0,0,2
733,2.370,NUMER MATH,5,0,0,0,0,0,0,0,0,0,0,5
734, ,OPEN NEUROIMAGING J,5,0,1,0,0,0,0,3,1,0,0,0
735, ,OXFORD HDB EVENT REL,5,0,0,0,0,0,2,1,0,1,1,0
736,5.947,PHYSIOLOGY,5,0,1,0,1,0,0,0,0,0,0,3
737, ,PICTURES FACIAL AFFE,5,0,0,0,0,0,0,0,0,0,0,5
738,5.540,PLOS GENET,5,0,0,0,2,1,0,0,1,0,0,1
739, ,PRINCIPLES FRONTAL L,5,0,0,0,0,2,0,0,0,0,0,3
740,3.249,RADIOGRAPHICS,5,0,0,0,0,0,1,0,0,2,0,2
741,1.792,RESP PHYSIOL NEUROBI,5,0,1,1,0,0,0,1,0,1,0,1
742,2.101,RESTOR NEUROL NEUROS,5,0,0,1,0,0,0,0,1,1,0,2
743,1.870,SEMIN NEUROL,5,0,0,0,0,1,2,0,0,0,1,1
744,1.698,SIAM J APPL MATH,5,0,1,0,2,0,0,0,0,0,0,2
745, ,SPRINGER SERIES STAT,5,0,0,0,0,0,0,0,0,0,0,5
746,1.851,STAT COMPUT,5,0,0,0,0,0,1,0,0,0,0,4
747, ,USE R,5,0,0,0,0,0,0,0,0,4,1,0
748,3.713,WORLD J BIOL PSYCHIA,5,0,0,0,2,0,2,0,1,0,0,0
749, ,07103341 ARXIV,4,0,0,0,0,0,0,0,0,0,0,4
750, ,36 ECVP S,4,0,0,0,0,0,0,0,0,0,0,4
751,4.384,ACM T GRAPHIC,4,0,0,1,0,1,0,0,0,2,0,0
752,2.905,ACM T MATH SOFTWARE,4,0,0,0,0,0,0,0,0,0,0,4
753,1.161,ACTA OTO-LARYNGOL,4,0,0,0,0,0,0,0,0,0,0,4
754,2.580,ACTA PAEDIATR,4,0,0,0,1,1,0,0,0,0,0,2
755,5.930,ACTA PHYSIOL,4,0,0,2,0,0,0,2,0,0,0,0
756, ,ADV COGN PSYCHOL,4,0,0,0,0,0,0,0,0,0,1,3
757, ,ADV EXP SOC PSYCHOL,4,0,0,0,0,1,0,1,0,1,0,1
758, ,ADV NEUR INFORM PROC,4,0,0,0,0,0,4,0,0,0,0,0
759,8.973,AGEING RES REV,4,0,0,1,2,0,0,0,0,0,0,1
760, ,ALZH ASS INT C AAIC,4,0,0,0,4,0,0,0,0,0,0,0
761, ,AM J NUCL MED MOLEC,4,0,0,0,2,2,0,0,0,0,0,0
762,4.380,AM J PUBLIC HEALTH,4,0,0,0,0,1,0,0,0,0,0,3
763,0.525,AM SCI,4,0,0,0,1,0,0,0,0,1,0,2
764,19.384,ANN INTERN MED,4,0,0,0,0,1,0,0,0,0,0,3
765, ,APPL MULTIPLE REGRES,4,0,0,0,0,0,0,0,0,0,0,4
766,6.086,ARTERIOSCL THROM VAS,4,0,0,1,0,0,0,0,0,0,0,3
767,2.879,ARTIF INTELL MED,4,0,0,0,0,3,0,0,0,0,0,1
768, ,ARXIV E PRINTS,4,0,1,0,0,1,1,1,0,0,0,0
769, ,ASSESSMENT,4,0,0,0,1,0,1,0,0,0,0,2
770, ,ATLAS HUM BRAIN,4,0,0,2,0,0,0,0,0,0,1,1
771, ,BECK DEPRESSION INVE,4,0,0,0,0,0,0,0,0,0,0,4
772,1.854,BEHAV PHARMACOL,4,0,0,1,0,0,1,0,0,0,0,2
773,2.524,BMC MED RES METHODOL,4,0,0,0,0,1,2,0,0,0,0,1
774,1.650,BRAIN BEHAV EVOLUT,4,0,0,0,1,0,0,0,0,0,0,3
775,1.214,BRIT J MATH STAT PSY,4,0,0,0,0,0,0,0,0,0,0,4
776,2.006,CAN J NEUROL SCI,4,0,0,0,0,0,0,0,0,0,0,4
777,6.721,CELL MOL LIFE SCI,4,0,0,0,0,0,0,0,0,1,1,2
778,3.043,CELL TISSUE RES,4,0,0,0,0,0,1,0,0,1,0,2
779,3.886,CEPHALALGIA,4,0,0,1,0,2,0,0,1,0,0,0
780,2.931,CEREBROVASC DIS,4,0,0,0,1,0,1,1,0,0,0,1
781,2.701,CHEMOMETR INTELL LAB,4,0,0,0,0,0,0,0,0,0,0,4
782, ,CLIN PSYCHOL-SCI PR,4,0,0,0,0,0,0,0,0,0,0,4
783,6.754,COCHRANE DB SYST REV,4,0,0,1,0,1,1,1,0,0,0,0
784,3.386,COMMUN PUR APPL MATH,4,0,0,0,0,0,1,0,0,0,0,3
785,1.200,COMPUT GRAPH-UK,4,0,0,0,0,0,1,0,1,1,0,1
786,2.391,COMPUT VIS IMAGE UND,4,0,0,0,0,1,0,0,0,0,0,3
787,1.940,COMPUTER,4,0,0,0,0,0,0,0,0,1,1,2
788, ,CONDITIONING CONSCIO,4,0,0,0,0,0,0,0,0,0,0,4
789,2.934,CONTRAST MEDIA MOL I,4,0,0,0,0,1,1,0,0,1,1,0
790,3.979,CSH PERSPECT MED,4,0,0,0,0,0,2,2,0,0,0,0
791, ,CURR ADDICT REP,4,0,2,2,0,0,0,0,0,0,0,0
792, ,CURR BIOL CB,4,0,1,0,1,0,0,0,0,0,0,2
793,2.757,CURR PHARM DESIGN,4,0,0,0,1,0,1,0,0,2,0,0
794, ,CURR TOP BEHAV NEURO,4,0,0,2,0,0,0,0,2,0,0,0
795,3.374,CURR TOP MED CHEM,4,0,0,0,0,0,2,0,1,0,0,1
796, ,CYTOARCHITEKTONIK HI,4,0,0,0,0,0,0,0,0,0,0,4
797, ,DATA BRIEF UNPUB,4,2,0,0,0,0,0,0,0,0,0,2
798, ,DEV BRAIN RES,4,0,0,0,0,0,0,0,0,0,0,4
799, ,DEV COGN NEUROSCI,4,0,2,0,2,0,0,0,0,0,0,0
800,2.025,EARLY HUM DEV,4,0,0,0,0,2,1,0,0,1,0,0
801, ,EEG CL N SU,4,0,0,0,0,0,0,0,0,0,0,4
802,2.630,EJNMMI RES,4,0,0,1,0,0,3,0,0,0,0,0
803, ,EUR J COGN PSYCHOL,4,0,0,0,0,0,0,0,1,0,1,2
804,1.065,EXP AGING RES,4,0,1,0,0,0,1,0,0,0,0,2
805,5.595,FASEB J,4,0,0,0,0,0,0,0,1,0,0,3
806, ,FIBER PATHWAYS BRAIN,4,0,0,0,0,0,0,0,0,0,0,4
807, ,FRONT NEUROENERGETIC,4,0,0,0,0,0,0,0,4,0,0,0
808, ,FRONTIER NEUROINFORM,4,0,0,0,0,1,0,0,0,0,1,2
809, ,FUNCT NEUROL,4,0,0,0,1,0,0,1,0,0,1,1
810, ,GEN LINEAR MODELS,4,0,0,0,0,0,0,0,0,0,0,4
811,3.532,GERONTOLOGY,4,0,0,0,0,0,0,0,0,1,0,3
812, ,GRAYS ANATOMY ANATOM,4,0,0,4,0,0,0,0,0,0,0,0
813,17.016,GUT,4,0,0,0,0,0,0,1,0,0,0,3
814,1.854,HIGH ALT MED BIOL,4,0,0,0,1,0,0,0,0,0,0,3
815, ,HIPPOCAMPUS COGNITIV,4,0,0,0,0,0,0,0,0,0,0,4
816, ,HUM HIPPOCAMPUS FU,4,0,0,0,0,1,0,0,0,0,0,3
817, ,ICD 10 CLASS MENT BE,4,0,1,0,0,0,0,0,0,0,0,3
818,3.850,IEEE J BIOMED HEALTH,4,0,1,2,1,0,0,0,0,0,0,0
819, ,INDEPENDENT COMPONEN,4,0,0,0,0,0,0,0,0,0,0,4
820, ,INFORM THEOR INFERE,4,0,0,0,0,0,0,0,0,0,0,4
821,3.897,INT J EAT DISORDER,4,0,0,0,0,0,0,0,0,1,0,3
822,1.029,INT J PATTERN RECOGN,4,0,0,0,1,0,0,0,0,0,0,3
823, ,INT SOC MAGNETIC RES,4,0,2,2,0,0,0,0,0,0,0,0
824, ,INTEGRATED MODELS CO,4,0,0,0,0,0,0,0,0,0,0,4
825, ,INTRO MEDIATION MODE,4,0,0,0,0,3,0,0,0,0,1,0
826,4.098,J ADOLESCENT HEALTH,4,0,0,1,1,0,0,0,0,0,0,2
827,1.593,J AM ACAD AUDIOL,4,0,0,0,1,0,0,1,0,0,0,2
828,3.768,J BIOPHOTONICS,4,0,2,0,1,0,0,0,0,1,0,0
829, ,J CLIN CHILD ADOLESC,4,0,1,0,0,0,0,0,0,1,0,2
830,5.789,J CLIN ENDOCR METAB,4,0,0,0,0,0,0,0,1,0,0,3
831,1.632,J COMPUT APPL MATH,4,0,0,0,0,0,0,0,0,0,1,3
832, ,J CONSCIOUSNESS STUD,4,0,0,0,0,0,0,0,0,0,0,4
833,5.383,J DENT RES,4,0,1,0,0,0,2,0,0,0,0,1
834,3.179,J EXP BIOL,4,0,0,0,0,0,0,0,0,0,2,2
835,1.861,J EXP PSYCHOL-ANIM L,4,0,0,1,0,0,0,1,1,0,0,1
836,1.727,J FLUENCY DISORD,4,0,0,0,1,0,0,1,1,0,1,0
837, ,J LEARN DISABIL-US,4,0,0,0,0,0,0,1,0,0,0,3
838,1.927,J MATH IMAGING VIS,4,0,0,0,0,0,0,1,0,1,0,2
839,3.060,J NEURO-ONCOL,4,0,1,0,1,0,0,0,0,0,1,1
840,1.547,J NEUROLINGUIST,4,0,0,0,0,1,1,1,0,1,0,0
841,3.786,J NEUROPSYCHOL,4,0,0,1,1,0,0,2,0,0,0,0
842,1.234,J OPTIMIZ THEORY APP,4,0,1,0,0,0,0,0,0,0,0,3
843, ,J PSYCHOLINGUIST RES,4,0,0,0,0,1,0,0,0,0,0,3
844, ,J SOC CLIN PSYCHOL,4,0,0,0,0,2,0,0,0,0,0,2
845,2.733,J SPORT SCI,4,0,0,0,0,0,1,0,0,0,0,3
846, ,JUDGM DECIS MAK,4,0,0,0,0,0,0,1,1,1,0,1
847, ,LANG LEARN,4,0,1,0,0,0,0,0,0,0,0,3
848, ,LANG LINGUIST COMPAS,4,0,0,0,0,0,1,0,0,1,2,0
849, ,LEARN INDIVID DIFFER,4,0,0,0,0,0,0,1,0,0,0,3
850, ,MACH LEARN MED,4,0,0,4,0,0,0,0,0,0,0,0
851,0.233,MATH INTELL,4,0,0,0,0,0,0,0,0,0,0,4
852,1.087,MICROSC RES TECHNIQ,4,0,0,0,0,0,0,0,0,0,0,4
853,1.414,MOL IMAGING,4,0,0,1,0,0,0,0,0,0,0,3
854, ,MOUSE NERV SYSTEM,4,0,0,0,0,0,4,0,0,0,0,0
855, ,MRI ATLAS HUMAN WHIT,4,0,0,0,0,0,0,1,1,0,0,2
856,50.167,NAT REV DRUG DISCOV,4,0,1,0,0,1,0,2,0,0,0,0
857,35.612,NAT REV MOL CELL BIO,4,0,0,0,0,0,0,0,2,1,0,1
858, ,NATO ADV SCI INST SE,4,0,0,0,0,0,0,0,0,0,0,4
859, ,NEUROBIOL LANGUAG,4,0,2,2,0,0,0,0,0,0,0,0
860,3.603,NEUROCHEM INT,4,1,0,0,0,0,0,0,0,0,0,3
861,1.449,NEUROL RES,4,0,1,0,0,0,0,0,0,0,0,3
862,1.605,NEUROPEDIATRICS,4,0,0,0,0,0,0,0,0,0,0,4
863, ,NEUROPSYCHOLOGICAL,4,0,0,0,0,0,0,0,0,0,0,4
864, ,NEURORX,4,0,0,0,0,0,0,0,0,0,0,4
865,2.486,NEUROSURG CLIN N AM,4,0,1,0,0,0,0,1,0,0,0,2
866, ,NONLINEAR REGISTRATI,4,0,0,0,0,0,0,0,0,0,0,4
867, ,ORG HUM BRAIN MAPP A,4,0,0,4,0,0,0,0,0,0,0,0
868, ,ORGAN RES METHODS,4,0,1,0,0,0,0,0,0,0,0,3
869, ,P 24 ANN M ISMRM,4,0,4,0,0,0,0,0,0,0,0,0
870, ,PATENTS,4,0,0,1,0,1,0,0,0,0,0,2
871, ,PATTERN CLASSIFICATI,4,0,0,0,0,0,0,0,0,0,0,4
872,3.335,PHARM RES-DORDR,4,0,0,0,1,0,0,0,0,0,1,2
873,1.632,PHILOS MAG,4,0,0,0,0,0,0,0,0,0,0,4
874, ,PHILOS T ROY SOC LON,4,0,0,0,1,0,0,0,0,0,0,3
875, ,PHYS REV,4,0,0,0,0,0,0,0,0,0,0,4
876, ,PRINCIPAL COMPONENT,4,0,0,0,1,0,0,0,0,0,0,3
877, ,PRINCIPLES MAGN,4,0,0,0,0,0,0,0,2,0,0,2
878,3.427,PROG BIOPHYS MOL BIO,4,0,0,0,0,0,0,2,0,0,0,2
879, ,PSYCHOL INQ,4,0,0,0,0,0,1,0,0,0,0,3
880,2.878,PSYCHOL SPORT EXERC,4,0,0,1,0,0,0,1,1,1,0,0
881,14.257,REP PROG PHYS,4,0,0,0,0,2,0,0,1,0,0,1
882, ,RES DEV DISABIL,4,0,0,2,0,1,0,0,1,0,0,0
883,11.511,SCI ADV,4,0,2,2,0,0,0,0,0,0,0,0
884,4.558,SEMIN NUCL MED,4,0,0,1,0,1,0,0,0,0,0,2
885,1.682,SIAM J MATRIX ANAL A,4,0,0,0,0,1,0,0,0,0,0,3
886,2.046,SIAM J SCI COMPUT,4,0,0,0,0,0,0,0,1,0,0,3
887, ,SIGNAL DETECT THEORY,4,0,0,0,0,0,0,0,0,0,0,4
888, ,STEREOTACTIC ATLAS H,4,0,0,0,0,1,0,0,0,0,0,3
889, ,SURG NEUROL,4,0,0,0,0,0,0,0,0,0,0,4
890, ,THALAMUS RELAT SYST,4,0,0,0,0,0,0,0,0,0,0,4
891, ,THEOR PROBABILITY,4,0,0,0,0,0,0,0,0,0,0,4
892, ,TIMING TIME PERCEPTI,4,0,0,1,3,0,0,0,0,0,0,0
893, ,TOP COGN SCI,4,0,1,1,0,0,0,0,2,0,0,0
894, ,TOP MAGN RESON IMAG,4,0,0,0,0,0,0,0,2,0,0,2
895, ,TR07JA1 FMRIB,4,0,0,0,0,0,0,0,0,0,0,4
896,1.669,TWIN RES HUM GENET,4,0,0,0,0,2,1,0,0,0,0,1
897, ,WECHSLER INTELLIGENC,4,0,0,0,0,0,0,0,0,0,0,4
898, ,WECHSLER MEMORY SCAL,4,0,0,0,0,0,0,0,0,0,0,4
899, ,WILEY HDB COGNITIVE,4,0,0,4,0,0,0,0,0,0,0,0
900,1.924,WORLD NEUROSURG,4,0,0,1,3,0,0,0,0,0,0,0
901, ,ZDM-MATH EDUC,4,0,0,1,0,0,0,0,3,0,0,0
902, ,1 COURSE STRUCTURAL,3,0,0,0,0,0,0,0,0,0,0,3
903, ,2004 2 IEEE,3,0,0,0,0,0,0,0,0,0,0,3
904, ,2015 INT WORKSH,3,0,0,3,0,0,0,0,0,0,0,0
905, ,3 DIMENSIONAL PROPOR,3,0,0,0,0,0,0,0,0,0,0,3
906,5.414,ACTA NEUROPATHOL COM,3,0,1,0,2,0,0,0,0,0,0,0
907,2.333,ACTA NEUROPSYCHIATR,3,0,1,0,0,0,0,0,0,0,0,2
908, ,ACTA PSYCHOL SINICA,3,0,0,0,0,0,0,0,1,0,0,2
909,7.627,AGING CELL,3,0,0,0,0,1,0,0,0,0,0,2
910, ,AM ECON REV,3,0,0,0,0,0,0,0,0,1,0,2
911,10.231,AM J GASTROENTEROL,3,0,0,0,0,0,0,0,1,0,0,2
912,3.016,AM J MED GENET B,3,0,0,1,1,0,0,0,0,0,0,1
913,4.018,AM J PHYSIOL-ENDOC M,3,0,0,0,1,0,0,0,0,0,0,2
914,4.127,AM J PREV MED,3,1,0,0,0,0,0,0,0,0,0,2
915,5.431,ANAESTHESIA,3,0,1,0,0,0,0,0,0,0,0,2
916,2.275,ANAL BIOCHEM,3,0,1,0,0,0,0,0,0,0,0,2
917,12.350,ANN RHEUM DIS,3,0,0,1,2,0,0,0,0,0,0,0
918,8.788,ANNU REV BIOMED ENG,3,0,0,0,0,0,0,0,0,0,0,3
919,14.970,ANNU REV MED,3,0,0,0,0,0,1,0,0,2,0,0
920,8.886,ANNU REV NUTR,3,0,0,0,0,0,0,0,1,0,0,2
921,5.140,ANNU REV VIS SCI,3,0,0,3,0,0,0,0,0,0,0,0
922,6.530,ANTIOXID REDOX SIGN,3,0,0,1,1,0,0,0,0,0,0,1
923, ,APA HDB PERSONALITY,3,0,0,3,0,0,0,0,0,0,0,0
924,2.833,APPL COMPUT HARMON A,3,0,0,0,0,0,0,1,0,1,0,1
925,0.835,APPL MAGN RESON,3,0,0,0,1,0,0,0,0,0,0,2
926, ,APPL PREV PSYCHOL,3,0,0,0,0,0,0,0,0,0,0,3
927,1.123,APPL RADIAT ISOTOPES,3,1,0,0,0,0,0,0,0,1,0,1
928,3.953,ARCH DIS CHILD-FETAL,3,0,0,0,0,0,0,0,0,1,1,1
929, ,ARCH NEURO PSYCHIATR,3,0,0,0,0,0,0,0,0,0,0,3
930, ,ARXIV151101863,3,0,0,3,0,0,0,0,0,0,0,0
931, ,ARXIV160305261,3,0,3,0,0,0,0,0,0,0,0,0
932, ,AT&T TECH J,3,0,0,0,0,0,0,0,0,0,0,3
933, ,ATLAS HUM BRAIN CO,3,0,0,0,0,0,3,0,0,0,0,0
934, ,ATLAS STEREOTAXY HUM,3,0,0,0,0,0,0,0,0,0,0,3
935, ,BASAL GANGLIA,3,0,0,0,1,0,0,2,0,0,0,0
936, ,BASIC NEUROCHEMISTRY,3,0,0,0,0,0,0,0,0,0,0,3
937, ,BAYESIAN DATA ANAL,3,0,0,0,1,1,0,0,0,0,0,1
938, ,BAYESIAN STAT,3,0,0,0,0,0,0,0,0,0,0,3
939, ,BEHAV COGNITIVE NEUR,3,0,0,0,0,0,0,0,0,0,0,3
940,2.036,BEHAV GENET,3,0,0,1,0,0,0,0,0,0,0,2
941,2.559,BIOCHEM BIOPH RES CO,3,0,0,0,0,0,1,0,0,0,0,2
942,3.543,BIOL SEX DIFFER,3,0,0,0,0,0,2,0,1,0,0,0
943, ,BIOMED ENG LETT,3,0,0,0,0,2,0,1,0,0,0,0
944,1.088,BIOMED ENG-BIOMED TE,3,0,0,0,0,2,0,0,0,0,0,1
945,2.783,BIOMED SIGNAL PROCES,3,1,0,0,2,0,0,0,0,0,0,0
946, ,BRAIN J NEUROL,3,0,2,0,1,0,0,0,0,0,0,0
947,6.187,BRAIN PATHOL,3,0,0,1,0,1,0,0,0,0,0,1
948, ,BRAIN SCI,3,0,1,0,0,2,0,0,0,0,0,0
949, ,BRIT J EDUC PSYCHOL,3,0,0,0,0,0,1,0,0,0,0,2
950,1.238,BRIT J NEUROSURG,3,0,0,1,1,0,0,0,0,0,1,0
951, ,C P IEEE ENG MED BIO,3,0,0,0,0,0,1,0,0,0,0,2
952, ,C REC ASILOMAR C,3,0,0,0,1,0,0,0,0,0,0,2
953,9.130,CANCER RES,3,0,0,0,0,0,0,0,0,1,0,2
954, ,CEREB CORTEX N Y N,3,1,0,0,1,0,0,0,0,0,0,1
955,3.235,CHEM SENSES,3,0,0,0,0,0,0,0,0,0,0,3
956, ,CHILD PSYCHIAT HUM D,3,0,0,0,0,0,0,0,0,0,0,3
957,1.596,CHINESE MED J-PEKING,3,0,0,0,0,0,0,0,0,1,0,2
958, ,CHOOSING PREDICTION,3,0,3,0,0,0,0,0,0,0,0,0
959,2.643,CHRONOBIOL INT,3,0,0,0,0,1,0,1,0,0,0,1
960,1.736,CLIN NEUROL NEUROSUR,3,0,0,0,0,0,0,0,0,0,0,3
961, ,CLIN NEUROSCI,3,0,0,0,0,0,0,0,0,0,0,3
962,6.544,CLIN PHARMACOL THER,3,0,0,0,0,0,0,0,0,0,1,2
963, ,CLIN RES GUIDE THERA,3,0,0,0,0,0,0,0,0,0,0,3
964, ,CLIN TRANSL IMAGING,3,0,0,1,1,1,0,0,0,0,0,0
965,3.495,CNS NEUROSCI THER,3,0,1,2,0,0,0,0,0,0,0,0
966, ,COMPUT NEUROSCI-MIT,3,0,0,0,0,0,3,0,0,0,0,0
967, ,COMPUT VISION GRAPH,3,0,0,0,0,0,0,0,0,0,0,3
968,0.391,CONCEPT MAGN RESON A,3,0,0,0,2,0,0,0,0,0,0,1
969, ,CONTEMP BUDDHISM,3,0,0,0,0,0,0,2,0,0,1,0
970, ,CONTROL CLIN TRIALS,3,0,0,0,0,0,0,0,0,0,0,3
971, ,CR HEBD ACAD SCI,3,0,0,0,0,0,0,0,0,0,1,2
972,6.425,CRIT CARE,3,0,0,0,1,0,0,0,0,0,0,2
973,6.630,CRIT CARE MED,3,0,0,0,0,0,0,0,0,0,0,3
974,9.247,CSH PERSPECT BIOL,3,0,1,2,0,0,0,0,0,0,0,0
975, ,CURR DRUG ABUSE R,3,0,0,1,0,0,0,2,0,0,0,0
976,0.299,CURR MED IMAGING REV,3,0,0,0,0,0,0,0,0,0,0,3
977,2.581,CURR OPIN ANESTHESIO,3,0,0,1,0,0,0,0,0,0,1,1
978,3.864,CURR PSYCHIAT REP,3,0,0,0,0,0,0,0,1,0,0,2
979,9.616,DEV CELL,3,0,0,1,1,0,0,0,0,0,1,0
980,13.397,DIABETES CARE,3,0,0,0,0,2,0,1,0,0,0,0
981, ,DIFFUSION MRI QUANTI,3,0,0,0,0,3,0,0,0,0,0,0
982, ,DISCRIMINANT ANAL ST,3,0,0,0,0,0,0,0,0,0,0,3
983, ,E PRIME USERS GUIDE,3,0,0,0,0,0,2,0,0,0,0,1
984, ,EDUC STUD MATH,3,0,0,0,0,0,0,0,0,0,1,2
985, ,EJNMMI PHYS,3,0,0,1,2,0,0,0,0,0,0,0
986, ,ELECTROMYOGR MOTOR C,3,0,0,0,0,0,0,0,0,0,0,3
987, ,ELEMENTS INFORM THEO,3,0,0,0,0,0,0,0,0,0,0,3
988,10.557,EMBO J,3,0,1,0,0,1,0,0,0,0,0,1
989, ,ENCY STAT SCI,3,0,0,0,0,0,0,0,0,0,0,3
990,5.684,EPIDEMIOL PSYCH SCI,3,0,0,1,1,0,1,0,0,0,0,0
991,2.019,ERGONOMICS,3,0,0,0,0,0,0,0,0,0,0,3
992,2.401,EUR J APPL PHYSIOL,3,0,0,0,0,0,1,0,1,1,0,0
993,1.562,EUR NEUROL,3,0,0,0,0,1,0,0,0,0,0,2
994, ,EVOLUTION NERV SY,3,1,0,0,0,0,0,0,0,0,0,2
995, ,FDN TRENDS MACH LEAR,3,0,0,0,0,0,0,1,1,0,0,1
996,4.530,FEBS J,3,0,0,0,0,1,1,0,0,1,0,0
997, ,FED PROC,3,0,0,0,0,0,0,0,0,0,0,3
998,3.831,FRONT PHARMACOL,3,0,0,3,0,0,0,0,0,0,0,0
999, ,FUTUR NEUROL,3,0,0,0,1,1,1,0,0,0,0,0
1000,3.872,HEREDITY,3,0,0,0,0,0,0,0,0,0,0,3
1001, ,HIPPOCAMPUS BOOK,3,0,0,0,0,0,0,0,0,0,0,3
1002,0.542,HUM HERED,3,0,0,0,0,0,0,1,2,0,0,0
1003, ,HUM NERV SYSTEM,3,0,0,0,0,0,2,0,0,0,0,1
1004, ,IEEE IMAGE PROC,3,0,0,0,0,0,0,1,0,0,1,1
1005,2.619,ILAR J,3,0,0,0,0,0,0,0,0,0,1,2
1006, ,IN VIVO OPTICAL IMAG,3,0,0,0,0,0,0,0,0,3,0,0
1007, ,INFORM PROCESSING ME,3,0,0,2,0,1,0,0,0,0,0,0
1008,4.305,INFORM SCIENCES,3,0,0,1,0,0,2,0,0,0,0,0
1009, ,INT J ALZHEIMERS DIS,3,0,0,0,0,1,0,2,0,0,0,0
1010,1.961,INT J COMPUT ASS RAD,3,0,0,2,0,1,0,0,0,0,0,0
1011, ,INTRO BOOTSTRAP,3,0,0,0,0,0,0,0,0,0,0,3
1012, ,INTRO EVENT RELATED,3,0,0,0,0,0,0,0,0,0,0,3
1013, ,INTRO MODEL BASED CO,3,0,0,3,0,0,0,0,0,0,0,0
1014, ,J AGING RES,3,0,0,0,0,1,1,1,0,0,0,0
1015, ,J BIOMED IMAGING,3,0,0,0,0,0,2,0,0,1,0,0
1016,1.214,J CLASSIF,3,0,0,0,0,0,0,0,0,0,0,3
1017, ,J COGN NEUR IN PRESS,3,1,1,1,0,0,0,0,0,0,0,0
1018,1.970,J COMP PHYSIOL A,3,0,0,0,0,1,0,0,0,0,0,2
1019, ,J COMP PHYSIOL PSYCH,3,0,0,0,0,0,0,0,0,0,0,3
1020, ,J ECON BEHAV ORGAN,3,0,0,1,0,0,0,0,0,0,0,2
1021,2.816,J HISTOCHEM CYTOCHEM,3,0,0,0,0,0,0,0,0,0,1,2
1022,3.992,J HUM EVOL,3,0,0,0,0,1,0,0,0,0,0,2
1023,2.433,J HUM HYPERTENS,3,0,0,0,0,0,0,0,1,1,0,1
1024,4.099,J HYPERTENS,3,0,0,0,0,2,0,0,0,0,0,1
1025,1.136,J INNOV OPT HEAL SCI,3,0,0,0,2,1,0,0,0,0,0,0
1026,1.588,J KOREAN MED SCI,3,0,0,0,0,0,0,0,1,0,0,2
1027,1.423,J LABELLED COMPD RAD,3,0,0,0,0,1,0,0,0,0,0,2
1028,4.505,J LIPID RES,3,0,0,0,0,0,0,0,0,0,0,3
1029,2.414,J MATH NEUROSCI,3,0,0,0,0,1,2,0,0,0,0,0
1030,3.664,J NEUROIMMUNE PHARM,3,0,1,0,0,2,0,0,0,0,0,0
1031, ,J NEUROSCI IN PRESS,3,0,2,1,0,0,0,0,0,0,0,0
1032, ,J NEUROSCI PSYCHOL E,3,0,0,0,0,0,0,0,3,0,0,0
1033, ,J NUCL MED TECHNOL,3,0,0,0,2,0,0,0,0,1,0,0
1034, ,J OPT SOC AM,3,0,0,0,0,0,0,0,0,0,0,3
1035, ,J PHYS C SOLID STATE,3,0,0,0,0,0,0,0,0,0,0,3
1036,1.088,J SIGNAL PROCESS SYS,3,0,0,0,0,0,0,3,0,0,0,0
1037,2.410,J SPORT EXERCISE PSY,3,0,0,0,0,0,0,0,0,0,0,3
1038,0.869,J STAT COMPUT SIM,3,0,0,0,1,0,0,0,0,0,0,2
1039,0.814,J STAT PLAN INFER,3,1,0,0,0,0,0,0,0,0,0,2
1040,3.433,J STRUCT BIOL,3,0,0,0,0,0,0,0,0,0,0,3
1041,19.989,JAMA INTERN MED,3,0,0,0,3,0,0,0,0,0,0,0
1042, ,LATERALITY,3,0,0,0,0,1,0,0,0,1,0,1
1043, ,LEARN MOTIV,3,0,0,0,0,0,0,0,0,0,0,3
1044,0.972,LINEAR ALGEBRA APPL,3,0,0,0,0,0,0,0,0,0,0,3
1045, ,LME4 LINEAR MIXED EF,3,0,0,0,1,1,1,0,0,0,0,0
1046, ,MAGN RESON,3,0,1,0,0,0,0,0,1,0,0,1
1047, ,MAGN RESONANCE S,3,0,0,0,1,1,0,0,0,0,0,1
1048, ,MAGNETOENCEPHALOGRAP,3,0,0,0,1,0,0,2,0,0,0,0
1049, ,MANUAL STATE TRAIT,3,0,0,0,0,0,0,0,0,0,0,3
1050, ,MANUAL STATE TRAIT A,3,0,0,0,0,0,0,0,0,0,0,3
1051,2.665,MATH PROGRAM,3,0,0,0,0,0,0,0,0,0,0,3
1052,1.685,MEAS SCI TECHNOL,3,0,0,0,0,0,0,1,0,1,0,1
1053,1.120,MED HYPOTHESES,3,0,0,0,1,1,0,0,1,0,0,0
1054, ,MERRILL PALMER QUART,3,0,0,0,0,0,0,0,0,0,1,2
1055,5.963,METABOLISM,3,0,1,0,0,0,0,0,0,0,0,2
1056,6.363,METHODS ECOL EVOL,3,0,0,0,0,1,1,0,1,0,0,0
1057,2.797,MICROCIRCULATION,3,0,0,1,0,0,1,0,0,0,0,1
1058,2.465,MICROVASC RES,3,0,0,0,0,0,0,0,0,1,0,2
1059, ,MIND LANG,3,0,0,0,1,0,0,0,0,0,0,2
1060, ,MINDFULNESS,3,0,1,0,1,0,0,1,0,0,0,0
1061,2.693,MINERVA ANESTESIOL,3,0,0,0,0,0,1,0,0,0,0,2
1062, ,MIXED EFFECTS MODELS,3,0,0,0,0,0,0,0,0,0,0,3
1063,3.205,MOL PAIN,3,0,1,0,0,0,2,0,0,0,0,0
1064, ,MPLUS USERS GUIDE,3,0,0,0,0,0,1,0,0,0,0,2
1065,2.277,MULTISCALE MODEL SIM,3,0,1,0,0,0,1,0,0,0,0,1
1066,2.496,MUSCLE NERVE,3,0,0,0,0,0,0,0,0,0,0,3
1067, ,MUSIC PERCEPT,3,0,0,0,0,1,0,0,0,0,0,2
1068, ,NAT CLIN PRACT NEURO,3,0,0,0,0,0,0,0,0,0,2,1
1069, ,NAT STAT LEARNING,3,0,0,0,0,0,0,0,0,0,0,3
1070, ,NATURWISSENSCHAFTEN,3,0,0,0,0,0,0,0,0,0,0,3
1071,2.688,NEONATOLOGY,3,0,0,0,1,1,1,0,0,0,0,0
1072, ,NEUR CONSC COGN,3,0,0,0,0,0,0,0,0,3,0,0
1073,2.234,NEURAL REGEN RES,3,0,0,0,3,0,0,0,0,0,0,0
1074,2.785,NEURODEGENER DIS,3,0,0,0,0,2,0,0,0,0,1,0
1075,3.072,NEUROL CLIN,3,0,0,0,0,0,0,1,0,0,0,2
1076, ,NEUROLMAGE IN PRESS,3,2,1,0,0,0,0,0,0,0,0,0
1077, ,NEUROSCI CONSCIOUS,3,1,1,1,0,0,0,0,0,0,0,0
1078,2.647,NEUROSURG FOCUS,3,0,0,1,0,0,0,0,0,1,1,0
1079, ,OPEN NEUROIMAG J,3,0,0,0,0,1,0,0,0,0,2,0
1080, ,OXFORD HDB TRANSCRAN,3,0,0,0,0,0,1,0,0,0,2,0
1081, ,P 17 C UNC ART INT,3,0,0,0,0,0,0,0,0,0,0,3
1082, ,P 21 ANN M ISMRM SAL,3,0,0,0,0,3,0,0,0,0,0,0
1083, ,P 26 ANN INT C MACH,3,0,0,0,0,0,0,0,0,3,0,0
1084, ,P 8 INT C FUNCT MAPP,3,0,0,0,0,0,0,0,0,0,0,3
1085, ,P IPMI,3,0,0,0,0,3,0,0,0,0,0,0
1086, ,P MICCAI SOC,3,0,1,2,0,0,0,0,0,0,0,0
1087, ,P NATL ACAD SCI-BIOL,3,0,0,0,0,0,0,0,0,0,0,3
1088,5.347,P NUTR SOC,3,0,0,1,0,0,2,0,0,0,0,0
1089, ,P SOC PHOTO-OPT INS,3,0,0,0,0,0,0,0,0,0,0,3
1090, ,P SPIE MED IM SPIE M,3,0,0,1,1,0,0,1,0,0,0,0
1091, ,P SPIE MED IMAGING S,3,0,2,0,0,0,0,0,1,0,0,0
1092, ,PET CLIN,3,0,1,0,1,0,0,0,0,0,0,1
1093,0.480,PHONETICA,3,0,0,0,0,0,0,0,0,3,0,0
1094,14.385,PHYS REV X,3,0,0,1,0,2,0,0,0,0,0,0
1095, ,POLIT PSYCHOL,3,0,0,0,0,1,0,2,0,0,0,0
1096, ,PREPRINT,3,0,1,0,1,0,0,0,0,1,0,0
1097, ,PRINCIPLES NUCL MAGN,3,0,0,0,0,0,0,0,0,0,0,3
1098, ,PRINCIPLES PSYCHOL,3,0,0,0,0,0,0,0,0,0,0,3
1099,2.205,PSYCHIAT SERV,3,0,0,0,0,0,0,0,0,1,1,1
1100, ,PSYCHOBIOLOGY,3,0,0,0,0,0,0,0,0,0,0,3
1101, ,PSYCHOL MONOGR,3,0,0,0,0,0,0,0,0,0,0,3
1102, ,PSYCHOL REC,3,0,0,0,0,0,0,1,0,0,0,2
1103, ,Q J ECON,3,0,0,0,0,0,0,0,0,0,0,3
1104, ,READ RES QUART,3,0,0,0,0,0,0,0,0,0,0,3
1105, ,REV GEN PSYCHOL,3,0,1,0,0,0,0,0,0,0,0,2
1106,1.762,REV NEUROL-FRANCE,3,0,0,0,0,0,0,0,0,1,1,1
1107, ,RHESUS MONKEY BRAIN,3,0,0,0,0,0,0,0,0,0,1,2
1108, ,SCI HUM BEHAV,3,0,0,0,0,0,0,0,0,0,0,3
1109,2.885,SEMIN PERINATOL,3,0,0,1,0,0,0,0,0,2,0,0
1110,1.486,SIAM J APPL DYN SYST,3,0,0,0,0,0,0,0,0,1,0,2
1111, ,SIMULTANEOUS INFEREN,3,0,0,0,0,0,0,0,0,0,0,3
1112, ,SOC NEUR ABSTR,3,0,0,1,0,0,0,0,0,0,0,2
1113, ,SOC PERSONAL PSYCHOL,3,0,0,0,0,0,1,0,0,1,1,0
1114, ,SOV MATH DOKL,3,0,0,0,0,0,0,0,0,0,0,3
1115,1.936,SPINAL CORD,3,1,0,0,0,0,0,0,0,0,0,2
1116, ,STAT ANAL CIRCULAR D,3,0,0,0,0,0,0,0,0,0,0,3
1117, ,STAT LEARN SPARSI,3,0,0,3,0,0,0,0,0,0,0,0
1118, ,STAT LEARN THEORY,3,0,0,0,0,0,0,0,0,0,0,3
1119, ,STAT METHODS RES WOR,3,0,0,0,0,0,0,0,0,0,0,3
1120,0.533,STAT PROBABIL LETT,3,0,0,0,1,1,0,0,0,0,0,1
1121, ,STAT SURV,3,0,0,0,0,1,0,0,2,0,0,0
1122,2.669,SUBST ABUS,3,0,0,0,2,0,0,0,0,1,0,0
1123, ,THINK REASONING,3,0,0,0,0,1,0,0,0,0,0,2
1124,0.833,TRANSL NEUROSCI,3,0,0,0,1,1,0,0,1,0,0,0
1125,11.021,TRENDS MOL MED,3,0,0,0,0,0,0,1,1,0,0,1
1126, ,UNDERST COMPLEX SYST,3,0,0,0,1,0,0,0,0,0,1,1
1127, ,WORLD J CLIN ONCOL,3,0,0,0,0,0,0,3,0,0,0,0
1128, ,Z GES NEUROL PSYCH,3,0,0,0,0,0,0,0,0,0,0,3
1129, ,10 LECT WAVELETS,2,0,0,0,0,0,0,0,0,0,0,2
1130, ,13126034 ARXIV,2,0,0,0,0,2,0,0,0,0,0,0
1131, ,2003 IEEE 13 WORKSH,2,0,0,0,0,0,0,0,0,0,0,2
1132, ,2012 9 IEEE INT S,2,0,0,0,0,0,2,0,0,0,0,0
1133, ,2014 INT WORKSH PATT,2,0,0,0,2,0,0,0,0,0,0,0
1134, ,21 ANN M ORG HUM BRA,2,0,0,2,0,0,0,0,0,0,0,0
1135, ,8 INT C FUNCT MAPP H,2,0,0,0,0,0,0,0,0,0,0,2
1136, ,9 IEEE INT C COMP,2,0,0,0,0,0,0,0,0,0,0,2
1137, ,A8 U FLOR,2,0,0,0,0,0,0,0,0,0,2,0
1138, ,AASM MANUAL SCORING,2,0,0,0,0,0,0,0,0,0,0,2
1139,5.550,ACM COMPUT SURV,2,0,0,0,1,0,0,0,1,0,0,0
1140,1.767,ACM T INFORM SYST,2,0,0,0,0,0,0,0,1,1,0,0
1141,4.211,ACS CHEM NEUROSCI,2,0,0,1,0,1,0,0,0,0,0,0
1142, ,ACSMS GUIDELINES EXE,2,0,0,0,2,0,0,0,0,0,0,0
1143,3.562,ACTA PHARMACOL SIN,2,0,0,0,0,1,1,0,0,0,0,0
1144, ,ADV METHODS TOOLS EC,2,0,0,0,0,0,0,0,0,0,0,2
1145, ,ADV PHARMACOL,2,0,0,1,0,0,0,0,0,0,0,1
1146, ,ALCOHOL RES HEALTH,2,0,0,0,0,0,0,0,0,0,0,2
1147, ,ALCOHOL USE DISORDER,2,0,0,0,0,0,0,0,0,0,0,2
1148, ,ALLEN REFERENCE ATLA,2,0,0,0,0,0,0,0,0,0,2,0
1149, ,ALZHEIMERS DEMENT DI,2,2,0,0,0,0,0,0,0,0,0,0
1150, ,AM J ANAT,2,0,0,0,0,0,0,0,0,0,0,2
1151,4.847,AM J BIOETHICS,2,0,0,0,0,0,0,0,0,2,0,0
1152, ,AM J ELECTRONEUROD T,2,0,0,0,0,0,0,0,1,0,0,1
1153,3.046,AM J HYPERTENS,2,0,0,0,0,1,0,0,1,0,0,0
1154, ,AM J MED GENET,2,0,0,0,0,0,0,0,0,0,0,2
1155,2.264,AM J MED GENET A,2,0,0,0,0,0,0,1,0,0,0,1
1156,2.901,AM J PHYS ANTHROPOL,2,0,0,0,0,0,0,0,0,0,0,2
1157,15.239,AM J RESP CRIT CARE,2,0,0,0,0,0,0,1,0,0,0,1
1158, ,AM J SOCIOL,2,0,0,0,0,0,0,0,0,0,0,2
1159, ,AM PHYSIOL SOC,2,0,0,0,0,0,0,0,0,0,0,2
1160, ,AM SOC NEURORADIOL,2,0,0,0,0,0,0,0,0,0,0,2
1161, ,AMYGDALA FUNCT,2,0,0,0,0,0,0,0,0,0,0,2
1162,6.042,ANAL CHEM,2,0,0,0,0,0,0,0,0,0,0,2
1163, ,ANAT MENSCHLICHE,2,0,0,0,0,0,0,0,0,0,0,2
1164,3.067,ANIM BEHAV,2,0,0,0,0,0,0,0,0,0,0,2
1165, ,ANIM INTELL,2,0,0,0,0,0,0,0,0,0,0,2
1166,4.649,ANN CLIN TRANSL NEUR,2,0,0,1,1,0,0,0,0,0,0,0
1167, ,ANN EUGENIC,2,0,0,0,0,0,0,0,0,0,0,2
1168, ,ANN FR ANESTH,2,0,0,0,1,0,1,0,0,0,0,0
1169,0.733,ANN I STAT MATH,2,0,0,0,0,0,0,0,0,0,1,1
1170, ,ANN M AM PSYCH SOC,2,0,0,0,0,0,0,0,0,0,0,2
1171, ,ANN M INT SOC MAGN R,2,0,1,0,0,1,0,0,0,0,0,0
1172,3.007,ANN MED,2,0,0,0,0,0,0,0,1,0,0,1
1173,2.367,ANN PHYS-NEW YORK,2,0,0,0,0,0,0,0,0,0,0,2
1174, ,ANN REHABIL MED,2,0,0,1,0,0,1,0,0,0,0,0
1175,9.203,ANN SURG,2,0,0,0,0,0,0,0,0,0,0,2
1176,8.676,ANNU REV GENOM HUM G,2,0,1,0,0,0,0,0,0,1,0,0
1177,3.290,ANNU REV STAT APPL,2,0,1,1,0,0,0,0,0,0,0,0
1178,1.702,APHASIOLOGY,2,0,0,0,0,0,0,0,0,0,0,2
1179, ,APPL LONGITUDINAL DA,2,0,0,0,0,0,0,0,0,0,0,2
1180, ,APPL PSYCHOLINGUIST,2,0,0,0,0,0,0,0,0,0,0,2
1181, ,APPL REGRESSION ANAL,2,0,1,0,1,0,0,0,0,0,0,0
1182, ,ARCH,2,0,0,0,0,0,0,0,0,0,0,2
1183, ,ARCH INTERN MED,2,0,0,0,0,0,0,0,0,0,0,2
1184, ,ARCH OTOLARYNGOL,2,0,0,0,0,0,1,0,0,0,0,1
1185, ,ARCHITECTONICS HUM,2,0,0,0,0,0,0,0,0,0,0,2
1186, ,ARISTOTLE PLOLITICS,2,0,0,0,0,0,0,0,0,0,0,2
1187, ,ARTIFACT REPAIR FMRI,2,0,0,0,0,0,0,0,0,0,0,2
1188, ,ARXIV12125701,2,0,0,0,0,0,2,0,0,0,0,0
1189, ,ARXIV13097781,2,0,0,0,0,2,0,0,0,0,0,0
1190, ,ARXIV13126034,2,0,0,0,0,2,0,0,0,0,0,0
1191, ,ARXIV151008045,2,0,0,2,0,0,0,0,0,0,0,0
1192, ,ARXIV160107881,2,0,2,0,0,0,0,0,0,0,0,0
1193, ,ARXIV160909144,2,0,2,0,0,0,0,0,0,0,0,0
1194, ,ATT OR SENS MOT PROC,2,0,0,0,0,0,0,0,0,0,0,2
1195, ,ATTENTION,2,0,0,0,0,0,0,0,0,0,0,2
1196, ,ATTENTION BRAIN FUNC,2,0,0,0,0,0,0,0,0,0,0,2
1197, ,AUDITORY EVOKED MAGN,2,0,0,0,0,0,0,0,0,0,0,2
1198, ,AUDITORY STEADY STAT,2,0,0,0,0,0,0,0,0,0,2,0
1199,5.084,AUST NZ J PSYCHIAT,2,0,2,0,0,0,0,0,0,0,0,0
1200,0.385,AUST NZ J STAT,2,0,0,0,0,0,0,0,0,0,0,2
1201, ,AUSTRALAS RADIOL,2,0,0,0,0,0,0,0,0,0,0,2
1202,7.804,B AM METEOROL SOC,2,0,0,0,0,0,0,0,0,0,0,2
1203, ,B PSYCHONOMIC SOC,2,0,0,0,0,0,0,0,0,0,0,2
1204, ,B SOC VAUD SCI NAT,2,0,0,0,0,0,0,0,0,0,0,2
1205, ,BAYESIAN NONPARAMETR,2,0,0,0,0,0,0,1,1,0,0,0
1206, ,BECK DEPRESSIONS INV,2,0,0,0,0,0,0,0,0,0,0,2
1207, ,BEST PRACTICES DATA,2,0,2,0,0,0,0,0,0,0,0,0
1208,3.857,BIOCHEM J,2,0,0,0,0,0,0,0,0,0,0,2
1209,3.653,BIOCHEM MEDICA,2,0,0,1,0,0,0,0,0,0,0,1
1210,3.394,BIOCHEM SOC T,2,0,0,0,0,0,0,1,0,1,0,0
1211,2.997,BIOCHEMISTRY-US,2,0,0,0,0,0,0,0,0,0,0,2
1212,3.702,BIOGERONTOLOGY,2,0,1,0,0,1,0,0,0,0,0,0
1213, ,BIOL MOOD ANX 501,2,0,0,0,0,1,1,0,0,0,0,0
1214, ,BIOL PSYCH CONGN NEU,2,0,2,0,0,0,0,0,0,0,0,0
1215, ,BIOL PSYCHI IN PRESS,2,0,2,0,0,0,0,0,0,0,0,0
1216,2.357,BIOL RES,2,0,0,0,0,0,0,0,0,0,0,2
1217,11.700,BIOL REV,2,0,0,0,0,1,0,0,0,0,0,1
1218,2.361,BIOL TRACE ELEM RES,2,0,0,0,0,0,0,0,0,0,0,2
1219, ,BIOM IM 2002 5 IEEE,2,0,0,0,0,0,0,0,0,0,0,2
1220, ,BIOM IM NAN MACR 200,2,0,0,0,0,0,0,0,0,0,0,2
1221,1.114,BIOMETRICAL J,2,0,0,0,0,0,0,0,1,0,1,0
1222, ,BIOSTAT ANAL,2,0,0,0,0,0,0,0,0,0,0,2
1223,4.876,BJOG-INT J OBSTET GY,2,0,0,0,0,0,0,0,0,0,0,2
1224,15.132,BLOOD,2,0,0,0,0,0,0,0,0,0,0,2
1225,5.770,BMC BIOL,2,0,0,0,0,0,0,0,0,1,0,1
1226,2.866,BMC GERIATR,2,0,0,1,0,0,0,0,0,0,0,1
1227,2.050,BMC SYST BIOL,2,0,0,0,0,0,0,0,1,0,0,1
1228, ,BRAIN SPACE,2,0,0,0,0,0,0,0,0,0,0,2
1229, ,BRAIN STRUC IN PRESS,2,1,0,0,0,0,0,0,0,0,0,1
1230,1.492,BRAZ J MED BIOL RES,2,0,0,0,0,1,0,0,0,0,0,1
1231, ,BRIT J ADDICT,2,0,0,0,0,0,0,0,0,0,0,2
1232,3.838,BRIT J CLIN PHARMACO,2,0,0,0,0,0,0,0,0,0,0,2
1233, ,BRIT J CLIN PSYCHOL,2,0,0,0,0,0,0,0,0,0,0,2
1234, ,BRIT J DEV PSYCHOL,2,0,0,0,0,0,1,0,0,0,0,1
1235,3.356,BRIT MED BULL,2,0,0,0,0,0,0,0,0,0,1,1
1236, ,BRODMANNS LOCALISATI,2,0,0,0,0,0,0,0,0,0,0,2
1237, ,CALIF VERB LE,2,0,0,0,0,0,0,0,0,0,0,2
1238,6.537,CANCER-AM CANCER SOC,2,0,0,0,0,0,0,0,0,0,0,2
1239,15.393,CELL RES,2,0,1,1,0,0,0,0,0,0,0,0
1240,2.885,CELL TRANSPLANT,2,0,0,0,0,0,1,0,0,0,0,1
1241, ,CEREB CORTEX ADV ACC,2,0,0,2,0,0,0,0,0,0,0,0
1242, ,CH CRC HANDB MOD STA,2,0,0,0,0,0,0,2,0,0,0,0
1243, ,CHEM OSCILLATIONS WA,2,0,0,0,0,0,0,0,0,0,0,2
1244, ,CHEMOARCHITECTONIC A,2,0,0,0,0,0,0,0,1,1,0,0
1245,7.652,CHEST,2,0,0,1,0,0,1,0,0,0,0,0
1246, ,CHINESE MENT HLTH,2,0,0,0,0,0,0,1,0,0,0,1
1247, ,CLASSICAL CONDITION,2,0,0,0,0,0,0,0,0,0,0,2
1248,1.908,CLIN ANAT,2,0,1,0,0,0,0,0,0,0,0,1
1249,2.378,CLIN GERIATR MED,2,0,0,0,0,2,0,0,0,0,0,0
1250, ,CLIN GERONTOLOGY GUI,2,0,0,0,0,0,0,0,0,0,0,2
1251,2.505,CLIN INTERV AGING,2,0,0,0,0,1,0,0,1,0,0,0
1252, ,CLIN INVEST LOND,2,0,0,0,0,0,2,0,0,0,0,0
1253,1.191,CLIN LINGUIST PHONET,2,0,0,0,0,1,0,0,0,1,0,0
1254,1.497,CLIN MED,2,0,0,0,0,0,0,0,0,0,2,0
1255, ,CLIN NEUROSCI RES,2,0,0,0,0,0,0,0,0,0,0,2
1256,6.309,CLIN NUCL MED,2,0,0,0,0,1,1,0,0,0,0,0
1257,4.464,CLIN PHARMACOKINET,2,0,0,0,0,0,0,0,0,0,0,2
1258,2.930,CLIN REHABIL,2,0,0,0,0,0,1,0,0,0,0,1
1259, ,COGN EL ATT SIGN,2,0,0,0,2,0,0,0,0,0,0,0
1260,1.329,COGN NEUROPSYCHIATRY,2,0,0,0,0,0,0,0,0,1,0,1
1261, ,COGN NEUROSCI,2,0,0,1,0,0,0,0,0,0,0,1
1262, ,COGNITIVE THEOR CON,2,0,0,0,0,0,0,0,0,0,0,2
1263, ,COLD SPRING HARB PRO,2,0,2,0,0,0,0,0,0,0,0,0
1264, ,COMBINED MRI HISTOLO,2,0,0,0,0,0,1,0,0,0,0,1
1265, ,COMMUN STAT A-THEOR,2,0,0,0,0,0,0,0,0,0,0,2
1266, ,COMP MED SY,2,0,0,0,0,0,0,0,0,0,0,2
1267, ,COMP NEUROL,2,0,0,0,0,0,0,0,0,0,0,2
1268,5.797,COMPR PHYSIOL,2,0,0,0,0,0,1,0,1,0,0,0
1269,2.947,COMPUT AIDED DESIGN,2,0,0,0,0,0,0,0,1,0,0,1
1270,1.974,COMPUT METHOD BIOMEC,2,0,0,1,1,0,0,0,0,0,0,0
1271, ,COMPUT VISION MODE,2,0,0,0,0,0,2,0,0,0,0,0
1272,0.828,COMPUTATION STAT,2,0,0,0,0,0,0,0,0,0,0,2
1273, ,CONDITIONED REFLEXES,2,0,0,0,0,0,0,0,0,0,0,2
1274, ,CONFIN NEUROL,2,0,0,0,0,0,0,0,0,0,0,2
1275, ,CONSCIOUSNESS SELF R,2,0,0,0,0,0,0,0,0,0,0,2
1276, ,CONTEMP EDUC PSYCHOL,2,0,0,0,0,0,0,0,0,0,0,2
1277,2.894,CONTRACEPTION,2,0,0,0,1,0,0,0,0,0,0,1
1278, ,CONTRIB NEUROP,2,0,0,0,0,0,0,0,0,0,0,2
1279, ,CORR,2,0,0,0,0,1,1,0,0,0,0,0
1280, ,COSMOMVPA MULTIMODAL,2,0,2,0,0,0,0,0,0,0,0,0
1281, ,CR ACAD SCI II,2,0,0,0,0,0,0,0,0,0,0,2
1282, ,CRIM JUSTICE BEHAV,2,0,0,0,0,0,0,0,0,0,0,2
1283, ,CRIT REV BIOMED ENG,2,0,0,0,0,0,0,0,0,0,0,2
1284, ,CRIT REV ORAL BIOL M,2,0,0,0,0,0,0,0,0,0,0,2
1285, ,CROSSMODAL SPACE CRO,2,0,0,0,0,0,0,0,0,0,0,2
1286, ,CURR ANTHROPOL,2,0,0,0,0,0,1,0,0,0,1,0
1287,4.995,CURR OPIN GENET DEV,2,0,0,0,0,0,1,1,0,0,0,0
1288,2.073,CURR OPIN SUPPORT PA,2,0,1,0,1,0,0,0,0,0,0,0
1289, ,CURR PSYCHOL,2,0,0,0,0,0,0,0,0,0,0,2
1290, ,DATA IN BRIEF,2,0,1,0,0,0,0,0,0,0,0,1
1291, ,DECONVOLUTION ANAL F,2,0,0,0,0,0,0,0,0,0,0,2
1292, ,DELIS KAPLAN EXECUTI,2,0,0,0,0,0,0,0,0,0,0,2
1293, ,DETECTION THEOR USE,2,0,0,0,0,0,0,0,0,0,0,2
1294, ,DEV DISABIL RES REV,2,0,0,0,0,0,0,0,0,0,2,0
1295, ,DEV HUM BRAIN,2,0,0,0,0,0,0,0,1,1,0,0
1296,3.132,DIABETIC MED,2,0,0,0,0,0,0,1,0,0,0,1
1297,2.042,DISABIL REHABIL,2,0,0,0,0,0,0,1,0,0,0,1
1298, ,DISCOVERING STAT USI,2,0,0,0,0,0,1,0,0,1,0,0
1299, ,DISCRETE TIME SIGNAL,2,0,0,0,0,0,0,0,0,0,0,2
1300, ,DISCUSSION PAP SER,2,0,0,0,0,0,0,0,0,0,0,2
1301,2.362,DOC OPHTHALMOL,2,0,0,0,0,0,0,0,0,0,0,2
1302, ,DRUG ALCOHOL REV,2,0,0,0,0,0,0,0,0,0,0,2
1303, ,DYNAMIC BRAIN SPIKIN,2,0,0,0,0,0,0,0,0,0,2,0
1304, ,EARLY DEV PARENTING,2,0,0,0,0,0,0,0,0,0,0,2
1305, ,EAT BEHAV,2,0,0,1,0,0,0,0,1,0,0,0
1306, ,EEGFMR PHYSIOL BAS,2,0,0,0,0,0,0,0,2,0,0,0
1307, ,ELECT NEUROIMAGING,2,0,0,0,0,0,0,0,0,2,0,0
1308, ,ELEMENTS EPISODIC ME,2,0,0,0,0,0,0,0,0,0,0,2
1309, ,EMOT REV,2,0,0,1,0,0,0,1,0,0,0,0
1310, ,EMPATHIC ACCURACY,2,0,0,0,0,0,0,0,0,0,0,2
1311, ,ENCY SCI LEARNING,2,0,0,0,0,0,2,0,0,0,0,0
1312, ,ENEURO IN PRESS,2,1,1,0,0,0,0,0,0,0,0,0
1313, ,ENG MED BIOL SOC 200,2,0,0,0,0,0,0,0,0,0,0,2
1314,1.010,ENT-EAR NOSE THROAT,2,0,0,0,0,0,0,0,0,0,0,2
1315,7.583,EPIDEMIOL REV,2,0,0,0,0,1,0,0,0,0,1,0
1316,4.991,EPIDEMIOLOGY,2,0,0,0,0,1,0,1,0,0,0,0
1317,1.834,EPL-EUROPHYS LETT,2,0,0,0,0,0,0,1,0,0,0,1
1318, ,ESMRMB,2,0,0,0,0,0,2,0,0,0,0,0
1319,1.546,EUR ARCH OTO-RHINO-L,2,0,0,0,0,0,0,0,0,2,0,0
1320,2.362,EUR J PAEDIATR NEURO,2,0,0,0,1,0,0,0,0,0,1,0
1321, ,EUR J PSYCHOL ASSESS,2,0,0,0,0,0,1,0,0,0,0,1
1322, ,EUR PSYCHOL,2,0,1,0,0,0,0,0,0,0,0,1
1323,12.244,EUR RESPIR J,2,0,2,0,0,0,0,0,0,0,0,0
1324,1.639,EURASIP J ADV SIG PR,2,0,0,0,0,0,0,0,0,0,0,2
1325, ,EVENT RELATED POTENT,2,0,0,0,1,0,0,0,0,0,0,1
1326,2.064,EVID-BASED COMPL ALT,2,0,0,0,0,1,0,0,1,0,0,0
1327,3.623,EVOL HUM BEHAV,2,0,0,0,0,0,0,0,0,0,0,2
1328,3.768,EXPERT SYST APPL,2,0,0,0,1,0,0,0,1,0,0,0
1329, ,F1000RES,2,0,0,2,0,0,0,0,0,0,0,0
1330, ,F1000RESEARCH,2,0,0,1,1,0,0,0,0,0,0,0
1331,3.056,FOUND COMPUT MATH,2,0,0,0,1,0,0,0,0,1,0,0
1332, ,FOURIER TRANSFORM IT,2,0,0,0,0,0,0,0,0,0,0,2
1333, ,FRACTAL GEOMETRY NAT,2,0,0,0,0,0,0,0,0,0,0,2
1334,1.629,FRACTALS,2,0,0,0,0,1,0,0,0,0,0,1
1335, ,FRONT BIOENG BIOTECH,2,0,0,2,0,0,0,0,0,0,0,0
1336,2.349,FRONT BIOSCI-LANDMRK,2,0,0,0,0,0,0,0,0,1,1,0
1337,4.151,FRONT GENET,2,0,0,2,0,0,0,0,0,0,0,0
1338,3.902,FRONT MOL NEUROSCI,2,0,0,0,2,0,0,0,0,0,0,0
1339, ,FRONT NEUROENG,2,0,0,0,0,1,1,0,0,0,0,0
1340, ,FRONT NEUROL NEUROSC,2,0,0,0,1,0,1,0,0,0,0,0
1341, ,FRONT PHYS,2,0,0,0,2,0,0,0,0,0,0,0
1342, ,FUNCT NEURAL,2,0,0,0,0,0,1,1,0,0,0,0
1343, ,GAUSSIAN PROCESSES M,2,0,0,0,0,0,0,0,0,0,0,2
1344,2.667,GENESIS,2,0,0,0,1,0,0,0,0,0,0,1
1345, ,GERONTOLOGIST,2,0,0,0,0,0,0,0,0,0,0,2
1346, ,GEROPSYCH,2,0,0,0,0,0,2,0,0,0,0,0
1347, ,GLOT INT,2,0,0,0,0,0,0,0,0,0,0,2
1348, ,GROUNDING COGNITION,2,0,0,0,0,0,0,0,0,0,0,2
1349, ,GROUP PROCESS INTERG,2,0,0,0,0,0,0,0,0,0,2,0
1350, ,HANDB EXP PHARM,2,0,0,0,1,0,0,0,0,0,0,1
1351, ,HANDB FUNCT MRI D,2,0,0,0,0,0,0,2,0,0,0,0
1352, ,HANDB PHYSIOL,2,0,0,0,0,0,0,0,0,0,0,2
1353,3.264,HARVARD REV PSYCHIAT,2,0,0,1,0,0,0,0,0,0,0,1
1354, ,HDB CEREBELLUM CEREB,2,0,0,0,0,2,0,0,0,0,0,0
1355, ,HDB MRI PULSE SEQUEN,2,0,0,0,0,0,0,0,0,0,0,2
1356, ,HDB NEUROPSYCHOLOGY,2,0,0,0,0,0,0,0,0,0,0,2
1357, ,HDB PSYCHOPHYSIOLOGY,2,0,0,0,0,0,0,0,0,0,0,2
1358, ,HDB SELF REGULATION,2,0,0,0,0,0,0,2,0,0,0,0
1359, ,HEALTH EDUC QUART,2,0,0,0,0,0,0,0,0,0,0,2
1360,5.420,HEART,2,0,0,1,0,0,1,0,0,0,0,0
1361, ,HIERARCHICAL LINEAR,2,0,0,0,0,1,0,0,0,0,0,1
1362, ,HUM AMYGDALA,2,0,0,0,0,0,0,0,0,2,0,0
1363, ,HUM BRAIN ELECTROP,2,0,0,0,0,0,0,0,0,0,0,2
1364, ,HUM CENT NERVOU,2,0,0,0,0,0,0,0,0,0,2,0
1365,3.930,HUM GENET,2,0,0,0,1,1,0,0,0,0,0,0
1366, ,HUM NEUROBIOL,2,0,0,0,0,0,0,0,0,0,0,2
1367,2.806,HUM PSYCHOPHARM CLIN,2,0,0,0,1,0,0,0,0,0,1,0
1368,4.990,HUM REPROD,2,0,0,0,0,0,0,0,0,0,0,2
1369, ,I IEEE EMBS C NEUR E,2,0,0,0,0,2,0,0,0,0,0,0
1370, ,IEEE INT S BIOM IM N,2,0,0,1,0,0,0,0,0,0,0,1
1371, ,IEEE INT WORKSH MACH,2,0,0,0,2,0,0,0,0,0,0,0
1372,2.596,IEEE INTELL SYST,2,0,0,0,0,0,0,1,0,1,0,0
1373, ,IEEE MACH LEARN SIGN,2,0,0,2,0,0,0,0,0,0,0,0
1374,2.617,IEEE SENS J,2,0,0,0,0,2,0,0,0,0,0,0
1375,2.813,IEEE SIGNAL PROC LET,2,0,0,0,0,0,0,0,0,0,1,1
1376,2.889,IEEE T AUTON MENT DE,2,0,0,1,0,0,0,0,0,1,0,0
1377,8.803,IEEE T CYBERNETICS,2,0,0,2,0,0,0,0,0,0,0,0
1378,4.662,IEEE T GEOSCI REMOTE,2,0,0,0,0,0,0,0,0,0,0,2
1379,1.467,IEEE T MAGN,2,0,0,0,0,0,0,0,0,0,0,2
1380, ,IEEE T SYST MAN CYB,2,0,0,0,0,0,0,0,0,0,0,2
1381, ,IMAGING MED,2,0,0,0,0,1,0,0,1,0,0,0
1382, ,INDIVIDUAL DIF UNPUB,2,0,2,0,0,0,0,0,0,0,0,0
1383, ,INFANT BEHAV DEV,2,0,0,0,0,0,0,1,0,0,0,1
1384, ,INT C SCHIZ RES COL,2,0,0,1,0,0,0,0,0,0,0,1
1385,0.840,INT J BIOSTAT,2,0,1,1,0,0,0,0,0,0,0,0
1386,1.508,INT J LANG COMM DIS,2,0,1,0,0,0,1,0,0,0,0,0
1387,2.589,INT J NUMER METH ENG,2,0,0,0,0,0,0,0,0,1,0,1
1388,3.859,INT J STROKE,2,0,0,0,0,0,0,2,0,0,0,0
1389, ,INT SOC MAGN RESON M,2,0,0,0,0,1,0,0,0,0,0,1
1390,2.053,INT STAT REV,2,0,0,0,0,0,0,0,0,0,0,2
1391, ,INTRO LATENT VARIABL,2,0,0,0,0,0,0,0,0,0,0,2
1392, ,INTRO MULTIVAR S,2,0,0,0,0,0,0,0,0,0,0,2
1393, ,INTRO PROBABILITY TH,2,0,0,0,0,0,0,0,0,0,0,2
1394, ,INTRO STAT LEARNING,2,0,0,0,0,2,0,0,0,0,0,0
1395, ,INTRO STAT PATTERN R,2,0,0,0,0,0,0,0,0,0,0,2
1396, ,INTRO SUPPORT VECTOR,2,0,0,0,0,0,0,0,0,0,0,2
1397, ,ISHIHARAS TESTS COLO,2,0,0,0,0,0,0,1,0,0,0,1
1398, ,ISMRM WORKSH MR SPEC,2,0,2,0,0,0,0,0,0,0,0,0
1399, ,J ABNORM SOC PSYCH,2,0,0,0,0,0,0,0,0,0,0,2
1400,1.744,J ACM,2,0,0,0,0,0,0,1,0,0,0,1
1401,1.498,J ALTERN COMPLEM MED,2,0,0,0,0,0,0,1,0,0,1,0
1402,14.357,J AM CHEM SOC,2,0,0,0,0,0,0,0,0,0,0,2
1403,16.834,J AM COLL CARDIOL,2,0,0,1,0,0,0,0,0,0,0,1
1404, ,J AM SOC INF SCI TEC,2,0,0,0,0,0,0,0,0,0,1,1
1405,8.655,J AM SOC NEPHROL,2,0,1,0,0,0,0,0,0,0,0,1
1406,1.454,J ANESTH,2,0,0,1,0,0,0,0,0,0,0,1
1407, ,J ANXIETY DISORD,2,0,0,0,0,0,0,0,0,0,2,0
1408,1.301,J APPL CLIN MED PHYS,2,0,0,0,0,0,0,0,1,1,0,0
1409,0.699,J APPL STAT,2,0,0,0,0,1,0,0,0,0,0,1
1410,1.257,J ARTIF INTELL RES,2,0,0,0,0,0,0,0,0,0,0,2
1411,3.628,J BEHAV ADDICT,2,0,0,0,0,0,2,0,0,0,0,0
1412,2.431,J BIOMECH,2,0,0,0,1,0,0,0,1,0,0,0
1413,2.882,J BIOMED INFORM,2,0,0,0,0,0,0,0,1,1,0,0
1414, ,J BIOPHYS BIOCHEM CY,2,0,0,0,0,0,0,0,0,0,0,2
1415, ,J BONE JOINT SURG BR,2,0,0,0,0,0,0,0,0,0,0,2
1416,6.314,J BONE MINER RES,2,0,0,0,0,2,0,0,0,0,0,0
1417,2.873,J CARDIOVASC ELECTR,2,0,0,0,0,0,0,0,0,0,0,2
1418,5.457,J CARDIOVASC MAGN R,2,0,0,1,1,0,0,0,0,0,0,0
1419,1.500,J CHEMOMETR,2,0,0,0,0,0,0,1,0,1,0,0
1420,2.894,J CLIN PATHOL,2,0,0,0,0,0,0,0,0,0,0,2
1421,2.881,J CLIN PHARMACOL,2,0,0,0,0,0,0,0,0,0,0,2
1422, ,J COGN DEV,2,0,0,0,0,0,0,0,0,0,0,2
1423, ,J COGN PSYCHOL,2,0,0,1,1,0,0,0,0,0,0,0
1424, ,J COMPLEX NETW,2,0,1,0,1,0,0,0,0,0,0,0
1425, ,J COMPLEX NETWORKS,2,0,0,0,1,1,0,0,0,0,0,0
1426, ,J CONSUM RES,2,0,0,0,0,0,0,0,1,0,0,1
1427, ,J CREATIVE BEHAV,2,0,0,0,0,0,0,0,0,0,2,0
1428, ,J CROSS CULT PSYCHOL,2,0,0,0,0,0,0,0,0,1,0,1
1429, ,J DEAF STUD DEAF EDU,2,0,0,0,0,0,0,0,0,0,1,1
1430,1.536,J DIGIT IMAGING,2,0,0,0,0,0,0,0,0,1,0,1
1431, ,J ECON PERSPECT,2,0,0,0,0,0,0,1,0,0,0,1
1432, ,J EDUC BEHAV STAT,2,0,0,0,0,0,0,1,0,0,0,1
1433, ,J EDUC STATIST,2,0,0,0,0,0,0,0,0,0,0,2
1434, ,J EMPIR FINANC,2,0,0,0,0,0,0,0,0,0,0,2
1435, ,J FAM PSYCHOL,2,0,0,0,0,0,0,0,0,1,0,1
1436,3.680,J GEN PHYSIOL,2,0,0,0,0,0,0,0,0,0,0,2
1437, ,J GEN PSYCHOL,2,0,0,0,0,0,0,0,0,0,0,2
1438, ,J HAPPINESS STUD,2,0,0,0,0,1,0,1,0,0,0,0
1439,3.406,J HEAD TRAUMA REHAB,2,0,0,0,0,0,0,0,1,0,0,1
1440,4.539,J IMMUNOL,2,0,0,0,0,0,0,0,0,0,0,2
1441, ,J INDIVID DIFFER,2,0,1,0,0,0,1,0,0,0,0,0
1442, ,J MAGN RESON IM,2,0,0,2,0,0,0,0,0,0,0,0
1443, ,J MARKETING RES,2,0,0,0,0,0,0,0,0,1,0,1
1444,5.751,J MED GENET,2,0,0,0,0,0,0,0,0,0,1,1
1445, ,J MED IMAGING,2,0,0,0,2,0,0,0,0,0,0,0
1446, ,J MENT SCI,2,0,0,0,0,0,0,0,0,0,0,2
1447,1.693,J MICROSC-OXFORD,2,0,0,0,0,0,0,0,0,0,1,1
1448, ,J NEURAL TRANSM-SUPP,2,0,0,0,0,0,0,0,0,0,0,2
1449,5.193,J NEUROINFLAMM,2,0,0,1,0,0,0,1,0,0,0,0
1450,2.490,J PALLIAT MED,2,0,0,0,0,2,0,0,0,0,0,0
1451,1.963,J PHYS A-MATH THEOR,2,0,0,0,0,0,0,0,0,0,1,1
1452, ,J PSYCHOPATHOL BEHAV,2,0,0,0,0,0,0,0,0,0,0,2
1453,2.473,J R STAT SOC A STAT,2,0,0,1,0,1,0,0,0,0,0,0
1454, ,J RES ADOLESCENCE,2,0,1,0,0,0,0,1,0,0,0,0
1455, ,J RES READ,2,0,0,0,0,0,0,2,0,0,0,0
1456, ,J RISK UNCERTAINTY,2,0,0,0,0,0,0,0,0,0,0,2
1457,2.654,J ROY SOC MED,2,0,0,0,0,0,0,0,0,0,0,2
1458, ,J SCHOOL PSYCHOL,2,0,0,0,0,0,0,0,1,0,1,0
1459, ,J SOC IND APPL MATH,2,0,0,0,0,0,0,0,0,0,0,2
1460,1.598,J STROKE CEREBROVASC,2,0,0,1,1,0,0,0,0,0,0,0
1461,4.880,J THORAC CARDIOV SUR,2,0,0,0,0,0,0,0,0,0,0,2
1462,0.826,J TIME SER ANAL,2,0,0,0,0,0,0,0,1,0,0,1
1463, ,J ULTRA MOL STRUCT R,2,0,0,0,0,0,0,0,0,0,0,2
1464, ,JOV,2,0,0,0,0,0,0,0,1,0,1,0
1465, ,JPN J PHYSIOL,2,0,0,0,0,0,0,0,0,0,0,2
1466, ,KAROLINSKA DIRECTED,2,0,0,0,0,0,0,0,0,0,0,2
1467, ,KYBERNETIK,2,0,0,0,0,0,0,0,0,0,0,2
1468, ,LAW HUMAN BEHAV,2,0,0,0,0,0,0,1,0,0,0,1
1469, ,LEARN KERNELS SUP,2,0,0,0,0,0,0,0,0,0,0,2
1470, ,LEARN SPELL RES T,2,0,0,0,0,0,0,0,0,0,0,2
1471, ,LMERTEST TESTS LINEA,2,0,1,1,0,0,0,0,0,0,0,0
1472, ,MACH LEARN PROB,2,0,0,0,0,0,2,0,0,0,0,0
1473,1.740,MAGN RESON IMAGING C,2,0,0,0,0,0,1,0,0,1,0,0
1474, ,MAGN RESON IN PRESS,2,0,2,0,0,0,0,0,0,0,0,0
1475,3.544,MANAGE SCI,2,0,0,0,0,0,1,0,0,0,0,1
1476, ,MANUAL BECK DEPRESSI,2,0,0,0,0,0,0,0,0,0,0,2
1477, ,MANUAL WECHSLER MEMO,2,0,0,0,0,0,0,0,0,0,0,2
1478, ,MATH COGNITION,2,0,0,0,0,0,0,0,0,0,0,2
1479,1.750,MATH COMPUT,2,0,0,0,0,0,0,0,0,0,0,2
1480,3.315,MATURITAS,2,0,0,0,0,1,0,1,0,0,0,0
1481, ,MEAS ERROR NO,2,0,0,0,0,0,0,0,0,0,0,2
1482,1.345,MEAS SCI REV,2,0,0,0,0,0,0,0,0,0,0,2
1483, ,MECH SENSORY WORKING,2,0,0,2,0,0,0,0,0,0,0,0
1484, ,MED BIOL ENG,2,0,0,0,0,0,0,0,0,0,0,2
1485,3.012,MED DECIS MAKING,2,0,0,0,0,0,0,0,1,0,0,1
1486, ,MED IM COMP COMP,2,0,1,1,0,0,0,0,0,0,0,0
1487, ,MED IM COMP COMP ASS,2,0,0,0,1,1,0,0,0,0,0,0
1488, ,MED IMAGE COMPUT C 1,2,0,0,0,0,1,0,0,0,0,1,0
1489, ,MED IMAGING ANAL,2,0,0,0,0,0,0,0,0,0,0,2
1490, ,MED IMAGING IEEE T,2,0,0,0,0,0,0,0,0,1,0,1
1491, ,MED PROG TECHNOL,2,0,0,0,0,0,0,0,0,0,0,2
1492, ,MEG INTRO METHODS,2,0,0,0,0,0,0,0,2,0,0,0
1493, ,MEMORY AMNESIA HIPPO,2,0,0,0,0,0,0,0,0,0,0,2
1494, ,MENT NOTING,2,0,0,0,0,0,0,0,0,0,2,0
1495, ,MENT REPRESENTATIO,2,0,0,0,0,0,0,0,0,0,0,2
1496,1.984,METHOD ENZYMOL,2,0,0,0,0,0,0,0,0,0,0,2
1497,1.531,METHOD INFORM MED,2,0,0,0,0,0,1,0,0,0,0,1
1498, ,METHODS SOFTWARE FMR,2,0,0,0,0,0,0,0,0,2,0,0
1499, ,MICCAI WORKSH PER PA,2,0,0,0,0,0,2,0,0,0,0,0
1500,3.649,MICROPOR MESOPOR MAT,2,1,0,0,0,1,0,0,0,0,0,0
1501, ,MIDAS J,2,0,0,0,0,0,0,0,0,0,2,0
1502,3.226,MITOCHONDRION,2,0,0,1,0,0,1,0,0,0,0,0
1503, ,MOD NUTR HLTH DIS,2,0,0,0,1,0,0,0,0,0,0,1
1504, ,MODEL SELECTION MULT,2,0,0,0,0,0,0,0,0,0,0,2
1505,7.344,MOL ASPECTS MED,2,0,0,0,0,0,1,0,0,1,0,0
1506,5.872,MOL AUTISM,2,0,1,0,0,1,0,0,0,0,0,0
1507, ,MOL BRAIN RES,2,0,0,0,0,0,0,0,0,0,0,2
1508,3.312,MOL CELL NEUROSCI,2,0,0,0,0,0,0,0,0,0,0,2
1509, ,MOL PSYCHIA IN PRESS,2,0,0,2,0,0,0,0,0,0,0,0
1510, ,MONOGR SOC RES CHILD,2,0,0,0,0,0,0,0,0,0,0,2
1511, ,MOTIVATIONAL INTERVI,2,0,0,0,0,2,0,0,0,0,0,0
1512,3.199,MULT SCLER RELAT DIS,2,0,0,0,1,1,0,0,0,0,0,0
1513, ,MULTIDIMENSIONAL SCA,2,0,0,0,0,0,0,0,0,0,0,2
1514, ,MULTILEVEL ANAL INTR,2,0,0,0,0,0,1,0,0,0,0,1
1515, ,MULTIMODAL BRAIN IMA,2,0,0,0,0,1,1,0,0,0,0,0
1516,2.339,MULTISENS RES,2,0,1,1,0,0,0,0,0,0,0,0
1517, ,MULTIVAR ANAL,2,0,0,0,0,0,0,0,0,0,0,2
1518,2.238,N-S ARCH PHARMACOL,2,0,0,0,0,0,0,0,0,0,0,2
1519,35.724,NAT BIOTECHNOL,2,0,0,0,1,1,0,0,0,0,0,0
1520, ,NAT HUM BEHAV,2,2,0,0,0,0,0,0,0,0,0,0
1521, ,NAT PUBL GR,2,0,2,0,0,0,0,0,0,0,0,0
1522,24.653,NAT REV CLIN ONCOL,2,0,0,0,1,0,0,1,0,0,0,0
1523,20.265,NAT REV ENDOCRINOL,2,0,0,1,0,0,0,0,1,0,0,0
1524,17.324,NAT REV GASTRO HEPAT,2,0,0,0,0,2,0,0,0,0,0,0
1525, ,NATL ADULT READING T,2,0,0,0,0,0,0,0,0,0,0,2
1526, ,NATL HLTH STAT REPOR,2,0,0,0,0,0,0,0,0,1,0,1
1527, ,NATO ADV SCI INST A,2,0,0,0,0,0,0,0,0,0,0,2
1528,0.989,NAV RES LOG,2,0,0,0,0,0,0,0,0,0,0,2
1529,0.738,NERVENARZT,2,0,0,0,0,0,0,0,0,0,0,2
1530, ,NETW SCI,2,0,0,0,0,2,0,0,0,0,0,0
1531, ,NEUR NETW SIGN PROC,2,0,0,0,0,0,0,0,0,0,0,2
1532, ,NEURAL INF PROCESS S,2,0,0,0,1,0,0,0,0,0,0,1
1533,1.787,NEURAL PROCESS LETT,2,0,0,0,0,0,1,0,0,0,1,0
1534,5.024,NEUROENDOCRINOLOGY,2,0,0,0,0,0,0,0,0,1,0,1
1535, ,NEUROIMAGE C,2,0,0,0,1,0,1,0,0,0,0,0
1536, ,NEUROLMAGE A,2,0,0,2,0,0,0,0,0,0,0,0
1537, ,NEUROMETHODS,2,0,0,0,1,0,0,1,0,0,0,0
1538,2.952,NEUROMOL MED,2,0,0,0,0,0,0,0,0,0,2,0
1539,6.059,NEUROPATH APPL NEURO,2,0,0,0,0,0,0,1,0,0,1,0
1540, ,NEUROPSY NEUROPSY BE,2,0,0,0,0,0,0,0,0,0,0,2
1541,2.842,NEUROPSYCHOL REHABIL,2,0,0,0,0,0,0,0,0,1,0,1
1542, ,NEURORADIOL J,2,0,0,1,1,0,0,0,0,0,0,0
1543, ,NEUROSCI BEHAV PHYSL,2,0,1,0,0,0,0,0,0,0,1,0
1544, ,NEUROSCI J,2,0,1,0,0,1,0,0,0,0,0,0
1545, ,NEUROSCIENCE DATABAS,2,0,0,0,0,0,0,0,0,0,0,2
1546, ,NEW COGNITIVE NEUROS,2,0,0,0,0,0,0,0,0,0,0,2
1547, ,NEWS PHYSIOL SCI,2,0,0,0,0,0,0,0,0,0,0,2
1548, ,NLME LINEAR NONLINEA,2,1,1,0,0,0,0,0,0,0,0,0
1549, ,NONLINEAR BIOMED,2,0,0,0,0,0,0,0,0,0,0,2
1550, ,NONLINEAR BIOMED PHY,2,0,0,0,0,0,0,0,1,0,0,1
1551,1.129,NONLINEAR PROC GEOPH,2,0,0,0,0,0,0,0,0,0,0,2
1552, ,NOT AM MATH SOC,2,0,0,0,0,0,0,0,0,2,0,0
1553, ,NOVART FDN SYMP,2,0,0,0,0,0,0,0,0,0,0,2
1554,1.336,NUCL INSTRUM METH A,2,0,0,0,0,1,0,0,0,0,0,1
1555,1.323,NUCL INSTRUM METH B,2,0,0,0,0,0,0,0,0,0,0,2
1556,8.483,OBES REV,2,0,0,0,0,0,2,0,0,0,0,0
1557,2.262,OPHTHAL PHYSL OPT,2,0,0,0,0,0,0,0,0,0,1,1
1558, ,ORBITOFRONTAL CORTEX,2,0,0,0,0,0,0,0,0,0,0,2
1559, ,ORG BEHAV,2,0,0,0,0,0,0,0,0,0,0,2
1560, ,ORG HUM BRAIN MAPP,2,0,0,2,0,0,0,0,0,0,0,0
1561, ,ORG HUM BRAIN MAPP O,2,0,1,1,0,0,0,0,0,0,0,0
1562, ,ORGAN SCI,2,0,0,0,0,0,0,0,0,0,0,2
1563, ,ORIENTING ATTENTION,2,0,0,0,0,0,0,0,0,0,2,0
1564, ,OXFORD HANDB MEMORY,2,0,0,0,0,0,0,0,0,0,0,2
1565, ,OXFORD HDB ATTENTION,2,0,0,0,2,0,0,0,0,0,0,0
1566, ,OXFORD HDB FACE PERC,2,0,0,0,0,0,0,2,0,0,0,0
1567, ,P 12 ANN M ORG HUM B,2,0,0,0,0,0,0,0,0,0,0,2
1568, ,P 13 SIAM INT C DAT,2,0,0,0,0,2,0,0,0,0,0,0
1569, ,P 18 ANN M ORG HUM B,2,0,0,0,0,0,2,0,0,0,0,0
1570, ,P 20 ANN ISMRM SCI M,2,0,0,0,0,0,2,0,0,0,0,0
1571, ,P 21 INT C MACH LEAR,2,0,0,0,0,0,0,0,0,0,0,2
1572, ,P 22 ANN M ORG HUM B,2,0,2,0,0,0,0,0,0,0,0,0
1573, ,P 23 ANN M INT SOC M,2,0,0,2,0,0,0,0,0,0,0,0
1574, ,P 23 ANN M ISMRM,2,0,0,2,0,0,0,0,0,0,0,0
1575, ,P 24 ANN M INT SOC M,2,0,2,0,0,0,0,0,0,0,0,0
1576, ,P 25 ANN INT SOC MAG,2,2,0,0,0,0,0,0,0,0,0,0
1577, ,P 25 ANN M ISMRM HON,2,2,0,0,0,0,0,0,0,0,0,0
1578, ,P 31 INT C MACH LEAR,2,0,0,0,2,0,0,0,0,0,0,0
1579, ,P 5 BERK S MATH STAT,2,0,0,0,0,0,0,0,0,0,0,2
1580, ,P 8 PYTH SCI C SCIPY,2,0,0,0,0,0,0,0,0,2,0,0
1581, ,P ICASSP,2,0,0,0,1,0,0,0,0,0,0,1
1582, ,P IEEE INT C COMP VI,2,0,0,0,0,0,0,0,0,0,0,2
1583, ,P IEEE INT S BIOM IM,2,0,0,0,1,1,0,0,0,0,0,0
1584, ,P MED IM COMP COMP A,2,0,0,0,0,0,0,0,0,0,1,1
1585, ,P MICCAI 2014 MACH L,2,0,0,0,2,0,0,0,0,0,0,0
1586, ,P MICCAI WORKSH CHAL,2,0,0,0,2,0,0,0,0,0,0,0
1587, ,P ORG HUM BRAIN MAPP,2,0,0,0,0,1,0,0,0,0,0,1
1588, ,P PRNI C,2,0,0,0,0,1,1,0,0,0,0,0
1589,2.410,P ROY SOC A-MATH PHY,2,0,0,0,0,0,0,0,0,0,0,2
1590, ,P SOC PHOTO-OPT INST,2,0,0,1,0,0,0,1,0,0,0,0
1591, ,P SPIE MED IM SPIE,2,0,1,0,0,0,0,0,1,0,0,0
1592,2.508,PAEDIATR PERINAT EP,2,0,0,0,0,0,0,0,0,0,0,2
1593,1.252,PAIN MANAG NURS,2,0,0,0,0,0,0,1,0,0,0,1
1594,2.782,PAIN MED,2,0,1,0,0,1,0,0,0,0,0,0
1595,2.556,PAIN PHYSICIAN,2,0,0,0,0,1,0,0,0,1,0,0
1596,2.117,PARKINSONS DIS-US,2,0,0,1,0,0,1,0,0,0,0,0
1597, ,PAXINOS WATSONS RAT,2,0,0,0,2,0,0,0,0,0,0,0
1598, ,PEDAGOG SEMIN J GEN,2,0,0,0,0,0,0,0,0,0,0,2
1599,2.808,PEDIATR CLIN N AM,2,0,0,0,0,0,0,0,0,0,0,2
1600,2.398,PEDIATR NEUROL,2,0,0,1,0,0,0,0,0,0,0,1
1601,2.851,PEPTIDES,2,0,0,0,0,0,0,0,1,0,0,1
1602, ,PERCEPT COMMUN,2,0,0,0,0,0,0,0,0,0,0,2
1603, ,PERS SOC PSYCHOL REV,2,0,0,0,0,0,0,0,0,0,0,2
1604, ,PFLUG ARCH GES PHYS,2,0,0,0,0,0,0,0,0,0,0,2
1605, ,PHENOMENOL COGN SCI,2,0,0,0,0,0,0,0,0,0,0,2
1606, ,PHILOS T A,2,0,2,0,0,0,0,0,0,0,0,0
1607,1.621,PHYS BIOL,2,0,0,0,0,0,1,1,0,0,0,0
1608,1.453,PHYSICA B,2,0,0,0,0,0,0,0,0,0,0,2
1609, ,PHYSIOL PSYCHOL,2,0,0,0,0,0,0,0,0,0,0,2
1610, ,PHYSIOL REP,2,0,0,0,2,0,0,0,0,0,0,0
1611,1.324,PHYSIOL RES,2,0,0,0,0,0,0,1,0,0,1,0
1612, ,PITCH NEURAL CODING,2,0,0,0,0,0,0,0,0,0,0,2
1613, ,PLOS ONE IN PRESS,2,0,1,1,0,0,0,0,0,0,0,0
1614, ,PRACT BRAIN COMP,2,0,0,0,0,1,1,0,0,0,0,0
1615,3.483,PREV MED,2,0,0,0,0,0,0,0,0,0,0,2
1616, ,PRINCIPLES MULTIVAR,2,0,0,0,0,0,0,0,0,0,0,2
1617, ,PROJECTIONS,2,0,0,0,0,0,0,0,0,0,2,0
1618, ,PSICOTHEMA,2,0,0,0,0,0,0,1,0,0,0,1
1619,1.434,PSYCHIAT INVEST,2,0,0,2,0,0,0,0,0,0,0,0
1620,2.186,PSYCHIATRY,2,0,2,0,0,0,0,0,0,0,0,0
1621, ,PSYCHOL AESTHET CREA,2,0,1,0,0,0,1,0,0,0,0,0
1622, ,PSYCHOL ASSESSMENTS,2,0,0,0,0,0,0,0,0,0,0,2
1623, ,PSYCHOL NEUROSCI,2,0,0,0,0,0,0,0,0,1,1,0
1624, ,PSYCHOLOGIA,2,0,0,0,0,0,1,0,0,0,0,1
1625, ,PSYCHON B R IN PRESS,2,2,0,0,0,0,0,0,0,0,0,0
1626, ,PSYCHON SCI,2,0,0,0,0,0,0,0,0,0,0,2
1627, ,PSYCHOPHARMACOL BULL,2,0,0,0,0,0,0,0,0,0,0,2
1628,13.122,PSYCHOTHER PSYCHOSOM,2,0,0,0,0,1,0,0,0,0,0,1
1629, ,PUBL BIAS MET PREV,2,0,0,0,0,0,0,0,0,0,0,2
1630,0.853,Q APPL MATH,2,0,0,0,0,0,0,0,0,0,0,2
1631, ,QUANT MRI BRA,2,0,0,0,0,0,0,0,0,0,0,2
1632, ,QUANT MRI BRAIN,2,0,0,0,0,0,0,0,0,0,0,2
1633, ,R COMPANION APPL REG,2,0,0,0,0,0,0,2,0,0,0,0
1634, ,R PACKAGE VERSION,2,0,0,0,1,1,0,0,0,0,0,0
1635,1.202,RADIOCHIM ACTA,2,0,0,1,0,1,0,0,0,0,0,0
1636, ,READING MIND EYES TE,2,0,0,0,0,0,0,0,0,0,0,2
1637, ,RECENT ADV BIOMAGNET,2,0,0,0,0,0,0,0,0,0,0,2
1638, ,REG DEV BRAIN E,2,0,0,0,0,0,0,0,0,0,0,2
1639, ,REG DEV BRAIN EARLY,2,0,0,0,0,0,0,0,0,0,0,2
1640, ,RES PUBL ASSOC RES N,2,0,0,0,0,0,0,0,0,0,0,2
1641,3.218,RES SYNTH METHODS,2,0,0,0,0,0,0,1,1,0,0,0
1642, ,REV NEUROL,2,0,0,0,0,0,0,0,0,0,0,2
1643, ,REV PHILOS PSYCHOL,2,0,0,1,0,0,0,0,1,0,0,0
1644,1.428,REV SCI INSTRUM,2,0,0,0,0,0,0,0,0,1,0,1
1645, ,REVISED NEO PERSONAL,2,0,0,0,0,0,0,0,0,0,0,2
1646, ,ROBUST STAT,2,0,0,0,0,0,0,0,0,0,0,2
1647,3.623,SCAND J MED SCI SPOR,2,0,1,0,0,0,0,0,0,0,0,1
1648, ,SCIPY OPEN SOURCE SC,2,0,0,0,0,0,0,0,0,0,0,2
1649,2.839,SEIZURE-EUR J EPILEP,2,0,1,1,0,0,0,0,0,0,0,0
1650, ,SELF REGULATION BEHA,2,0,0,0,0,0,0,0,0,0,0,2
1651,1.062,SEMIN ULTRASOUND CT,2,0,1,0,1,0,0,0,0,0,0,0
1652, ,SENTENCE COMPREHENSI,2,0,0,1,0,0,0,0,0,0,0,1
1653, ,SEX ROLES,2,0,0,0,0,0,0,0,0,0,0,2
1654,1.528,SIAM J MATH ANAL,2,0,0,0,0,0,0,0,0,0,0,2
1655, ,SIGNALS SYST,2,0,0,0,0,0,0,0,0,0,0,2
1656,2.918,SOC PSYCH PSYCH EPID,2,0,0,0,0,0,0,1,0,0,0,1
1657,3.007,SOC SCI MED,2,0,0,0,1,0,0,0,0,0,0,1
1658, ,SOCIOL METHOD RES,2,0,0,0,0,0,0,0,0,0,0,2
1659,3.709,SOFT MATTER,2,0,0,1,0,1,0,0,0,0,0,0
1660, ,SOLUTIONS ILL POSED,2,0,0,0,0,0,0,0,0,0,0,2
1661, ,SOLVING LEAST SQUARE,2,0,0,0,0,0,0,0,0,0,0,2
1662, ,SPM8 MANUAL,2,0,0,0,0,1,1,0,0,0,0,0
1663,7.074,SPORTS MED,2,0,1,0,0,0,0,0,1,0,0,0
1664, ,SPRINGER HANDB AUDIT,2,0,0,0,1,0,1,0,0,0,0,0
1665, ,SPRINGER P MATH STAT,2,0,0,0,0,2,0,0,0,0,0,0
1666, ,SPRINGER SER OPER RE,2,0,0,0,0,0,0,0,0,0,0,2
1667, ,STAT,2,0,1,0,0,1,0,0,0,0,0,0
1668,0.398,STAT INTERFACE,2,0,0,0,0,1,0,0,0,0,1,0
1669, ,STATE TRAIT ANXIETY,2,0,0,0,0,0,0,0,1,0,0,1
1670, ,STEREOTACTIC COPLANA,2,0,0,0,0,0,0,0,0,0,0,2
1671, ,STRAIGHTFORWARD STAT,2,0,0,0,0,0,0,0,0,0,0,2
1672, ,SUPPL CLIN NEUROPHYS,2,0,0,0,0,0,0,0,0,0,0,2
1673, ,SYMBOL DIGIT MODALIT,2,0,0,0,0,0,0,0,0,0,0,2
1674,1.651,TECHNOL CANCER RES T,2,0,0,0,0,0,1,1,0,0,0,0
1675,0.719,TECHNOL HEALTH CARE,2,1,0,0,0,0,0,0,0,0,0,1
1676, ,TEST D2 AUFMERKSAMKE,2,0,0,0,0,0,0,0,0,0,0,2
1677, ,THALAMUS,2,0,0,0,0,0,0,0,0,0,0,2
1678, ,THEOR NEUROSCI,2,0,0,0,0,0,0,0,0,0,0,2
1679,4.750,THER ADV NEUROL DISO,2,0,0,0,0,1,1,0,0,0,0,0
1680, ,THOUGHT LANGUAGE,2,0,0,0,0,0,1,0,0,0,0,1
1681, ,TIME SERIES ANAL FOR,2,0,0,0,0,0,0,0,0,0,0,2
1682, ,TOPICS CIRCULAR STAT,2,0,0,0,0,0,0,0,0,0,0,2
1683, ,TOPICS MAGN RESO,2,0,0,0,0,0,0,0,0,0,0,2
1684, ,TREATING TOBACCO USE,2,0,0,0,0,0,0,0,0,0,1,1
1685,10.769,TRENDS ENDOCRIN MET,2,0,0,0,0,0,1,0,0,0,0,1
1686,1.808,TRENDS HEAR,2,0,2,0,0,0,0,0,0,0,0,0
1687,2.067,TRIALS,2,0,0,1,0,0,1,0,0,0,0,0
1688, ,TXB MED PHYSL,2,0,0,2,0,0,0,0,0,0,0,0
1689,2.300,ULTRASONIC IMAGING,2,0,0,0,0,0,0,0,0,0,0,2
1690, ,VISION,2,0,0,0,0,0,0,0,0,0,0,2
1691,1.161,WILD ENVIRON MED,2,0,0,0,1,0,0,0,0,0,0,1
1692, ,WIRES COMPUT STAT,2,0,0,0,0,0,0,0,2,0,0,0
1693, ,WMS R WECHSLER MEMOR,2,0,0,0,0,0,0,0,0,0,0,2
1694, ,WOODCOCK JOHNSON 3 T,2,0,0,0,0,0,0,0,0,0,0,2
1695, ,WORLD ALZHEIMER REPO,2,0,0,1,0,0,0,1,0,0,0,0
Copyright  2018 Clarivate Analytics,,,,,,,,,,,,,,
"By exporting the selected data, you agree to the data usage policy set forth in the Terms of Use",,,,,,,,,,,,,,
