Cited Journal Data: J NEUROSCI METH,,,,,,,,,,,,,,
,Impact Factor,Citing Journal,All Yrs,2017,2016,2015,2014,2013,2012,2011,2010,2009,2008,Rest
1,,ALL Journals,15861,109,662,875,841,497,851,751,1032,836,1223,8184
2,,ALL OTHERS (1116),1116,7,43,65,76,38,57,64,76,64,96,530
3,4.122,SCI REP-UK,641,8,28,24,36,13,37,18,37,31,51,358
4,2.766,PLOS ONE,455,6,24,21,28,10,31,16,32,32,32,223
5,5.426,NEUROIMAGE,330,5,19,42,18,10,15,7,38,12,20,144
6,2.668,J NEUROSCI METH,315,10,22,28,28,19,20,24,13,22,20,109
7,5.971,J NEUROSCI,275,3,8,11,6,5,13,10,9,13,30,167
8,3.877,FRONT NEUROSCI-SWITZ,240,3,12,18,13,6,18,10,16,7,21,116
9,3.920,J NEURAL ENG,191,0,4,25,11,5,13,11,11,10,16,85
10,2.502,J NEUROPHYSIOL,178,0,5,7,2,8,10,9,15,12,10,100
11,2.871,FRONT HUM NEUROSCI,170,1,7,13,6,2,11,5,10,8,19,88
12,3.382,NEUROSCIENCE,169,0,4,8,3,5,3,12,9,9,11,105
13,3.972,IEEE T NEUR SYS REH,138,0,1,14,15,7,13,8,10,2,17,51
14,3.173,BEHAV BRAIN RES,135,0,5,4,3,5,8,5,7,8,9,81
15,7.616,ELIFE,133,0,5,3,7,4,7,7,10,5,5,80
16,1.184,JOVE-J VIS EXP,126,3,10,2,4,9,7,9,5,6,11,60
17,14.319,NEURON,118,0,4,2,4,3,6,3,4,7,8,77
18,,P ANN INT IEEE EMBS,116,1,2,6,6,9,4,0,11,9,12,56
19,6.308,CEREB CORTEX,105,0,4,2,1,3,1,3,11,5,6,69
20,4.483,EXP NEUROL,105,0,5,5,4,1,1,4,4,7,11,63
21,4.927,HUM BRAIN MAPP,99,0,6,11,13,4,9,1,10,8,9,28
22,12.353,NAT COMMUN,97,0,5,0,1,3,10,5,8,3,9,53
23,9.504,P NATL ACAD SCI USA,97,3,4,3,3,2,2,4,8,6,3,59
24,3.125,BRAIN RES,91,2,1,3,2,2,1,7,5,4,3,61
25,3.118,PSYCHOPHYSIOLOGY,90,1,3,6,5,0,4,0,8,7,3,53
26,3.614,CLIN NEUROPHYSIOL,88,1,2,5,5,7,6,2,5,2,5,48
27,4.249,NEUROPHARMACOLOGY,83,0,1,1,1,4,1,6,2,3,6,58
28,,ENEURO,80,2,8,3,3,1,3,3,3,3,7,44
29,5.002,J NEUROTRAUM,80,0,4,4,3,4,5,4,5,5,3,43
30,2.159,NEUROSCI LETT,80,0,1,3,7,1,2,3,4,5,12,42
31,6.045,J CEREBR BLOOD F MET,79,0,1,7,4,4,3,7,5,7,5,36
32,5.076,MOL NEUROBIOL,73,0,0,1,1,3,4,2,1,2,11,48
33,4.231,BRAIN STRUCT FUNCT,68,0,1,5,2,1,5,6,5,5,6,32
34,3.508,FRONT NEUROL,68,2,5,2,4,2,6,2,3,4,4,34
35,4.540,J PHYSIOL-LONDON,68,0,1,0,3,0,1,4,2,3,7,47
36,,PROC SPIE,68,1,11,3,6,0,0,1,14,9,5,18
37,3.138,FRONT BEHAV NEUROSCI,67,2,2,1,5,2,0,4,6,1,8,36
38,2.889,NEUROPSYCHOLOGIA,67,0,0,1,1,2,5,2,3,2,3,48
39,4.300,FRONT CELL NEUROSCI,66,1,5,1,2,3,1,3,2,3,10,35
40,4.211,ACS CHEM NEUROSCI,65,0,2,3,1,0,2,8,2,2,2,43
41,2.832,EUR J NEUROSCI,65,1,1,4,5,2,2,2,5,3,3,37
42,2.783,BIOMED SIGNAL PROCES,64,1,1,8,5,2,5,3,9,4,4,22
43,,FRONT PSYCHOL,64,0,2,11,1,3,2,0,7,1,3,34
44,4.288,IEEE T BIO-MED ENG,63,0,2,3,7,7,4,2,7,3,6,22
45,2.475,SENSORS-BASEL,63,1,2,2,5,1,6,2,8,4,4,28
46,8.037,NEUROSCI BIOBEHAV R,62,1,5,3,2,3,2,4,3,5,4,30
47,3.902,FRONT MOL NEUROSCI,58,1,1,2,1,1,3,3,1,1,6,38
48,3.687,INT J MOL SCI,55,0,5,1,4,4,1,4,8,4,7,17
49,3.582,FRONT AGING NEUROSCI,52,0,1,5,3,2,0,0,4,3,5,29
50,6.042,ANAL CHEM,51,0,1,5,2,5,1,6,1,3,2,25
51,2.219,BRAIN BEHAV,51,1,2,3,3,2,2,2,2,5,6,23
52,,ONCOTARGET,51,0,1,4,1,1,4,3,4,2,4,27
53,4.580,INT J NEURAL SYST,50,1,1,8,1,2,8,8,2,1,2,16
54,2.772,NEUROCHEM RES,50,0,5,0,4,1,5,4,0,1,12,18
55,3.468,J COGNITIVE NEUROSCI,49,0,0,2,0,0,0,0,3,1,1,42
56,1.806,EXP BRAIN RES,47,0,1,0,1,0,4,0,7,1,3,30
57,3.074,FRONT NEUROINFORM,47,1,2,7,3,0,3,0,8,5,5,13
58,3.400,J COMP NEUROL,46,0,1,0,2,0,1,2,2,7,2,29
59,3.869,NEUROIMAGE-CLIN,46,0,4,4,0,1,4,1,6,2,6,18
60,3.955,PLOS COMPUT BIOL,46,0,4,5,3,1,0,3,3,5,6,16
61,,NEUROMETHODS,45,0,0,0,2,2,1,2,2,0,1,35
62,4.129,NEUROPHOTONICS,45,0,9,4,1,4,3,5,2,4,1,12
63,2.517,PHYSIOL BEHAV,44,1,0,0,2,0,2,4,0,2,2,31
64,10.848,BRAIN,43,1,7,1,4,1,3,1,3,1,1,20
65,2.824,HEARING RES,43,0,1,4,1,5,0,1,1,2,6,22
66,5.227,NEUROBIOL DIS,43,0,1,1,2,3,3,5,1,2,3,22
67,3.241,NEUROCOMPUTING,43,0,4,8,8,2,3,3,3,0,3,9
68,6.306,BRAIN BEHAV IMMUN,41,0,0,2,1,5,1,4,3,3,5,17
69,5.067,EPILEPSIA,41,0,11,3,2,0,0,0,1,3,3,18
70,3.152,FRONT NEUROANAT,41,0,3,2,3,1,3,1,0,3,2,23
71,3.131,FRONT NEURAL CIRCUIT,40,0,1,0,3,1,1,1,2,6,2,23
72,4.907,CORTEX,39,0,3,4,0,1,0,1,1,2,1,26
73,2.662,J NEUROSCI RES,39,0,2,1,3,0,4,0,4,1,1,23
74,19.912,NAT NEUROSCI,39,1,2,2,1,1,6,2,3,1,2,18
75,5.559,PAIN,39,0,1,1,1,1,0,0,2,1,0,32
76,2.073,FRONT COMPUT NEUROSC,38,0,5,2,0,0,2,0,3,1,6,19
77,2.234,NEURAL REGEN RES,38,0,1,1,2,0,5,0,1,3,1,24
78,9.251,CURR BIOL,36,0,0,0,1,2,2,2,1,0,4,24
79,3.476,J ALZHEIMERS DIS,36,0,0,0,1,1,1,4,2,7,4,16
80,2.891,BIOL PSYCHOL,35,0,0,3,0,0,3,0,4,0,1,24
81,8.032,CELL REP,35,0,2,0,1,0,2,1,5,3,2,19
82,3.865,J NEUROENG REHABIL,35,0,0,5,1,3,0,1,2,4,0,19
83,3.205,MOL PAIN,33,0,1,1,0,1,1,1,1,3,2,22
84,2.284,PHYS REV E,33,3,3,5,2,0,2,1,2,4,2,9
85,3.440,BRAIN RES BULL,32,0,1,2,0,1,0,3,0,3,5,17
86,2.703,BRAIN TOPOGR,32,0,1,6,1,0,2,2,0,2,3,15
87,2.598,DEV NEUROBIOL,32,0,3,0,0,2,4,2,2,2,4,13
88,3.500,IEEE T BIOMED CIRC S,32,0,2,2,4,2,4,1,1,1,1,14
89,4.609,J NEUROCHEM,32,0,0,2,1,1,1,2,3,2,1,19
90,,BEHAV RES METHODS,31,0,2,1,2,1,2,1,1,0,0,21
91,2.115,COMPUT BIOL MED,31,0,3,3,3,1,3,2,3,2,2,9
92,9.107,P IEEE,31,0,0,3,3,3,1,1,1,0,3,16
93,3.405,ANN BIOMED ENG,30,0,0,1,2,2,0,3,3,2,1,16
94,,BRAIN SCI,30,1,0,7,2,0,1,0,2,1,0,16
95,6.120,BRAIN STIMUL,30,0,0,0,1,0,2,2,3,1,3,18
96,2.305,ENTROPY-SWITZ,30,2,3,2,0,1,4,2,1,2,0,13
97,3.831,FRONT PHARMACOL,30,0,2,1,2,0,0,3,1,1,3,17
98,2.868,INT J PSYCHOPHYSIOL,30,0,0,3,2,1,0,0,3,0,2,19
99,2.006,PHYSIOL MEAS,30,0,1,1,3,0,3,2,1,3,0,16
100,1.266,NEUROREPORT,29,1,2,0,2,1,3,1,3,0,3,13
101,3.500,SOC COGN AFFECT NEUR,29,1,0,2,0,1,1,0,8,0,2,14
102,3.040,EUR J PHARMACOL,28,0,1,0,0,0,0,2,1,1,2,21
103,5.193,J NEUROINFLAMM,28,0,2,1,2,1,1,2,0,1,6,12
104,1.922,MOL MED REP,28,0,1,1,0,0,0,0,1,0,5,20
105,4.185,PROG NEURO-PSYCHOPH,28,0,1,0,1,2,3,4,0,2,3,12
106,3.482,BIOMED OPT EXPRESS,27,0,0,1,0,1,2,2,3,2,4,12
107,3.394,FRONT PHYSIOL,27,1,0,2,0,0,0,3,1,5,3,12
108,,FRONT SYST NEUROSCI,27,0,1,2,1,2,1,1,4,1,4,10
109,1.971,MED BIOL ENG COMPUT,27,0,1,4,1,1,1,1,1,3,6,8
110,4.454,NEUROBIOL AGING,27,0,0,0,0,0,1,2,2,2,3,17
111,3.457,BIOMED PHARMACOTHER,26,0,0,0,2,2,0,1,0,0,0,21
112,41.577,NATURE,26,0,2,0,2,1,0,1,3,4,1,12
113,2.277,NEUROSCI RES,26,0,2,0,1,0,1,2,1,0,3,16
114,5.135,SLEEP,26,0,3,3,2,1,1,0,2,2,0,12
115,8.806,BIOMATERIALS,25,0,1,1,1,2,0,1,1,1,1,16
116,2.583,BIOMED RES INT,25,0,0,5,0,1,1,3,1,1,2,11
117,1.545,COMPUT MATH METHOD M,25,0,2,3,1,2,5,1,1,0,0,10
118,3.256,J APPL PHYSIOL,25,0,1,0,0,0,0,6,1,0,2,15
119,3.244,NEUROBIOL LEARN MEM,25,0,0,2,1,0,0,1,5,1,3,12
120,24.014,PHYSIOL REV,25,0,0,2,0,1,1,1,2,2,4,12
121,5.667,SENSOR ACTUAT B-CHEM,25,1,0,2,0,2,1,1,3,5,1,9
122,2.415,CHAOS,24,0,2,1,1,1,5,2,2,2,0,8
123,2.606,FRONT NEUROROBOTICS,24,0,4,9,2,0,1,0,3,0,1,4
124,3.557,IEEE ACCESS,24,0,1,5,1,1,1,0,1,0,3,11
125,1.606,J COMPUT NEUROSCI,24,0,0,1,2,0,4,3,2,1,2,9
126,3.179,J EXP BIOL,24,0,0,0,3,2,3,1,1,2,4,8
127,4.319,J NEUROSURG,24,0,0,3,0,0,6,3,1,1,1,9
128,2.441,METAB BRAIN DIS,24,0,0,1,0,0,0,0,2,0,1,20
129,3.222,PSYCHOPHARMACOLOGY,24,0,0,2,1,0,0,1,1,0,0,19
130,15.876,ACTA NEUROPATHOL,23,0,2,2,1,0,1,0,3,4,3,7
131,1.854,BEHAV PHARMACOL,23,0,0,2,1,0,1,0,1,2,0,16
132,1.649,COMPUT INTEL NEUROSC,23,0,2,6,4,0,1,0,2,1,2,5
133,5.995,LAB CHIP,23,0,0,0,2,1,0,5,1,5,1,8
134,,SER BIOENG,23,0,0,0,1,1,2,1,0,0,1,17
135,6.383,ACTA BIOMATER,22,0,1,1,3,3,0,0,0,2,1,11
136,,BRAIN-COMPUT INTERFA,22,0,1,1,0,1,3,2,0,1,6,7
137,2.674,COMPUT METH PROG BIO,22,0,2,6,1,1,4,0,0,3,0,5
138,,CONSCIOUS COGN,22,0,0,1,0,1,0,0,0,0,0,20
139,5.846,GLIA,22,0,2,0,0,0,0,1,1,2,3,13
140,3.966,HIPPOCAMPUS,22,0,0,0,2,0,3,0,1,1,3,12
141,6.544,NEUROPSYCHOPHARMACOL,22,1,0,1,2,0,1,2,1,0,2,12
142,2.118,PEERJ,22,0,2,0,2,0,3,1,1,1,0,12
143,14.163,PROG NEUROBIOL,22,0,1,0,1,2,3,0,1,0,2,12
144,,IEEE SYS MAN CYBERN,21,0,0,0,3,0,1,1,2,0,2,12
145,0.549,J MED IMAG HEALTH IN,21,0,1,4,3,2,3,0,3,2,0,3
146,3.603,NEUROCHEM INT,21,0,1,2,0,1,0,2,0,0,2,13
147,2.757,CURR PHARM DESIGN,20,0,3,0,0,1,1,3,0,1,1,10
148,2.600,EPILEPSY BEHAV,20,0,4,1,1,0,0,2,0,0,2,10
149,3.768,EXPERT SYST APPL,20,0,0,5,3,0,1,0,3,0,0,8
150,2.086,LANG COGN NEUROSCI,20,0,1,1,0,0,1,0,1,1,1,14
151,,PHYSIOL REP,20,0,0,0,0,0,0,4,2,1,3,10
152,5.609,ADV HEALTHC MATER,19,0,0,0,0,0,0,1,0,3,2,13
153,1.689,APPL SCI-BASEL,19,0,0,0,1,0,1,1,3,0,3,10
154,4.815,DEV COGN NEUROS-NETH,19,0,0,1,1,0,2,1,2,0,0,12
155,4.089,J TISSUE ENG REGEN M,19,0,0,0,1,0,0,0,3,1,3,11
156,2.266,J VISION,19,0,1,1,2,0,0,1,0,1,0,13
157,3.161,NEURAL PLAST,19,0,2,0,0,0,2,1,2,1,3,8
158,4.691,TRANSL PSYCHIAT,19,0,1,0,0,2,0,3,1,0,3,9
159,2.574,BRAIN COGNITION,18,0,0,0,0,0,0,0,0,1,1,16
160,2.885,CELL TRANSPLANT,18,0,0,0,0,1,1,2,0,1,3,10
161,,COGNITION,18,0,0,0,0,0,0,0,1,0,0,17
162,2.491,EPILEPSY RES,18,0,8,1,0,0,1,0,0,0,2,6
163,2.441,J CHROMATOGR B,18,0,0,0,2,0,1,0,1,4,1,9
164,9.163,PLOS BIOL,18,0,2,2,1,0,1,0,1,0,2,9
165,5.578,ADDICT BIOL,17,0,0,0,2,1,0,3,0,1,0,10
166,2.857,FRONT PSYCHIATRY,17,0,1,1,1,0,2,0,1,1,3,7
167,,INT C ACOUST SPEE,17,0,2,4,0,2,0,0,0,0,1,8
168,,IRAN C ELECTR ENG,17,0,0,1,3,1,3,1,0,0,1,7
169,2.645,J PAIN RES,17,0,0,1,0,0,0,0,0,1,2,13
170,3.312,MOL CELL NEUROSCI,17,0,1,1,1,1,0,3,1,1,1,7
171,2.064,EVID-BASED COMPL ALT,16,0,0,0,0,0,0,1,0,1,1,13
172,2.448,J NEUROL SCI,16,1,0,0,0,1,0,0,1,1,3,9
173,4.711,NEUROREHAB NEURAL RE,16,0,0,2,2,0,0,1,0,2,0,9
174,2.538,PHARMACOL BIOCHEM BE,16,0,1,0,0,0,0,0,0,1,0,14
175,0.311,ZH VYSSH NERV DEYAT+,16,0,0,4,1,0,2,0,0,1,2,6
176,6.523,ANESTHESIOLOGY,15,0,0,2,1,0,0,0,1,0,0,11
177,10.250,ANN NEUROL,15,0,1,0,0,1,1,1,2,1,2,6
178,2.559,BIOCHEM BIOPH RES CO,15,0,1,0,1,0,2,1,0,2,0,8
179,3.895,CELL MOL NEUROBIOL,15,0,0,0,0,0,2,2,1,1,0,9
180,2.565,COGN AFFECT BEHAV NE,15,0,1,1,0,0,0,0,2,0,0,11
181,,COMP MED SY,15,0,1,2,0,1,0,1,0,0,1,9
182,7.877,J CONTROL RELEASE,15,1,3,0,0,0,0,0,1,0,0,10
183,0.662,J INTEGR NEUROSCI,15,0,0,0,0,0,3,0,1,1,1,9
184,3.852,NEUROINFORMATICS,15,0,1,2,1,2,2,0,0,1,2,4
185,3.076,NEUROTOXICOLOGY,15,0,0,1,0,1,1,1,0,0,3,8
186,4.936,OXID MED CELL LONGEV,15,0,2,0,2,0,0,1,1,2,3,4
187,2.132,PHYSICA A,15,0,3,1,1,0,0,0,2,2,0,6
188,3.719,BRAIN IMAGING BEHAV,14,0,0,0,0,0,3,0,2,0,4,5
189,2.851,BRAIN LANG,14,0,1,0,0,0,1,0,0,0,0,12
190,4.902,HUM MOL GENET,14,0,0,0,1,0,2,0,2,2,0,7
191,2.495,INT J DEV NEUROSCI,14,0,0,0,2,0,1,1,0,1,2,7
192,1.211,J MED BIOL ENG,14,0,0,1,0,0,1,1,5,0,1,5
193,1.651,NEURAL COMPUT,14,0,1,2,1,0,2,1,0,2,1,4
194,1.449,NEUROL RES,14,0,0,1,0,0,0,1,1,1,5,5
195,1.954,PATTERN RECOGN LETT,14,0,0,0,2,1,1,0,2,0,1,7
196,2.936,RSC ADV,14,1,1,2,1,1,0,0,2,0,0,6
197,11.511,SCI ADV,14,0,1,2,1,0,0,1,1,1,0,7
198,8.266,TRANSL STROKE RES,14,0,0,1,1,0,1,0,2,1,2,6
199,4.432,ACS BIOMATER SCI ENG,13,0,0,0,0,1,0,0,1,2,1,8
200,3.864,ANALYST,13,0,2,0,0,1,0,3,2,0,0,5
201,2.061,BRAIN INJURY,13,0,1,0,1,1,0,3,0,1,0,6
202,6.810,BRIT J PHARMACOL,13,0,1,1,2,0,1,0,0,0,0,8
203,5.500,CELL PHYSIOL BIOCHEM,13,0,2,0,0,0,1,1,0,2,2,5
204,2.000,COGN NEURODYNAMICS,13,0,0,1,1,0,0,1,1,1,2,6
205,2.393,CURR ZOOL,13,0,1,0,2,0,0,0,1,1,1,7
206,4.398,DIS MODEL MECH,13,0,2,1,2,0,0,1,0,0,1,6
207,2.617,IEEE SENS J,13,0,1,0,1,0,1,0,1,2,1,6
208,4.203,IEEE T SIGNAL PROCES,13,0,1,1,0,1,1,0,0,2,1,6
209,4.370,INT J NANOMED,13,0,0,0,2,1,0,1,0,2,0,7
210,2.431,J BIOMECH,13,0,0,0,2,0,0,0,1,4,1,5
211,5.080,MAT SCI ENG C-MATER,13,0,0,0,0,0,1,0,0,0,1,11
212,6.239,STROKE,13,0,1,0,0,0,1,1,1,2,2,5
213,8.097,ACS APPL MATER INTER,12,0,1,1,0,0,0,0,1,0,1,8
214,1.374,BIOCYBERN BIOMED ENG,12,0,1,1,1,1,0,1,1,0,2,4
215,11.984,BIOL PSYCHIAT,12,0,0,0,1,0,2,0,2,0,0,7
216,,BIOMED PHYS ENG EXPR,12,0,2,1,1,1,2,0,2,0,1,2
217,2.084,CNS NEUROL DISORD-DR,12,0,4,0,0,0,0,1,0,0,1,6
218,2.732,EXP PHYSIOL,12,0,1,0,0,0,1,4,1,0,0,5
219,1.410,EXP THER MED,12,0,0,1,0,0,0,1,1,2,1,6
220,3.496,GENES BRAIN BEHAV,12,1,0,0,1,0,1,1,0,0,0,8
221,4.011,J BIOL CHEM,12,0,0,0,0,0,1,0,1,0,2,8
222,2.162,J CHEM NEUROANAT,12,1,0,0,1,0,0,0,0,3,0,7
223,3.115,J ETHNOPHARMACOL,12,0,0,0,0,0,0,1,0,0,1,10
224,2.779,J NEURAL TRANSM,12,1,0,0,1,0,0,0,1,1,2,6
225,4.859,J PAIN,12,0,1,1,0,0,1,0,1,0,1,7
226,2.269,J PHARMACOL TOX MET,12,0,2,1,2,0,1,0,0,0,1,5
227,3.234,LIFE SCI,12,0,1,0,1,0,0,0,0,0,3,7
228,2.884,MED PHYS,12,0,1,1,0,3,0,0,0,0,0,7
229,2.339,MULTISENS RES,12,0,0,0,0,1,0,0,0,0,0,11
230,12.423,NAT PROTOC,12,0,1,0,0,0,0,0,1,0,1,9
231,4.215,NEURAL COMPUT APPL,12,0,1,1,1,0,5,0,1,0,1,2
232,2.182,OTOL NEUROTOL,12,0,0,0,0,0,2,2,2,0,0,6
233,5.666,PHILOS T R SOC B,12,0,1,0,0,0,3,0,1,1,1,5
234,4.929,STEM CELL TRANSL MED,12,0,0,0,1,1,0,1,1,0,0,8
235,2.069,VISION RES,12,0,0,0,0,1,0,0,0,0,0,11
236,1.500,ACTA NEUROBIOL EXP,11,0,0,2,0,0,2,0,0,2,2,3
237,,ADV INTELL SYST,11,0,0,1,1,0,0,0,2,1,2,4
238,3.569,AM J PHYSIOL-HEART C,11,0,0,0,0,0,0,5,0,0,0,6
239,6.493,AM J TRANSPLANT,11,0,1,2,0,1,0,0,0,0,2,5
240,3.463,ANESTH ANALG,11,0,1,0,0,2,0,0,1,1,0,6
241,1.678,ATTEN PERCEPT PSYCHO,11,0,0,0,0,0,0,0,0,0,0,11
242,1.032,AUSTRALAS PHYS ENG S,11,0,2,2,2,0,2,1,0,2,0,0
243,,BIOMED RES-INDIA,11,0,1,0,0,0,0,2,1,0,0,7
244,8.173,BIOSENS BIOELECTRON,11,0,0,2,0,0,1,0,0,1,1,6
245,2.173,BMC NEUROSCI,11,0,1,1,0,0,0,0,1,2,1,5
246,31.398,CELL,11,0,0,0,2,0,1,0,0,2,2,4
247,,EPJ NONLINEAR BIOMED,11,0,1,1,0,1,2,0,1,4,0,1
248,2.401,EUR J APPL PHYSIOL,11,1,0,0,0,0,1,3,0,0,1,5
249,,EUR SIGNAL PR CONF,11,0,1,2,1,1,0,1,0,0,1,4
250,2.164,HISTOCHEM CELL BIOL,11,0,0,0,1,1,2,1,0,2,0,4
251,,IEEE INT SYMP CIRC S,11,0,0,1,1,1,1,0,0,0,0,7
252,3.850,IEEE J BIOMED HEALTH,11,0,0,0,1,0,1,1,3,1,1,3
253,6.131,IEEE T MED IMAGING,11,0,1,0,1,0,1,3,0,1,1,3
254,1.605,J ACOUST SOC AM,11,0,0,1,2,0,0,0,0,0,1,7
255,1.568,J ELECTROMYOGR KINES,11,0,0,0,0,0,0,0,0,0,2,9
256,1.261,J HEALTHC ENG,11,0,0,1,1,0,1,2,1,0,0,5
257,5.356,MED IMAGE ANAL,11,0,2,1,1,2,0,0,0,1,0,4
258,,METHOD MOL BIOL,11,0,0,0,4,0,0,1,0,1,2,3
259,4.731,PSYCHONEUROENDOCRINO,11,0,0,1,1,0,0,0,0,2,0,7
260,2.590,REV NEUROSCIENCE,11,0,1,1,0,0,1,1,0,0,3,4
261,,SIG PROCESS COMMUN,11,0,1,0,0,1,0,1,1,0,1,6
262,,SPR SER TRANSL STROK,11,0,0,1,1,0,0,0,0,2,2,5
263,11.439,TRENDS NEUROSCI,11,1,2,1,2,1,0,1,1,0,2,0
264,0.580,TURK J ELECTR ENG CO,11,0,1,0,2,0,3,0,1,0,1,3
265,3.804,AAPS J,10,0,0,1,0,0,2,1,0,1,0,5
266,2.275,ANAL BIOCHEM,10,0,0,0,0,0,0,1,1,2,2,4
267,2.805,ANIM COGN,10,0,1,0,4,1,0,0,0,1,0,3
268,1.555,BEHAV PROCESS,10,0,0,1,5,0,0,0,0,0,1,3
269,1.440,BIOL CYBERN,10,0,0,2,0,0,0,2,2,2,0,2
270,1.676,BIOMED ENG ONLINE,10,0,0,1,1,0,1,0,1,0,1,5
271,2.213,BMC BIOINFORMATICS,10,0,0,1,3,1,0,0,2,0,1,2
272,2.109,BMC COMPLEM ALTERN M,10,0,0,0,0,0,0,0,0,1,1,8
273,2.170,BMC NEUROL,10,0,0,0,0,0,0,0,0,0,3,7
274,3.199,CEREBELLUM,10,0,0,0,1,0,1,0,0,0,0,8
275,3.289,CURR ALZHEIMER RES,10,0,0,1,0,1,0,0,0,1,1,6
276,4.692,EXPERT OPIN DRUG DIS,10,0,1,0,0,0,0,1,0,0,1,7
277,5.595,FASEB J,10,0,0,1,0,0,1,0,1,0,1,6
278,5.511,FRONT IMMUNOL,10,0,1,0,2,0,1,0,0,0,3,3
279,,FRONT INTEGR NEUROSC,10,0,0,0,0,1,0,0,2,1,0,6
280,3.231,J BIOMED MATER RES A,10,0,0,1,0,0,0,1,1,0,0,7
281,4.302,J CELL MOL MED,10,0,0,0,0,1,0,0,0,3,1,5
282,13.251,J CLIN INVEST,10,0,2,0,0,1,1,0,0,0,1,5
283,4.776,J MATER CHEM B,10,0,0,2,0,0,0,0,1,1,1,5
284,2.761,J NEUROSURG-SPINE,10,0,0,0,1,0,1,0,0,1,0,7
285,,J PHYS CONF SER,10,0,0,0,0,0,0,1,0,3,1,5
286,1.949,LASER MED SCI,10,0,0,1,1,0,0,0,1,0,1,6
287,1.087,MICROSC RES TECHNIQ,10,0,0,0,0,0,0,0,0,0,0,10
288,11.640,MOL PSYCHIATR,10,0,1,0,1,0,0,0,1,1,2,4
289,3.098,MOLECULES,10,0,0,0,1,0,0,0,0,0,1,8
290,3.008,MRS COMMUN,10,1,0,2,1,0,1,1,0,0,0,4
291,,NEURORADIOL J,10,1,0,2,0,1,5,0,0,0,0,1
292,3.031,NMR BIOMED,10,0,0,2,0,5,0,1,0,1,0,1
293,2.117,PARKINSONS DIS-US,10,0,0,0,0,2,2,0,0,0,1,5
294,2.223,PSYCHIAT RES,10,0,0,1,2,0,0,1,1,0,0,5
295,2.504,ROY SOC OPEN SCI,10,0,1,2,0,0,0,0,1,1,1,4
296,41.058,SCIENCE,10,0,0,0,0,1,1,0,0,0,2,6
297,2.839,SEIZURE-EUR J EPILEP,10,0,1,1,0,0,0,0,1,0,3,4
298,,2017 IEEE 14 INT SXB,9,0,1,2,0,0,1,1,2,0,1,1
299,3.495,BIOPHYS J,9,1,0,0,1,0,2,0,1,0,0,4
300,5.770,BMC BIOL,9,0,2,0,1,1,0,0,0,0,0,5
301,,IEEE INT C BIOINFORM,9,0,2,2,0,0,1,0,0,0,0,4
302,8.784,J CELL BIOL,9,0,0,0,3,0,1,0,0,0,0,5
303,6.253,J MED CHEM,9,0,0,0,0,0,0,1,0,0,1,7
304,3.392,J NEUROENDOCRINOL,9,0,0,0,0,1,1,1,1,0,0,5
305,2.655,J NEUROIMMUNOL,9,0,1,0,1,2,1,0,1,0,0,3
306,4.738,J PSYCHOPHARMACOL,9,0,0,0,1,0,0,0,1,0,1,6
307,4.082,MAGN RESON MED,9,0,2,2,1,0,0,0,0,1,1,2
308,1.923,MED ENG PHYS,9,0,1,0,0,1,1,0,1,1,1,3
309,4.291,MED SCI SPORT EXER,9,0,0,0,1,0,1,1,0,0,1,5
310,6.426,MOL NEURODEGENER,9,0,2,0,0,0,1,0,2,0,0,4
311,5.005,NANOMEDICINE-UK,9,0,0,0,0,0,0,0,1,1,2,5
312,26.919,NAT METHODS,9,0,0,0,1,0,2,0,1,0,1,4
313,3.186,NEUROTOX RES,9,0,0,0,0,0,1,1,0,0,0,7
314,3.958,SCHIZOPHR RES,9,0,1,0,0,0,0,0,0,0,3,5
315,3.612,STEM CELL REV REP,9,0,0,0,2,2,1,1,0,1,0,2
316,3.989,STEM CELLS INT,9,0,0,0,0,0,0,1,2,1,0,5
317,2.360,SYNAPSE,9,0,0,0,0,1,0,1,0,0,1,6
318,1.924,WORLD NEUROSURG,9,0,2,0,0,0,1,1,1,0,1,3
319,,2017 CHIN AUT C CAXB,8,0,0,1,0,0,0,1,0,0,2,4
320,13.709,ACS NANO,8,0,0,1,0,0,0,0,0,3,0,4
321,0.525,ACTA BIOL COLOMB,8,0,0,0,1,0,0,0,0,0,1,6
322,,ACTA PSYCHOL,8,0,0,0,0,1,0,1,1,0,0,5
323,13.325,ADV FUNCT MATER,8,0,0,2,0,0,0,0,0,1,0,5
324,21.950,ADV MATER,8,0,1,0,0,0,0,0,0,0,0,7
325,2.073,ANAL METHODS-UK,8,0,0,0,0,0,0,0,0,0,0,8
326,1.373,ANAT REC,8,0,0,2,0,0,0,0,1,1,1,3
327,4.277,ANN NY ACAD SCI,8,0,0,0,1,0,0,2,0,2,0,3
328,14.675,ANNU REV NEUROSCI,8,0,1,1,3,1,0,0,1,0,0,1
329,3.768,AUTISM RES,8,0,0,0,0,2,1,0,1,0,0,4
330,2.605,AUTON NEUROSCI-BASIC,8,0,0,0,0,0,0,2,0,0,0,6
331,,BIOSYST BIOROBOT,8,0,0,0,1,0,0,1,0,0,1,5
332,3.886,CEPHALALGIA,8,0,0,0,0,0,0,0,2,0,0,6
333,1.807,CLIN EEG NEUROSCI,8,0,0,0,0,0,0,2,0,0,0,6
334,0.261,ELECTR COMMUN JPN,8,0,0,1,0,1,1,3,0,0,0,2
335,4.816,EUR J MED CHEM,8,0,0,0,0,1,0,0,0,0,0,7
336,4.418,HORM BEHAV,8,0,0,0,0,1,0,2,0,0,0,5
337,0.833,INT J CLIN EXP MED,8,0,0,1,0,0,0,0,0,0,2,5
338,3.786,J AFFECT DISORDERS,8,0,1,1,1,0,0,0,2,0,1,2
339,,J AUTISM DEV DISORD,8,0,0,1,0,0,0,0,2,0,0,5
340,2.952,J BIOL INORG CHEM,8,0,0,0,0,0,0,0,0,0,0,8
341,1.916,J BIOMECH ENG-T ASME,8,0,0,0,0,0,0,1,1,1,0,5
342,2.367,J BIOMED OPT,8,0,0,1,1,0,0,2,1,1,1,1
343,2.289,J EXP PSYCHOL HUMAN,8,0,0,0,0,1,0,0,0,0,0,7
344,2.323,J OPTICS-UK,8,0,0,0,1,0,0,0,0,0,2,5
345,3.706,J PHARMACOL EXP THER,8,0,0,0,0,1,0,0,0,0,0,7
346,2.716,JARO-J ASSOC RES OTO,8,0,0,1,0,1,0,0,0,0,1,5
347,1.450,LAB ANIM-UK,8,0,0,0,1,1,1,1,0,0,0,4
348,2.671,LEARN MEMORY,8,0,1,1,0,0,1,0,0,0,2,3
349,,LECT NOTES COMPUT SC,8,0,0,0,0,1,0,0,3,0,1,3
350,8.324,MOVEMENT DISORD,8,0,0,0,1,0,1,0,1,0,0,5
351,2.496,MUSCLE NERVE,8,0,0,0,0,2,0,0,0,1,0,5
352,17.753,NANO TODAY,8,0,0,0,0,1,0,0,1,0,0,6
353,7.233,NANOSCALE,8,0,0,0,0,0,1,1,0,0,1,5
354,7.197,NEURAL NETWORKS,8,0,0,1,1,1,0,1,1,0,1,2
355,,P 10 INT JOINT CXB,8,0,1,0,0,1,1,0,1,0,0,4
356,3.965,PATTERN RECOGN,8,0,1,3,0,1,0,0,0,0,1,2
357,5.475,PSYCHOL MED,8,1,0,0,1,0,0,0,1,0,2,3
358,1.185,SOMATOSENS MOT RES,8,0,0,0,0,0,0,0,0,0,1,7
359,8.537,THERANOSTICS,8,0,0,0,0,1,1,0,1,0,1,4
360,1.929,ACTA NEUROCHIR,7,0,1,1,1,0,1,0,0,0,0,3
361,5.414,ACTA NEUROPATHOL COM,7,0,1,0,0,0,0,0,0,1,0,5
362,,AIMS NEUROSCI,7,0,1,2,0,0,0,0,0,0,0,4
363,3.907,APPL SOFT COMPUT,7,0,0,1,0,0,0,1,2,0,0,3
364,0.546,B EXP BIOL MED+,7,0,0,0,1,0,2,0,0,0,1,3
365,2.507,BEHAV NEUROSCI,7,0,0,0,1,0,1,0,0,0,0,5
366,,BIOMED ENG-APP BAS C,7,0,1,2,1,0,1,0,0,0,1,1
367,2.077,BIOMED MICRODEVICES,7,0,1,0,0,0,0,1,1,0,0,4
368,9.088,BMC MED,7,0,0,0,1,0,1,0,1,1,0,3
369,5.638,CELL DEATH DIS,7,0,0,0,0,0,0,2,2,0,0,3
370,52.613,CHEM REV,7,0,1,0,0,2,0,0,0,0,0,4
371,3.495,CNS NEUROSCI THER,7,0,0,0,0,0,1,0,1,0,0,5
372,3.417,COGN NEUROSCI-UK,7,0,0,2,0,0,0,0,2,0,0,3
373,1.829,COMPLEXITY,7,0,1,0,1,1,2,1,1,0,0,0
374,,DEVELOPMENTAL SCI,7,0,0,0,0,0,0,0,0,0,1,6
375,6.848,DRUG DISCOV TODAY,7,0,0,1,1,0,0,0,2,0,0,3
376,,ELECTROCHEM SOC INTE,7,0,0,0,0,0,0,1,0,0,0,6
377,2.569,ELECTROPHORESIS,7,0,1,0,0,0,0,1,0,1,0,4
378,3.466,EUR J PHARM SCI,7,0,0,0,0,0,1,0,0,0,0,6
379,1.536,EUR PHYS J B,7,1,1,0,2,0,0,1,1,0,1,0
380,2.273,GAIT POSTURE,7,0,1,0,1,0,0,1,0,2,0,2
381,2.563,IEEE T HUM-MACH SYST,7,0,0,0,0,0,0,0,1,1,0,5
382,7.982,IEEE T NEUR NET LEAR,7,0,0,0,0,0,2,2,0,0,1,2
383,,INT WINT WORKSH BR,7,0,1,0,0,1,1,1,1,0,1,1
384,3.388,INVEST OPHTH VIS SCI,7,0,0,0,0,0,0,0,0,0,3,4
385,,J ABNORM PSYCHOL,7,0,0,0,0,0,1,0,1,0,0,5
386,1.693,J MICROSC-OXFORD,7,0,0,0,1,1,0,1,0,0,1,3
387,3.664,J NEUROIMMUNE PHARM,7,0,0,0,0,0,1,2,0,0,0,4
388,1.906,J SPEECH LANG HEAR R,7,0,0,0,1,0,2,0,1,0,0,3
389,1.833,J THEOR BIOL,7,0,0,1,0,0,0,0,1,1,0,4
390,4.396,KNOWL-BASED SYST,7,0,1,1,0,1,1,0,1,0,0,2
391,0.833,LAB ANIMAL,7,0,2,1,1,0,1,0,1,0,0,1
392,2.564,MAGN RESON IMAGING,7,0,1,0,0,0,1,0,0,0,0,5
393,5.071,MICROSYST NANOENG,7,0,0,0,0,0,0,0,0,0,1,6
394,7.008,MOL THER,7,0,0,1,0,1,0,1,1,0,0,3
395,,MOV DISORD CLIN PRAC,7,0,0,0,1,0,1,0,1,0,1,3
396,12.080,NANO LETT,7,0,0,0,0,0,0,0,0,1,0,6
397,,NAT BIOMED ENG,7,0,1,1,1,1,0,0,0,1,0,2
398,51.941,NAT REV MATER,7,0,0,1,0,0,0,1,0,0,1,4
399,32.635,NAT REV NEUROSCI,7,0,0,1,0,0,1,0,0,1,1,3
400,0.754,NEUROENDOCRINOL LETT,7,0,0,0,0,0,1,4,1,0,0,1
401,2.774,NEUROMODULATION,7,0,0,0,0,0,1,1,0,1,0,4
402,2.952,NEUROMOL MED,7,0,0,0,0,0,1,0,1,1,0,4
403,6.059,NEUROPATH APPL NEURO,7,0,0,0,2,1,1,0,0,0,0,3
404,2.045,NEUROPHYSIOL CLIN,7,0,1,1,1,0,0,1,1,0,0,2
405,4.196,NUTRIENTS,7,0,0,0,1,0,0,0,0,0,0,6
406,2.556,PAIN PHYSICIAN,7,0,0,0,0,0,0,0,0,0,2,5
407,1.371,PERCEPTION,7,0,0,0,2,0,1,0,0,0,0,4
408,,PHARMACEUTICALS,7,0,0,0,0,0,0,0,0,0,3,4
409,18.964,PHARMACOL REV,7,0,0,0,0,1,0,0,1,0,1,4
410,1.279,PROCESSES,7,0,0,0,0,0,0,0,0,0,0,7
411,2.101,RESTOR NEUROL NEUROS,7,0,0,0,1,1,0,0,2,0,0,3
412,0.482,SENSOR MATER,7,0,0,0,0,0,0,0,0,0,1,6
413,4.212,SEP PURIF REV,7,0,0,0,0,0,0,0,1,0,0,6
414,,SPR SER BIONUERO,7,0,0,0,0,1,1,0,1,1,1,2
415,3.105,TOXICOL IN VITRO,7,0,0,0,0,0,1,0,0,0,2,4
416,4.181,TOXICOL SCI,7,0,0,0,0,0,1,0,0,0,0,6
417,2.352,TOXICON,7,0,0,0,0,0,0,0,0,0,1,6
418,0.641,TURK J MED SCI,7,1,0,0,0,0,0,0,1,1,0,4
419,1.938,ZOOLOGY,7,0,0,0,0,1,0,0,1,2,0,3
420,,2017 40 INT C TELXB,6,0,0,0,2,0,1,1,2,0,0,0
421,,2017 IEEE INT CXB,6,0,0,0,2,0,1,0,1,1,0,1
422,5.058,AGING DIS,6,0,0,0,0,0,0,0,0,0,0,6
423,3.183,ALCOHOL CLIN EXP RES,6,0,0,0,0,1,0,0,0,0,0,5
424,3.653,AM J NEURORADIOL,6,0,1,0,0,1,0,0,1,0,1,2
425,3.082,AM J PHYSIOL-REG I,6,0,0,0,0,0,0,1,0,1,0,4
426,3.061,AM J TRANSL RES,6,0,0,0,0,0,0,0,0,1,1,4
427,2.906,AMINO ACIDS,6,0,0,0,0,0,0,0,0,0,0,6
428,1.548,APPL ANIM BEHAV SCI,6,0,1,0,1,0,0,0,1,2,0,1
429,5.728,ARCH TOXICOL,6,0,0,0,1,0,1,0,0,0,1,3
430,,BASIC CLIN NEUROSCI,6,0,0,0,0,0,0,0,0,0,1,5
431,1.688,BIOMED CHROMATOGR,6,0,0,0,0,0,0,1,0,0,0,5
432,5.592,CELL CHEM BIOL,6,0,0,0,0,0,0,0,0,1,0,5
433,23.290,CELL STEM CELL,6,0,0,1,1,1,0,0,1,0,0,2
434,5.220,CLIN SCI,6,0,1,1,1,1,0,1,0,0,0,1
435,5.797,COMPR PHYSIOL,6,0,0,0,0,0,1,0,0,0,0,5
436,3.374,CURR TOP MED CHEM,6,0,0,0,0,0,3,0,0,0,0,3
437,3.322,DRUG ALCOHOL DEPEN,6,0,0,0,1,0,0,0,1,0,2,2
438,3.120,EAR HEARING,6,0,0,1,1,0,0,0,0,0,2,2
439,5.116,ELECTROCHIM ACTA,6,0,0,0,0,0,0,0,1,0,0,5
440,4.129,EUR NEUROPSYCHOPHARM,6,0,0,0,2,0,0,1,0,1,0,2
441,2.424,EXCLI J,6,0,0,0,0,0,0,0,1,0,2,3
442,2.413,EXP BIOL MED,6,0,0,2,0,0,0,0,2,1,0,1
443,3.309,EXP CELL RES,6,0,0,0,0,0,2,0,0,1,0,3
444,3.519,FRONT ENDOCRINOL,6,0,1,0,0,0,0,1,0,0,0,4
445,,FRONT PHYS,6,0,4,0,0,0,0,1,0,0,1,0
446,2.349,FUND CLIN PHARMACOL,6,0,0,0,0,0,0,0,0,0,0,6
447,,I-PERCEPTION,6,0,0,0,0,0,0,0,0,0,0,6
448,,INT J BIOMED ENG TEC,6,0,0,2,1,0,1,0,0,1,0,1
449,3.859,INT J STROKE,6,0,0,1,0,0,0,0,0,2,0,3
450,,INT REV PSYCHIATR,6,0,1,1,0,0,0,0,0,1,0,3
451,1.853,J CLIN EXP NEUROPSYC,6,0,0,0,1,0,0,0,0,0,0,5
452,,J EXP PSYCHOL GEN,6,0,1,0,0,0,0,0,1,0,0,4
453,0.852,J EYE MOVEMENT RES,6,0,0,0,1,0,0,0,0,0,0,5
454,0.875,J MECH MED BIOL,6,0,0,0,0,0,0,0,1,0,0,5
455,2.454,J MOL NEUROSCI,6,0,0,0,0,0,1,0,0,0,0,5
456,3.228,J NEUROVIROL,6,0,0,1,0,0,2,1,0,0,0,2
457,2.051,J ORAL REHABIL,6,0,0,0,0,0,0,0,0,1,0,5
458,3.789,LANGMUIR,6,0,0,0,0,0,2,0,0,0,0,4
459,2.442,LARYNGOSCOPE,6,0,0,0,1,0,0,0,0,0,1,4
460,1.984,METHOD ENZYMOL,6,0,0,0,0,2,0,0,0,1,1,2
461,,METHODSX,6,0,0,0,0,0,0,0,0,0,1,5
462,1.787,NEURAL PROCESS LETT,6,0,0,0,0,0,2,2,0,0,0,2
463,0.368,NEUROPHYSIOLOGY+,6,1,0,0,0,0,1,1,0,0,0,3
464,4.847,P ROY SOC B-BIOL SCI,6,0,0,0,2,1,0,0,0,0,1,2
465,1.918,PHARM BIOL,6,0,0,0,0,0,0,0,0,0,0,6
466,2.787,PHARMACOL REP,6,0,0,0,0,0,0,1,0,0,0,5
467,5.947,PHYSIOLOGY,6,0,0,1,1,0,0,1,0,2,0,1
468,,PROC IEEE MICR ELECT,6,0,0,1,1,0,2,0,0,0,0,2
469,2.455,PSYCHIAT RES-NEUROIM,6,0,0,1,1,0,0,0,0,0,2,2
470,1.792,RESP PHYSIOL NEUROBI,6,0,0,0,0,1,1,1,0,1,0,2
471,1.338,SOFTWARE PRACT EXPER,6,0,0,3,1,0,0,0,0,0,0,2
472,,SOURCE CODE BIOL MED,6,0,0,0,0,0,1,2,1,0,0,2
473,,SOVREM TEHNOL MED,6,0,0,1,0,0,2,0,0,1,0,2
474,5.587,STEM CELLS,6,0,0,1,0,0,0,0,2,1,0,2
475,3.315,STEM CELLS DEV,6,0,1,0,1,0,0,2,0,1,0,1
476,3.047,STRESS,6,0,0,0,3,0,0,0,0,0,0,3
477,3.616,TOXICOL APPL PHARM,6,0,0,0,1,0,0,0,0,0,0,5
478,15.557,TRENDS COGN SCI,6,0,0,1,2,0,0,0,0,0,1,2
479,2.645,ULTRASOUND MED BIOL,6,0,0,0,0,0,0,0,0,0,1,5
480,,2017 MED TECHN NATXB,5,1,0,1,2,0,0,0,0,0,0,1
481,3.562,ACTA PHARMACOL SIN,5,0,0,0,0,0,0,1,0,1,0,3
482,2.425,ALCOHOL,5,0,1,0,0,1,0,0,1,1,0,1
483,12.764,ALZHEIMERS DEMENT,5,0,0,0,2,0,0,0,0,0,1,2
484,12.102,ANGEW CHEM INT EDIT,5,0,1,0,0,0,1,0,0,1,0,2
485,4.649,ANN CLIN TRANSL NEUR,5,0,2,0,0,0,0,1,0,0,0,2
486,2.435,APPL ERGON,5,0,0,0,1,0,0,0,1,0,0,3
487,,BEHAV RES THER,5,0,0,0,0,0,0,0,3,0,0,2
488,1.724,BIOCHEMISTRY-MOSCOW+,5,1,0,0,0,0,0,0,0,0,0,4
489,2.217,BIOL OPEN,5,0,0,0,0,0,0,1,0,0,1,3
490,1.694,BIOL PHARM BULL,5,0,0,0,1,0,0,0,0,1,0,3
491,,BIOSENSORS-BASEL,5,0,0,0,0,0,0,0,0,1,2,2
492,2.098,BIOTECHNIQUES,5,0,0,0,0,0,0,1,0,0,0,4
493,1.788,BMC ANESTHESIOL,5,0,0,0,0,0,0,0,0,2,0,3
494,1.650,BRAIN BEHAV EVOLUT,5,0,1,0,0,0,0,0,0,1,1,2
495,6.187,BRAIN PATHOL,5,0,1,0,0,1,0,0,0,0,0,3
496,3.235,CHEM SENSES,5,0,0,0,1,0,2,1,0,0,0,1
497,3.296,CHEM-BIOL INTERACT,5,0,0,0,0,0,1,0,0,0,0,4
498,,COGNITIVE SCI,5,0,0,0,0,0,0,0,0,0,0,5
499,3.997,COLLOID SURFACE B,5,0,0,0,0,0,0,0,0,0,0,5
500,3.478,CURR NEUROL NEUROSCI,5,0,1,0,0,0,0,0,1,1,0,2
501,6.541,CURR OPIN NEUROBIOL,5,0,1,0,0,0,0,0,0,0,0,4
502,3.262,DEV BIOL,5,0,1,0,0,0,2,0,0,0,0,2
503,5.413,DEVELOPMENT,5,0,0,0,0,0,0,0,0,1,1,3
504,2.042,DISABIL REHABIL,5,0,0,0,0,1,2,0,0,0,0,2
505,2.851,ELECTROANAL,5,0,0,0,0,1,0,0,0,0,0,4
506,1.834,EPL-EUROPHYS LETT,5,0,1,0,0,0,0,1,0,3,0,0
507,2.991,EUR J PAIN,5,0,0,0,0,0,0,0,0,0,0,5
508,2.354,EXP CLIN PSYCHOPHARM,5,0,0,1,0,0,0,1,1,0,0,2
509,3.224,EXP GERONTOL,5,0,0,0,1,0,0,1,0,0,1,2
510,3.810,EXP NEUROBIOL,5,0,0,0,0,0,0,0,0,1,2,2
511,,IEEE T BIG DATA,5,0,1,1,1,0,0,0,0,1,1,0
512,1.759,INT J AUDIOL,5,0,0,0,0,0,0,0,0,0,4,1
513,1.848,INT J NEUROSCI,5,0,1,0,0,1,0,0,0,0,0,3
514,,INT J PHARM SCI RES,5,0,1,0,0,0,0,0,0,0,0,4
515,3.412,J AGR FOOD CHEM,5,0,0,0,0,0,0,0,0,0,0,5
516,14.357,J AM CHEM SOC,5,0,0,1,1,0,0,0,0,0,0,3
517,2.479,J ANAT,5,0,0,0,1,0,0,0,0,0,2,2
518,0.982,J BACK MUSCULOSKELET,5,0,0,0,1,0,0,0,0,0,1,3
519,2.959,J CELL BIOCHEM,5,0,0,0,0,0,2,0,0,0,0,3
520,4.401,J CELL SCI,5,0,1,0,0,1,0,1,0,0,0,2
521,1.982,J CLIN NEUROPHYSIOL,5,0,1,0,0,1,0,0,0,0,0,3
522,1.640,J CLIN NEUROSCI,5,0,0,0,0,1,1,0,0,0,1,2
523,4.012,J ENDOCRINOL,5,0,0,0,0,0,0,0,0,1,0,4
524,3.680,J GEN PHYSIOL,5,0,0,1,0,0,0,0,0,0,0,4
525,1.354,J NANOSCI NANOTECHNO,5,0,0,0,0,1,0,1,0,0,0,3
526,3.500,J NEURODEV DISORD,5,0,0,0,1,0,0,0,1,0,0,3
527,1.547,J NEUROLINGUIST,5,0,0,0,0,0,0,0,0,0,0,5
528,3.414,J ORTHOP RES,5,0,0,0,1,0,0,0,0,0,0,4
529,2.478,J PHYSIOL PHARMACOL,5,0,0,0,0,0,0,0,0,1,1,3
530,2.757,J PHYSIOL SCI,5,0,0,0,0,0,0,0,0,0,0,5
531,3.355,J R SOC INTERFACE,5,0,0,1,1,0,0,0,0,1,0,2
532,1.865,J RECONSTR MICROSURG,5,0,0,0,0,1,0,0,0,0,1,3
533,3.433,J SLEEP RES,5,0,0,1,0,0,0,2,2,0,0,0
534,1.381,J X-RAY SCI TECHNOL,5,0,0,0,0,0,0,0,2,0,0,3
535,1.469,KOREAN J PHYSIOL PHA,5,0,0,0,0,0,0,0,0,0,1,4
536,,LECT NOTES ARTIF INT,5,0,0,0,2,0,0,0,1,0,1,1
537,3.998,METHODS,5,0,0,0,0,0,0,0,0,0,0,5
538,2.222,MICROMACHINES-BASEL,5,0,0,1,0,0,0,0,0,1,0,3
539,5.872,MOL AUTISM,5,0,0,0,1,0,1,0,0,0,0,3
540,3.449,MOL BRAIN,5,0,1,0,0,0,1,1,0,0,0,2
541,4.556,MOL PHARMACEUT,5,0,0,0,0,0,0,0,1,0,0,4
542,1.541,MULTIMED TOOLS APPL,5,0,0,1,0,0,0,0,3,0,0,1
543,6.500,NANOMED-NANOTECHNOL,5,0,0,0,0,0,0,0,0,1,0,4
544,2.915,NEUROPEPTIDES,5,0,0,1,0,0,0,0,0,0,0,4
545,2.811,NEUROTOXICOL TERATOL,5,0,0,0,0,0,0,0,0,0,0,5
546,3.579,NEW J PHYS,5,0,0,0,1,0,1,1,0,1,0,1
547,3.313,NUTR NEUROSCI,5,0,0,0,0,0,0,1,0,0,0,4
548,2.851,PEPTIDES,5,0,0,1,0,0,0,0,0,0,1,3
549,3.621,PLAST RECONSTR SURG,5,0,1,0,0,1,0,1,0,0,0,2
550,,PSYCHON B REV,5,0,0,0,0,0,0,0,0,0,0,5
551,7.126,REDOX BIOL,5,0,0,0,0,1,1,0,0,0,0,3
552,14.257,REP PROG PHYS,5,0,0,0,0,0,0,0,0,1,1,3
553,5.311,SCI DATA,5,0,0,0,0,0,0,0,0,0,1,4
554,16.710,SCI TRANSL MED,5,0,0,0,0,0,2,0,1,0,1,1
555,,SLAS DISCOV,5,0,0,0,0,0,0,0,0,1,0,4
556,2.575,SOC NEUROSCI-UK,5,0,0,0,0,0,0,0,3,0,0,2
557,6.537,STEM CELL REP,5,0,0,0,0,0,1,1,0,0,0,3
558,3.902,STEM CELL RES,5,0,0,1,0,0,1,0,0,0,2,1
559,3.508,TISSUE ENG,5,0,0,0,2,0,0,0,0,0,1,2
560,3.265,TOXICOLOGY,5,0,1,0,0,0,0,0,1,0,1,2
561,,VIS COGN,5,0,0,0,0,0,0,0,0,0,0,5
562,1.733,ZEBRAFISH,5,0,1,1,3,0,0,0,0,0,0,0
563,,2017 3 INT C EL INXB,4,0,0,0,0,0,0,0,2,0,0,2
564,,2017 4 INT C SIGNXB,4,0,1,0,0,0,0,0,0,0,0,3
565,,2017 IEEE 12 INT CXB,4,0,0,0,0,0,0,0,1,0,0,3
566,1.652,ACTA HISTOCHEM,4,0,0,0,0,0,0,0,0,0,1,3
567,2.333,ACTA NEUROPSYCHIATR,4,0,0,0,0,0,0,0,1,0,0,3
568,,ADV ELECTR ELECTRON,4,0,0,2,0,0,0,0,0,0,0,2
569,7.627,AGING CELL,4,0,1,0,0,0,0,1,0,0,0,2
570,5.179,AGING-US,4,0,0,0,1,0,0,1,0,0,0,2
571,1.843,AM J PHYS MED REHAB,4,0,0,0,0,0,1,0,1,0,0,2
572,5.123,ANAL CHIM ACTA,4,0,0,0,0,0,0,1,1,0,0,2
573,1.355,ANAL SCI,4,0,0,0,0,0,1,0,0,0,0,3
574,0.800,ANALOG INTEGR CIRC S,4,0,0,0,1,0,0,0,0,0,0,3
575,1.371,ANIM PROD SCI,4,1,0,0,0,0,0,1,0,1,0,1
576,1.536,ANN PLAS SURG,4,0,0,0,0,0,0,0,0,0,1,3
577,8.788,ANNU REV BIOMED ENG,4,0,0,2,1,0,0,0,1,0,0,0
578,1.642,APPL SPECTROSC,4,0,1,0,0,0,0,0,0,0,0,3
579,4.439,APPL SURF SCI,4,0,0,0,0,0,1,0,0,0,0,3
580,1.696,ARTHROPOD STRUCT DEV,4,0,0,0,0,0,0,0,0,0,2,2
581,2.879,ARTIF INTELL MED,4,0,0,1,0,0,0,0,0,0,1,2
582,2.111,ARTIF ORGANS,4,0,0,0,0,0,0,0,0,1,2,1
583,3.617,ASN NEURO,4,0,1,0,0,0,1,0,0,0,1,1
584,2.659,BASIC CLIN PHARMACOL,4,0,0,1,0,0,0,0,0,1,0,2
585,5.108,BBA-MOL BASIS DIS,4,0,0,0,1,0,0,1,1,0,1,0
586,4.651,BBA-MOL CELL RES,4,0,0,0,0,0,1,1,0,0,0,2
587,2.449,BEHAV BRAIN FUNCT,4,0,1,0,1,0,0,1,0,1,0,0
588,2.088,BEHAV NEUROL,4,0,0,0,1,0,0,0,1,0,1,1
589,5.481,BIOINFORMATICS,4,0,0,0,2,0,0,0,1,1,0,0
590,2.727,BIOINSPIR BIOMIM,4,0,0,0,0,0,0,0,2,0,0,2
591,2.361,BIOL TRACE ELEM RES,4,0,1,0,0,0,0,0,0,0,0,3
592,2.656,BIOMOL THER,4,0,0,0,0,0,0,0,1,0,0,3
593,,BRAIN ED MOL MECHXB,4,0,1,0,0,0,0,0,0,0,0,3
594,6.499,BRIT J ANAESTH,4,0,0,0,1,0,0,0,1,1,0,1
595,1.204,CAMB Q HEALTHC ETHIC,4,0,0,1,1,0,0,1,0,0,1,0
596,1.455,CELL BIOCHEM BIOPHYS,4,0,0,0,0,1,1,1,1,0,0,0
597,1.372,CELL MOL BIOL,4,0,0,0,0,0,0,0,0,1,0,3
598,3.043,CELL TISSUE RES,4,0,0,0,0,0,0,0,1,1,1,1
599,,CER CORT NEUR NEURXB,4,0,0,1,0,0,0,0,0,1,2,0
600,2.213,CHAOS SOLITON FRACT,4,0,0,0,0,0,1,0,0,0,0,3
601,2.092,CLIN EXP PHARMACOL P,4,0,0,0,1,0,0,0,2,0,0,1
602,,COGNITION EMOTION,4,0,0,0,0,0,0,0,1,0,0,3
603,,CURR OPIN ELECTROCHE,4,0,0,0,0,0,0,0,0,0,1,3
604,4.171,CURR OPIN INSECT SCI,4,0,0,0,1,0,0,0,0,0,3,0
605,1.340,DEV NEUROREHABIL,4,0,0,1,0,0,0,0,0,0,1,2
606,7.273,DIABETES,4,0,0,0,0,0,0,0,1,0,1,2
607,2.646,DRUG DEVELOP RES,4,0,0,0,0,0,0,0,0,0,0,4
608,3.974,ECOTOX ENVIRON SAFE,4,0,0,1,0,0,0,0,0,0,0,3
609,3.961,ENDOCRINOLOGY,4,0,0,1,1,0,0,0,0,0,1,1
610,3.617,EUR ARCH PSY CLIN N,4,0,0,0,0,0,0,1,0,0,0,3
611,3.553,EUR CHILD ADOLES PSY,4,0,0,0,0,0,0,0,1,0,1,2
612,,EUR J TRANSL MYOL,4,0,0,0,0,0,0,0,1,0,0,3
613,,EUR REV,4,0,0,0,0,0,0,0,0,1,2,1
614,3.152,EXP EYE RES,4,0,0,0,0,0,0,0,0,0,3,1
615,4.598,EXPERT OPIN THER TAR,4,0,2,0,0,0,0,1,1,0,0,0
616,1.430,EXPERT SYST,4,0,0,1,0,0,1,0,2,0,0,0
617,,FACTA UNIV-SER ELECT,4,0,0,0,0,0,0,0,0,2,1,1
618,3.977,FOOD CHEM TOXICOL,4,0,0,0,0,0,1,0,1,0,1,1
619,6.020,FREE RADICAL BIO MED,4,0,0,0,0,0,2,0,1,0,1,0
620,2.349,FRONT BIOSCI-LANDMRK,4,0,1,0,0,0,0,0,0,0,1,2
621,2.564,GEN COMP ENDOCR,4,0,0,0,0,0,0,0,0,0,0,4
622,2.498,GENE,4,0,0,0,0,0,0,1,0,2,0,1
623,4.075,GENETICS,4,0,2,0,0,0,0,0,0,0,1,1
624,,GLIOBLASTOMAXB,4,0,0,0,1,1,0,0,1,0,0,1
625,1.840,HUM MOVEMENT SCI,4,0,0,0,0,1,0,0,2,0,0,1
626,0.962,IBM J RES DEV,4,0,0,1,0,0,0,0,0,0,1,2
627,2.428,IEEE ACM T COMPUT BI,4,0,0,0,0,1,1,0,0,1,0,1
628,3.933,IEEE CIRC SYST MAG,4,0,1,0,0,1,1,0,1,0,0,0
629,,IEEE INT CONF AUTOMA,4,0,0,0,0,0,0,3,0,0,1,0
630,,IEEE INT CONF COMP V,4,0,2,0,0,0,1,0,0,0,0,1
631,8.415,IEEE T FUZZY SYST,4,0,0,0,1,0,0,0,0,1,0,2
632,7.050,IEEE T IND ELECTRON,4,0,0,0,0,0,2,0,0,0,2,0
633,0.829,IETE J RES,4,1,0,0,1,1,0,0,0,0,0,1
634,,INF CIENTIF TECN,4,0,0,0,0,0,0,0,0,0,0,4
635,,INNOV SURG SCI,4,0,0,0,0,0,0,0,0,0,0,4
636,4.700,INORG CHEM,4,0,0,0,0,0,0,0,0,0,0,4
637,,INT C COMPUT,4,0,0,0,4,0,0,0,0,0,0,0
638,3.247,INT J BIOCHEM CELL B,4,0,0,0,0,0,3,0,0,0,0,1
639,1.396,INT J CLIN EXP PATHO,4,0,0,0,0,0,0,0,0,0,0,4
640,1.369,INT J ELECTROCHEM SC,4,0,0,0,0,0,0,0,0,0,0,4
641,2.300,INT J HUM-COMPUT ST,4,0,0,1,0,0,0,1,0,0,0,2
642,1.423,INT J IMAG SYST TECH,4,0,1,1,0,1,0,0,0,0,1,0
643,1.429,INT J IND ERGONOM,4,0,0,0,0,0,0,0,1,0,0,3
644,3.981,INT J NEUROPSYCHOPH,4,0,0,0,0,0,0,1,1,0,0,2
645,3.862,INT J PHARMACEUT,4,0,0,0,1,0,0,0,0,0,0,3
646,3.779,J ALLOY COMPD,4,0,0,0,0,0,0,0,1,0,0,3
647,4.450,J AM HEART ASSOC,4,0,0,0,0,0,0,1,0,0,1,2
648,5.256,J BIOL ENG,4,0,0,1,0,0,1,0,0,0,0,2
649,3.768,J BIOPHOTONICS,4,0,1,0,0,0,0,2,0,0,0,1
650,1.923,J BURN CARE RES,4,0,0,0,0,0,0,0,0,1,0,3
651,3.923,J CELL PHYSIOL,4,0,0,0,0,0,0,0,0,0,0,4
652,0.772,J CRANIOFAC SURG,4,0,0,1,0,0,0,0,0,0,0,3
653,3.662,J ELECTROCHEM SOC,4,0,0,0,1,0,0,1,0,0,0,2
654,4.902,J GERONTOL A-BIOL,4,0,0,0,1,0,0,0,0,0,0,3
655,3.403,J HEADACHE PAIN,4,0,1,0,1,0,0,0,0,0,1,1
656,4.539,J IMMUNOL,4,0,0,0,0,0,0,0,1,0,1,2
657,2.733,J INSECT PHYSIOL,4,0,0,1,0,0,0,0,0,0,0,3
658,0.412,J MED DEVICES,4,0,0,0,0,0,0,0,0,0,0,4
659,1.954,J MED FOOD,4,0,0,0,0,0,0,0,0,0,0,4
660,3.783,J NEUROL,4,0,0,1,0,0,0,1,0,0,1,1
661,3.786,J NEUROPSYCHOL,4,0,0,0,1,0,1,0,0,0,0,2
662,2.162,J NEUROSURG-PEDIATR,4,0,0,0,2,0,0,0,0,0,0,2
663,3.172,J PARKINSON DIS,4,0,0,0,2,0,2,0,0,0,0,0
664,2.309,J PHARM PHARMACOL,4,0,0,0,0,0,0,2,0,0,0,2
665,2.831,J PHARMACEUT BIOMED,4,0,0,0,1,0,1,0,1,0,1,0
666,2.373,J PHYS D APPL PHYS,4,0,0,0,0,0,0,0,0,1,0,3
667,3.722,J PROTEOMICS,4,0,1,0,0,0,1,0,0,0,1,1
668,4.000,J PSYCHIATR RES,4,0,0,0,0,0,0,0,0,0,1,3
669,,LATERALITY,4,0,0,0,1,0,0,0,1,0,0,2
670,1.832,MAGN RESON MATER PHY,4,0,1,0,0,0,0,0,0,1,0,2
671,6.689,MBIO,4,0,0,0,0,1,1,1,0,0,0,1
672,2.218,MEASUREMENT,4,0,0,0,0,0,1,0,1,2,0,0
673,3.549,MEDIAT INFLAMM,4,0,0,0,0,1,0,0,0,0,0,3
674,2.028,MEDICINE,4,0,0,0,0,0,0,0,1,0,1,2
675,2.071,MICROSURG,4,0,0,1,0,0,0,0,0,0,0,3
676,,MINDFULNESS,4,0,0,0,0,0,0,1,0,0,0,3
677,0.977,MOL BIOL+,4,0,0,0,0,0,0,0,0,0,2,2
678,3.077,MOL CELLS,4,0,0,0,1,0,0,0,0,0,0,3
679,3.978,MOL PHARMACOL,4,0,0,0,0,0,1,0,1,0,0,2
680,3.404,NANOTECHNOLOGY,4,0,0,0,0,0,0,0,0,0,1,3
681,1.275,NEUROIMAG CLIN N AM,4,0,1,1,0,0,0,0,0,0,2,0
682,8.055,NEUROLOGY,4,0,0,0,0,0,0,0,1,0,0,3
683,2.195,NEUROPSYCH DIS TREAT,4,0,0,1,0,0,0,0,0,0,1,2
684,,NEUROSCI CONSCIOUS,4,0,0,0,0,0,0,0,1,1,0,2
685,,NEUROSCIENCEXB,4,0,0,0,0,0,0,0,0,1,1,2
686,2.647,NEUROSURG FOCUS,4,0,1,0,0,0,0,0,0,0,0,3
687,5.719,NEUROTHERAPEUTICS,4,0,0,0,0,0,1,0,0,1,0,2
688,2.203,NUCL MED BIOL,4,0,0,0,0,1,0,0,0,0,0,3
689,4.721,PARKINSONISM RELAT D,4,0,1,0,0,0,0,0,0,0,0,3
690,,PEERJ COMPUT SCI,4,0,0,1,0,0,0,0,1,0,0,2
691,1.924,PERS UBIQUIT COMPUT,4,0,0,0,2,0,1,0,0,0,0,1
692,2.765,PFLUG ARCH EUR J PHY,4,0,0,0,0,0,0,0,0,1,0,3
693,10.376,PHARMACOL THERAPEUT,4,0,0,0,0,0,0,0,0,0,0,4
694,1.324,PHYSIOL RES,4,0,0,0,1,0,0,0,0,0,0,3
695,3.174,PROG BRAIN RES,4,0,0,0,1,0,0,0,0,0,0,3
696,,PSYCHOL RES-PSYCH FO,4,0,0,0,0,0,0,0,0,0,0,4
697,,PSYCHOL SCI,4,0,0,0,0,0,0,0,0,0,0,4
698,2.190,Q J EXP PSYCHOL,4,0,0,0,0,0,0,0,0,0,0,4
699,2.530,RADIAT RES,4,0,0,0,1,0,0,0,1,0,0,2
700,,REV ESTUD LING,4,0,1,0,1,0,0,0,1,0,0,1
701,,ROUTL STUD NEW MEDIA,4,0,0,0,0,0,2,0,0,0,0,2
702,6.944,SCHIZOPHRENIA BULL,4,0,0,2,0,0,0,0,0,0,0,2
703,1.504,SHOCK WAVES,4,0,0,0,0,0,0,1,0,0,0,3
704,,SPRINGER HBK,4,0,0,0,0,0,0,0,0,1,0,3
705,2.861,SUPERCOND SCI TECH,4,0,0,0,3,0,0,0,0,0,1,0
706,0.719,TECHNOL HEALTH CARE,4,0,0,0,0,0,2,0,0,1,0,1
707,2.038,THER HYPOTHERMIA TEM,4,0,2,0,0,0,0,0,0,0,0,2
708,5.343,WIRES DEV BIOL,4,0,0,0,1,0,0,0,0,0,1,2
709,3.709,WIRES SYST BIOL MED,4,0,0,0,0,1,0,0,1,0,1,1
710,,2017 19 INT C SOLXB,3,0,0,0,0,0,0,0,1,0,0,2
711,,2017 2 INT C ADVXB,3,0,0,0,0,0,0,0,1,0,0,2
712,,2017 51 ANN C INFXB,3,0,2,1,0,0,0,0,0,0,0,0
713,,2017 ELCT EL COMPXB,3,0,0,0,0,0,0,0,2,0,0,1
714,,2017 EUR C CIRCXB,3,0,0,1,0,1,0,0,0,0,0,1
715,,2017 IEEE 3 INT FOXB,3,0,0,0,0,0,0,0,2,0,0,1
716,,2017 IEEE INT C CYXB,3,0,0,1,0,0,0,0,0,1,0,1
717,,2017 IEEE INT C INXB,3,0,0,1,1,1,0,0,0,0,0,0
718,,2017 IEEEACM 2 INTXB,3,0,0,0,1,0,0,0,0,0,0,2
719,,ACCIDENT ANAL PREV,3,0,0,0,0,0,0,0,1,0,0,2
720,,ACS OMEGA,3,0,0,0,0,0,0,0,0,0,0,3
721,,ACTA NEUROPSYCHOL,3,0,0,0,1,0,1,0,0,0,0,1
722,6.014,ACTA PHARM SIN B,3,0,0,0,0,0,0,0,0,0,1,2
723,,ADV BUS STRATEGY COM,3,0,0,0,0,0,0,0,2,0,1,0
724,8.973,AGEING RES REV,3,0,0,0,0,0,0,1,0,1,0,1
725,3.454,AM J PHYSIOL-CELL PH,3,0,0,0,0,0,0,0,0,0,0,3
726,1.852,ANN ANAT,3,0,0,0,0,0,0,0,0,1,0,2
727,1.548,ANN APPL STAT,3,0,0,0,0,0,2,0,0,0,0,1
728,6.530,ANTIOXID REDOX SIGN,3,0,0,0,0,0,0,2,0,0,0,1
729,,APPL MATER TODAY,3,0,0,0,0,0,0,0,0,0,0,3
730,1.791,APPL OPTICS,3,0,0,2,0,0,0,0,0,0,0,1
731,2.050,ARCH ORAL BIOL,3,0,0,0,0,0,0,0,2,0,0,1
732,3.026,ARTIF CELL NANOMED B,3,0,0,0,0,0,0,0,0,2,0,1
733,0.872,BIO-MED MATER ENG,3,0,0,0,0,0,0,2,1,0,0,0
734,4.235,BIOCHEM PHARMACOL,3,0,0,0,0,0,1,0,1,0,0,1
735,3.038,BIOFACTORS,3,0,0,0,0,0,0,0,0,0,0,3
736,,BIOM NEUR DIS MECHXB,3,0,0,0,0,0,0,1,0,0,0,2
737,2.571,BIOMICROFLUIDICS,3,0,0,0,0,0,0,0,0,0,1,2
738,2.881,BIOORGAN MED CHEM,3,0,0,0,0,0,0,0,0,0,0,3
739,1.619,BIOSYSTEMS,3,0,0,1,0,0,1,0,0,0,1,0
740,1.947,BIOTECHNOL PROGR,3,0,0,0,0,0,0,1,0,0,1,1
741,2.419,BMC PSYCHIATRY,3,0,0,0,0,0,0,0,1,0,2,0
742,2.413,BMJ OPEN,3,0,0,0,0,0,1,0,1,0,0,1
743,0.678,BRATISL MED J,3,0,0,0,0,0,0,0,2,0,0,1
744,3.202,CANCER MED-US,3,0,0,0,0,0,1,0,0,0,0,2
745,6.290,CARDIOVASC RES,3,0,0,1,2,0,0,0,0,0,0,0
746,3.718,CELL CALCIUM,3,0,0,0,0,0,0,0,0,0,0,3
747,20.565,CELL METAB,3,0,1,0,0,0,1,0,0,0,0,1
748,2.538,CHANNELS,3,0,0,0,0,0,1,1,0,0,0,1
749,9.063,CHEM SCI,3,0,0,0,0,0,0,0,0,0,2,1
750,5.160,CHEM-EUR J,3,0,0,0,0,0,1,1,0,0,1,0
751,1.505,CHEMISTRYSELECT,3,0,0,0,0,0,0,1,0,0,0,2
752,2.740,CHILD NEUROPSYCHOL,3,0,0,0,2,0,0,0,0,0,0,1
753,2.926,CLIN CHIM ACTA,3,0,0,0,0,0,0,0,0,0,1,2
754,3.209,CLIN J PAIN,3,0,0,0,0,0,0,1,0,0,0,2
755,,COGNITIVE DEV,3,0,0,0,0,0,0,0,0,0,0,3
756,3.181,COMMUN NONLINEAR SCI,3,0,0,0,0,0,0,0,0,1,0,2
757,0.585,COMPARATIVE MED,3,0,1,0,0,0,1,0,1,0,0,0
758,,COMPUT SIST,3,0,0,0,1,0,0,0,1,0,1,0
759,4.068,CURR NEUROPHARMACOL,3,0,0,0,0,0,0,0,0,1,1,1
760,,CURR OPIN BEHAV SCI,3,0,0,1,1,0,0,0,0,0,0,1
761,3.260,CYTOM PART A,3,0,0,0,0,0,0,0,0,0,0,3
762,2.451,CYTOSKELETON,3,0,0,0,1,0,0,0,0,0,1,1
763,,DEV PSYCHOPATHOL,3,0,0,0,0,0,0,0,1,0,0,2
764,6.023,DIABETOLOGIA,3,0,0,0,0,1,0,0,0,0,1,1
765,2.241,DIGIT SIGNAL PROCESS,3,0,0,0,0,1,0,0,1,0,0,1
766,2.362,DOC OPHTHALMOL,3,0,0,0,0,0,0,1,0,0,0,2
767,2.531,DYSPHAGIA,3,0,0,0,2,0,0,0,0,0,1,0
768,,EKSP PSIKHOLOGIYA,3,0,0,0,0,0,0,0,1,0,1,1
769,2.889,ELECTROCATALYSIS-US,3,0,0,0,0,0,0,0,0,0,0,3
770,10.557,EMBO J,3,0,0,0,0,0,0,1,1,0,0,1
771,,EMOTION,3,0,0,0,0,0,0,0,0,0,0,3
772,2.800,ENVIRON SCI POLLUT R,3,0,0,0,0,0,0,0,0,0,0,3
773,2.019,ERGONOMICS,3,0,0,0,0,0,0,0,0,0,0,3
774,4.621,EUR J NEUROL,3,0,0,0,0,0,0,0,0,0,0,3
775,1.947,EUR PHYS J-SPEC TOP,3,0,0,0,0,0,2,0,0,0,0,1
776,2.634,EUR SPINE J,3,0,0,0,0,0,0,0,0,0,0,3
777,1.345,FOLIA NEUROPATHOL,3,0,1,0,0,0,0,0,0,0,0,2
778,3.289,FOOD FUNCT,3,0,0,0,0,0,0,0,0,0,0,3
779,4.019,FRONT MICROBIOL,3,0,0,0,0,0,0,0,0,0,0,3
780,2.335,FRONT PEDIATR,3,0,0,1,0,0,0,0,1,0,1,0
781,1.479,GEN PHYSIOL BIOPHYS,3,0,0,0,0,0,0,0,0,0,0,3
782,,HEALTHC TECHNOL LETT,3,1,0,2,0,0,0,0,0,0,0,0
783,2.015,HISTOL HISTOPATHOL,3,0,0,0,0,0,0,0,0,0,0,3
784,,HOUS THEORY SOC,3,0,0,0,0,0,0,0,0,1,0,2
785,,IEEE I CONF COMP VIS,3,0,0,0,3,0,0,0,0,0,0,0
786,,IEEE INT CONF FUZZY,3,0,0,0,0,0,0,0,2,0,1,0
787,4.075,IEEE J SOLID-ST CIRC,3,0,0,0,0,0,0,1,0,0,0,2
788,0.502,IEEE LAT AM T,3,0,0,0,0,0,0,0,0,1,0,2
789,1.952,IEEE T COGN DEV SYST,3,0,0,1,1,0,0,0,0,0,0,1
790,4.098,IEEE T MOBILE COMPUT,3,0,0,0,0,0,0,1,0,1,0,1
791,,IFAC PAPERSONLINE,3,0,0,0,0,0,0,0,0,0,0,3
792,1.116,IN VIVO,3,0,0,0,0,0,0,1,0,0,0,2
793,2.884,INFLAMMATION,3,0,0,0,0,0,0,0,0,0,0,3
794,,INN NEURXB,3,0,0,0,0,0,0,0,0,0,0,3
795,,INT C INFO SCI,3,0,0,0,0,0,0,0,1,1,0,1
796,3.909,INT J BIOL MACROMOL,3,0,0,0,0,0,0,0,0,0,1,2
797,1.961,INT J COMPUT ASS RAD,3,0,0,1,0,0,0,0,1,0,1,0
798,1.259,INT J HUM-COMPUT INT,3,0,0,0,0,0,0,0,1,0,2,0
799,2.284,INT J MED SCI,3,0,0,0,0,0,0,0,0,1,1,1
800,2.784,INT J MOL MED,3,0,0,0,0,0,0,1,0,1,0,1
801,5.159,INT J OBESITY,3,0,0,0,1,0,0,0,0,0,0,2
802,,INT J PARALLEL EMERG,3,0,0,0,0,0,1,1,0,0,0,1
803,2.185,INT J SYST SCI,3,0,0,0,0,0,0,1,0,0,0,2
804,2.371,INT REV NEUROBIOL,3,0,0,0,1,0,0,0,0,0,2,0
805,3.667,INTEGR COMPUT-AID E,3,0,0,0,0,0,2,0,1,0,0,0
806,,INTELLIGENCE,3,0,0,0,0,0,0,0,1,0,0,2
807,0.524,IRAN J RADIOL,3,0,0,0,0,0,1,0,0,0,0,2
808,,J ADV COMPUT INTELL,3,0,0,0,0,0,0,0,1,0,0,2
809,6.250,J AM ACAD CHILD PSY,3,0,0,0,0,1,0,0,1,0,0,1
810,1.218,J AM ASSOC LAB ANIM,3,0,1,0,1,0,0,0,0,0,0,1
811,,J BIOMED RES,3,0,0,1,0,0,0,1,0,0,0,1
812,3.396,J CLIN SLEEP MED,3,0,0,1,1,0,0,0,0,0,0,1
813,5.383,J DENT RES,3,0,0,1,0,0,0,0,1,0,0,1
814,1.536,J DIGIT IMAGING,3,0,0,1,1,0,0,0,0,0,0,1
815,3.235,J ELECTROANAL CHEM,3,0,0,0,0,0,0,1,0,0,0,2
816,3.638,J ENZYM INHIB MED CH,3,0,0,1,0,0,0,0,0,0,0,2
817,2.319,J EXP PSYCHOL LEARN,3,0,0,0,0,0,0,0,0,0,0,3
818,,J EXP SOC PSYCHOL,3,0,0,0,0,0,0,0,0,0,0,3
819,1.426,J INTELL FUZZY SYST,3,0,0,0,0,0,1,1,0,0,0,1
820,1.588,J KOREAN MED SCI,3,0,0,0,0,0,0,0,1,1,0,1
821,3.612,J MAGN RESON IMAGING,3,0,0,0,0,0,0,0,0,0,1,2
822,1.426,J MANIP PHYSIOL THER,3,1,0,0,0,0,0,0,0,0,0,2
823,,J MED IMAGING,3,0,0,1,0,0,1,0,0,0,0,1
824,2.098,J MED SYST,3,0,0,0,0,0,0,0,0,0,1,2
825,1.638,J MEMBRANE BIOL,3,0,0,0,0,0,1,0,0,1,0,1
826,1.920,J NAT MED-TOKYO,3,0,0,0,0,0,0,0,0,0,0,3
827,3.438,J NEUROGASTROENTEROL,3,0,0,0,0,0,0,0,0,0,1,2
828,1.953,J NEUROIMAGING,3,0,0,0,1,0,0,1,1,0,0,0
829,3.490,J NEUROPATH EXP NEUR,3,0,0,0,0,0,0,1,0,1,0,1
830,4.398,J NUTR,3,0,0,0,1,0,0,1,0,0,0,1
831,4.414,J NUTR BIOCHEM,3,0,0,0,0,0,0,0,0,0,0,3
832,1.610,J ORTHOP SURG RES,3,0,0,0,0,0,1,0,0,0,0,2
833,,J PHONETICS,3,0,0,0,0,0,0,0,0,0,0,3
834,11.613,J PINEAL RES,3,0,0,0,0,0,0,1,0,0,0,2
835,3.950,J PROTEOME RES,3,0,1,0,0,0,0,0,0,0,1,1
836,5.365,J PSYCHIATR NEUROSCI,3,0,0,0,0,0,1,0,0,1,1,0
837,,J PSYCHOLINGUIST RES,3,0,0,0,0,0,0,0,0,0,0,3
838,2.057,J SENSORS,3,0,0,0,0,0,1,0,0,0,0,2
839,2.415,J SEP SCI,3,0,0,0,0,0,0,0,0,1,1,1
840,1.811,J SPORT REHABIL,3,0,0,0,0,0,0,0,0,0,0,3
841,1.598,J STROKE CEREBROVASC,3,0,0,0,1,0,0,1,0,0,1,0
842,,J VIBROENG,3,0,0,1,0,0,0,0,0,1,0,1
843,,JCI INSIGHT,3,0,0,1,0,0,0,0,1,1,0,0
844,,LECT N BIOINFORMAT,3,0,0,0,0,1,1,0,0,0,0,1
845,13.625,LIGHT-SCI APPL,3,0,0,0,0,0,0,0,0,0,2,1
846,3.748,MECH AGEING DEV,3,0,0,0,0,0,0,0,0,0,1,2
847,,MED GAS RES,3,0,0,0,0,0,0,0,0,0,0,3
848,1.120,MED HYPOTHESES,3,0,0,0,1,0,0,0,0,0,0,2
849,4.227,MED J AUSTRALIA,3,0,0,2,0,0,1,0,0,0,0,0
850,0.610,MED PR,3,0,0,0,0,0,0,1,0,1,0,1
851,1.894,MED SCI MONITOR,3,0,1,0,0,0,0,0,0,0,1,1
852,5.963,METABOLISM,3,0,0,0,0,0,0,0,2,0,0,1
853,4.069,METALLOMICS,3,0,0,0,0,0,0,0,0,0,0,3
854,2.124,MICROSC MICROANAL,3,0,0,1,0,1,0,0,0,0,0,1
855,3.512,MOL BIOL CELL,3,0,0,0,0,0,0,0,2,0,0,1
856,3.626,MOL IMAGING BIOL,3,0,0,0,0,1,0,0,1,0,1,0
857,3.681,MOL THER-METH CLIN D,3,0,0,0,1,0,0,0,1,0,0,1
858,5.660,MOL THER-NUCL ACIDS,3,0,0,0,0,0,0,1,0,0,0,2
859,0.957,MOTOR CONTROL,3,0,0,0,0,0,0,0,0,0,0,3
860,2.088,MULTIDIM SYST SIGN P,3,0,0,0,0,0,2,0,1,0,0,0
861,32.621,NAT MED,3,0,0,1,0,0,0,0,0,0,0,2
862,0.920,NEUROCASE,3,0,0,0,1,0,0,0,0,0,1,1
863,3.842,NEUROGASTROENT MOTIL,3,0,0,0,0,0,0,1,0,0,0,2
864,,NEUROL THER,3,0,1,0,0,0,0,1,0,0,0,1
865,1.938,NEUROLOGIA,3,0,0,0,0,0,2,0,0,0,0,1
866,2.842,NEUROPSYCHOL REHABIL,3,0,0,0,1,1,1,0,0,0,0,0
867,1.779,NEUROREHABILITATION,3,0,0,0,1,0,1,0,0,1,0,0
868,3.155,NEUROSCI BULL,3,0,0,0,0,0,0,0,1,0,1,1
869,4.293,NICOTINE TOB RES,3,0,0,0,0,0,0,0,1,0,0,2
870,,NOR SIGN ASTRXB,3,0,0,0,0,0,0,1,0,0,0,2
871,1.664,ONCOL LETT,3,0,0,0,0,0,0,1,0,0,2,0
872,3.286,OPEN BIOL,3,0,0,0,0,0,0,0,0,0,0,3
873,1.887,OPT COMMUN,3,0,0,0,0,0,1,0,0,0,0,2
874,5.454,OSTEOARTHR CARTILAGE,3,0,0,0,0,0,0,0,1,0,0,2
875,1.771,P JPN ACAD B-PHYS,3,0,0,0,0,0,0,0,1,0,0,2
876,1.270,PAIN RES MANAG,3,0,0,0,0,0,0,0,0,0,0,3
877,4.897,PHARMACOL RES,3,0,0,1,0,0,0,0,0,0,0,2
878,,PHARMACOL RES PERSPE,3,0,1,0,0,0,0,0,0,0,0,2
879,1.621,PHYS BIOL,3,0,1,0,0,1,0,0,0,0,1,0
880,2.665,PHYS MED BIOL,3,0,0,1,0,1,0,0,0,0,0,1
881,6.158,PLOS PATHOG,3,0,0,0,0,0,0,0,0,0,0,3
882,2.935,POLYMERS-BASEL,3,0,0,1,0,0,0,0,1,0,0,1
883,3.567,PROTEOM CLIN APPL,3,0,0,0,0,1,0,0,0,0,0,2
884,,PSYCHOL AGING,3,0,0,0,0,0,0,0,0,0,0,3
885,2.368,Q J NUCL MED MOL IM,3,0,0,0,0,1,0,1,0,0,0,1
886,2.992,REGEN MED,3,0,0,0,0,0,0,0,0,0,1,2
887,0.494,REV IBEROAM AUTOM IN,3,0,0,0,2,0,0,0,0,0,1,0
888,1.428,REV SCI INSTRUM,3,0,0,1,0,0,0,1,0,0,1,0
889,,RHYTHM STIM PROCXB,3,0,0,0,0,2,0,0,0,0,0,1
890,0.519,RUSS J DEV BIOL+,3,0,0,0,0,0,0,0,0,0,0,3
891,,SCAND J PAIN,3,0,0,0,0,0,0,0,0,0,0,3
892,6.378,SCI SIGNAL,3,0,0,0,1,0,1,0,0,0,1,0
893,3.470,SIGNAL PROCESS,3,0,0,0,0,0,0,0,1,0,1,1
894,3.395,SLEEP MED,3,0,0,0,0,0,0,0,0,1,0,2
895,,SOC PSYCHOL PERS SCI,3,0,0,0,0,0,0,0,0,0,0,3
896,2.792,SPINE,3,0,0,0,0,0,0,0,0,0,0,3
897,7.074,SPORTS MED,3,0,0,0,0,0,0,0,1,0,1,1
898,,SPRINGER HANDB AUDIT,3,0,0,2,0,0,0,0,0,0,0,1
899,4.963,STEM CELL RES THER,3,0,0,0,1,0,1,0,0,0,0,1
900,4.244,TALANTA,3,0,0,0,0,0,0,0,0,0,0,3
901,2.064,VET ANAESTH ANALG,3,0,0,1,0,0,0,1,0,0,0,1
902,6.350,WIRES NANOMED NANOBI,3,0,0,0,0,0,1,1,0,0,0,1
903,,WOODH PUBL SER BIOM,3,0,0,1,1,0,0,0,1,0,0,0
904,3.300,WORLD J GASTROENTERO,3,0,0,0,0,0,0,0,0,0,1,2
905,,Z PSYCHOL,3,0,0,0,0,0,0,0,3,0,0,0
906,,2017 40 INT CONVXB,2,0,0,0,0,0,0,1,0,0,1,0
907,,2017 5 INT C EL ENXB,2,0,0,0,0,0,0,0,0,0,0,2
908,,2017 56 ANN C SOCXB,2,0,0,0,0,0,0,1,0,0,1,0
909,,2017 IEEE S COMPXB,2,0,0,1,0,0,0,0,0,0,0,1
910,,2017 INT C EL ADVXB,2,0,0,0,0,0,0,0,0,0,0,2
911,,2017 INT C SMARTXB,2,0,0,0,1,0,1,0,0,0,0,0
912,4.592,ACS CHEM BIOL,2,0,0,0,0,0,0,0,0,1,0,1
913,2.224,ACTA BIOCH BIOPH SIN,2,0,0,1,0,0,0,0,0,0,0,1
914,1.625,ACTA ETHOL,2,0,0,1,0,0,0,1,0,0,0,0
915,2.000,ACTA NATURAE,2,0,0,0,0,0,0,0,0,0,1,1
916,2.580,ACTA PAEDIATR,2,0,0,1,0,0,1,0,0,0,0,0
917,5.930,ACTA PHYSIOL,2,0,0,0,0,0,1,0,0,0,1,0
918,,ADV BIOMED ENG,2,0,0,0,0,0,0,0,0,1,1,0
919,2.576,ADV ENG MATER,2,0,0,0,0,0,0,0,0,0,1,1
920,4.689,ADV GENET,2,0,0,1,1,0,0,0,0,0,0,0
921,,ADV MOL TOXICOL,2,0,0,0,0,0,0,0,0,0,0,2
922,0.961,ADV ROBOTICS,2,0,0,0,0,0,0,0,0,1,0,1
923,0.889,AEROSP MED HUM PERF,2,0,0,0,0,0,0,0,1,0,0,1
924,1.653,AIP ADV,2,0,1,0,0,0,1,0,0,0,0,0
925,,AIP C PROC,2,0,0,0,1,0,0,0,0,0,0,1
926,3.120,AM J CHINESE MED,2,0,0,0,0,0,0,0,0,0,1,1
927,4.069,AM J PATHOL,2,0,0,0,0,0,0,0,1,0,0,1
928,15.239,AM J RESP CRIT CARE,2,0,0,1,0,0,0,0,0,0,0,1
929,0.956,AN ACAD BRAS CIENC,2,0,0,0,0,0,0,0,0,0,1,1
930,,AN FAC MED-UNIV REPU,2,0,0,0,0,0,0,0,0,0,0,2
931,0.731,ANAT HISTOL EMBRYOL,2,0,0,0,1,0,0,0,1,0,0,0
932,1.330,ANAT SCI INT,2,0,0,0,0,0,0,0,0,0,0,2
933,1.402,ANIM SCI J,2,0,1,1,0,0,0,0,0,0,0,0
934,,ANN NEUROSCI,2,0,0,0,0,0,0,0,1,0,0,1
935,3.432,ANN PHYS REHABIL MED,2,0,0,0,0,0,0,0,0,1,0,1
936,7.674,ANNU REV CHEM BIOMOL,2,0,0,1,0,0,0,0,0,1,0,0
937,5.140,ANNU REV VIS SCI,2,0,0,0,0,0,0,0,0,0,0,2
938,1.797,APPL BIOCHEM BIOTECH,2,0,0,0,0,0,0,1,1,0,0,0
939,2.042,APPL IMMUNOHISTO M M,2,0,0,0,0,0,0,0,0,1,0,1
940,,APPL PSYCHOPHYS BIOF,2,0,0,0,0,0,0,0,1,0,0,1
941,3.884,AQUAT TOXICOL,2,0,1,0,0,0,0,1,0,0,0,0
942,2.969,ARAB J CHEM,2,0,0,0,0,0,0,0,0,0,0,2
943,1.092,ARAB J SCI ENG,2,0,0,0,0,0,0,0,0,0,0,2
944,6.605,ARCH COMPUT METHOD E,2,0,1,0,0,1,0,0,0,0,0,0
945,2.330,ARCH PHARM RES,2,0,0,0,0,0,0,0,1,0,0,1
946,2.160,ARCH VIROL,2,0,0,0,0,0,0,0,0,0,0,2
947,1.015,ARQ NEURO-PSIQUIAT,2,0,0,0,0,0,0,0,0,1,0,1
948,4.269,ARTHRITIS RES THER,2,0,0,0,0,0,0,0,0,0,0,2
949,7.873,ARTHRITIS RHEUMATOL,2,0,0,0,0,0,0,0,0,0,0,2
950,1.865,ATLA-ALTERN LAB ANIM,2,0,0,0,0,0,0,0,0,0,1,1
951,11.100,AUTOPHAGY,2,0,0,0,0,0,0,2,0,0,0,0
952,,BALI MED J,2,0,0,0,0,0,0,0,0,0,0,2
953,0.887,BALK MED J,2,0,0,0,0,0,0,0,0,0,1,1
954,5.723,BASIC RES CARDIOL,2,0,0,0,1,0,0,0,0,0,1,0
955,2.609,BBA-PROTEINS PROTEOM,2,0,0,1,0,0,0,0,0,0,0,1
956,2.473,BEHAV ECOL SOCIOBIOL,2,0,0,0,1,0,0,0,0,0,1,0
957,3.702,BIOGERONTOLOGY,2,0,0,0,0,0,0,0,0,0,1,1
958,2.455,BIOINTERPHASES,2,0,0,0,0,0,0,0,0,0,0,2
959,3.022,BIOL CHEM,2,0,1,0,0,0,1,0,0,0,0,0
960,0.155,BIOL MEMBRANY,2,0,0,0,0,0,0,0,0,1,0,1
961,1.579,BIOL RES NURS,2,0,0,0,0,0,1,0,1,0,0,0
962,5.738,BIOMACROMOLECULES,2,0,0,0,0,0,0,1,0,0,0,1
963,3.212,BIOMECH MODEL MECHAN,2,0,0,0,0,0,0,0,1,1,0,0
964,,BIOMED ENG INT CONF,2,0,0,0,1,0,0,0,0,0,0,1
965,1.088,BIOMED ENG-BIOMED TE,2,0,0,0,0,0,1,0,0,0,1,0
966,2.897,BIOMED MATER,2,0,0,0,0,0,0,0,0,0,0,2
967,,BIOMEDICINES,2,0,0,0,0,0,0,1,0,0,0,1
968,,BIONANOSCIENCE,2,0,0,0,0,0,0,0,0,0,0,2
969,2.899,BIOSCIENCE REP,2,0,0,0,0,0,0,0,0,2,0,0
970,1.504,BIOSTATISTICS,2,0,0,0,1,0,1,0,0,0,0,0
971,3.952,BIOTECHNOL BIOENG,2,0,0,0,0,0,0,1,0,0,0,1
972,3.730,BMC GENOMICS,2,0,0,0,0,0,0,0,0,0,0,2
973,1.635,BMC MED IMAGING,2,0,0,1,1,0,0,0,0,0,0,0
974,1.998,BMC MUSCULOSKEL DIS,2,0,0,0,0,0,0,0,0,1,0,1
975,3.930,BMC PLANT BIOL,2,1,0,0,0,0,0,0,0,0,0,1
976,,BRAIN-BROAD RES ARTI,2,0,0,1,0,0,0,0,0,0,0,1
977,1.492,BRAZ J MED BIOL RES,2,0,0,0,0,0,0,0,1,0,0,1
978,0.483,BRAZ J PHARM SCI,2,0,0,0,0,0,0,0,1,0,0,1
979,3.838,BRIT J CLIN PHARMACO,2,0,0,0,0,0,0,1,0,0,0,1
980,1.238,BRIT J NEUROSURG,2,0,0,0,1,0,0,0,0,0,0,1
981,,BRIT J PSYCHOL,2,0,0,0,0,0,0,0,0,0,0,2
982,,CAN CON EL COMP EN,2,0,0,0,0,0,1,0,0,0,0,1
983,1.265,CAN J CHEM ENG,2,0,0,0,1,0,0,0,0,0,0,1
984,2.210,CAN J PHYSIOL PHARM,2,0,0,0,0,0,0,0,0,0,0,2
985,2.808,CANCER CHEMOTH PHARM,2,0,0,0,0,1,0,0,0,0,0,1
986,9.130,CANCER RES,2,0,0,1,0,0,0,0,0,0,0,1
987,5.158,CARBOHYD POLYM,2,0,0,1,0,0,0,0,0,0,0,1
988,3.487,CELL SIGNAL,2,0,0,0,1,0,0,0,0,0,0,1
989,2.328,CHEM BIOL DRUG DES,2,0,0,0,0,0,0,0,0,0,0,2
990,3.432,CHEM RES TOXICOL,2,0,0,0,0,1,0,0,0,0,0,1
991,2.774,CHEMBIOCHEM,2,0,0,0,0,0,0,0,1,0,0,1
992,4.446,CHEMELECTROCHEM,2,0,0,0,0,0,0,0,1,0,0,1
993,2.701,CHEMOMETR INTELL LAB,2,0,0,0,0,0,0,0,1,0,0,1
994,4.427,CHEMOSPHERE,2,0,0,0,0,0,1,0,0,0,0,1
995,2.947,CHEMPHYSCHEM,2,0,0,0,0,0,0,0,0,0,0,2
996,1.235,CHILD NERV SYST,2,0,0,0,0,0,0,0,0,0,0,2
997,2.631,CHINESE CHEM LETT,2,0,0,0,0,0,1,0,0,0,0,1
998,2.643,CHRONOBIOL INT,2,0,0,0,0,0,0,0,0,0,0,2
999,1.635,CLIN AUTON RES,2,0,0,0,0,0,0,0,1,0,0,1
1000,1.863,CLIN BIOMECH,2,0,0,0,1,0,0,0,0,0,0,1
1001,10.199,CLIN CANCER RES,2,0,0,0,0,0,0,0,0,1,0,1
1002,3.201,CLIN EXP RHEUMATOL,2,0,0,0,0,0,0,0,0,0,0,2
1003,1.914,CLIN HEMORHEOL MICRO,2,0,0,0,0,0,1,0,1,0,0,0
1004,2.090,CLIN PSYCHOPHARM NEU,2,0,0,0,0,0,0,0,0,0,0,2
1005,4.206,CNS DRUGS,2,0,0,0,0,1,1,0,0,0,0,0
1006,3.479,COGN COMPUT,2,0,0,1,0,0,0,0,0,0,0,1
1007,,COGN PROCESS,2,0,0,0,0,0,0,0,0,0,0,2
1008,2.829,COLLOID SURFACE A,2,0,0,0,0,1,0,0,0,0,0,1
1009,4.441,COMPUT METHOD APPL M,2,0,0,0,0,0,0,0,0,0,0,2
1010,,CONC BREAKTHR ETHXB,2,0,0,0,0,0,0,0,0,0,0,2
1011,14.499,COORDIN CHEM REV,2,0,0,0,0,0,0,0,1,0,0,1
1012,6.630,CRIT CARE MED,2,0,0,0,0,0,0,0,0,0,0,2
1013,4.495,CRIT REV ONCOL HEMAT,2,0,0,0,0,1,1,0,0,0,0,0
1014,2.078,CURR DRUG DELIV,2,0,0,0,0,0,0,0,0,0,1,1
1015,3.112,CURR DRUG TARGETS,2,0,0,0,0,0,0,0,0,2,0,0
1016,2.120,CURR EYE RES,2,0,0,0,0,0,0,0,0,0,0,2
1017,3.469,CURR MED CHEM,2,0,0,0,1,0,0,0,0,0,0,1
1018,1.716,CURR NEUROVASC RES,2,0,0,0,0,0,1,0,0,0,0,1
1019,,CURR OPT PHOTONICS,2,0,0,0,0,0,1,0,0,0,0,1
1020,2.168,CURR STEM CELL RES T,2,0,0,0,0,0,0,0,1,0,0,1
1021,4.099,DALTON T,2,0,0,0,0,0,0,0,0,0,0,2
1022,5.043,DEPRESS ANXIETY,2,0,0,0,1,0,0,0,0,0,0,1
1023,2.133,DEV NEUROSCI-BASEL,2,0,0,0,0,0,0,0,0,0,0,2
1024,2.435,DOSE-RESPONSE,2,0,0,0,0,1,0,0,0,0,0,1
1025,1.074,ELECTROCHEMISTRY,2,0,0,0,0,0,0,0,0,0,0,2
1026,10.293,EMBO MOL MED,2,0,0,0,0,0,0,0,0,0,0,2
1027,7.297,ENVIRON INT,2,0,0,0,0,0,0,0,0,0,0,2
1028,1.804,ENVIRON MONIT ASSESS,2,0,0,0,0,0,0,0,0,0,0,2
1029,4.732,ENVIRON RES,2,0,1,0,1,0,0,0,0,0,0,0
1030,3.328,ENVIRON REV,2,0,0,0,1,0,1,0,0,0,0,0
1031,4.918,EPIGENETICS-US,2,0,0,0,0,0,1,0,0,0,0,1
1032,2.982,EPJ DATA SCI,2,0,2,0,0,0,0,0,0,0,0,0
1033,,ESSC 2017 43 IEEEXB,2,0,0,0,0,0,1,0,0,0,0,1
1034,,EUR J INVEST HEALTH,2,0,0,0,0,0,1,0,0,0,0,1
1035,,EUR J PERSONALITY,2,0,0,0,0,0,0,0,1,0,0,1
1036,0.642,EUR J PHYS,2,0,0,1,0,0,0,0,0,0,0,1
1037,,EUR J PSYCHOTRAUMATO,2,0,0,0,0,0,0,0,1,0,0,1
1038,4.027,EUR RADIOL,2,0,0,0,0,0,0,0,0,1,1,0
1039,,EUR ZOOL J,2,0,1,0,0,0,0,0,0,0,0,1
1040,1.737,EURASIP J IMAGE VIDE,2,0,0,1,0,0,0,0,0,0,0,1
1041,1.173,EXP ANIM TOKYO,2,0,0,0,0,0,0,0,0,1,0,1
1042,,EXP PSYCHOL,2,0,0,0,0,0,0,0,0,0,0,2
1043,2.478,EYE,2,0,0,0,0,0,0,0,0,0,2,0
1044,2.999,FEBS LETT,2,0,0,0,1,0,0,0,0,0,0,1
1045,3.185,FISH SHELLFISH IMMUN,2,0,0,0,0,0,0,0,0,0,0,2
1046,,FLUIDS BARRIERS CNS,2,0,0,0,0,1,0,0,0,0,0,1
1047,3.520,FOOD RES INT,2,0,0,0,0,0,0,0,0,0,0,2
1048,6.875,FRONT NEUROENDOCRIN,2,0,1,0,0,0,0,0,0,0,0,1
1049,4.416,FRONT ONCOL,2,0,0,0,0,0,0,0,0,0,0,2
1050,3.677,FRONT PLANT SCI,2,0,0,0,0,1,0,0,0,0,0,1
1051,3.627,FRONT ZOOL,2,0,0,0,1,0,0,0,0,0,0,1
1052,2.742,G3-GENES GENOM GENET,2,0,1,0,0,0,0,0,1,0,0,0
1053,,GALEN MED J,2,0,0,0,0,0,0,0,0,0,0,2
1054,,GAMES HEALTH J,2,0,0,0,1,0,0,0,0,0,0,1
1055,3.203,GENE THER,2,0,0,0,0,0,0,0,0,0,0,2
1056,8.898,GENOME MED,2,0,0,0,0,0,0,0,0,0,0,2
1057,,HDB CANN REL PATHXB,2,0,0,0,0,0,0,0,0,0,0,2
1058,,HEALTH PROBL CIVILIZ,2,0,0,0,0,0,0,0,1,0,0,1
1059,0.893,HNO,2,0,0,1,0,1,0,0,0,0,0,0
1060,,HORM BRAIN BEHAVXB,2,0,0,0,0,0,0,0,1,0,0,1
1061,2.371,HUM FACTORS,2,0,0,0,0,0,0,0,0,0,0,2
1062,6.823,HYPERTENSION,2,0,0,0,0,0,0,1,0,0,0,1
1063,,IEEE C COGNIT,2,0,0,1,0,0,0,0,0,0,0,1
1064,,IEEE CUST INTEGR CIR,2,0,0,1,0,0,0,0,0,0,0,1
1065,3.433,IEEE ELECTR DEVICE L,2,0,1,0,0,0,0,0,0,0,0,1
1066,,IEEE INT AUT MEET,2,0,0,1,0,0,0,0,0,1,0,0
1067,,IEEE NANOTECHNOL MAG,2,0,0,0,0,1,0,0,0,0,0,1
1068,,IEEE PAC VIS SYMP,2,0,0,1,0,0,0,1,0,0,0,0
1069,,IEEE SOUTHEASTCON,2,0,0,1,0,0,0,0,0,0,1,0
1070,,IEEE SYM PARA DISTR,2,0,0,0,0,0,0,0,0,0,1,1
1071,3.667,IEEE T AUTOM SCI ENG,2,0,0,0,0,0,0,0,1,0,0,1
1072,2.620,IEEE T ELECTRON DEV,2,0,0,1,0,0,0,0,0,0,0,1
1073,5.072,IEEE T IMAGE PROCESS,2,1,0,0,0,0,1,0,0,0,0,0
1074,5.430,IEEE T IND INFORM,2,0,0,0,0,0,0,0,0,0,0,2
1075,3.176,IEEE T MICROW THEORY,2,0,0,0,0,0,1,0,0,0,0,1
1076,,IEEE WINT CONF APPL,2,0,0,0,0,1,0,0,1,0,0,0
1077,,IEEE-CAA J AUTOMATIC,2,0,0,0,0,0,0,0,0,0,0,2
1078,1.836,IET BIOMETRICS,2,0,0,0,0,0,1,0,0,0,0,1
1079,1.087,IET COMPUT VIS,2,0,0,0,0,0,0,0,0,0,0,2
1080,1.336,IET SCI MEAS TECHNOL,2,0,0,0,0,0,0,0,1,0,0,1
1081,1.250,IET SIGNAL PROCESS,2,0,0,0,0,0,1,0,0,0,0,1
1082,1.424,IMAGE ANAL STEREOL,2,0,0,0,0,0,0,0,0,0,0,2
1083,2.024,IMMUNOPHARM IMMUNOT,2,0,0,0,0,0,0,0,0,0,0,2
1084,1.447,IN VITRO CELL DEV-AN,2,0,0,0,0,0,0,0,0,0,0,2
1085,3.141,IND ENG CHEM RES,2,0,0,0,1,0,0,0,1,0,0,0
1086,3.304,INFLAMMOPHARMACOLOGY,2,0,0,0,0,0,0,0,0,1,0,1
1087,,INFORM-J COMPUT INFO,2,0,0,0,0,0,0,0,0,0,0,2
1088,,INT C ASIC,2,0,0,0,0,1,0,0,0,0,0,1
1089,,INT C EMERG TECHN SM,2,0,0,0,0,0,0,0,0,0,0,2
1090,,INT EL DEVICES MEET,2,0,0,0,0,1,0,0,0,0,0,1
1091,0.559,INT FOOD RES J,2,0,0,0,0,0,0,0,0,0,0,2
1092,1.501,INT J BIFURCAT CHAOS,2,0,0,0,0,1,0,0,0,0,0,1
1093,2.145,INT J ENV RES PUB HE,2,0,0,0,1,0,0,0,0,0,0,1
1094,1.938,INT J EXP PATHOL,2,0,0,0,0,0,0,1,0,1,0,0
1095,1.617,INT J HYPERTENS,2,0,0,1,0,0,0,0,0,0,0,1
1096,2.692,INT J MACH LEARN CYB,2,0,0,0,0,0,0,0,0,0,1,1
1097,3.333,INT J ONCOL,2,0,1,0,0,0,0,0,0,0,0,1
1098,,INT J ONLINE ENG,2,0,0,1,0,0,0,0,0,0,0,1
1099,0.765,INT J PHARMACOL,2,0,0,0,0,0,0,0,0,0,0,2
1100,,INT J SERIOUS GAMES,2,0,0,0,0,0,0,0,0,1,1,0
1101,2.453,INT J SPORTS MED,2,0,0,0,0,0,0,0,0,0,1,1
1102,,INT SYMP ADV TOP,2,0,1,0,0,0,0,1,0,0,0,0
1103,,INTERNETWORKING INDO,2,0,0,2,0,0,0,0,0,0,0,0
1104,6.224,INVEST RADIOL,2,0,0,0,0,0,1,0,0,0,0,1
1105,,IOP C SER-MAT SCI,2,0,0,0,0,0,0,0,0,1,0,1
1106,1.514,IRAN J BASIC MED SCI,2,0,0,0,0,0,0,0,0,0,1,1
1107,0.897,IRBM,2,0,0,0,0,0,0,1,0,0,0,1
1108,0.568,ISOKINET EXERC SCI,2,0,0,0,0,0,0,0,0,0,1,1
1109,,J ABNORM CHILD PSYCH,2,0,0,0,0,0,0,0,0,0,0,2
1110,,J ACUPUNCT TUINA SCI,2,0,0,0,0,0,0,0,0,2,0,0
1111,,J APPL BIOBEHAV RES,2,0,0,0,0,0,0,0,0,0,0,2
1112,1.783,J APPL BIOMED,2,0,0,0,0,0,0,0,0,0,1,1
1113,2.909,J APPL TOXICOL,2,0,0,0,0,0,0,1,0,0,1,0
1114,,J ARTIF INTELL SOFT,2,0,0,0,0,0,0,0,1,0,0,1
1115,2.839,J ASSOC INF SYST,2,0,0,0,0,0,0,0,1,0,0,1
1116,3.668,J ATTEN DISORD,2,0,0,0,0,0,0,0,2,0,0,0
1117,,J BEHAV DECIS MAKING,2,0,0,0,0,0,0,0,1,0,0,1
1118,1.837,J BIOCHEM MOL TOXIC,2,0,0,0,0,0,0,0,0,0,0,2
1119,1.397,J BIOL REG HOMEOS AG,2,0,0,0,0,0,0,0,0,0,0,2
1120,3.906,J BIOL RHYTHM,2,0,0,0,0,0,0,0,0,0,0,2
1121,2.082,J BIOMATER APPL,2,0,0,0,0,0,0,0,0,0,0,2
1122,3.373,J BIOMED MATER RES B,2,0,0,0,0,0,0,0,0,0,0,2
1123,5.068,J BIOMED NANOTECHNOL,2,0,0,0,0,0,0,0,0,0,0,2
1124,3.466,J BIOMED SCI,2,0,1,0,0,0,0,0,0,0,0,1
1125,2.533,J BIOTECHNOL,2,0,0,0,0,0,0,0,0,0,0,2
1126,,J BODYW MOV THER,2,0,0,0,0,0,0,0,0,1,1,0
1127,2.901,J CHILD ADOL PSYCHOP,2,0,0,0,1,0,0,0,0,0,0,1
1128,0.595,J CIRCUIT SYST COMP,2,0,0,1,0,0,1,0,0,0,0,0
1129,,J CLIN DIAGN RES,2,0,0,0,0,0,0,0,0,0,0,2
1130,2.968,J CLIN GASTROENTEROL,2,0,0,1,0,0,0,0,0,0,0,1
1131,,J COGN PSYCHOL,2,0,1,0,0,0,0,0,0,0,0,1
1132,,J CONSCIOUSNESS STUD,2,0,0,1,0,0,0,0,0,0,0,1
1133,2.215,J DEV ORIG HLTH DIS,2,0,0,0,0,0,0,0,0,0,1,1
1134,,J ENG-JOE,2,0,0,1,0,0,0,0,0,0,0,1
1135,2.010,J EXP ANAL BEHAV,2,0,0,0,1,0,0,0,0,0,0,1
1136,,J EXP CHILD PSYCHOL,2,0,0,0,0,0,0,0,0,0,0,2
1137,10.790,J EXP MED,2,0,1,0,0,0,0,0,1,0,0,0
1138,1.861,J EXP PSYCHOL-ANIM L,2,0,0,0,0,0,0,0,1,0,0,1
1139,0.954,J FAC ENG ARCHIT GAZ,2,0,0,1,1,0,0,0,0,0,0,0
1140,4.841,J IND ENG CHEM,2,0,0,0,0,0,0,0,0,2,0,0
1141,,J IND PROD ENG,2,0,0,0,0,0,0,0,0,0,0,2
1142,1.151,J INDIAN I SCI,2,0,0,0,0,0,0,1,1,0,0,0
1143,2.610,J INFLAMM-LOND,2,0,1,0,1,0,0,0,0,0,0,0
1144,3.063,J INORG BIOCHEM,2,0,0,0,0,0,0,0,0,0,0,2
1145,,J INTEGR MED-JIM,2,0,0,0,0,0,0,0,0,0,0,2
1146,6.754,J INTERN MED,2,0,0,0,0,0,0,0,0,0,0,2
1147,1.301,J INTERNET TECHNOL,2,0,0,0,0,0,1,0,0,0,0,1
1148,0.827,J LIQ CHROMATOGR R T,2,0,0,0,0,0,0,0,0,0,1,1
1149,2.732,J LUMIN,2,0,0,0,0,1,0,1,0,0,0,0
1150,2.448,J MATER SCI-MATER M,2,0,0,0,0,0,1,0,1,0,0,0
1151,2.176,J MATH PSYCHOL,2,0,0,0,0,0,0,0,0,0,1,1
1152,1.888,J MICROMECH MICROENG,2,0,0,0,0,0,0,0,0,0,0,2
1153,1.711,J MORPHOL,2,0,0,0,0,0,0,0,0,0,1,1
1154,2.803,J NAT GAS SCI ENG,2,0,0,0,0,0,0,0,0,0,0,2
1155,3.060,J NEURO-ONCOL,2,0,0,0,0,0,0,1,0,0,0,1
1156,0.126,J NEUROL SCI-TURK,2,0,0,0,0,0,1,0,0,0,0,1
1157,1.854,J NEUROPSYCH CLIN N,2,0,0,0,0,0,0,0,0,0,0,2
1158,,J NEUROSCI PSYCHOL E,2,0,0,0,0,0,0,0,1,0,0,1
1159,7.439,J NUCL MED,2,0,0,0,0,0,0,0,0,0,0,2
1160,1.538,J ORAL FACIAL PAIN H,2,0,0,0,0,0,0,0,0,0,1,1
1161,3.667,J PEDIATR-US,2,0,0,0,0,0,0,0,0,0,0,2
1162,2.550,J PERIPHER NERV SYST,2,0,0,0,0,0,0,1,0,0,0,1
1163,15.325,J PHOTOCH PHOTOBIO C,2,0,0,0,0,0,0,1,0,0,0,1
1164,1.574,J REAL-TIME IMAGE PR,2,0,0,0,0,0,0,0,0,0,0,2
1165,1.802,J REHABIL MED,2,0,0,0,1,0,0,0,0,0,0,1
1166,1.088,J SIGNAL PROCESS SYS,2,0,0,0,0,0,0,0,1,0,0,1
1167,1.882,J SPINAL CORD MED,2,0,0,0,1,0,0,0,0,0,0,1
1168,2.733,J SPORT SCI,2,0,0,0,0,0,0,0,0,0,0,2
1169,2.325,J STRENGTH COND RES,2,0,0,0,0,0,0,0,0,0,0,2
1170,2.051,J SURG RES,2,0,0,0,0,0,0,0,0,0,1,1
1171,0.913,J SYST ARCHITECT,2,0,0,0,0,1,0,0,0,0,1,0
1172,3.755,J TRACE ELEM MED BIO,2,0,0,0,0,0,0,0,0,0,0,2
1173,1.441,J VET PHARMACOL THER,2,0,0,0,0,0,0,0,0,0,1,1
1174,4.368,J VIROL,2,1,0,0,0,0,0,0,1,0,0,0
1175,11.460,JAMA NEUROL,2,0,0,0,1,0,0,0,0,0,0,1
1176,1.452,JPN J APPL PHYS,2,0,0,0,0,0,0,0,0,0,0,2
1177,,KIDNEY RES CLIN PRAC,2,0,0,0,0,0,0,0,0,0,0,2
1178,,LARYNSCOPE INVEST,2,0,1,0,0,0,0,0,0,0,0,1
1179,0.924,LETT DRUG DES DISCOV,2,0,0,0,0,0,0,0,0,0,0,2
1180,4.379,MAR DRUGS,2,0,0,0,0,0,0,0,0,0,0,2
1181,0.590,MATER TEHNOL,2,0,0,0,0,0,0,0,0,0,0,2
1182,1.145,MATH PROBL ENG,2,0,0,0,0,1,0,0,0,0,0,1
1183,,MEMORY,2,0,0,0,1,0,0,0,0,0,0,1
1184,,METHOD PHARMACOL TOX,2,0,0,0,0,0,0,0,0,0,0,2
1185,6.363,METHODS ECOL EVOL,2,0,0,0,0,0,0,0,0,0,0,2
1186,1.523,METROL MEAS SYST,2,0,1,0,0,0,0,0,0,0,0,1
1187,0.841,MICRO NANO LETT,2,0,0,0,0,0,0,0,0,0,0,2
1188,5.705,MICROCHIM ACTA,2,0,0,0,0,0,0,0,0,0,0,2
1189,2.561,MOL CELL BIOCHEM,2,0,0,0,0,0,0,0,0,0,1,1
1190,3.563,MOL CELL ENDOCRINOL,2,0,0,0,0,0,0,0,0,0,0,2
1191,3.575,MSPHERE,2,0,0,0,0,0,0,1,0,0,0,1
1192,5.280,MULT SCLER J,2,0,0,0,0,0,0,0,0,0,0,2
1193,,MUSCULOSKEL SCI PRAC,2,0,0,0,0,0,0,0,0,1,0,1
1194,3.504,NANOMATERIALS-BASEL,2,0,0,0,0,0,1,0,0,0,0,1
1195,35.724,NAT BIOTECHNOL,2,0,0,0,0,0,0,0,0,0,0,2
1196,13.843,NAT CHEM BIOL,2,0,0,0,0,0,1,0,0,0,1,0
1197,,NAT HUM BEHAV,2,0,0,0,0,0,0,0,0,0,0,2
1198,37.490,NAT NANOTECHNOL,2,0,0,0,0,0,0,0,0,0,0,2
1199,15.661,NAT REV RHEUMATOL,2,0,0,0,0,0,0,0,0,0,0,2
1200,13.333,NAT STRUCT MOL BIOL,2,0,0,1,0,0,0,0,0,0,0,1
1201,9.384,NEURO-ONCOLOGY,2,0,0,0,0,0,0,0,0,1,0,1
1202,2.785,NEURODEGENER DIS,2,0,0,0,0,0,0,0,0,0,0,2
1203,1.403,NEUROL MED-CHIR,2,0,0,0,1,0,0,0,0,0,0,1
1204,1.887,NEUROPATHOLOGY,2,0,0,0,0,0,0,0,0,0,1,1
1205,2.699,NEUROPSYCHOLOGY,2,0,0,0,0,1,0,0,1,0,0,0
1206,2.346,NEURORADIOLOGY,2,0,0,1,0,0,1,0,0,0,0,0
1207,0.929,NEUROSCIENCES,2,0,0,0,0,0,0,0,0,0,1,1
1208,7.461,NEUROSCIENTIST,2,0,0,0,0,1,0,1,0,0,0,0
1209,4.367,NITRIC OXIDE-BIOL CH,2,0,0,0,0,0,0,1,1,0,0,0
1210,4.339,NONLINEAR DYNAM,2,0,1,0,0,0,0,0,0,0,0,1
1211,11.561,NUCLEIC ACIDS RES,2,0,0,0,0,0,0,0,0,1,0,1
1212,4.042,OBESITY,2,0,0,0,0,0,0,0,1,0,0,1
1213,2.370,OMICS,2,0,0,0,0,0,0,0,1,1,0,0
1214,0.755,OPEN PHYS,2,0,0,1,0,0,0,0,0,0,1,0
1215,3.589,OPT LETT,2,0,0,0,0,1,0,0,0,1,0,0
1216,1.499,OPTOMETRY VISION SCI,2,0,0,0,0,0,0,0,0,0,0,2
1217,,P 2017 ACM INTXB,2,0,0,0,1,0,0,0,1,0,0,0
1218,,P 2017 IEEE 24 INTXB,2,0,0,0,0,0,0,0,0,0,0,2
1219,1.124,P I MECH ENG H,2,0,0,0,0,0,0,0,0,1,0,1
1220,,P IEEE VIRT REAL ANN,2,0,0,0,0,0,0,0,1,0,0,1
1221,2.782,PAIN MED,2,0,0,0,0,0,1,0,0,0,0,1
1222,0.804,PAK J PHARM SCI,2,0,0,0,0,0,0,0,0,0,0,2
1223,0.679,PHARM CHEM J+,2,0,0,0,0,0,0,0,0,0,0,2
1224,3.746,PHARMACEUTICS,2,0,0,0,0,0,0,0,0,1,0,1
1225,1.525,PHARMACOGN MAG,2,0,0,0,0,0,0,0,0,0,0,2
1226,1.863,PHYS LETT A,2,0,0,0,0,0,0,0,0,1,0,1
1227,13.783,PHYS LIFE REV,2,0,0,0,0,0,0,0,1,0,1,0
1228,8.839,PHYS REV LETT,2,0,0,0,0,0,0,0,0,0,0,2
1229,2.291,PHYSIOL BIOCHEM ZOOL,2,0,0,0,0,0,0,0,1,0,0,1
1230,,PHYSIOL PHARMACOL,2,0,0,0,0,0,0,0,0,0,0,2
1231,3.610,PHYTOMEDICINE,2,0,0,0,0,0,0,0,0,0,1,1
1232,3.349,PHYTOTHER RES,2,0,0,0,0,0,0,1,0,0,0,1
1233,1.850,PM&R,2,0,0,0,1,0,0,0,0,0,0,1
1234,,PROC CVPR IEEE,2,0,1,0,1,0,0,0,0,0,0,0
1235,,PROC IEEE INT SYMP,2,0,0,1,1,0,0,0,0,0,0,0
1236,,PROCEDIA COMPUT SCI,2,0,0,0,0,0,0,0,0,1,0,1
1237,3.199,PSYCHIAT CLIN NEUROS,2,0,0,1,0,0,0,0,0,0,0,1
1238,13.250,PSYCHOL BULL,2,0,0,0,0,0,0,1,0,1,0,0
1239,,PSYCHOL RUSS,2,0,0,1,0,0,0,0,0,0,0,1
1240,,REACT SPEC DET BIOXB,2,0,0,0,0,0,0,0,0,0,0,2
1241,2.167,REDOX REP,2,0,0,0,1,1,0,0,0,0,0,0
1242,4.382,REGION ANESTH PAIN M,2,0,0,0,0,0,0,0,0,0,0,2
1243,2.580,REPROD TOXICOL,2,1,0,0,1,0,0,0,0,0,0,0
1244,,RES AUTISM SPECT DIS,2,0,0,0,0,0,0,0,0,0,0,2
1245,5.863,RESUSCITATION,2,0,0,2,0,0,0,0,0,0,0,0
1246,2.093,REV BRAS PSIQUIATR,2,0,0,0,0,0,0,0,0,0,0,2
1247,1.412,REV CHIM-BUCHAREST,2,0,0,0,0,0,0,0,1,0,0,1
1248,,REV FAC ING-UNIV ANT,2,0,0,0,0,0,0,0,1,0,1,0
1249,5.216,RNA BIOL,2,0,0,0,0,0,0,0,0,0,0,2
1250,3.623,SCAND J MED SCI SPOR,2,0,0,0,0,0,0,0,1,0,1,0
1251,,SCAND J PSYCHOL,2,0,0,0,0,0,0,0,1,0,0,1
1252,1.486,SIAM J APPL DYN SYST,2,0,1,0,0,0,1,0,0,0,0,0
1253,,SIBGRAPI,2,0,1,1,0,0,0,0,0,0,0,0
1254,,SIG P ALGO ARCH ARR,2,0,1,0,0,0,0,0,0,0,0,1
1255,1.567,SKELETAL RADIOL,2,0,0,0,1,0,0,0,0,0,0,1
1256,1.489,SKIN RES TECHNOL,2,0,1,0,0,0,0,0,0,0,1,0
1257,,SLAS TECHNOL,2,0,0,0,0,0,1,0,0,0,0,1
1258,3.709,SOFT MATTER,2,0,0,0,0,0,0,0,0,0,0,2
1259,4.926,SOIL BIOL BIOCHEM,2,0,0,0,0,0,0,0,0,0,0,2
1260,1.936,SPINAL CORD,2,0,0,0,0,0,0,0,0,0,0,2
1261,,STUD COMPUT INTELL,2,0,1,0,0,0,0,0,0,0,1,0
1262,3.117,SURG ENDOSC,2,0,0,0,0,0,0,0,0,1,0,1
1263,1.771,TOP STROKE REHABIL,2,0,0,0,1,0,0,1,0,0,0,0
1264,3.166,TOXICOL LETT,2,0,0,0,0,0,0,0,0,0,0,2
1265,3.273,TOXINS,2,0,0,0,0,0,0,0,0,0,1,1
1266,7.030,TRAC-TREND ANAL CHEM,2,0,0,0,0,1,0,0,0,0,0,1
1267,4.400,TRAFFIC,2,0,0,0,0,0,0,0,1,1,0,0
1268,3.071,TRANSL ONCOL,2,0,0,0,0,0,0,0,0,1,0,1
1269,,TRANSPORT RES F-TRAF,2,0,0,0,1,0,0,0,0,0,0,1
1270,11.021,TRENDS MOL MED,2,0,0,0,0,0,0,1,0,1,0,0
1271,12.108,TRENDS PHARMACOL SCI,2,0,0,0,0,0,1,0,0,0,0,1
1272,0.775,TURK NEUROSURG,2,0,0,0,0,0,0,0,1,0,0,1
1273,1.492,VET QUART,2,0,0,0,0,0,0,0,1,0,0,1
1274,0.869,WIREL COMMUN MOB COM,2,0,0,0,0,0,0,0,0,0,0,2
1275,1.939,WIRES DATA MIN KNOWL,2,0,0,0,0,0,1,0,0,1,0,0
Copyright  2018 Clarivate Analytics,,,,,,,,,,,,,,
"By exporting the selected data, you agree to the data usage policy set forth in the Terms of Use",,,,,,,,,,,,,,
