Citing Journal Data: J NEUROSCI,,,,,,,,,,,,,,
,Impact Factor,Cited Journal,All Yrs,2017,2016,2015,2014,2013,2012,2011,2010,2009,2008,Rest
1, ,ALL Journals,61304,1102,3402,4304,4240,4082,3879,3601,3286,3079,2768,27561
2, ,ALL OTHERS (1853),1853,62,113,87,96,111,96,98,86,74,67,963
3,5.971,J NEUROSCI,7001,152,313,464,512,531,482,511,453,447,366,2770
4,14.319,NEURON,3338,58,203,279,261,266,238,216,197,166,166,1288
5,9.504,P NATL ACAD SCI USA,2275,24,111,157,141,165,132,156,154,135,103,997
6,19.912,NAT NEUROSCI,2069,43,129,158,183,184,146,134,122,146,96,728
7,41.577,NATURE,1890,16,81,89,82,123,116,97,94,81,79,1032
8,2.502,J NEUROPHYSIOL,1858,13,60,84,40,75,85,73,90,89,69,1180
9,41.058,SCIENCE,1527,9,49,42,63,68,57,43,66,62,81,987
10,5.426,NEUROIMAGE,1369,30,75,93,151,101,136,90,93,77,53,470
11,3.400,J COMP NEUROL,949,14,20,15,24,18,16,21,20,32,32,737
12,6.308,CEREB CORTEX,890,44,81,101,67,44,47,43,52,56,61,294
13,32.635,NAT REV NEUROSCI,872,18,47,55,41,55,62,38,61,66,58,371
14,4.540,J PHYSIOL-LONDON,801,14,26,25,36,30,41,22,16,22,23,546
15,2.766,PLOS ONE,778,2,37,76,113,158,131,126,49,33,34,19
16,3.382,NEUROSCIENCE,732,12,27,34,32,38,16,32,37,41,28,435
17,4.011,J BIOL CHEM,731,6,24,15,27,27,44,45,44,28,32,439
18,31.398,CELL,686,7,49,54,76,21,36,45,22,31,37,308
19,3.125,BRAIN RES,684,3,18,33,14,14,17,18,21,20,20,506
20,2.832,EUR J NEUROSCI,647,5,18,36,23,31,30,29,49,48,36,342
21,9.251,CURR BIOL,486,10,47,57,62,47,56,30,27,29,30,91
22,11.439,TRENDS NEUROSCI,457,2,17,23,29,19,28,28,27,21,11,252
23,15.557,TRENDS COGN SCI,454,8,28,45,33,42,41,31,36,15,25,150
24,10.848,BRAIN,415,4,24,22,29,32,21,18,17,25,28,195
25,14.675,ANNU REV NEUROSCI,395,3,7,15,21,27,25,26,19,18,25,209
26,6.541,CURR OPIN NEUROBIOL,386,5,17,37,34,32,30,37,28,11,5,150
27,3.468,J COGNITIVE NEUROSCI,353,7,14,26,32,28,32,28,23,24,12,127
28,1.806,EXP BRAIN RES,345,1,3,4,7,7,5,4,7,11,10,286
29,4.609,J NEUROCHEM,317,3,16,6,14,15,12,16,18,24,24,169
30,6.544,NEUROPSYCHOPHARMACOL,309,11,31,40,39,24,11,38,40,10,18,47
31,12.353,NAT COMMUN,299,17,89,73,58,37,16,6,3,0,0,0
32,7.616,ELIFE,290,35,91,100,46,17,0,0,0,0,0,1
33,11.984,BIOL PSYCHIAT,288,9,31,27,21,17,21,27,31,15,16,73
34,2.069,VISION RES,288,1,1,11,6,2,2,10,6,7,8,234
35,2.668,J NEUROSCI METH,275,3,8,11,6,5,13,10,9,13,30,167
36,2.889,NEUROPSYCHOLOGIA,274,3,15,18,19,24,17,16,22,16,17,107
37,4.483,EXP NEUROL,264,6,17,15,19,18,11,8,12,14,12,132
38,4.927,HUM BRAIN MAPP,261,15,24,28,22,15,15,6,11,20,4,101
39,8.784,J CELL BIOL,243,1,5,13,4,13,12,4,12,10,17,152
40,2.159,NEUROSCI LETT,243,0,6,9,8,8,3,12,11,14,9,163
41,3.173,BEHAV BRAIN RES,240,4,7,18,11,25,14,19,10,14,14,104
42,4.249,NEUROPHARMACOLOGY,230,7,21,21,35,16,17,12,11,12,11,67
43,3.966,HIPPOCAMPUS,218,0,16,17,21,12,23,15,18,3,7,86
44,10.250,ANN NEUROL,217,2,16,12,20,7,19,17,11,2,4,107
45,5.846,GLIA,212,7,18,17,23,15,14,11,19,7,17,64
46,5.227,NEUROBIOL DIS,206,4,22,19,16,14,25,23,24,12,8,39
47,8.032,CELL REP,205,16,48,56,48,24,13,0,0,0,0,0
48,5.413,DEVELOPMENT,202,2,5,13,7,7,8,17,7,2,11,123
49,5.666,PHILOS T R SOC B,196,7,10,5,36,4,14,6,1,11,11,91
50,4.902,HUM MOL GENET,190,2,17,22,17,17,14,12,7,10,6,66
51,1.605,J ACOUST SOC AM,190,0,4,5,5,6,3,1,9,7,4,146
52,8.037,NEUROSCI BIOBEHAV R,186,7,17,16,11,16,21,6,15,5,9,63
53,2.824,HEARING RES,182,3,5,7,12,7,6,19,1,8,10,104
54,5.559,PAIN,180,1,11,14,6,13,8,14,13,6,8,86
55,2.671,LEARN MEMORY,178,1,5,8,13,11,8,6,12,16,14,84
56,3.222,PSYCHOPHARMACOLOGY,174,0,11,3,11,16,11,14,6,10,9,83
57,14.163,PROG NEUROBIOL,169,3,5,7,9,11,11,11,7,3,6,96
58,4.277,ANN NY ACAD SCI,167,1,6,4,3,5,6,14,14,8,15,91
59,10.557,EMBO J,166,1,7,8,10,6,19,10,5,5,8,87
60,4.122,SCI REP-UK,163,21,77,46,10,4,5,0,0,0,0,0
61,2.871,FRONT HUM NEUROSCI,157,1,21,13,27,44,16,7,24,4,0,0
62,3.312,MOL CELL NEUROSCI,150,5,6,4,4,5,9,12,6,9,8,82
63,9.163,PLOS BIOL,150,3,8,18,9,7,7,16,9,9,12,52
64,8.055,NEUROLOGY,148,1,7,6,6,8,9,7,2,9,4,89
65,3.955,PLOS COMPUT BIOL,148,0,12,27,25,23,13,12,12,12,7,5
66,11.640,MOL PSYCHIATR,145,10,24,18,11,14,10,6,6,3,4,39
67,32.621,NAT MED,141,4,7,5,11,7,3,16,9,10,12,57
68,2.507,BEHAV NEUROSCI,140,1,7,2,2,1,4,13,4,6,3,97
69,2.662,J NEUROSCI RES,138,2,2,3,4,2,4,2,7,12,5,95
70,13.251,J CLIN INVEST,136,2,7,10,12,10,10,13,11,6,6,49
71,2.266,J VISION,136,1,7,11,15,18,11,13,7,19,5,29
72,3.244,NEUROBIOL LEARN MEM,132,5,24,16,9,7,7,5,5,7,4,43
73,1.266,NEUROREPORT,130,0,2,0,2,1,1,1,3,6,5,109
74,26.919,NAT METHODS,127,3,1,8,8,10,39,18,8,9,8,15
75, ,FRONT PSYCHOL,126,2,8,13,33,20,15,31,3,0,1,0
76,27.125,NAT GENET,125,2,4,0,2,5,6,6,3,4,5,88
77,4.454,NEUROBIOL AGING,125,4,7,11,17,11,18,7,6,3,6,35
78,24.014,PHYSIOL REV,125,0,1,7,14,9,7,7,14,5,5,56
79,4.300,FRONT CELL NEUROSCI,123,2,13,31,37,25,8,3,3,1,0,0
80, ,FRONT SYST NEUROSCI,120,3,14,17,26,10,6,14,12,2,16,0
81,3.961,ENDOCRINOLOGY,119,2,6,7,4,4,9,4,3,7,12,61
82,3.877,FRONT NEUROSCI-SWITZ,118,2,16,22,21,14,15,9,7,7,2,3
83,7.230,PSYCHOL REV,116,0,1,1,5,4,3,1,8,1,3,89
84,3.131,FRONT NEURAL CIRCUIT,114,3,13,13,26,27,20,0,7,3,1,1
85, ,PSYCHOL SCI,109,1,1,8,6,11,6,7,6,11,12,40
86, ,BRAIN RES REV,106,0,0,0,0,0,0,1,3,8,4,90
87,3.614,CLIN NEUROPHYSIOL,105,1,6,4,4,3,4,4,1,8,4,66
88,3.174,PROG BRAIN RES,105,0,5,4,10,4,6,4,5,1,5,61
89,4.401,J CELL SCI,103,0,1,8,2,11,14,4,4,8,6,45
90,6.045,J CEREBR BLOOD F MET,103,6,9,5,5,5,11,5,9,3,7,38
91,3.813,MOL CELL BIOL,103,0,0,1,2,3,2,1,0,1,3,90
92,15.876,ACTA NEUROPATHOL,101,2,15,11,5,4,3,2,10,7,1,41
93,6.810,BRIT J PHARMACOL,98,2,2,11,1,6,6,5,6,3,8,48
94,5.067,EPILEPSIA,98,1,10,10,5,9,13,7,4,8,2,29
95,7.461,NEUROSCIENTIST,93,3,5,4,5,12,6,3,5,5,7,38
96,3.138,FRONT BEHAV NEUROSCI,92,0,4,15,19,15,10,11,9,8,1,0
97,1.927,VISUAL NEUROSCI,92,0,1,4,2,2,4,1,0,0,0,78
98,3.440,BRAIN RES BULL,91,1,3,0,8,3,2,2,1,1,2,68
99,3.706,J PHARMACOL EXP THER,91,0,2,0,0,4,3,5,2,6,7,62
100,2.559,BIOCHEM BIOPH RES CO,85,2,0,4,3,1,1,3,2,8,11,50
101,9.462,GENE DEV,85,2,2,4,2,6,6,4,3,3,0,53
102,12.423,NAT PROTOC,85,1,0,3,8,9,8,3,5,11,8,29
103,3.495,BIOPHYS J,84,0,0,3,2,1,2,3,5,5,2,61
104,4.907,CORTEX,82,7,17,19,5,11,7,2,1,2,3,8
105,13.396,AM J PSYCHIAT,81,1,2,1,5,4,3,3,4,4,3,51
106,4.231,BRAIN STRUCT FUNCT,81,3,23,21,5,7,3,1,7,2,2,7
107,3.262,DEV BIOL,81,1,1,3,3,3,3,6,6,3,3,49
108,27.144,LANCET NEUROL,81,0,8,20,10,3,9,5,5,7,2,12
109,2.999,FEBS LETT,79,0,3,5,6,5,3,1,4,5,3,44
110,3.388,INVEST OPHTH VIS SCI,79,0,2,5,4,4,7,3,10,0,5,39
111,3.978,MOL PHARMACOL,79,1,1,5,5,8,4,2,1,6,2,44
112,5.193,J NEUROINFLAMM,78,4,9,13,7,8,15,10,2,2,5,3
113,5.595,FASEB J,76,3,1,5,6,9,6,3,8,3,4,28
114,4.539,J IMMUNOL,76,2,1,1,0,10,4,3,9,7,3,36
115,79.260,NEW ENGL J MED,76,0,5,3,4,16,6,2,7,3,2,28
116,2.517,PHYSIOL BEHAV,76,0,2,2,1,2,5,4,5,5,2,48
117, ,J NEUROBIOL,75,0,0,0,0,0,0,0,0,0,0,75
118,3.118,PSYCHOPHYSIOLOGY,75,2,4,3,0,1,4,9,3,5,6,38
119,22.774,ANNU REV PSYCHOL,72,1,14,13,0,0,6,7,4,2,3,22
120,9.247,CSH PERSPECT BIOL,72,0,4,18,1,3,21,20,3,2,0,0
121, ,ELECTROEN CLIN NEURO,71,0,0,2,0,0,0,0,0,0,0,69
122,3.490,J NEUROPATH EXP NEUR,70,0,1,0,1,2,5,5,4,3,1,48
123,1.651,NEURAL COMPUT,70,1,1,1,2,2,2,0,2,4,3,52
124,4.082,MAGN RESON MED,69,1,5,2,2,0,2,0,3,3,2,49
125,35.612,NAT REV MOL CELL BIO,68,1,2,1,4,2,7,4,3,11,9,24
126,11.561,NUCLEIC ACIDS RES,68,0,2,9,7,5,10,1,5,1,1,27
127,9.616,DEV CELL,67,0,4,13,11,2,6,6,5,7,4,9
128,2.277,NEUROSCI RES,67,2,0,1,4,0,0,8,0,1,2,49
129,5.135,SLEEP,66,0,2,4,3,9,2,4,2,8,2,30
130, ,SPATIAL VISION,65,0,0,0,0,0,0,0,0,0,0,65
131,6.239,STROKE,65,0,2,5,3,3,4,5,4,7,2,30
132, ,ARCH GEN PSYCHIAT,64,0,0,0,0,0,4,1,5,4,3,47
133,10.790,J EXP MED,64,2,6,8,4,5,2,3,1,2,3,28
134,3.040,EUR J PHARMACOL,63,0,2,2,2,2,2,2,3,3,3,42
135,2.360,SYNAPSE,63,2,2,2,2,1,3,1,1,6,2,41
136,3.476,J ALZHEIMERS DIS,62,1,10,5,4,8,7,6,14,1,2,4
137,53.254,LANCET,62,0,5,4,1,6,4,4,1,2,10,25
138,6.306,BRAIN BEHAV IMMUN,61,2,9,11,7,3,3,10,5,2,4,5
139,3.179,J EXP BIOL,61,1,2,2,3,4,1,4,3,2,4,35
140, ,J EXP PSYCHOL GEN,59,0,0,4,6,7,1,1,2,0,5,33
141,2.289,J EXP PSYCHOL HUMAN,59,1,2,1,2,3,1,2,0,1,2,44
142,1.184,JOVE-J VIS EXP,59,2,4,3,8,9,6,8,11,3,5,0
143,4.731,PSYCHONEUROENDOCRINO,59,4,7,9,4,7,5,5,0,6,2,10
144,4.069,AM J PATHOL,57,0,1,1,3,3,0,2,5,2,7,33
145,3.082,AM J PHYSIOL-REG I,56,0,0,0,3,2,1,2,2,3,4,39
146,8.324,MOVEMENT DISORD,55,1,4,5,4,10,2,5,3,0,1,20
147,19.064,NAT CELL BIOL,54,0,0,1,2,7,4,0,2,8,5,25
148,2.538,PHARMACOL BIOCHEM BE,52,0,0,1,0,2,9,2,1,3,2,32
149, ,PSYCHON B REV,52,3,5,2,2,3,5,2,4,6,2,18
150, ,COGNITION,51,0,2,3,6,1,2,4,2,2,2,27
151,2.598,DEV NEUROBIOL,51,5,2,5,8,1,7,13,1,2,2,5
152,3.152,FRONT NEUROANAT,51,0,4,11,6,0,2,14,7,6,0,1
153,5.076,MOL NEUROBIOL,51,6,8,6,4,5,3,0,4,2,1,12
154,2.173,BMC NEUROSCI,50,0,0,1,4,5,4,8,6,4,5,13
155,2.319,J EXP PSYCHOL LEARN,50,2,0,1,2,2,2,1,0,2,5,33
156,14.248,MOL CELL,50,2,1,5,6,2,6,1,5,5,3,14
157,3.205,MOL PAIN,50,0,0,3,8,5,7,4,6,4,3,10
158,13.250,PSYCHOL BULL,50,0,4,1,0,0,1,0,7,2,1,34
159,6.120,BRAIN STIMUL,49,1,4,17,7,4,9,2,0,3,2,0
160,3.680,J GEN PHYSIOL,49,1,4,1,4,2,1,1,3,0,2,30
161,18.964,PHARMACOL REV,49,0,4,7,3,5,0,9,6,0,0,15
162,3.183,ALCOHOL CLIN EXP RES,48,1,1,5,2,1,0,5,0,3,4,26
163,8.855,AM J HUM GENET,48,0,2,2,1,0,5,1,4,3,3,27
164, ,COGNITIVE BRAIN RES,48,0,0,0,0,0,0,0,0,0,0,48
165,14.327,ANNU REV PHYSIOL,47,2,4,0,3,0,5,0,2,3,0,28
166,5.002,J NEUROTRAUM,47,3,2,3,2,0,2,3,3,2,0,27
167,3.603,NEUROCHEM INT,47,0,7,3,7,1,1,4,2,2,3,17
168,2.851,BRAIN LANG,46,2,4,4,1,11,8,3,3,1,1,8
169,2.448,J NEUROL SCI,46,1,0,0,0,2,1,8,2,3,2,27
170, ,FRONT INTEGR NEUROSC,45,0,0,2,9,8,12,2,7,4,0,1
171,4.075,GENETICS,45,0,1,4,1,0,2,2,2,3,1,29
172,3.256,J APPL PHYSIOL,45,0,0,4,0,2,3,2,2,2,2,28
173,2.716,JARO-J ASSOC RES OTO,45,2,2,3,2,2,4,7,2,2,1,18
174, ,PERCEPT PSYCHOPHYS,45,0,0,0,0,0,0,0,0,0,2,43
175,2.765,PFLUG ARCH EUR J PHY,45,0,2,4,4,2,1,1,2,3,0,26
176,3.500,SOC COGN AFFECT NEUR,45,2,6,4,12,4,5,5,0,2,3,2
177,3.857,BIOCHEM J,44,0,1,2,2,0,2,2,2,1,2,30
178,2.997,BIOCHEMISTRY-US,44,0,0,0,4,1,1,1,1,3,2,31
179,2.565,COGN AFFECT BEHAV NE,44,0,1,4,5,2,4,4,4,0,2,18
180,3.902,FRONT MOL NEUROSCI,44,5,4,9,12,2,7,1,1,2,1,0
181, ,METHOD MOL BIOL,44,0,3,2,10,0,8,10,4,2,2,3
182,3.512,MOL BIOL CELL,44,1,1,0,4,1,2,3,3,4,8,17
183, ,RAT BRAIN STEREOTAXI,44,0,0,0,1,1,0,0,0,2,1,39
184,12.108,TRENDS PHARMACOL SCI,44,0,1,0,7,1,2,6,4,2,2,19
185,1.440,BIOL CYBERN,43,0,0,0,0,0,1,1,1,2,2,36
186,2.507,DEV DYNAM,43,0,1,0,1,0,2,2,7,4,4,22
187,19.819,NAT REV NEUROL,43,0,6,4,12,11,4,4,2,0,0,0
188,20.565,CELL METAB,42,2,5,3,4,6,3,6,0,2,1,10
189,4.847,P ROY SOC B-BIOL SCI,42,0,4,1,1,2,2,3,0,0,0,29
190, ,ARCH NEUROL-CHICAGO,41,0,0,0,0,0,2,5,0,5,0,29
191,6.426,MOL NEURODEGENER,41,1,4,6,8,6,5,6,0,3,0,2
192,4.418,HORM BEHAV,40,0,2,8,1,3,1,1,2,4,4,14
193,4.859,J PAIN,40,0,6,0,1,9,4,2,2,5,1,10
194, ,MOUSE BRAIN STEREOTA,40,0,0,0,0,2,3,0,0,0,7,28
195,1.371,PERCEPTION,40,0,1,2,0,0,0,1,1,0,5,30
196,5.578,ADDICT BIOL,39,2,12,9,2,4,5,1,1,2,0,1
197,3.074,FRONT NEUROINFORM,39,0,8,5,9,3,5,2,2,4,1,0
198,2.667,GENESIS,39,0,1,2,1,1,1,2,3,0,1,27
199,5.540,PLOS GENET,39,1,4,4,5,7,5,5,2,3,0,3
200, ,AM J PHYSIOL,38,0,0,0,0,0,0,0,0,0,0,38
201,23.290,CELL STEM CELL,38,1,3,4,1,7,1,0,13,4,1,3
202,7.144,J NEUROL NEUROSUR PS,38,0,0,2,0,1,2,0,0,0,1,32
203,16.710,SCI TRANSL MED,38,3,3,1,6,10,8,4,3,0,0,0
204,5.481,BIOINFORMATICS,37,0,0,3,6,3,2,7,3,2,2,9
205,3.043,CELL TISSUE RES,37,0,1,5,2,2,3,1,1,2,0,20
206,2.073,FRONT COMPUT NEUROSC,37,0,7,6,9,6,3,2,2,1,0,1
207,3.496,GENES BRAIN BEHAV,37,0,1,3,4,3,2,2,2,0,5,15
208,2.868,INT J PSYCHOPHYSIOL,37,1,1,7,1,1,2,1,0,1,1,21
209,4.691,TRANSL PSYCHIAT,37,1,7,13,6,4,3,3,0,0,0,0
210, ,BEHAV RES METHODS,36,0,1,0,1,1,2,2,7,0,0,22
211,1.606,J COMPUT NEUROSCI,36,1,0,1,1,0,1,3,4,2,3,20
212,2.655,J NEUROIMMUNOL,36,1,0,4,1,1,2,0,3,1,0,23
213,2.574,BRAIN COGNITION,35,0,1,1,3,5,1,2,2,4,3,13
214, ,ENEURO,35,6,19,9,1,0,0,0,0,0,0,0
215,3.449,MOL BRAIN,35,1,4,4,2,2,12,7,1,0,2,0
216,2.772,NEUROCHEM RES,35,1,1,3,3,2,2,1,4,0,1,17
217,15.132,BLOOD,34,0,0,1,1,2,1,5,5,3,2,14
218,3.199,CEREBELLUM,34,2,8,1,6,3,3,1,0,1,4,5
219,2.479,J ANAT,34,0,0,0,0,0,1,3,1,1,0,28
220,3.161,NEURAL PLAST,34,0,2,3,1,4,12,3,0,0,2,7
221,6.944,SCHIZOPHRENIA BULL,34,2,2,3,3,2,5,5,4,2,2,4
222,1.678,ATTEN PERCEPT PSYCHO,33,2,5,5,6,0,4,2,5,4,0,0
223,9.130,CANCER RES,33,0,0,1,0,4,3,1,2,1,1,20
224,3.235,CHEM SENSES,33,0,1,2,3,2,0,1,2,4,4,14
225,2.494,DEV PSYCHOBIOL,33,2,0,2,2,1,3,2,0,1,0,20
226,18.564,TRENDS CELL BIOL,33,1,0,2,4,4,2,2,1,2,2,13
227,15.071,BEHAV BRAIN SCI,32,0,2,1,1,4,2,0,0,2,3,17
228,6.854,ONCOGENE,32,0,1,2,0,0,1,1,2,1,1,23
229,1.760,ADV EXP MED BIOL,31,0,2,2,6,4,4,1,5,3,0,4
230,5.108,BBA-MOL BASIS DIS,31,0,4,1,3,4,3,0,6,2,1,7
231, ,MOL BRAIN RES,31,0,0,0,0,0,0,0,0,0,0,31
232,3.454,AM J PHYSIOL-CELL PH,30,0,1,1,3,0,2,2,2,1,2,16
233,3.718,CELL CALCIUM,30,0,1,2,0,1,2,2,5,4,1,12
234, ,DEV BRAIN RES,30,0,0,0,0,0,0,0,0,0,0,30
235,2.491,EPILEPSY RES,30,0,2,0,3,2,0,2,1,3,3,14
236,3.981,INT J NEUROPSYCHOPH,30,0,0,3,5,8,3,1,3,2,2,3
237, ,J COMP PHYSIOL PSYCH,30,0,0,0,0,0,0,0,0,0,0,30
238,3.920,J NEURAL ENG,30,1,2,4,2,7,2,5,1,2,0,4
239,3.392,J NEUROENDOCRINOL,30,0,0,1,2,4,4,2,1,3,2,11
240, ,J PHYSIOL-PARIS,30,0,2,4,3,3,0,0,0,0,0,18
241,2.894,J R STAT SOC B,30,0,0,0,0,0,0,2,0,0,0,28
242,4.368,J VIROL,30,0,0,2,2,0,1,0,1,0,1,23
243,7.197,NEURAL NETWORKS,30,0,0,0,0,3,1,2,0,3,2,19
244,3.958,SCHIZOPHR RES,30,0,0,3,4,0,1,2,3,0,3,14
245,2.891,BIOL PSYCHOL,29,0,2,1,2,4,6,0,0,1,1,12
246,15.211,CIRC RES,29,0,0,2,4,0,1,0,4,0,0,18
247,5.638,CELL DEATH DIS,28,1,2,9,4,9,2,0,1,0,0,0
248,6.131,IEEE T MED IMAGING,28,0,0,0,1,1,1,2,2,1,2,18
249,1.861,J EXP PSYCHOL-ANIM L,28,0,1,2,2,1,0,0,3,0,1,18
250,41.982,NAT REV IMMUNOL,28,0,1,3,2,2,1,3,4,1,2,9
251,6.523,ANESTHESIOLOGY,27,1,0,1,3,1,3,1,0,2,0,15
252,1.649,COMPUT INTEL NEUROSC,27,0,0,0,0,0,1,26,0,0,0,0
253,2.162,J CHEM NEUROANAT,27,0,0,0,1,1,1,4,0,3,1,16
254,1.970,J COMP PHYSIOL A,27,0,0,0,0,1,2,0,0,2,0,22
255, ,J NEUROCYTOL,27,0,0,0,0,0,0,0,0,0,0,27
256,22.737,J STAT SOFTW,27,1,0,8,3,0,0,0,0,10,2,3
257,35.724,NAT BIOTECHNOL,27,0,0,3,0,7,0,2,4,2,0,9
258,50.167,NAT REV DRUG DISCOV,27,0,2,1,5,2,0,1,0,3,3,10
259,6.721,CELL MOL LIFE SCI,26,0,1,0,4,3,3,2,1,1,3,8
260,3.979,CSH PERSPECT MED,26,1,1,0,0,2,19,3,0,0,0,0
261,4.000,J PSYCHIATR RES,26,0,0,1,3,0,1,2,5,0,2,12
262,5.587,STEM CELLS,26,0,1,6,2,4,4,0,5,0,1,3
263,4.010,CURR OPIN NEUROL,25,0,1,4,1,1,2,2,2,2,4,6
264,6.313,CURR OPIN PHARMACOL,25,0,1,6,2,0,3,0,0,2,1,10
265,3.998,METHODS,25,0,2,1,0,0,0,0,2,0,1,19
266, ,PSYCHOL AGING,25,0,1,1,0,2,2,2,3,0,1,13
267,12.764,ALZHEIMERS DEMENT,24,0,4,7,1,6,1,4,1,0,0,0
268,8.000,CELL DEATH DIFFER,24,1,1,6,0,1,0,3,1,2,2,7
269,3.104,COGNITIVE PSYCHOL,24,0,0,0,0,1,0,0,0,0,1,22
270,3.582,FRONT AGING NEUROSCI,24,1,4,1,9,3,0,2,4,0,0,0
271, ,FRONT SYNAPTIC NEURO,24,0,2,2,9,2,3,1,5,0,0,0
272,2.495,INT J DEV NEUROSCI,24,0,1,2,2,2,0,1,1,2,1,12
273,6.253,J MED CHEM,24,0,2,2,1,2,0,4,1,1,2,9
274,2.454,J MOL NEUROSCI,24,0,0,2,5,0,2,2,3,2,1,7
275,1.566,J OPT SOC AM A,24,0,0,0,1,0,0,0,0,0,0,23
276,3.433,J SLEEP RES,24,0,2,3,0,1,2,1,0,0,1,14
277,13.333,NAT STRUCT MOL BIOL,24,0,2,4,0,3,1,4,2,1,1,6
278,5.719,NEUROTHERAPEUTICS,24,2,1,4,2,2,3,4,5,0,0,1
279,10.376,PHARMACOL THERAPEUT,24,1,0,2,1,1,1,2,1,0,0,15
280,2.284,PHYS REV E,24,1,0,2,0,0,0,0,3,4,0,14
281,1.792,RESP PHYSIOL NEUROBI,24,0,1,0,0,1,0,3,1,2,4,12
282,20.154,ANNU REV BIOCHEM,23,0,1,1,0,2,1,1,2,1,1,13
283,6.187,BRAIN PATHOL,23,1,2,1,2,0,2,2,1,1,0,11
284,2.703,BRAIN TOPOGR,23,1,1,1,4,1,0,0,1,3,2,9
285,3.886,CEPHALALGIA,23,0,0,0,3,1,3,3,3,2,1,7
286,10.101,GENOME RES,23,0,0,1,2,1,1,1,2,2,0,13
287, ,J EXP PSYCHOL,23,0,0,0,0,0,0,0,0,0,0,23
288,2.590,REV NEUROSCIENCE,23,0,0,2,0,4,3,0,0,0,1,13
289,6.138,SEMIN CELL DEV BIOL,23,0,1,2,1,1,0,5,3,2,1,7
290, ,SOC NEUR ABSTR,23,1,5,5,4,1,2,0,0,0,0,5
291,13.295,ANNU REV PHARMACOL,22,1,1,5,1,1,2,0,2,0,1,8
292,10.293,EMBO MOL MED,22,0,4,4,3,5,1,2,2,1,0,0
293,6.875,FRONT NEUROENDOCRIN,22,1,1,4,1,1,2,2,1,1,1,7
294,3.508,FRONT NEUROL,22,0,2,11,3,4,1,1,0,0,0,0
295,2.496,MUSCLE NERVE,22,0,2,1,2,1,1,0,0,2,0,13
296,9.032,ANNU REV CELL DEV BI,21,0,0,3,1,0,1,0,1,1,1,13
297,4.235,BIOCHEM PHARMACOL,21,0,0,1,5,3,0,0,0,1,1,10
298,3.394,BIOCHEM SOC T,21,0,1,1,0,1,4,1,0,1,0,12
299,3.895,CELL MOL NEUROBIOL,21,0,4,3,1,0,3,0,0,1,1,8
300, ,CONSCIOUS COGN,21,0,1,5,2,0,3,2,3,1,1,3
301,6.250,J AM ACAD CHILD PSY,21,1,0,2,0,1,5,2,2,1,0,7
302,5.236,MOL CELL PROTEOMICS,21,0,0,1,2,2,3,1,2,0,2,8
303,41.465,NAT REV GENET,21,0,1,2,5,0,2,0,0,3,2,6
304,4.185,PROG NEURO-PSYCHOPH,21,1,1,3,1,2,0,4,0,1,1,7
305, ,BEHAV RES THER,20,0,0,0,1,0,1,2,0,1,0,15
306,4.419,BIOESSAYS,20,0,0,4,1,1,0,0,0,0,1,13
307, ,CURR DIR PSYCHOL SCI,20,1,1,1,1,1,7,0,2,0,2,4
308,10.015,CURR OPIN CELL BIOL,20,1,0,2,1,0,1,0,1,2,0,12
309, ,CURR PROTOC NEUROSCI,20,0,0,0,2,0,2,1,1,1,7,6
310,4.815,DEV COGN NEUROS-NETH,20,2,6,1,4,1,4,2,0,0,0,0
311,3.120,EAR HEARING,20,0,0,2,1,0,4,0,3,2,2,6
312,8.749,EMBO REP,20,1,2,1,2,1,1,2,1,1,0,8
313,6.020,FREE RADICAL BIO MED,20,0,0,4,1,1,3,1,2,0,1,7
314,13.214,GENOME BIOL,20,0,1,2,3,6,2,0,1,0,0,5
315, ,J ABNORM PSYCHOL,20,1,0,2,1,1,3,0,1,0,0,11
316,2.829,J MEM LANG,20,1,3,0,0,4,0,0,0,0,3,9
317,4.894,J MOL BIOL,20,0,1,0,0,0,0,0,1,3,1,14
318,2.130,NEURAL DEV,20,0,0,3,1,1,0,4,2,0,4,5
319,6.059,NEUROPATH APPL NEURO,20,0,1,3,2,2,1,1,0,0,5,5
320, ,P NATL ACAD SCI-BIOL,20,0,0,0,0,0,0,0,0,0,0,20
321,2.223,PSYCHIAT RES,20,1,2,1,0,1,1,1,1,2,0,10
322, ,PSYCHOL RES-PSYCH FO,20,1,1,0,1,1,0,1,0,2,2,11
323,4.400,TRAFFIC,20,0,0,5,1,1,4,2,1,3,1,2
324,4.211,ACS CHEM NEUROSCI,19,2,1,7,1,3,1,2,2,0,0,0
325,5.414,ACTA NEUROPATHOL COM,19,1,4,4,7,3,0,0,0,0,0,0
326,4.288,IEEE T BIO-MED ENG,19,0,0,0,0,0,0,0,0,1,0,18
327,3.664,J NEUROIMMUNE PHARM,19,0,2,3,0,4,6,1,1,0,1,1
328,3.783,J NEUROL,19,0,1,1,2,1,1,0,0,5,3,5
329,47.661,JAMA-J AM MED ASSOC,19,0,2,3,0,0,0,0,0,2,0,12
330,2.699,NEUROPSYCHOLOGY,19,0,1,1,1,1,2,3,2,1,2,5
331,6.378,SCI SIGNAL,19,0,2,1,5,2,0,2,2,4,1,0
332,2.600,EPILEPSY BEHAV,18,0,2,4,3,1,2,0,0,2,1,3
333,3.636,EUR J HUM GENET,18,0,1,2,1,1,2,3,0,0,2,6
334,4.129,EUR NEUROPSYCHOPHARM,18,1,2,3,2,1,0,1,1,2,0,5
335,3.152,EXP EYE RES,18,0,1,1,3,0,0,1,1,0,2,9
336,2.779,J NEURAL TRANSM,18,1,1,1,3,1,0,1,6,0,0,4
337,4.738,J PSYCHOPHARMACOL,18,1,0,1,0,5,0,6,1,0,0,4
338,11.460,JAMA NEUROL,18,2,1,6,4,5,0,0,0,0,0,0
339,1.984,METHOD ENZYMOL,18,1,0,2,0,0,0,0,1,1,1,12
340,5.947,PHYSIOLOGY,18,0,1,2,2,0,1,7,1,2,0,2
341,2.190,Q J EXP PSYCHOL,18,0,2,0,2,1,0,0,0,4,0,9
342,11.021,TRENDS MOL MED,18,0,0,1,2,3,1,2,0,2,1,6
343,3.569,AM J PHYSIOL-HEART C,17,0,2,0,1,0,0,0,1,0,2,11
344,6.530,ANTIOXID REDOX SIGN,17,0,0,2,2,2,1,2,0,4,2,2
345,3.617,ASN NEURO,17,0,0,0,3,3,4,2,2,3,0,0
346,11.100,AUTOPHAGY,17,0,3,5,0,0,2,0,1,2,2,2
347,2.133,DEV NEUROSCI-BASEL,17,1,0,2,1,1,2,2,1,0,0,7
348,2.371,INT REV NEUROBIOL,17,0,1,0,4,1,2,0,2,0,0,7
349,3.786,J AFFECT DISORDERS,17,0,1,1,0,2,0,3,2,2,0,6
350,16.642,JAMA PSYCHIAT,17,1,4,5,4,3,0,0,0,0,0,0
351,21.809,NAT IMMUNOL,17,0,1,1,0,1,2,2,0,2,2,6
352,5.024,NEUROENDOCRINOLOGY,17,1,0,2,1,0,0,1,0,0,0,12
353,3.869,NEUROIMAGE-CLIN,17,1,5,4,2,5,0,0,0,0,0,0
354,8.839,PHYS REV LETT,17,0,0,0,0,0,0,2,0,0,3,12
355,11.653,PROG RETIN EYE RES,17,0,1,0,1,0,3,2,0,1,1,8
356,6.048,ADDICTION,16,0,2,0,0,0,0,0,0,0,0,14
357, ,ANAT EMBRYOL,16,0,0,0,0,0,0,0,0,0,0,16
358,2.522,ANN STAT,16,0,0,0,0,0,0,0,1,0,0,15
359,3.487,CELL SIGNAL,16,0,0,0,1,2,3,0,3,1,3,3
360,2.538,CHANNELS,16,1,1,4,2,1,0,2,4,1,0,0
361,3.394,FRONT PHYSIOL,16,0,1,2,4,1,7,1,0,0,0,0
362,6.823,HYPERTENSION,16,1,1,3,1,1,0,0,0,1,1,7
363,6.486,J CHILD PSYCHOL PSYC,16,1,1,1,0,0,2,1,0,1,0,9
364,2.816,J HISTOCHEM CYTOCHEM,16,0,0,0,1,0,0,0,0,0,0,15
365,13.843,NAT CHEM BIOL,16,0,2,0,3,1,2,1,0,2,3,2
366, ,PERSPECT PSYCHOL SCI,16,1,1,2,0,1,3,2,0,3,1,2
367,3.190,PURINERG SIGNAL,16,3,0,0,0,3,1,2,3,2,0,2
368,10.602,SLEEP MED REV,16,0,1,0,0,2,0,3,0,0,1,9
369,10.556,TRENDS GENET,16,0,0,3,1,1,0,1,0,0,1,9
370,2.264,AM J MED GENET A,15,0,2,0,1,3,0,3,0,1,1,4
371,3.463,ANESTH ANALG,15,0,3,0,0,0,1,1,0,2,0,8
372,3.067,ANIM BEHAV,15,1,1,0,0,0,0,0,1,0,0,12
373,1.555,BEHAV PROCESS,15,1,0,0,0,2,1,0,0,0,4,7
374,1.650,BRAIN BEHAV EVOLUT,15,0,0,0,2,2,0,0,0,1,0,10
375, ,BRAIN CONNECT,15,2,0,2,2,1,8,0,0,0,0,0
376,2.084,CNS NEUROL DISORD-DR,15,0,0,0,1,1,3,1,4,1,2,2
377, ,COMPUT BIOMED RES,15,0,0,0,0,0,0,0,0,0,0,15
378, ,DEV PSYCHOL,15,0,1,0,0,1,3,0,0,0,1,9
379,3.309,EXP CELL RES,15,0,0,0,1,0,1,1,1,1,2,8
380,19.734,IMMUNITY,15,0,0,2,2,5,0,0,1,1,0,4
381,3.923,J CELL PHYSIOL,15,0,0,0,1,0,2,0,0,1,1,10
382,5.751,J MED GENET,15,0,0,0,0,1,2,1,0,2,1,8
383, ,J PERS SOC PSYCHOL,15,0,0,0,0,0,0,0,1,0,0,14
384,3.234,LIFE SCI,15,0,0,0,0,0,1,1,0,0,1,12
385,0.706,NETWORK-COMP NEURAL,15,0,0,0,0,0,0,0,0,0,0,15
386,3.155,NEUROSCI BULL,15,0,1,2,5,3,1,2,0,1,0,0
387,3.074,PROG MOL BIOL TRANSL,15,0,0,3,7,3,1,0,0,1,0,0
388,2.455,PSYCHIAT RES-NEUROIM,15,0,0,1,1,2,2,1,1,1,1,5
389,1.185,SOMATOSENS MOT RES,15,0,0,0,1,0,0,0,1,0,0,13
390, ,VIS COGN,15,0,0,3,1,0,2,2,0,0,0,7
391, ,ACTA PSYCHOL,14,0,1,0,1,0,0,3,1,0,1,7
392,3.016,AM J MED GENET B,14,0,0,2,0,1,0,2,1,4,2,2
393,15.239,AM J RESP CRIT CARE,14,0,1,0,4,2,0,0,2,1,0,4
394,1.373,ANAT REC,14,0,0,0,0,0,2,0,0,0,0,12
395, ,ANIM LEARN BEHAV,14,0,0,0,0,0,0,0,0,0,0,14
396,13.278,ANNU REV CLIN PSYCHO,14,0,0,2,2,1,2,2,1,0,0,4
397,15.393,CELL RES,14,0,3,4,2,1,0,1,0,0,2,1
398,2.757,CURR PHARM DESIGN,14,1,0,1,2,5,1,1,1,0,1,1
399,3.671,DIALOGUES CLIN NEURO,14,0,2,0,0,2,1,1,0,0,2,6
400, ,EUR J BIOCHEM,14,0,0,0,0,0,0,0,0,0,0,14
401, ,J AUTISM DEV DISORD,14,1,0,0,1,0,1,0,0,1,0,10
402,2.777,J INT NEUROPSYCH SOC,14,0,0,0,1,0,1,1,0,2,0,9
403,4.224,J LEUKOCYTE BIOL,14,0,0,0,0,0,1,0,0,2,4,7
404,3.612,J MAGN RESON IMAGING,14,2,0,0,1,1,2,1,1,0,2,4
405,7.439,J NUCL MED,14,0,0,1,1,1,4,0,1,0,1,5
406,3.172,J PARKINSON DIS,14,1,2,3,0,3,0,5,0,0,0,0
407,1.900,MECH DEVELOP,14,0,0,0,0,0,0,1,0,0,0,13
408,3.852,NEUROINFORMATICS,14,0,0,2,0,0,0,2,0,2,0,8
409,5.515,PEDIATRICS,14,0,0,2,1,0,1,0,0,0,1,9
410,2.101,RESTOR NEUROL NEUROS,14,0,2,1,0,1,0,2,2,0,2,4
411, ,THESIS,14,0,1,1,2,2,3,1,0,2,1,1
412, ,ACTA PHYSIOL SCAND,13,0,0,0,0,0,0,0,0,0,0,13
413,0.595,ARCH ITAL BIOL,13,0,0,0,0,0,3,2,1,0,0,7
414, ,CHILD DEV,13,1,0,0,1,1,1,0,1,0,0,8
415,4.068,CURR NEUROPHARMACOL,13,1,1,1,0,4,0,0,1,2,2,1
416, ,CURR OPIN BEHAV SCI,13,2,6,5,0,0,0,0,0,0,0,0
417,3.322,DRUG ALCOHOL DEPEN,13,0,1,1,0,2,1,0,2,3,2,1
418,2.349,FRONT BIOSCI-LANDMRK,13,0,0,0,0,0,2,1,0,0,1,9
419,3.203,GENE THER,13,0,1,0,3,0,1,0,0,1,1,6
420,3.091,HEADACHE,13,1,0,1,0,3,0,1,1,1,0,5
421,14.357,J AM CHEM SOC,13,0,0,0,2,2,0,0,1,1,0,7
422,3.950,J PROTEOME RES,13,0,0,1,1,1,3,2,0,1,0,4
423,1.434,LEARN BEHAV,13,1,1,0,1,0,2,1,0,1,1,5
424,2.564,MAGN RESON IMAGING,13,1,2,3,1,0,0,1,2,1,0,2
425,5.356,MED IMAGE ANAL,13,0,0,0,0,0,0,1,0,0,3,9
426,1.087,MICROSC RES TECHNIQ,13,0,0,0,0,0,0,0,0,0,0,13
427,3.186,NEUROTOX RES,13,0,2,0,1,2,0,1,1,2,1,3
428,3.031,NMR BIOMED,13,0,0,0,0,2,1,1,1,0,2,6
429,5.015,ALZHEIMERS RES THER,12,0,1,3,5,2,1,0,0,0,0,0
430,3.293,AM J PHYSIOL-GASTR L,12,0,0,3,1,0,0,0,1,3,1,3
431,3.438,BBA-BIOMEMBRANES,12,0,0,1,1,3,1,1,1,0,1,3
432,1.854,BEHAV PHARMACOL,12,0,1,1,2,0,0,2,0,0,1,5
433,23.562,BMJ-BRIT MED J,12,0,3,0,0,0,0,0,2,1,0,6
434,3.384,BRIT J OPHTHALMOL,12,0,0,0,1,1,2,6,0,0,0,2
435,3.304,CELL CYCLE,12,0,0,1,3,0,0,3,1,3,0,1
436, ,COGNITION EMOTION,12,1,1,1,1,3,0,0,3,0,0,2
437, ,EMOTION,12,1,1,1,1,1,1,0,0,1,1,4
438,1.515,GENE EXPR PATTERNS,12,0,0,1,0,1,0,0,0,3,0,7
439,5.359,HUM MUTAT,12,1,0,0,2,2,0,0,1,1,2,3
440,4.319,J NEUROSURG,12,1,0,0,0,0,0,0,0,1,1,9
441,7.008,MOL THER,12,0,2,0,1,1,0,1,1,1,0,5
442,2.238,N-S ARCH PHARMACOL,12,0,0,0,2,2,0,0,0,1,0,7
443,4.711,NEUROREHAB NEURAL RE,12,0,1,0,1,2,4,2,0,2,0,0
444,3.395,SLEEP MED,12,1,0,1,1,1,1,3,0,1,0,3
445, ,AM J MED GENET,11,0,0,0,0,0,0,0,0,0,0,11
446,3.653,AM J NEURORADIOL,11,0,0,0,0,1,2,2,0,1,0,5
447, ,AM PSYCHOL,11,0,0,0,0,0,1,0,0,0,0,10
448,3.174,APPETITE,11,0,2,1,0,1,0,1,2,0,1,3
449, ,ATTENTION PERFORM,11,0,0,0,0,0,0,0,0,0,0,11
450,3.512,CLIN GENET,11,0,0,4,0,2,0,2,0,0,2,1
451,4.206,CNS DRUGS,11,0,2,0,1,3,1,0,1,1,0,2
452,3.417,COGN NEUROSCI-UK,11,1,0,0,2,0,0,2,6,0,0,0
453, ,COLD SPRING HARB PRO,11,0,0,0,1,4,2,2,1,0,0,1
454,5.797,COMPR PHYSIOL,11,1,2,1,1,0,3,3,0,0,0,0
455,7.273,DIABETES,11,0,0,3,3,0,1,0,2,0,0,2
456,2.857,FRONT PSYCHIATRY,11,0,4,1,2,4,0,0,0,0,0,0
457,2.564,GEN COMP ENDOCR,11,0,0,1,1,2,0,0,0,0,2,5
458, ,HANDB EXP PHARM,11,0,0,3,1,0,0,1,0,4,0,2
459,3.247,INT J BIOCHEM CELL B,11,0,0,0,1,0,1,1,2,2,1,3
460,4.012,J ENDOCRINOL,11,3,1,1,2,0,0,1,0,0,1,2
461,1.693,J MICROSC-OXFORD,11,0,0,1,0,0,0,0,0,0,0,10
462,3.228,J NEUROVIROL,11,1,1,1,0,1,0,2,0,0,0,5
463, ,J VERB LEARN VERB BE,11,0,0,0,0,0,0,0,0,0,0,11
464, ,MEMORY,11,1,1,0,1,0,0,0,0,0,0,8
465, ,NEURON GLIA BIOL,11,0,0,0,0,0,0,0,2,2,3,4
466,4.721,PARKINSONISM RELAT D,11,0,0,2,1,0,1,0,0,0,1,6
467,5.475,PSYCHOL MED,11,0,0,2,1,0,1,0,2,1,0,4
468, ,R LANG ENV STAT COMP,11,0,2,3,3,2,1,0,0,0,0,0
469,15.678,TRENDS BIOCHEM SCI,11,0,0,3,0,0,0,4,0,1,0,3
470,2.213,BMC BIOINFORMATICS,10,0,1,0,0,1,2,2,1,0,1,2
471,18.881,CIRCULATION,10,1,1,0,0,0,0,0,1,0,0,7
472, ,COGNITIVE NEUROSCIEN,10,1,0,0,3,0,0,0,0,2,0,4
473, ,COGNITIVE SCI,10,1,1,0,1,0,0,0,0,1,0,6
474, ,COLD SPRING HARB PER,10,0,0,4,3,1,2,0,0,0,0,0
475, ,COLD SPRING HARB SYM,10,0,0,0,2,0,0,1,0,0,0,7
476, ,DEV PSYCHOPATHOL,10,0,1,1,1,1,1,1,0,0,0,4
477, ,DEVELOPMENTAL SCI,10,0,1,1,0,1,0,0,1,1,2,3
478,3.750,ECONOMETRICA,10,0,0,0,0,0,0,0,0,1,0,9
479, ,HANDB CLIN NEUROL,10,0,0,1,1,1,4,3,0,0,0,0
480,1.848,INT J NEUROSCI,10,0,0,0,0,0,0,1,1,0,0,8
481,2.350,J BIOCHEM,10,0,4,0,2,0,0,0,0,1,0,3
482,1.982,J CLIN NEUROPHYSIOL,10,0,0,0,0,0,1,0,1,0,0,8
483,1.771,J COMP PSYCHOL,10,1,0,1,0,0,0,0,0,0,1,7
484,2.281,J MACH LEARN RES,10,0,0,0,0,0,0,5,1,0,1,3
485,2.176,J MATH PSYCHOL,10,0,1,0,0,1,3,0,0,1,0,4
486,4.095,J STEROID BIOCHEM,10,0,1,2,0,0,0,0,0,0,0,7
487, ,LEARN MOTIV,10,0,1,0,0,0,0,0,0,0,0,9
488, ,MEM COGNITION,10,0,0,0,0,0,0,0,1,0,1,8
489,3.188,MOL IMMUNOL,10,2,0,2,1,1,0,1,0,0,2,1
490,2.219,MOL VIS,10,0,0,0,3,0,0,2,1,0,0,4
491,4.475,NEUROSURGERY,10,0,0,0,0,1,1,0,0,3,0,5
492,2.665,PHYS MED BIOL,10,0,0,0,0,0,0,0,0,0,0,10
493,11.675,PLOS MED,10,0,0,0,2,0,0,0,0,1,2,5
494,3.427,PROG BIOPHYS MOL BIO,10,0,0,1,0,0,0,0,0,0,0,9
495, ,REINFORCEMENT LEARNI,10,0,0,0,0,0,0,0,0,0,0,10
496, ,SCI STKE,10,0,0,0,0,0,0,0,0,0,0,10
497,2.523,STEROIDS,10,0,0,2,1,0,0,0,0,1,0,6
498,3.047,STRESS,10,1,1,1,1,0,0,1,1,0,1,3
499,7.627,AGING CELL,9,0,0,2,0,1,1,1,0,0,1,3
500, ,AM J PSYCHOL,9,0,0,0,0,0,0,0,0,0,0,9
501,2.275,ANAL BIOCHEM,9,0,0,0,0,1,0,0,0,1,0,7
502,6.042,ANAL CHEM,9,0,0,1,1,1,2,1,0,1,1,1
503,12.102,ANGEW CHEM INT EDIT,9,1,0,2,1,0,2,0,1,1,0,1
504,3.679,BBA-GEN SUBJECTS,9,0,0,0,3,2,1,0,0,0,0,3
505,2.583,BIOMED RES INT,9,0,1,4,1,3,0,0,0,0,0,0
506, ,BIORXIV,9,4,3,1,1,0,0,0,0,0,0,0
507,5.770,BMC BIOL,9,0,1,3,2,0,1,0,0,0,0,2
508,2.210,CAN J PHYSIOL PHARM,9,0,0,0,0,0,0,0,0,0,0,9
509,22.844,CANCER CELL,9,0,0,1,1,0,0,0,2,0,2,3
510, ,CLASSICAL CONDITION,9,0,0,0,0,0,0,0,0,0,0,9
511,1.796,COGN NEUROPSYCHOL,9,0,3,0,0,0,1,0,1,2,0,2
512,3.289,DEV MED CHILD NEUROL,9,0,0,1,1,0,1,1,0,1,0,4
513,9.333,EPILEPSY CURR,9,0,0,0,0,0,0,1,2,0,0,6
514,3.810,EXP NEUROBIOL,9,2,3,1,1,1,1,0,0,0,0,0
515,4.530,FEBS J,9,0,0,1,1,2,0,0,1,3,0,1
516,3.519,FRONT ENDOCRINOL,9,0,0,3,4,0,1,1,0,0,0,0
517,2.910,GENOMICS,9,0,0,0,0,0,0,0,0,0,1,8
518,3.236,IUBMB LIFE,9,0,0,0,1,2,1,1,0,1,0,3
519,2.297,J AM STAT ASSOC,9,0,0,0,0,0,0,0,0,0,0,9
520,3.906,J BIOL RHYTHM,9,0,0,0,0,0,1,1,0,1,0,6
521,5.789,J CLIN ENDOCR METAB,9,0,0,2,1,0,1,0,0,0,0,5
522,1.536,J NEUROGENET,9,0,0,1,0,1,2,0,2,2,1,0
523,3.678,MOL ENDOCRINOL,9,0,0,0,1,0,0,0,2,0,1,5
524,2.915,NEUROPEPTIDES,9,0,2,0,0,1,0,0,0,0,0,6
525,4.129,NEUROPHOTONICS,9,1,1,4,3,0,0,0,0,0,0,0
526,3.076,NEUROTOXICOLOGY,9,0,1,0,0,0,1,1,0,1,0,5
527,3.123,PEDIATR RES,9,1,0,0,1,0,0,2,0,3,0,2
528, ,SIGNAL DETECT THEORY,9,0,0,0,0,0,0,0,0,0,0,9
529,8.266,TRANSL STROKE RES,9,1,1,1,2,2,1,1,0,0,0,0
530,14.188,TRENDS IMMUNOL,9,0,1,1,0,0,0,1,0,1,0,5
531, ,TUTOR QUANT METHODS,9,0,0,0,0,0,0,0,0,0,5,4
532, ,WIRES COGN SCI,9,0,1,2,1,0,0,4,1,0,0,0
533,1.500,ACTA NEUROBIOL EXP,8,0,0,0,0,0,0,1,0,1,0,6
534,4.984,ACTA PSYCHIAT SCAND,8,0,0,0,0,0,0,0,0,0,1,7
535,2.425,ALCOHOL,8,1,0,1,3,1,1,0,0,0,0,1
536,2.368,ALCOHOL ALCOHOLISM,8,0,1,0,0,0,0,1,0,1,2,3
537,4.018,AM J PHYSIOL-ENDOC M,8,0,3,0,0,2,0,2,0,0,0,1
538,5.140,ANNU REV VIS SCI,8,0,0,8,0,0,0,0,0,0,0,0
539,1.590,ARCH CLIN NEUROPSYCH,8,0,1,0,1,0,0,1,0,2,0,3
540,2.605,AUTON NEUROSCI-BASIC,8,0,1,1,1,0,0,1,0,1,0,3
541, ,BEHAV NEURAL BIOL,8,0,0,0,0,0,0,0,0,0,0,8
542,3.482,BIOMED OPT EXPRESS,8,0,0,1,0,2,2,2,1,0,0,0
543,1.524,BIOMETRICS,8,0,0,0,0,0,0,0,0,0,1,7
544,4.490,BIPOLAR DISORD,8,0,0,1,0,1,1,1,1,0,0,3
545,3.566,CELL ADHES MIGR,8,0,1,2,0,2,0,1,0,1,0,1
546,3.495,CNS NEUROSCI THER,8,1,0,0,1,3,0,1,2,0,0,0
547,3.289,CURR ALZHEIMER RES,8,0,1,0,1,1,2,1,0,0,2,0
548,3.864,CURR PSYCHIAT REP,8,0,0,0,0,0,0,1,0,1,1,5
549, ,CURR TOP BEHAV NEURO,8,0,3,2,0,2,0,0,1,0,0,0
550,3.514,CURR TOP MEMBR,8,0,2,0,2,3,0,0,0,0,0,1
551,6.395,CYTOKINE GROWTH F R,8,0,1,1,0,0,1,0,1,0,0,4
552,5.043,DEPRESS ANXIETY,8,2,1,0,0,1,2,1,0,1,0,0
553,1.496,DEV GROWTH DIFFER,8,0,0,0,1,0,3,0,0,3,0,1
554,15.545,ENDOCR REV,8,0,1,0,0,0,0,2,0,0,0,5
555,2.939,EUR J CELL BIOL,8,0,1,1,0,0,0,1,0,0,0,5
556,2.991,EUR J PAIN,8,0,0,0,2,1,0,0,0,1,1,3
557,3.831,FRONT PHARMACOL,8,0,0,0,2,2,2,2,0,0,0,0
558,3.972,IEEE T NEUR SYS REH,8,0,0,1,3,1,1,1,0,0,0,1
559,3.687,INT J MOL SCI,8,0,1,3,0,1,2,0,0,1,0,0
560,4.247,J CLIN PSYCHIAT,8,0,0,1,0,0,2,0,1,1,0,3
561, ,J COMP PHYSIOL,8,0,0,0,0,0,0,0,0,0,0,8
562,2.010,J EXP ANAL BEHAV,8,0,0,0,0,0,0,0,0,1,0,7
563, ,J EXP CHILD PSYCHOL,8,0,1,1,0,0,1,0,0,0,0,5
564,4.505,J LIPID RES,8,0,0,0,0,1,0,2,0,0,0,5
565,5.365,J PSYCHIATR NEUROSCI,8,0,0,2,0,0,2,1,2,1,0,0
566,1.588,METHOD CELL BIOL,8,0,2,0,0,0,0,0,2,0,0,4
567,42.784,NAT REV CANCER,8,0,0,0,0,2,0,0,2,1,0,3
568,2.952,NEUROMOL MED,8,0,0,2,1,0,1,0,2,0,0,2
569,1.887,NEUROPATHOLOGY,8,1,1,0,1,0,0,1,0,1,0,3
570,1.421,NEUROPSYCHOBIOLOGY,8,0,1,0,0,0,0,0,1,1,0,5
571,4.894,NEUROPSYCHOL REV,8,0,0,1,2,0,0,0,3,0,0,2
572,7.479,OPHTHALMOLOGY,8,0,1,0,1,3,0,0,0,0,0,3
573,9.107,P IEEE,8,0,1,0,0,0,0,0,1,0,0,6
574,2.398,PEDIATR NEUROL,8,0,1,1,0,1,0,1,0,0,0,4
575,2.851,PEPTIDES,8,0,0,0,0,1,0,0,1,2,0,4
576,6.158,PLOS PATHOG,8,0,0,4,0,3,0,0,0,1,0,0
577, ,PSYCHOBIOLOGY,8,0,0,0,0,0,0,0,0,0,0,8
578,3.810,PSYCHOSOM MED,8,1,0,0,0,1,0,0,0,1,0,5
579, ,REGUL PEPTIDES,8,0,0,0,0,0,0,0,0,1,1,6
580,2.575,SOC NEUROSCI-UK,8,0,0,1,0,1,0,1,1,1,2,1
581,2.973,ACM T INTEL SYST TEC,7,0,0,0,0,0,0,7,0,0,0,0
582,5.930,ACTA PHYSIOL,7,0,2,0,1,1,0,0,1,0,0,2
583, ,ADV NEUROL,7,0,0,0,0,0,0,0,0,0,0,7
584, ,ARCH NEURO PSYCHIATR,7,0,0,0,0,0,0,0,0,0,0,7
585, ,ARCH OPHTHALMOL-CHIC,7,0,0,0,0,0,0,0,0,0,0,7
586,4.966,BBA-MOL CELL BIOL L,7,0,0,5,1,0,0,0,0,0,0,1
587, ,BEHAV COGN NEUROSCI,7,0,0,0,0,0,0,0,0,0,0,7
588,3.184,BIOL REPROD,7,0,0,0,0,0,0,0,0,0,0,7
589,2.098,BIOTECHNIQUES,7,0,0,0,0,0,0,1,0,0,0,6
590,2.427,BMC DEV BIOL,7,0,0,0,0,1,0,0,1,1,0,4
591,6.499,BRIT J ANAESTH,7,0,0,1,0,1,0,0,0,0,0,5
592,3.838,BRIT J CLIN PHARMACO,7,0,1,2,0,0,1,0,0,0,0,3
593, ,CLIN PSYCHOL REV,7,0,2,0,0,0,1,2,1,0,0,1
594, ,COPLANAR STEREOTAXIC,7,0,0,0,0,0,0,0,0,0,0,7
595,3.469,CURR MED CHEM,7,0,0,0,1,0,0,1,1,0,1,3
596,7.179,CURR OPIN STRUC BIOL,7,0,0,0,0,0,0,0,1,2,1,3
597,2.732,EXP PHYSIOL,7,0,0,0,0,0,0,2,0,0,1,4
598, ,FUTUR NEUROL,7,0,0,0,0,2,2,1,1,1,0,0
599,2.498,GENE,7,0,1,0,0,0,2,0,0,0,0,4
600,1.593,J AM ACAD AUDIOL,7,1,1,0,1,0,2,0,1,0,0,1
601,1.665,J CHILD NEUROL,7,0,1,0,1,0,0,0,0,0,0,5
602,26.360,J CLIN ONCOL,7,0,1,1,2,0,0,0,0,1,0,2
603,1.638,J MEMBRANE BIOL,7,0,0,0,0,1,0,0,0,0,0,6
604,4.880,J MOL DIAGN,7,0,0,0,0,0,6,0,1,0,0,0
605,1.906,J SPEECH LANG HEAR R,7,0,0,0,0,0,0,0,0,0,1,6
606,4.291,MED SCI SPORT EXER,7,0,1,1,0,0,0,1,0,0,0,4
607,5.872,MOL AUTISM,7,0,1,1,2,1,1,0,1,0,0,0
608,3.774,MOL GENET METAB,7,0,0,0,0,0,1,0,0,2,0,4
609,2.285,NEUROL SCI,7,1,0,0,0,3,0,1,0,0,0,2
610,2.811,NEUROTOXICOL TERATOL,7,0,0,0,0,0,1,0,0,0,0,6
611,3.356,OPT EXPRESS,7,0,0,1,1,0,0,0,1,1,1,2
612, ,PERCEPT MOTOR SKILL,7,0,0,0,0,0,0,0,0,0,0,7
613, ,PSYCHOL METHODS,7,1,0,0,0,0,0,0,0,0,0,6
614, ,Q J ECON,7,0,0,0,0,0,0,0,0,0,0,7
615, ,Q J EXP PSYCHOL-B,7,0,0,0,0,0,0,0,0,0,0,7
616,11.511,SCI ADV,7,0,3,4,0,0,0,0,0,0,0,0
617,6.537,STEM CELL REP,7,0,2,1,3,1,0,0,0,0,0,0
618,4.592,ACS CHEM BIOL,6,0,0,2,0,1,1,0,1,0,1,0
619,1.161,ACTA OTO-LARYNGOL,6,0,0,0,0,0,0,1,0,0,0,5
620,13.660,ADV DRUG DELIVER REV,6,0,0,1,0,1,0,0,0,1,0,3
621,5.179,AGING-US,6,0,3,3,0,0,0,0,0,0,0,0
622,4.322,AM J EPIDEMIOL,6,0,0,0,0,0,1,0,0,0,0,5
623,4.795,AM J OPHTHALMOL,6,0,0,1,1,0,0,0,0,0,0,4
624,2.906,AMINO ACIDS,6,0,0,0,0,2,2,1,0,0,0,1
625,22.714,ANNU REV IMMUNOL,6,0,0,0,0,0,1,0,0,3,0,2
626,4.269,ARTHRITIS RES THER,6,0,0,0,0,0,0,0,2,0,0,4
627, ,ARTHRITIS RHEUM-US,6,0,0,0,0,1,2,0,0,0,1,2
628,3.768,AUTISM RES,6,0,1,0,1,0,0,2,0,1,1,0
629, ,BIOCHIM BIOPHYS ACTA,6,0,0,0,0,0,0,0,0,0,0,6
630,3.188,BIOCHIMIE,6,0,0,0,0,1,0,0,0,0,2,3
631,5.867,BRIT J PSYCHIAT,6,0,0,0,0,1,1,0,0,0,0,4
632, ,COGN PROCESS,6,0,0,1,0,0,2,0,0,0,0,3
633,3.112,CURR DRUG TARGETS,6,0,1,0,1,2,1,0,0,1,0,0
634,2.481,CURR MOL PHARMACOL,6,0,0,3,0,2,0,0,1,0,0,0
635,4.995,CURR OPIN GENET DEV,6,0,1,0,1,0,0,3,0,0,0,1
636,6.023,DIABETOLOGIA,6,0,0,1,0,0,1,0,1,1,0,2
637,4.398,DIS MODEL MECH,6,0,1,2,1,0,0,1,0,1,0,0
638,4.461,DNA REPAIR,6,0,0,0,0,2,1,0,0,1,0,2
639,4.617,ECOLOGY,6,0,0,0,0,0,0,1,0,0,0,5
640,4.979,EPIGENOMICS-UK,6,0,1,4,0,1,0,0,0,0,0,0
641,3.617,EUR ARCH PSY CLIN N,6,0,1,0,1,1,0,0,0,0,0,3
642,2.401,EUR J APPL PHYSIOL,6,0,0,0,0,0,1,0,3,0,0,2
643,4.248,EUR J IMMUNOL,6,0,0,0,0,1,1,1,0,0,1,2
644,2.004,EUR J MED GENET,6,0,0,0,1,0,3,0,0,1,1,0
645,4.129,EUR PSYCHIAT,6,0,0,4,0,0,0,0,0,0,0,2
646,3.224,EXP GERONTOL,6,1,0,0,1,0,0,0,0,0,0,4
647, ,FINE STRUCT NERVO,6,0,0,0,0,0,0,0,0,0,0,6
648,20.773,GASTROENTEROLOGY,6,0,0,0,0,0,2,0,0,0,0,4
649,2.048,GENES CELLS,6,0,2,1,0,0,0,1,0,0,1,1
650,17.016,GUT,6,1,0,0,0,0,1,0,0,0,1,3
651, ,HISTOCHEMISTRY,6,0,0,0,0,0,0,0,0,0,0,6
652,4.241,HUM GENE THER,6,0,1,0,1,0,0,1,0,0,0,3
653,3.930,HUM GENET,6,1,0,1,0,0,1,0,0,0,0,3
654, ,IEEE ENG MED BIOL,6,0,0,2,1,0,0,1,0,2,0,0
655,11.541,INT J COMPUT VISION,6,0,0,1,0,0,0,0,0,0,1,4
656,4.270,J AM MED INFORM ASSN,6,0,0,0,0,0,0,0,0,0,0,6
657, ,J AUTONOM NERV SYST,6,0,0,0,0,0,0,0,0,0,0,6
658,1.292,J COMPUT ASSIST TOMO,6,0,0,0,0,0,0,0,0,0,0,6
659, ,J SPEECH HEAR RES,6,0,0,0,0,0,0,0,0,0,0,6
660,2.404,J STAT MECH-THEORY E,6,0,0,0,0,0,0,0,0,0,4,2
661,1.120,MED HYPOTHESES,6,0,0,0,0,0,1,0,1,0,0,4
662,7.344,MOL ASPECTS MED,6,0,1,0,0,2,1,0,0,0,1,1
663,3.563,MOL CELL ENDOCRINOL,6,1,0,1,0,0,1,0,0,1,2,0
664,6.291,MOL METAB,6,0,0,3,1,2,0,0,0,0,0,0
665, ,NAT CLIN PRACT NEURO,6,0,0,0,0,0,0,0,0,0,2,4
666,2.234,NEURAL REGEN RES,6,0,2,1,1,0,0,2,0,0,0,0
667,9.384,NEURO-ONCOLOGY,6,0,1,1,0,0,0,0,0,0,1,3
668, ,NEUROBIOL STRESS,6,2,3,1,0,0,0,0,0,0,0,0
669,3.842,NEUROGASTROENT MOTIL,6,0,0,0,0,1,0,0,2,2,0,1
670, ,ONCOTARGET,6,1,2,1,1,0,0,1,0,0,0,0
671, ,ORG BEHAV NEUROPSYCH,6,0,0,0,0,0,0,0,0,0,0,6
672,3.532,PROTEOMICS,6,0,1,1,2,0,0,0,0,2,0,0
673, ,PSYCHOL LEARN MOTIV,6,0,0,1,0,0,0,0,0,0,1,4
674, ,Q J EXP PSYCHOL-A,6,0,0,0,0,0,0,0,0,0,0,6
675, ,SCHOLARPEDIA,6,0,0,0,0,0,0,2,0,0,0,4
676,1.936,SPINAL CORD,6,0,2,1,0,0,0,0,0,0,0,3
677, ,THALAMUS,6,0,0,0,0,0,2,0,0,0,0,4
678, ,36 ECVP S,5,0,0,0,0,0,0,0,0,0,0,5
679, ,8 INT C FUNCT MAPP H,5,0,0,0,0,0,0,0,0,0,0,5
680,3.324,ACTA OPHTHALMOL,5,0,0,0,0,1,0,0,0,1,0,3
681,3.562,ACTA PHARMACOL SIN,5,0,1,1,0,0,0,0,0,1,1,1
682, ,ADV NEURAL INF PROCE,5,0,1,0,0,0,0,1,1,1,1,0
683,8.973,AGEING RES REV,5,0,1,1,1,1,0,0,1,0,0,0
684,2.982,AMYOTROPH LAT SCL FR,5,0,1,0,0,0,1,0,0,1,1,1
685,4.649,ANN CLIN TRANSL NEUR,5,0,1,3,1,0,0,0,0,0,0,0
686,8.788,ANNU REV BIOMED ENG,5,0,0,1,0,0,0,1,0,1,0,2
687,15.952,ANNU REV PATHOL-MECH,5,0,1,2,0,0,1,0,0,0,1,0
688,3.077,ARCH PHYS MED REHAB,5,0,0,0,0,0,0,0,0,1,0,4
689,2.078,AUDIOL NEURO-OTOL,5,0,0,0,0,0,0,0,0,0,0,5
690, ,BASAL GANGLIA,5,0,1,0,0,1,0,1,0,0,0,2
691,5.179,BBA-GENE REGUL MECH,5,1,0,2,1,0,0,0,0,1,0,0
692,4.651,BBA-MOL CELL RES,5,0,0,2,1,1,0,1,0,0,0,0
693,2.449,BEHAV BRAIN FUNCT,5,0,0,1,0,2,0,0,1,0,0,1
694,2.088,BEHAV NEUROL,5,0,0,1,0,0,0,0,1,0,0,3
695,1.484,BEHAVIOUR,5,0,0,0,0,0,0,0,1,0,0,4
696,1.526,BIOL BULL-US,5,0,0,0,0,0,0,0,0,0,1,4
697,1.676,BIOMED ENG ONLINE,5,0,0,0,0,0,0,0,0,0,0,5
698,1.669,BIOMETRIKA,5,0,0,0,0,1,0,0,0,0,0,4
699, ,BIOMOLECULES,5,0,0,3,2,0,0,0,0,0,0,0
700,2.899,BIOSCIENCE REP,5,0,0,0,0,1,1,0,0,1,0,2
701,3.730,BMC GENOMICS,5,0,0,0,0,0,1,0,1,0,2,1
702,2.219,BRAIN BEHAV,5,1,0,1,1,1,1,0,0,0,0,0
703,1.544,BRAIN DEV-JPN,5,0,0,1,0,0,0,0,0,0,1,3
704,3.719,BRAIN IMAGING BEHAV,5,0,2,0,1,0,0,0,0,0,2,0
705,6.290,CARDIOVASC RES,5,1,0,0,1,0,1,1,0,0,0,1
706, ,CELL MOTIL CYTOSKEL,5,0,0,0,0,0,0,0,0,0,1,4
707,2.415,CHAOS,5,1,0,0,1,1,0,0,0,0,0,2
708,5.915,CHEM BIOL,5,0,0,0,0,0,0,0,0,2,1,2
709,2.643,CHRONOBIOL INT,5,1,0,1,0,0,0,0,1,0,0,2
710,2.092,CLIN EXP PHARMACOL P,5,0,0,0,0,0,0,0,0,0,0,5
711,3.209,CLIN J PAIN,5,0,1,0,0,0,1,0,1,0,0,2
712, ,COLD SH Q B,5,0,0,0,0,0,0,0,0,0,1,4
713,1.074,COMPUT SCI ENG,5,0,0,0,0,0,0,2,0,0,0,3
714, ,CONDITIONED REFLEXES,5,0,0,0,0,0,0,0,0,0,0,5
715, ,CURR OPIN INVEST DR,5,0,0,0,0,0,0,0,0,0,2,3
716,3.110,CURR TOP DEV BIOL,5,0,0,0,0,0,0,0,1,1,1,2
717,3.260,CYTOM PART A,5,0,0,0,0,0,0,0,0,0,0,5
718, ,DETECTION THEOR USE,5,0,0,0,0,0,0,0,0,0,0,5
719, ,DIAGN STAT MAN MENT,5,0,0,0,0,4,0,0,0,0,0,1
720,2.688,DIFFERENTIATION,5,0,0,0,0,0,0,0,0,0,1,4
721,2.634,DNA CELL BIOL,5,0,1,1,0,0,1,0,0,0,0,2
722,2.362,DOC OPHTHALMOL,5,0,0,0,0,0,0,0,1,1,0,3
723,7.704,EUR J NUCL MED MOL I,5,0,0,0,0,0,0,0,0,2,0,3
724, ,EVOKED POTENTIAL,5,0,0,0,0,0,0,0,0,0,0,5
725, ,F1000RES,5,0,1,3,0,1,0,0,0,0,0,0
726, ,FRONT NEUROSCI,5,0,0,0,0,1,0,0,1,3,0,0
727,9.937,GENET MED,5,0,1,1,0,0,0,0,0,0,1,2
728,5.072,IEEE T IMAGE PROCESS,5,0,0,0,0,0,0,0,0,0,0,5
729,2.884,INFLAMMATION,5,0,0,0,0,0,0,0,0,0,0,5
730,1.579,INT J DEV BIOL,5,0,0,0,0,0,0,0,1,0,1,3
731,1.305,INT J PEDIATR OTORHI,5,0,0,0,0,0,0,0,1,0,0,4
732, ,ISS CLIN COGN NEUROP,5,0,0,0,5,0,0,0,0,0,0,0
733,4.155,J AM GERIATR SOC,5,0,0,0,0,0,0,2,0,0,0,3
734,7.607,J AUTOIMMUN,5,0,0,0,1,2,1,1,0,0,0,0
735, ,J BEHAV THER EXP PSY,5,0,0,2,0,0,0,0,0,0,0,3
736,3.396,J CLIN SLEEP MED,5,0,0,0,1,0,1,1,0,0,0,2
737, ,J GEN PSYCHOL,5,0,0,0,0,0,0,0,0,0,0,5
738,2.514,J GEN VIROL,5,0,0,0,0,0,0,0,0,0,1,4
739,4.902,J GERONTOL A-BIOL,5,0,0,1,1,0,0,0,0,0,1,2
740,2.190,J IMMUNOL METHODS,5,0,0,0,1,0,0,0,0,0,0,4
741,5.296,J MOL CELL CARDIOL,5,0,0,1,0,0,0,1,1,0,2,0
742,4.938,J MOL MED,5,0,2,0,1,0,0,0,0,0,0,2
743, ,J NEURAL TRANSM-GEN,5,0,0,0,0,0,0,0,0,0,0,5
744, ,J OPT SOC AM,5,0,0,0,0,0,0,0,0,0,0,5
745,3.433,J STRUCT BIOL,5,0,1,0,0,0,0,0,1,0,0,3
746,4.899,J THROMB HAEMOST,5,1,0,0,1,0,0,0,0,0,1,2
747, ,JPN J PHYSIOL,5,0,0,0,0,0,0,0,0,0,0,5
748,4.263,LAB INVEST,5,0,0,0,1,0,0,0,0,0,0,4
749, ,LANG COGNITIVE PROC,5,0,0,0,0,0,1,1,0,0,0,3
750,2.442,LARYNGOSCOPE,5,0,0,0,0,0,0,0,0,0,1,4
751, ,LECT NOTES COMPUT SC,5,0,0,0,0,0,1,0,0,0,0,4
752,2.687,MAMM GENOME,5,0,0,0,0,0,1,0,0,0,0,4
753,5.365,MOL CANCER THER,5,0,0,0,0,1,0,0,0,1,0,3
754,2.561,MOL CELL BIOCHEM,5,0,0,0,1,0,0,0,1,0,1,2
755,1.922,MOL MED REP,5,1,1,0,0,3,0,0,0,0,0,0
756,5.280,MULT SCLER J,5,0,1,2,0,0,1,0,0,0,0,1
757,16.071,NAT REV DIS PRIMERS,5,0,0,5,0,0,0,0,0,0,0,0
758,20.265,NAT REV ENDOCRINOL,5,0,1,0,1,1,1,0,0,1,0,0
759, ,NATURWISSENSCHAFTEN,5,0,0,0,0,0,0,0,0,0,0,5
760,3.241,NEUROCOMPUTING,5,0,0,0,0,0,0,1,1,0,0,3
761, ,PERS INDIV DIFFER,5,0,0,0,0,0,0,0,0,1,1,3
762, ,PERS SOC PSYCHOL B,5,0,0,0,0,0,0,1,0,0,0,4
763,4.897,PHARMACOL RES,5,0,1,1,0,1,1,0,0,0,0,1
764, ,PHYSIOL REP,5,0,2,2,1,0,0,0,0,0,0,0
765, ,PRINCIPLES FRONTAL L,5,0,0,0,0,3,1,0,0,0,0,1
766, ,PRINCIPLES NEURAL SC,5,0,0,0,0,2,1,0,0,0,0,2
767,1.586,PSYCHIAT GENET,5,0,0,0,1,0,1,1,0,0,0,2
768, ,RHESUS MONKEY BRAIN,5,0,0,0,0,0,0,0,0,0,1,4
769, ,RHYTHMS BRAIN,5,0,0,0,0,0,0,0,0,0,0,5
770,4.490,RNA,5,0,0,0,0,1,1,0,1,0,1,1
771,1.585,SPEECH COMMUN,5,0,0,0,0,0,0,1,0,0,0,4
772,2.792,SPINE,5,0,0,0,0,1,0,0,0,0,0,4
773,4.907,STRUCTURE,5,0,0,0,0,0,1,0,0,0,1,3
774, ,SYNAPTIC ORG BRAIN,5,0,0,0,0,0,0,0,0,0,0,5
775, ,WECHSLER MEMORY SCAL,5,0,0,0,0,0,0,0,0,2,0,3
776,5.343,WIRES DEV BIOL,5,0,1,0,0,4,0,0,0,0,0,0
777,3.713,WORLD J BIOL PSYCHIA,5,0,0,0,0,2,0,0,0,0,0,3
778,1.129,ACTA ACUST UNITED AC,4,0,0,0,0,0,0,0,0,1,0,3
779,2.224,ACTA BIOCH BIOPH SIN,4,0,0,0,3,0,0,0,0,0,1,0
780,1.929,ACTA NEUROCHIR,4,0,1,0,0,0,0,0,1,0,0,2
781, ,ACTA NEUROCHIR SUPPL,4,0,0,0,0,1,0,0,0,0,0,3
782,3.126,ACTA NEUROL SCAND,4,0,0,0,0,0,0,0,0,0,0,4
783,2.686,ADDICT BEHAV,4,0,0,1,1,0,1,0,0,1,0,0
784, ,ADV NEUR IN,4,0,0,0,0,0,0,0,0,0,0,4
785, ,ADV NEURAL INFORM PR,4,0,0,0,0,0,0,0,0,0,0,4
786, ,ADV PHARMACOL,4,0,2,0,0,0,0,0,0,0,0,2
787,5.058,AGING DIS,4,0,2,0,0,1,0,0,1,0,0,0
788,2.288,AM J PRIMATOL,4,0,0,0,1,1,0,0,1,0,0,1
789,2.745,AM J REPROD IMMUNOL,4,0,0,1,0,0,0,0,2,0,0,1
790,4.302,AM STAT,4,0,0,0,0,0,1,0,0,0,0,3
791, ,AMA ARCH NEUROL PSY,4,0,0,0,0,0,0,0,0,0,0,4
792,2.805,ANIM COGN,4,0,0,0,0,0,0,0,1,0,1,2
793,11.742,ANNU REV BIOPHYS,4,0,0,1,1,0,0,0,1,0,1,0
794,8.886,ANNU REV NUTR,4,0,1,1,0,0,0,0,0,1,0,1
795, ,ARCH PSYCHOLOGIE,4,0,0,0,0,0,0,0,0,0,0,4
796,4.280,BBA-BIOENERGETICS,4,0,0,1,0,0,0,0,1,1,1,0
797,2.473,BEHAV ECOL SOCIOBIOL,4,1,0,0,0,0,0,0,0,0,0,3
798,3.022,BIOL CHEM,4,0,0,0,1,0,0,0,1,0,0,2
799, ,BIOL PSYCHIAT COGN N,4,2,2,0,0,0,0,0,0,0,0,0
800,3.543,BIOL SEX DIFFER,4,0,1,0,0,0,2,1,0,0,0,0
801,2.795,BMC MOL BIOL,4,0,0,0,1,0,0,1,2,0,0,0
802, ,BRAIN RES PROTOC,4,0,0,0,0,0,0,0,0,0,0,4
803,1.492,BRAZ J MED BIOL RES,4,0,0,0,0,0,0,0,0,1,0,3
804,2.006,CAN J NEUROL SCI,4,0,0,0,0,0,0,0,0,0,0,4
805,3.612,CAN J PSYCHIAT,4,0,0,0,0,0,1,1,0,0,0,2
806, ,CAN J PSYCHOL,4,0,0,0,0,0,0,0,0,0,0,4
807,2.774,CHEMBIOCHEM,4,0,0,0,0,0,0,1,0,1,0,2
808,3.542,CLIN EXP IMMUNOL,4,1,0,1,0,0,0,0,0,0,0,2
809,20.642,CLIN MICROBIOL REV,4,0,0,0,0,1,0,0,0,1,0,2
810, ,CNS DRUG REV,4,0,0,0,0,0,0,0,0,0,0,4
811,2.258,COMP BIOCHEM PHYS A,4,0,0,0,0,0,0,0,0,0,0,4
812,2.254,CURR MOL MED,4,0,0,1,0,0,0,0,0,1,0,2
813,3.374,CURR TOP MED CHEM,4,0,0,0,0,0,0,3,0,0,0,1
814,2.451,CYTOSKELETON,4,0,1,0,1,0,1,0,1,0,0,0
815,3.978,DATABASE-OXFORD,4,0,1,2,0,0,0,1,0,0,0,0
816,6.183,EBIOMEDICINE,4,0,3,1,0,0,0,0,0,0,0,0
817, ,ELECT FIELDS BRAIN,4,0,0,0,0,0,0,0,0,0,0,4
818,4.621,EUR J NEUROL,4,0,1,0,0,0,1,1,0,0,0,1
819,1.562,EUR NEUROL,4,1,0,0,0,0,0,0,0,0,0,3
820,2.387,EUR REV MED PHARMACO,4,0,1,2,1,0,0,0,0,0,0,0
821,5.584,EXP MOL MED,4,0,0,3,0,1,0,0,0,0,0,0
822,4.598,EXPERT OPIN THER TAR,4,0,0,0,2,1,0,0,1,0,0,0
823,3.696,EXPERT REV NEUROTHER,4,0,0,0,1,0,1,0,1,0,0,1
824, ,FED PROC,4,0,0,0,0,0,0,0,0,0,0,4
825,5.511,FRONT IMMUNOL,4,0,1,0,2,0,1,0,0,0,0,0
826, ,FRONT NEUROENERGETIC,4,0,0,0,0,1,0,1,2,0,0,0
827,2.742,G3-GENES GENOM GENET,4,0,0,0,1,1,2,0,0,0,0,0
828, ,HDB CHEM NEUROANATOM,4,0,0,0,0,0,0,0,0,0,0,4
829,14.079,HEPATOLOGY,4,0,1,1,0,0,0,1,0,0,0,1
830,2.164,HISTOCHEM CELL BIOL,4,0,0,0,1,2,0,0,0,0,0,1
831,2.015,HISTOL HISTOPATHOL,4,0,0,1,0,0,0,1,0,0,0,2
832,7.982,IEEE T NEUR NET LEAR,4,0,0,0,0,0,0,0,0,0,1,3
833,2.873,IMMUNOBIOLOGY,4,0,0,1,0,0,0,1,1,0,0,1
834,3.358,IMMUNOLOGY,4,0,0,0,1,1,0,0,1,0,0,1
835, ,INFERIOR COLLICULUS,4,0,0,0,0,0,0,0,0,0,0,4
836,4.347,INFLAMM BOWEL DIS,4,0,0,0,1,0,0,1,0,2,0,0
837,5.189,INT IMMUNOL,4,0,1,0,0,0,0,0,0,1,0,2
838, ,INT J ALZHEIMERS DIS,4,0,0,0,0,0,3,0,1,0,0,0
839,5.159,INT J OBESITY,4,0,0,0,0,0,0,0,1,1,0,2
840, ,INTRO EV POT TECHN,4,0,0,0,4,0,0,0,0,0,0,0
841,1.625,INVERTEBR NEUROSCI,4,0,0,0,0,0,3,0,0,0,0,1
842,2.959,J CELL BIOCHEM,4,0,0,1,0,0,2,0,0,0,0,1
843,4.302,J CELL MOL MED,4,0,1,0,0,0,2,0,0,1,0,0
844,1.853,J CLIN EXP NEUROPSYC,4,0,0,0,0,0,0,0,0,0,1,3
845, ,J CLIN PSYCHOL,4,0,0,0,0,0,0,1,0,0,0,3
846, ,J CONSCIOUSNESS STUD,4,0,0,0,0,0,0,0,0,0,1,3
847, ,J CONSULT CLIN PSYCH,4,0,0,0,0,0,0,0,0,0,0,4
848, ,J HIRNFORSCH,4,0,0,0,0,0,0,0,0,0,0,4
849,2.942,J HUM GENET,4,0,0,1,1,0,0,0,1,0,1,0
850,5.186,J INFECT DIS,4,0,0,1,0,0,0,0,0,0,0,3
851,4.092,J INHERIT METAB DIS,4,0,0,1,0,0,0,0,1,0,0,2
852,6.754,J INTERN MED,4,0,0,0,1,2,0,0,0,0,0,1
853,2.550,J PERIPHER NERV SYST,4,0,0,0,0,0,2,1,0,0,0,1
854,2.575,J PHARMACOL SCI,4,0,1,1,0,0,1,0,0,0,0,1
855,2.947,J PSYCHOSOM RES,4,1,0,0,0,0,0,0,0,0,1,2
856, ,LANG LINGUIST COMPAS,4,0,0,0,1,0,0,0,0,2,0,1
857,1.855,MACH LEARN,4,0,0,0,0,0,0,0,0,0,0,4
858,1.500,MATH BIOSCI,4,0,0,0,0,0,0,0,0,0,0,4
859,3.748,MECH AGEING DEV,4,0,0,3,0,0,0,0,1,0,0,0
860,2.441,METAB BRAIN DIS,4,0,0,2,0,0,1,0,0,1,0,0
861,2.465,MICROVASC RES,4,0,0,0,0,0,1,0,0,1,0,2
862, ,MOD NUTR HLTH DIS,4,0,0,0,4,0,0,0,0,0,0,0
863,3.113,MOL REPROD DEV,4,0,0,1,0,1,0,0,0,0,1,1
864,22.727,NAT PHYS,4,0,1,0,0,0,0,1,0,0,0,2
865, ,NEUROBIOL PREFRON,4,0,0,0,0,0,4,0,0,0,0,0
866,1.449,NEUROL RES,4,0,0,0,1,1,0,0,0,1,0,1
867, ,NEUROSIGNALS,4,0,0,0,0,0,0,0,0,1,0,3
868,2.647,NEUROSURG FOCUS,4,0,0,2,0,0,0,0,0,0,2,0
869,2.203,NUCL MED BIOL,4,0,0,0,0,0,0,0,1,1,0,2
870,4.936,OXID MED CELL LONGEV,4,0,1,1,0,1,1,0,0,0,0,0
871,3.965,PATTERN RECOGN,4,0,0,0,0,0,0,0,0,0,0,4
872,3.335,PHARM RES-DORDR,4,0,0,0,0,0,0,0,0,0,0,4
873,20.099,PHYS REP,4,0,0,0,0,0,0,0,4,0,0,0
874,8.435,PROG LIPID RES,4,0,0,0,0,1,0,0,1,0,0,2
875,1.338,PROTEIN EXPRES PURIF,4,1,1,0,0,0,0,0,0,0,1,1
876, ,PSYCHIAT CLIN N AM,4,0,0,1,0,0,0,0,0,1,0,2
877,7.469,RADIOLOGY,4,0,0,0,0,0,0,0,0,0,1,3
878,6.437,SEMIN IMMUNOPATHOL,4,0,1,1,0,0,1,0,0,0,0,1
879,3.005,SHOCK,4,0,0,0,0,0,0,1,0,1,1,1
880, ,SPECTRAL ANAL PHYS A,4,0,0,0,0,0,0,0,0,0,0,4
881,1.932,STAT MED,4,0,0,0,0,0,0,0,0,1,1,2
882,3.902,STEM CELL RES,4,0,0,2,1,1,0,0,0,0,0,0
883, ,STRUCTURED CLIN INTE,4,0,0,0,0,0,0,0,0,0,0,4
884, ,THESCIENTIFICWORLDJO,4,0,0,0,0,0,0,1,1,0,0,2
885,7.557,THYROID,4,0,1,0,0,0,0,0,0,1,0,2
886,1.771,TOP STROKE REHABIL,4,0,1,0,0,0,1,0,0,0,0,2
887,10.769,TRENDS ENDOCRIN MET,4,0,0,0,0,1,0,0,0,1,0,2
888,1.808,TRENDS HEAR,4,0,2,0,2,0,0,0,0,0,0,0
889,1.733,ZEBRAFISH,4,0,0,0,1,0,0,1,1,0,0,1
890, ,12 ANN M ORG HUM BRA,3,0,0,0,0,0,0,0,0,0,0,3
891, ,2017 NEUR M PLANN,3,3,0,0,0,0,0,0,0,0,0,0
892, ,AASM MANUAL SCORING,3,0,0,0,0,0,0,0,0,0,0,3
893,2.333,ACTA NEUROPSYCHIATR,3,0,0,0,0,0,0,1,0,0,0,2
894, ,ADHD-ATTEND DEFICIT,3,0,0,0,1,0,1,0,0,1,0,0
895,2.333,ADV ANAT EMBRYOL CEL,3,0,0,0,0,0,0,0,0,2,0,1
896, ,ADV COGN PSYCHOL,3,0,0,0,0,0,3,0,0,0,0,0
897,4.013,AGE AGEING,3,0,0,0,0,0,0,0,0,0,0,3
898, ,AGING NEUROPSYCHOL C,3,0,0,0,0,0,2,0,0,0,0,1
899, ,AM ANN DEAF,3,0,0,0,0,0,0,0,0,0,1,2
900, ,AM ECON REV,3,0,0,0,0,0,1,0,0,0,0,2
901, ,AM J ADDICTION,3,0,0,0,0,1,0,0,0,0,0,2
902,6.549,AM J CLIN NUTR,3,0,0,0,0,0,0,0,0,0,0,3
903,3.480,AM J GERIAT PSYCHIAT,3,0,1,0,0,0,0,0,0,0,0,2
904,3.046,AM J HYPERTENS,3,0,0,1,0,0,0,0,0,0,0,2
905,3.822,AM J MED GENET C,3,0,0,0,1,1,0,0,0,0,0,1
906,4.127,AM J PREV MED,3,0,0,0,0,0,0,0,0,0,0,3
907,5.123,ANAL CHIM ACTA,3,0,1,0,0,0,0,0,1,0,0,1
908,9.589,ANNU REV GENET,3,0,0,0,0,0,0,1,0,0,0,2
909,3.118,ARCH BIOCHEM BIOPHYS,3,0,1,0,0,0,0,0,0,0,0,2
910, ,ARCH INTERN MED,3,0,0,0,0,0,0,0,0,1,1,1
911, ,ARCH PSYCHIAT NERVEN,3,0,0,0,0,0,0,0,0,0,0,3
912,6.086,ARTERIOSCL THROM VAS,3,0,0,1,0,0,0,1,0,0,1,0
913, ,AT&T TECH J,3,0,0,0,0,0,0,0,0,0,0,3
914,4.467,ATHEROSCLEROSIS,3,0,0,0,0,0,0,0,2,0,0,1
915, ,AUTISM,3,0,0,0,1,0,0,0,0,1,0,1
916,2.609,BBA-PROTEINS PROTEOM,3,0,0,0,0,0,0,0,0,0,0,3
917, ,BEHAV BIOL,3,0,0,0,0,0,0,0,0,0,0,3
918,2.036,BEHAV GENET,3,0,0,0,0,0,0,0,0,0,0,3
919, ,BEHAV THER,3,0,0,0,0,0,0,0,0,1,0,2
920,2.250,BIOCHEM CELL BIOL,3,0,0,0,0,0,0,0,0,0,1,2
921, ,BIOFIZIKA+,3,0,0,0,0,0,0,0,0,0,0,3
922,11.700,BIOL REV,3,0,0,0,0,0,0,0,0,0,0,3
923, ,BIOSTAT ANAL,3,0,0,0,0,0,0,0,0,0,0,3
924,1.619,BIOSYSTEMS,3,0,0,0,0,0,0,0,1,0,0,2
925,11.452,BIOTECHNOL ADV,3,0,0,1,2,0,0,0,0,0,0,0
926,2.469,BMC GENET,3,0,0,2,0,0,0,0,0,0,0,1
927, ,BRAIN MAPPING ENCY R,3,0,0,3,0,0,0,0,0,0,0,0
928, ,BRAIN SCI,3,0,0,1,0,1,1,0,0,0,0,0
929,3.783,BRIEF FUNCT GENOMICS,3,0,0,0,0,0,1,0,0,0,0,2
930, ,BRIT J AUDIOL,3,0,0,0,0,0,0,0,0,0,0,3
931, ,BRIT J PSYCHOL,3,0,0,0,0,0,0,0,0,0,0,3
932, ,CALCULATION TEST DIF,3,0,0,0,0,3,0,0,0,0,0,0
933,3.377,CAN J ANESTH,3,0,0,0,0,0,0,0,0,0,0,3
934, ,CAN J EXP PSYCHOL,3,0,0,0,0,0,0,0,0,2,1,0
935,3.373,CANCER BIOL THER,3,0,0,0,1,0,0,0,1,0,0,1
936,3.405,CELL BIOSCI,3,0,0,0,0,2,0,1,0,0,0,0
937,17.872,CELL HOST MICROBE,3,0,2,0,0,0,0,0,1,0,0,0
938,1.275,CELLS TISSUES ORGANS,3,0,0,0,0,0,0,0,0,0,1,2
939, ,CEREB CORTE IN PRESS,3,0,3,0,0,0,0,0,0,0,0,0
940, ,CEREBELLUM NEURAL CO,3,0,0,0,0,0,0,0,0,0,0,3
941, ,CEREBELLUM NEURONAL,3,0,0,0,0,0,0,0,0,0,0,3
942, ,CHILD ABUSE NEGLECT,3,0,0,0,0,0,0,0,0,1,0,2
943, ,CHILD ADOL PSYCH CL,3,0,0,0,0,1,0,0,0,2,0,0
944,10.199,CLIN CANCER RES,3,0,0,0,1,1,0,0,0,0,0,1
945, ,CLIN DEV IMMUNOL,3,0,0,0,0,2,0,1,0,0,0,0
946,1.736,CLIN NEUROL NEUROSUR,3,0,0,0,0,0,0,0,1,0,1,1
947,1.015,CLIN NEUROPATHOL,3,0,0,0,0,0,0,0,0,0,1,2
948,2.915,CLIN PERINATOL,3,0,0,0,3,0,0,0,0,0,0,0
949,6.754,COCHRANE DB SYST REV,3,0,0,0,1,1,0,0,0,0,0,1
950, ,COMBINED MRI HISTOLO,3,0,0,0,0,0,2,0,0,0,0,1
951, ,COMMUN INTEGR BIOL,3,0,0,0,0,0,0,1,1,1,0,0
952,0.792,COMPUT J,3,0,0,0,0,0,0,0,0,0,0,3
953, ,CR ACAD SCI III-VIE,3,0,0,0,0,0,0,0,0,0,0,3
954,1.562,CURR HIV RES,3,0,0,0,3,0,0,0,0,0,0,0
955,3.478,CURR NEUROL NEUROSCI,3,0,2,0,0,0,0,0,0,0,1,0
956,1.716,CURR NEUROVASC RES,3,0,0,0,0,0,0,0,1,0,0,2
957,2.581,CURR OPIN ANESTHESIO,3,0,0,1,0,0,0,0,0,0,1,1
958,7.572,CURR OPIN CHEM BIOL,3,0,0,0,0,1,0,0,0,0,0,2
959, ,CURR OPIN DRUG DISC,3,0,0,0,0,0,0,0,1,0,0,2
960,2.673,CURR OPIN PEDIATR,3,0,1,0,0,0,1,0,0,0,0,1
961,4.266,CURR OPIN PSYCHIATR,3,0,0,0,0,0,0,0,1,1,0,1
962,3.514,CYTOKINE,3,0,0,0,0,0,0,1,0,1,0,1
963,2.886,DEMENT GERIATR COGN,3,0,0,0,0,0,0,1,0,0,0,2
964, ,DIRECTIONAL STAT,3,0,0,0,0,0,0,0,0,1,0,2
965,2.949,DIS MARKERS,3,0,0,1,0,0,1,0,0,0,0,1
966, ,DRUG ALCOHOL REV,3,0,0,1,0,0,0,0,0,0,0,2
967,1.663,EDUC PSYCHOL MEAS,3,0,0,0,0,0,0,0,0,0,0,3
968,1.935,EUR BIOPHYS J BIOPHY,3,1,0,0,0,0,0,0,0,1,0,1
969,2.679,EUR J CLIN PHARMACOL,3,0,0,0,0,0,0,1,0,0,0,2
970,4.333,EUR J ENDOCRINOL,3,1,0,0,1,1,0,0,0,0,0,0
971,2.413,EXP BIOL MED,3,0,0,0,0,0,0,0,0,0,1,2
972,2.354,EXP CLIN PSYCHOPHARM,3,0,0,0,0,0,0,0,0,0,0,3
973,3.883,EXPERT OPIN INV DRUG,3,0,0,0,1,0,0,0,0,1,0,1
974, ,FIELDS VIROLOGY,3,0,0,0,0,0,0,0,0,0,0,3
975,2.371,HUM FACTORS,3,0,0,0,0,0,0,0,0,0,1,2
976, ,HUM NERV SYSTEM,3,0,0,0,0,0,1,0,0,0,0,2
977, ,I S BIOMED IMAGING,3,0,0,1,1,0,0,0,0,0,0,1
978, ,IEEE T ACOUST SPEECH,3,0,0,0,0,0,0,0,0,0,0,3
979,5.007,IEEE T AUTOMAT CONTR,3,0,0,0,0,0,0,0,0,0,0,3
980,1.440,IEEE T NUCL SCI,3,0,0,0,0,0,0,0,0,0,0,3
981,9.455,IEEE T PATTERN ANAL,3,0,0,0,0,0,0,0,0,0,0,3
982,3.795,IMMUNOL CELL BIOL,3,0,0,0,1,0,1,1,0,0,0,0
983,9.217,IMMUNOL REV,3,0,0,0,0,1,0,1,0,0,0,1
984, ,INT ENCY STAT SCI,3,0,0,0,0,0,0,3,0,0,0,0
985,7.360,INT J CANCER,3,0,0,0,0,0,0,0,0,0,0,3
986, ,INT J CELL BIOL,3,0,0,0,0,3,0,0,0,0,0,0
987,8.360,INT J EPIDEMIOL,3,0,1,2,0,0,0,0,0,0,0,0
988,4.580,INT J NEURAL SYST,3,0,2,0,0,0,0,0,0,0,0,1
989,3.859,INT J STROKE,3,2,0,0,0,0,0,0,0,1,0,0
990, ,INTRO BOOTSTRAP,3,0,0,0,0,0,0,0,0,0,0,3
991,1.714,J ANIM SCI,3,0,0,0,0,0,0,0,1,0,0,2
992, ,J ANXIETY DISORD,3,0,0,0,1,0,0,1,0,0,0,1
993, ,J BIOMED BIOTECHNOL,3,0,0,0,0,0,1,2,0,0,0,0
994, ,J CHILD LANG,3,0,0,0,0,0,0,0,0,0,0,3
995,1.640,J CLIN NEUROSCI,3,0,0,0,0,0,0,0,1,0,1,1
996,1.632,J COMPUT APPL MATH,3,0,0,0,0,0,0,0,0,0,0,3
997, ,J CONSUM RES,3,0,0,0,0,0,0,0,0,0,0,3
998, ,J EXP SOC PSYCHOL,3,0,0,0,0,2,0,0,1,0,0,0
999,1.702,J FISH BIOL,3,0,1,0,0,0,0,0,0,0,0,2
1000,1.776,J HAND SURG-AM,3,0,0,0,0,0,0,0,0,0,0,3
1001,0.288,J HIST NEUROSCI,3,0,0,0,0,0,0,0,0,0,0,3
1002,4.099,J HYPERTENS,3,0,0,0,0,0,0,0,0,0,0,3
1003, ,J MARKETING RES,3,0,0,1,0,0,0,0,0,2,0,0
1004,3.297,J MOL ENDOCRINOL,3,1,0,0,0,0,0,0,0,0,0,2
1005,1.711,J MORPHOL,3,0,0,0,0,0,0,0,0,0,0,3
1006,1.513,J MOTOR BEHAV,3,0,0,0,0,0,0,0,0,0,0,3
1007,1.009,J MULTIVARIATE ANAL,3,0,0,0,0,0,0,0,0,0,0,3
1008,3.865,J NEUROENG REHABIL,3,0,0,1,0,1,1,0,0,0,0,0
1009,6.253,J PATHOL,3,0,0,0,0,1,1,0,0,0,0,1
1010, ,J PERS,3,0,1,0,0,0,0,0,0,0,0,2
1011, ,J PHARMACOL METHOD,3,0,0,0,0,0,0,0,0,0,0,3
1012, ,J PHYSIOLOGY PARIS,3,0,0,0,0,0,0,0,0,0,0,3
1013, ,J PSYCHOL,3,0,0,0,0,0,0,0,0,0,0,3
1014, ,J REPROD FERTIL,3,0,0,0,0,0,0,0,0,0,0,3
1015, ,J RISK UNCERTAINTY,3,0,0,0,0,1,0,0,0,0,0,2
1016,2.616,J STUD ALCOHOL DRUGS,3,0,0,0,0,0,0,0,0,0,0,3
1017,1.833,J THEOR BIOL,3,0,0,1,0,0,0,0,0,0,0,2
1018, ,J ULTRA MOL STRUCT R,3,0,0,0,0,0,0,0,0,0,0,3
1019,6.669,JAMA OPHTHALMOL,3,0,2,0,0,1,0,0,0,0,0,0
1020,10.769,JAMA PEDIATR,3,0,1,2,0,0,0,0,0,0,0,0
1021, ,JUDGM DECIS MAK,3,0,0,0,0,1,0,0,1,0,1,0
1022,15.233,LANCET PSYCHIAT,3,0,1,2,0,0,0,0,0,0,0,0
1023, ,LANG ENV STAT COMP,3,0,1,1,0,1,0,0,0,0,0,0
1024, ,LINEAR MIXED MODELS,3,0,0,0,0,0,0,0,0,0,0,3
1025, ,MANUAL STANDARDIZED,3,0,0,0,0,0,0,0,0,0,0,3
1026,8.136,MATRIX BIOL,3,0,0,1,1,1,0,0,0,0,0,0
1027,7.199,MAYO CLIN PROC,3,0,0,0,0,0,0,0,1,0,0,2
1028,1.971,MED BIOL ENG COMPUT,3,0,0,0,0,0,0,0,0,0,0,3
1029,2.577,MED CLIN N AM,3,0,2,0,0,1,0,0,0,0,0,0
1030,8.290,MED RES REV,3,0,1,0,0,1,1,0,0,0,0,0
1031, ,METHOD FIND EXP CLIN,3,0,0,0,0,0,0,0,0,0,0,3
1032,6.363,METHODS ECOL EVOL,3,0,1,0,0,1,0,1,0,0,0,0
1033, ,MODEL SELECTION MULT,3,0,0,0,0,0,0,0,0,0,0,3
1034,10.217,MOL BIOL EVOL,3,0,0,0,0,1,0,1,0,0,0,1
1035,3.077,MOL CELLS,3,0,0,0,1,0,1,0,0,0,1,0
1036,8.500,MOL SYST BIOL,3,0,0,0,1,0,0,0,2,0,0,0
1037,0.957,MOTOR CONTROL,3,0,0,0,0,0,0,1,0,0,0,2
1038, ,NATL ADULT READING T,3,0,0,0,0,0,0,0,0,0,0,3
1039, ,NATURE-NEW BIOL,3,0,0,0,0,0,0,0,0,0,0,3
1040,2.688,NEONATOLOGY,3,0,0,1,0,0,0,2,0,0,0,0
1041,4.994,NEOPLASIA,3,0,0,0,1,0,0,1,1,0,0,0
1042, ,NEURAL BASEMULTISE,3,0,0,0,0,0,3,0,0,0,0,0
1043, ,NEUROL CONSCIOUSN,3,0,3,0,0,0,0,0,0,0,0,0
1044,2.487,NEUROMUSCULAR DISORD,3,0,0,0,1,0,1,0,0,0,0,1
1045,2.195,NEUROPSYCH DIS TREAT,3,0,0,0,1,0,0,0,0,0,1,1
1046,2.346,NEURORADIOLOGY,3,0,0,0,0,0,0,0,0,0,0,3
1047, ,NEURORX,3,0,0,0,0,0,0,0,0,0,0,3
1048,2.623,NUCLEIC ACID THER,3,0,0,0,1,1,1,0,0,0,0,0
1049,2.262,OPHTHAL PHYSL OPT,3,0,0,0,2,0,0,0,0,0,0,1
1050,3.589,OPT LETT,3,0,0,0,1,0,0,0,1,0,1,0
1051,1.499,OPTOMETRY VISION SCI,3,0,0,0,0,1,1,0,1,0,0,0
1052, ,ORG MEMORY,3,0,0,0,0,0,0,0,0,0,0,3
1053,2.782,PAIN MED,3,0,0,0,0,0,0,0,1,2,0,0
1054,1.960,PHYSICA D,3,0,0,0,0,0,0,0,0,0,0,3
1055,2.782,PHYSIOL GENOMICS,3,0,1,0,0,0,0,0,0,0,1,1
1056, ,PRINCIPLES PRACTICE,3,0,0,0,0,0,0,0,0,0,0,3
1057,2.437,PROSTAG LEUKOTR ESS,3,0,1,0,1,0,0,0,0,0,0,1
1058,2.410,PROTEIN SCI,3,0,0,0,0,0,0,0,0,0,0,3
1059,3.199,PSYCHIAT CLIN NEUROS,3,0,0,0,0,0,0,1,0,1,0,1
1060, ,PSYCHOL REP,3,0,0,0,0,0,0,0,0,0,1,2
1061,2.089,PSYCHOMETRIKA,3,0,0,0,0,0,1,0,0,0,0,2
1062, ,Q J EXP PHYSIOL CMS,3,0,0,0,0,0,0,0,0,0,0,3
1063, ,QUANT ANAL BE,3,0,0,0,0,0,0,0,0,0,0,3
1064, ,RES DEV DISABIL,3,0,1,0,0,1,0,0,0,1,0,0
1065, ,RES PUBL ASSOC RES N,3,0,0,0,0,0,0,0,0,0,0,3
1066,5.034,REV MED VIROL,3,0,0,0,0,0,0,0,0,0,0,3
1067, ,SCIPY OPEN SOURCE SC,3,0,0,0,0,0,0,0,0,0,0,3
1068,2.839,SEIZURE-EUR J EPILEP,3,0,0,1,0,0,0,0,0,0,0,2
1069,1.870,SEMIN NEUROL,3,0,0,0,0,0,0,0,0,1,0,2
1070, ,SOC PERSONAL PSYCHOL,3,0,1,0,0,0,0,0,0,0,2,0
1071, ,STAT POWER ANAL BEHA,3,0,0,0,0,0,0,0,0,0,0,3
1072,1.568,TECHNOMETRICS,3,0,0,0,0,0,0,0,0,0,0,3
1073, ,THALAMUS RELAT SYST,3,0,0,0,0,0,0,0,0,0,1,2
1074, ,THEOR NEUROSCI,3,0,0,0,0,0,0,0,0,0,0,3
1075, ,THEOR PROBABILITY,3,0,0,0,0,0,0,0,0,0,0,3
1076,4.181,TOXICOL SCI,3,0,0,0,1,1,1,0,0,0,0,0
1077,3.374,VIROLOGY,3,0,1,0,0,0,0,0,0,0,0,2
1078, ,VISUAL AGNOSIA,3,0,0,0,0,0,0,0,0,0,0,3
1079, ,WILEY INTERDISCIP RE,3,0,0,0,3,0,0,0,0,0,0,0
1080, ,10 INT S FUNCT NEUR,2,0,0,0,2,0,0,0,0,0,0,0
1081, ,2016 NEUR M PLANN,2,0,2,0,0,0,0,0,0,0,0,0
1082,2.110,ACAD RADIOL,2,0,0,0,0,0,0,0,0,0,1,1
1083,2.270,ACTA ANAESTH SCAND,2,0,0,0,0,0,0,0,0,0,1,1
1084,0.439,ACTA BIOL HUNG,2,0,0,0,0,0,0,0,0,0,0,2
1085,1.823,ACTA RADIOL,2,0,0,0,0,0,0,0,0,0,0,2
1086,1.000,ADAPT BEHAV,2,0,0,0,0,0,1,0,0,0,0,1
1087, ,ADV CHILD DEV BEHAV,2,0,0,0,0,0,0,0,0,0,0,2
1088, ,ADV ENZYME REGUL,2,0,0,0,0,0,0,0,0,0,0,2
1089,4.689,ADV GENET,2,0,0,0,0,0,0,2,0,0,0,0
1090, ,ADV ONLINE PUBLICATI,2,0,2,0,0,0,0,0,0,0,0,0
1091, ,ADV SEC MESS PHOSPH,2,0,0,0,0,0,0,0,0,0,0,2
1092,5.200,ADV STUD BEHAV,2,0,0,0,0,0,0,0,0,0,0,2
1093, ,AM J ANAT,2,0,0,0,0,0,0,0,0,0,0,2
1094,3.018,AM J CLIN DERMATOL,2,0,0,0,0,1,0,0,0,0,0,1
1095,2.231,AM J DRUG ALCOHOL AB,2,0,0,0,0,0,0,0,0,0,1,1
1096,5.117,AM J MED,2,0,0,0,0,0,0,0,0,1,0,1
1097,1.773,AM J MED SCI,2,0,0,0,0,0,0,0,0,0,0,2
1098, ,AM J NEURODEGENER DI,2,0,0,0,0,0,2,0,0,0,0,0
1099, ,AM J OCCUP THER,2,0,0,0,0,0,0,0,0,0,0,2
1100, ,AM J OTOL,2,0,0,0,0,0,0,0,0,0,0,2
1101,3.785,AM J RESP CELL MOL,2,0,0,0,0,0,0,0,0,0,0,2
1102,3.061,AM J TRANSL RES,2,0,0,0,0,1,1,0,0,0,0,0
1103, ,AM PHYSIOL SOC,2,0,0,0,0,0,0,0,0,0,0,2
1104,0.525,AM SCI,2,0,0,0,0,0,0,0,0,0,0,2
1105,0.956,AN ACAD BRAS CIENC,2,0,0,0,1,0,0,0,0,0,0,1
1106,1.702,ANAESTH INTENS CARE,2,0,0,0,0,0,0,0,0,0,0,2
1107, ,ANAL VISUAL BEHAV,2,0,0,0,0,0,0,0,0,0,0,2
1108,3.864,ANALYST,2,0,1,0,0,0,0,0,0,0,0,1
1109,1.330,ANAT SCI INT,2,0,0,0,0,0,0,0,0,0,0,2
1110, ,ANESTHESIOL CLIN,2,0,1,0,0,0,0,0,0,0,0,1
1111,4.351,ANGIOGENESIS,2,0,1,0,0,0,0,0,0,0,0,1
1112,3.405,ANN BIOMED ENG,2,0,0,0,1,0,0,0,0,0,0,1
1113,5.008,ANN EMERG MED,2,0,0,0,0,0,0,0,0,0,0,2
1114,19.384,ANN INTERN MED,2,0,0,0,0,0,0,0,0,0,0,2
1115,13.930,ANN ONCOL,2,0,0,1,0,0,0,0,0,1,0,0
1116,2.765,ANN PHARMACOTHER,2,0,0,0,1,0,0,0,0,0,0,1
1117, ,ANN PHYS CHEM,2,0,0,0,0,0,0,0,0,0,0,2
1118, ,ANNU REV BIOPH BIOM,2,0,0,0,0,0,0,0,0,0,0,2
1119,14.970,ANNU REV MED,2,0,0,1,0,0,1,0,0,0,0,0
1120,1.702,APHASIOLOGY,2,0,0,1,0,0,0,0,0,0,0,1
1121, ,APPL PSYCHOPHYS BIOF,2,0,1,0,0,0,0,1,0,0,0,0
1122,3.258,ARCH DIS CHILD,2,0,0,0,0,0,0,0,0,0,0,2
1123, ,ARCH HISTOL JAPON,2,0,0,0,0,0,0,0,0,0,0,2
1124, ,ARCH PSYCHOL,2,0,0,0,0,0,0,0,0,0,0,2
1125,5.728,ARCH TOXICOL,2,0,0,0,1,1,0,0,0,0,0,0
1126,7.873,ARTHRITIS RHEUMATOL,2,0,0,0,2,0,0,0,0,0,0,0
1127,3.034,ARTIF INTELL,2,0,0,0,0,0,0,0,0,0,0,2
1128, ,ARXIV160608199,2,0,2,0,0,0,0,0,0,0,0,0
1129, ,ASS AUDITORY CORTICE,2,0,0,0,0,0,0,0,0,0,0,2
1130, ,AUDITORY CORTEX,2,0,0,0,0,0,0,2,0,0,0,0
1131, ,AUDITORY EVOKED POTE,2,0,0,0,0,0,0,0,0,0,0,2
1132, ,AUDITORY SCENE ANAL,2,0,0,0,0,0,0,0,0,0,0,2
1133,8.745,AUTOIMMUN REV,2,0,1,0,0,0,1,0,0,0,0,0
1134, ,AVIAT SPACE ENVIR MD,2,0,0,0,0,0,0,0,0,0,0,2
1135, ,B J PSYCHOL-GEN SECT,2,0,0,0,0,0,0,0,0,0,0,2
1136,2.659,BASIC CLIN PHARMACOL,2,0,0,0,0,1,0,0,0,0,0,1
1137, ,BBA-PROTEIN STRUCT M,2,0,0,0,0,0,0,0,0,0,0,2
1138,3.347,BEHAV ECOL,2,0,0,0,0,0,0,1,0,1,0,0
1139, ,BILING-LANG COGN,2,0,0,0,0,0,0,0,0,0,0,2
1140,3.226,BIOL CELL,2,0,0,0,0,0,1,0,0,1,0,0
1141,3.345,BIOL LETTERS,2,1,0,0,0,0,1,0,0,0,0,0
1142,2.217,BIOL OPEN,2,0,0,0,2,0,0,0,0,0,0,0
1143,2.442,BIOORG MED CHEM LETT,2,0,1,0,0,0,0,0,0,0,1,0
1144,2.881,BIOORGAN MED CHEM,2,0,0,0,1,0,0,0,0,0,0,1
1145, ,BIOPHOTONICS INT,2,0,0,0,0,0,0,0,0,0,0,2
1146, ,BIOPHYSICS COMPUTATI,2,0,0,0,0,0,0,0,0,0,0,2
1147,1.990,BIOPOLYMERS,2,0,0,0,0,0,0,0,0,0,1,1
1148,1.255,BIOSCI BIOTECH BIOCH,2,0,1,0,0,0,0,0,0,0,0,1
1149,1.603,BIRTH DEFECTS RES A,2,0,1,0,0,0,0,0,0,0,0,1
1150,1.836,BLOOD CELL MOL DIS,2,0,0,1,0,0,0,0,0,1,0,0
1151,2.769,BMC CELL BIOL,2,0,0,0,1,0,0,0,1,0,0,0
1152,2.829,BMC MICROBIOL,2,0,0,2,0,0,0,0,0,0,0,0
1153,2.419,BMC PSYCHIATRY,2,0,0,1,0,0,1,0,0,0,0,0
1154,2.413,BMJ OPEN,2,0,0,1,0,0,0,1,0,0,0,0
1155, ,BR J ANAEST IN PRESS,2,2,0,0,0,0,0,0,0,0,0,0
1156, ,BRAINS REPR POW,2,0,0,2,0,0,0,0,0,0,0,0
1157, ,BRIT J EXP PATHOL,2,0,0,0,0,0,0,0,0,0,0,2
1158,5.128,BRIT J HAEMATOL,2,0,0,0,0,0,0,1,0,0,0,1
1159,3.356,BRIT MED BULL,2,0,0,1,0,0,0,0,0,0,0,1
1160, ,CALIF VERB LE,2,0,0,0,0,0,0,0,0,0,0,2
1161,1.243,CAN J MICROBIOL,2,0,0,0,0,0,0,0,0,0,0,2
1162, ,CAN PSYCHOL,2,0,0,0,0,0,0,0,0,0,0,2
1163,6.491,CANCER LETT,2,0,0,0,0,1,0,0,0,0,0,1
1164,6.537,CANCER-AM CANCER SOC,2,0,0,0,0,0,0,0,0,0,0,2
1165,5.326,CANCERS,2,0,1,1,0,0,0,0,0,0,0,0
1166, ,CARDIOVASC PSYCHIAT,2,0,0,0,0,0,0,0,0,2,0,0
1167,1.875,CELL COMMUN ADHES,2,0,0,0,1,0,0,0,0,0,0,1
1168,5.500,CELL PHYSIOL BIOCHEM,2,0,0,0,1,0,0,0,0,0,1,0
1169,2.885,CELL TRANSPLANT,2,1,0,0,1,0,0,0,0,0,0,0
1170,4.829,CELLS-BASEL,2,0,0,1,1,0,0,0,0,0,0,0
1171, ,CEREBELLAR CORTEX CY,2,0,0,0,0,0,0,0,0,0,0,2
1172,6.290,CHEM COMMUN,2,0,0,2,0,0,0,0,0,0,0,0
1173,52.613,CHEM REV,2,0,0,0,0,1,0,0,0,0,0,1
1174, ,CHEMOSENSORY TRANSDU,2,0,2,0,0,0,0,0,0,0,0,0
1175, ,CHINESE SCI BULL,2,0,0,0,0,0,0,0,0,1,0,1
1176, ,CIRC HUM SPIN CORD,2,0,0,0,0,0,2,0,0,0,0,0
1177,5.664,CIRC-CARDIOVASC GENE,2,0,0,0,0,1,0,0,1,0,0,0
1178, ,CLAUSTRUM STRUCT,2,0,0,0,1,1,0,0,0,0,0,0
1179,2.807,CLIMACTERIC,2,0,0,0,0,1,1,0,0,0,0,0
1180,2.584,CLIN BIOCHEM,2,0,0,0,0,1,1,0,0,0,0,0
1181,8.636,CLIN CHEM,2,0,0,0,0,0,0,0,1,0,0,1
1182,1.191,CLIN LINGUIST PHONET,2,0,0,1,0,0,0,0,0,0,0,1
1183,1.370,CLIN NEUROPHARMACOL,2,0,0,0,0,0,0,0,0,0,0,2
1184,1.807,CLIN NEUROPSYCHOL,2,0,0,0,0,0,0,0,0,0,0,2
1185,4.464,CLIN PHARMACOKINET,2,0,0,0,0,0,0,0,0,0,0,2
1186,6.544,CLIN PHARMACOL THER,2,0,0,0,0,0,0,0,0,0,1,1
1187, ,CLIN PSYCHOL SCI,2,0,0,0,1,1,0,0,0,0,0,0
1188,2.090,CLIN PSYCHOPHARM NEU,2,0,0,2,0,0,0,0,0,0,0,0
1189,3.504,CNS SPECTRUMS,2,0,0,0,0,0,0,0,0,0,1,1
1190, ,COCHLEA,2,0,0,0,0,0,0,0,0,0,0,2
1191,1.444,COGN BEHAV NEUROL,2,0,0,0,0,0,0,0,0,1,0,1
1192, ,COMPUT NEUROSCI-MIT,2,0,0,0,0,0,0,0,0,2,0,0
1193,1.181,COMPUT STAT DATA AN,2,0,0,0,0,0,0,0,1,0,0,1
1194, ,COMPUT VISION GRAPH,2,0,0,0,0,0,0,0,0,0,0,2
1195, ,CONDITIONING CONSCIO,2,0,0,0,0,0,0,0,0,0,0,2
1196,1.149,CONGENIT ANOM,2,0,0,0,0,0,0,0,0,2,0,0
1197, ,CONSCIOUSNESS SELF R,2,0,0,0,0,0,0,0,0,0,0,2
1198, ,CONTR COGN PROC ATT,2,0,0,0,0,0,0,0,0,0,0,2
1199,6.630,CRIT CARE MED,2,0,0,1,0,1,0,0,0,0,0,0
1200,5.279,CRIT REV BIOCHEM MOL,2,0,0,0,0,0,0,0,0,1,0,1
1201, ,CULTURING NERVE CELL,2,0,0,0,0,0,0,0,0,0,0,2
1202,2.120,CURR EYE RES,2,0,0,0,0,0,0,0,0,0,0,2
1203,4.710,CURR HIV-AIDS REP,2,0,0,2,0,0,0,0,0,0,0,0
1204,2.665,CURR MED RES OPIN,2,0,0,0,0,0,0,0,0,0,0,2
1205,4.534,CURR OPIN CLIN NUTR,2,0,0,0,0,2,0,0,0,0,0,0
1206,2.073,CURR OPIN SUPPORT PA,2,0,1,0,1,0,0,0,0,0,0,0
1207, ,CURR PROTOC MOL BIOL,2,0,0,0,0,0,0,0,1,0,0,1
1208, ,CURR PROTOCOLS NE,2,0,0,0,0,0,0,1,0,0,0,1
1209, ,DATA BRIEF,2,0,0,2,0,0,0,0,0,0,0,0
1210, ,DEV OPHTHALMOL,2,0,0,0,1,0,0,0,0,0,0,1
1211, ,DEV REV,2,0,0,0,0,0,0,0,0,0,1,1
1212, ,DIAGN STAT MANU,2,0,0,0,0,2,0,0,0,0,0,0
1213, ,DISCHARGE PATTERNS S,2,0,0,0,0,0,0,0,0,0,0,2
1214, ,DROSOPHILA NEUROBIOL,2,0,0,0,0,0,0,0,1,0,1,0
1215,6.848,DRUG DISCOV TODAY,2,0,1,0,0,0,0,0,0,0,0,1
1216, ,DYNAMICAL SYST NE,2,0,0,0,0,0,0,0,0,0,0,2
1217, ,ECOL PSYCHOL,2,0,0,0,0,0,0,0,0,0,0,2
1218, ,EEG CL N SU,2,0,0,0,0,0,0,0,0,0,0,2
1219, ,EFFECTS REM SLEEP BE,2,0,0,0,0,0,0,0,0,0,0,2
1220, ,ELECT FIELDS BRAIN N,2,0,0,0,0,0,0,0,0,0,0,2
1221, ,ELECTROMYOGR MOTOR C,2,0,0,0,0,0,0,0,0,0,0,2
1222,2.569,ELECTROPHORESIS,2,0,0,0,0,0,0,0,0,0,0,2
1223, ,ELEMENTS INFORM THEO,2,0,0,0,0,0,1,0,0,0,0,1
1224, ,ELEMENTS STAT LEARNI,2,0,0,0,0,0,0,0,0,1,0,1
1225,3.179,ENDOCRINE,2,0,0,1,0,0,0,0,0,0,0,1
1226,2.305,ENTROPY-SWITZ,2,0,0,1,0,1,0,0,0,0,0,0
1227,4.991,EPIDEMIOLOGY,2,0,1,0,0,0,0,0,0,0,0,1
1228,4.918,EPIGENETICS-US,2,0,0,1,0,0,0,1,0,0,0,0
1229, ,EPILEPSY FUNCT,2,0,0,0,0,0,0,0,0,0,0,2
1230,2.019,ERGONOMICS,2,0,0,0,0,0,0,0,0,0,0,2
1231,3.338,ESSAYS BIOCHEM,2,0,0,0,1,0,0,0,0,0,0,1
1232,1.697,ETHOLOGY,2,0,0,0,0,0,0,0,0,0,0,2
1233,23.425,EUR HEART J,2,0,0,0,0,0,0,0,0,0,0,2
1234,3.086,EUR J CLIN INVEST,2,0,0,0,0,0,0,0,0,0,0,2
1235,2.064,EVID-BASED COMPL ALT,2,0,0,0,0,0,0,2,0,0,0,0
1236, ,EVOLUTION MEMORY SYS,2,1,1,0,0,0,0,0,0,0,0,0
1237,5.065,EXERC SPORT SCI REV,2,0,0,1,0,0,0,0,0,0,0,1
1238,2.566,EXP MOL PATHOL,2,0,1,0,0,0,0,1,0,0,0,0
1239, ,EXPERIENTIA,2,0,0,0,0,0,0,0,0,0,0,2
1240,3.865,EXPERT REV MOL MED,2,0,0,1,0,0,0,1,0,0,0,0
1241, ,EXPRESS EMOT MAN,2,0,0,0,0,0,0,0,0,0,0,2
1242, ,EXTRASTRIATE CORTEX,2,0,0,0,0,0,0,0,0,0,0,2
1243,2.478,EYE,2,0,0,0,0,0,0,0,0,1,0,1
1244, ,FDN CYCLOPEAN PERCEP,2,0,0,0,0,0,0,0,0,0,0,2
1245, ,FDN NEUROECONOMIC AN,2,0,0,0,0,0,0,0,2,0,0,0
1246, ,FRONT BIOL,2,0,0,2,0,0,0,0,0,0,0,0
1247,4.151,FRONT GENET,2,0,0,0,0,1,1,0,0,0,0,0
1248, ,FRONT NEUROENG,2,0,0,0,0,0,0,0,0,0,0,2
1249,4.416,FRONT ONCOL,2,0,1,0,0,1,0,0,0,0,0,0
1250, ,FRONT ROBOT AI,2,0,0,0,2,0,0,0,0,0,0,0
1251,2.273,GAIT POSTURE,2,0,0,0,1,0,0,0,0,0,0,1
1252, ,GENET BASIS RESP C,2,0,0,0,0,0,0,0,0,0,0,2
1253,3.532,GERONTOLOGY,2,0,0,0,0,0,1,0,0,0,0,1
1254, ,GRUNDZUGE PSYCHOL,2,0,0,0,0,0,0,0,0,0,0,2
1255, ,GUT MICROBES,2,0,1,0,1,0,0,0,0,0,0,0
1256,1.171,HAND CLIN,2,0,1,0,0,0,0,0,0,0,0,1
1257, ,HAND CLINIC,2,0,0,0,0,2,0,0,0,0,0,0
1258, ,HANDB EXP PHARMACOL,2,0,0,0,1,0,0,0,0,0,0,1
1259, ,HANDB SENS PHYSIOL,2,0,0,0,0,0,0,0,0,0,0,2
1260, ,HDB NEUROPSYCHOLOGY,2,0,0,0,0,0,0,0,0,0,0,2
1261, ,HDB TIME SERIES ANAL,2,0,0,0,0,0,0,0,0,0,0,2
1262,3.177,HEALTH PSYCHOL,2,0,0,0,0,0,0,1,0,0,0,1
1263, ,HIST NEUROSCIENCE AU,2,0,0,0,0,0,0,0,0,0,0,2
1264, ,HORMONES BRAIN BEHAV,2,1,0,0,0,0,0,0,0,0,0,1
1265, ,HUM HIPPOCAMPUS,2,0,0,0,0,0,0,0,0,0,0,2
1266,3.125,HUM PATHOL,2,0,0,0,0,0,0,0,0,0,0,2
1267,2.806,HUM PSYCHOPHARM CLIN,2,0,0,0,0,0,0,0,0,0,1,1
1268,3.439,HYPERTENS RES,2,0,0,1,0,0,0,0,0,1,0,0
1269, ,ICD 9 CM INT CLASS D,2,0,0,0,0,0,0,0,0,0,0,2
1270, ,IEEE I CONF COMP VIS,2,0,0,0,0,1,0,0,0,1,0,0
1271,7.451,IEEE SIGNAL PROC MAG,2,0,0,0,0,0,0,0,0,0,1,1
1272,1.288,IEEE T APPL SUPERCON,2,0,0,0,0,0,0,0,0,0,0,2
1273,2.187,IEEE T INFORM THEORY,2,0,0,0,0,0,0,0,1,0,0,1
1274,4.203,IEEE T SIGNAL PROCES,2,0,0,0,0,0,0,0,0,0,0,2
1275, ,IEEE T SPEECH AUDI P,2,0,0,0,0,0,0,0,0,0,0,2
1276, ,IEEE T SYST MAN CYB,2,0,0,0,0,0,0,0,0,0,0,2
1277, ,INDEPENDENT COMPONEN,2,0,0,0,0,0,0,0,0,0,0,2
1278, ,INDIVIDUAL CHOICE BE,2,0,0,0,0,0,0,0,0,0,0,2
1279,3.256,INFECT IMMUN,2,0,0,0,0,0,0,0,1,0,0,1
1280, ,INHIBITORY PROCESSES,2,0,0,0,0,0,0,0,0,0,0,2
1281, ,INT EC REV PHILADELP,2,0,0,0,0,0,0,0,0,0,0,2
1282,1.396,INT J CLIN EXP PATHO,2,0,0,1,0,0,0,0,1,0,0,0
1283,1.942,INT J HEMATOL,2,0,0,0,0,0,0,0,0,0,0,2
1284,2.784,INT J MOL MED,2,0,1,0,0,1,0,0,0,0,0,0
1285,3.622,INT REV CEL MOL BIO,2,1,0,1,0,0,0,0,0,0,0,0
1286,2.751,INTEGR COMP BIOL,2,0,0,0,0,0,0,0,0,0,0,2
1287, ,INTELLIGENCE,2,0,0,0,0,0,0,0,0,0,1,1
1288,3.502,INVEST NEW DRUG,2,0,0,1,1,0,0,0,0,0,0,0
1289,6.224,INVEST RADIOL,2,0,0,0,0,0,0,0,0,0,0,2
1290,2.406,J ADDICT MED,2,0,0,0,1,0,0,0,1,0,0,0
1291,2.869,J AM SOC MASS SPECTR,2,0,0,0,0,1,0,0,0,0,0,1
1292,1.262,J ANAL METHODS CHEM,2,0,0,0,0,0,2,0,0,0,0,0
1293,1.454,J ANESTH,2,0,0,0,0,1,0,0,0,0,1,0
1294, ,J APPL PSYCHOL,2,0,0,0,0,0,0,0,0,0,0,2
1295, ,J BASIC CLIN PHYSL P,2,0,0,0,0,0,0,0,0,0,0,2
1296, ,J BEHAV DECIS MAKING,2,0,0,0,0,0,1,0,0,0,0,1
1297, ,J BEHAV MED,2,0,0,0,1,0,0,0,0,0,0,1
1298,2.914,J BIOENERG BIOMEMBR,2,0,0,2,0,0,0,0,0,0,0,0
1299,2.367,J BIOMED OPT,2,0,0,0,0,1,0,1,0,0,0,0
1300,3.466,J BIOMED SCI,2,0,0,0,1,1,0,0,0,0,0,0
1301,2.355,J BIOMOL SCREEN,2,0,1,0,0,0,0,1,0,0,0,0
1302,3.107,J BIOMOL STRUCT DYN,2,0,0,1,0,0,0,0,0,0,0,1
1303, ,J BIOPHYS BIOCHEM CY,2,0,0,0,0,0,0,0,0,0,0,2
1304,1.528,J BIOSCIENCES,2,0,0,0,0,0,0,1,0,0,0,1
1305, ,J BUS VENTURING,2,0,0,0,2,0,0,0,0,0,0,0
1306,2.441,J CHROMATOGR B,2,0,0,0,0,0,0,1,0,1,0,0
1307,3.101,J CLIN VIROL,2,0,0,0,0,0,0,0,1,0,0,1
1308, ,J COGN PSYCHOL,2,0,1,0,0,1,0,0,0,0,0,0
1309,1.696,J COMMUN DISORD,2,0,0,0,0,0,1,0,0,0,0,1
1310,2.517,J COMP PHYSIOL B,2,0,0,0,0,0,0,0,0,1,0,1
1311,3.221,J COMPUT CHEM,2,0,0,0,0,0,0,0,0,0,0,2
1312, ,J CONSUM PSYCHOL,2,0,0,0,0,0,1,0,1,0,0,0
1313, ,J DEAF STUD DEAF EDU,2,0,0,1,0,0,0,0,0,0,0,1
1314,5.383,J DENT RES,2,0,1,1,0,0,0,0,0,0,0,0
1315, ,J ECON LIT,2,0,0,0,0,0,0,0,0,0,0,2
1316, ,J ECON PSYCHOL,2,0,0,0,0,0,0,0,0,0,0,2
1317, ,J EDUC BEHAV STAT,2,0,0,0,0,0,0,0,0,0,0,2
1318,3.115,J ETHNOPHARMACOL,2,0,0,1,1,0,0,0,0,0,0,0
1319, ,J EXP THER ONCOL,2,0,0,0,0,0,0,0,0,0,1,1
1320,3.483,J GASTROEN HEPATOL,2,0,0,0,0,1,0,0,0,0,0,1
1321,0.672,J GENET,2,0,0,0,0,0,0,0,0,0,0,2
1322, ,J HEALTH SOC BEHAV,2,0,0,0,0,0,0,0,0,0,0,2
1323,0.966,J INSECT BEHAV,2,0,0,0,0,0,0,0,0,0,0,2
1324, ,J MAGN RESON SER B,2,0,0,0,0,0,0,0,0,0,0,2
1325,1.988,J MED VIROL,2,0,0,0,0,0,0,1,1,0,0,0
1326,5.595,J MOL CELL BIOL,2,0,0,0,1,1,0,0,0,0,0,0
1327,3.060,J NEURO-ONCOL,2,0,1,0,0,0,0,0,0,0,0,1
1328,1.854,J NEUROPSYCH CLIN N,2,0,0,0,0,0,0,0,0,0,0,2
1329,4.398,J NUTR,2,0,0,0,0,0,0,1,0,0,0,1
1330, ,J OROFAC PAIN,2,0,0,0,0,0,0,0,0,0,0,2
1331,1.704,J OTOLARYNGOL-HEAD N,2,0,0,0,0,0,0,0,0,0,0,2
1332,0.979,J PEDIAT OPHTH STRAB,2,0,0,0,0,0,0,0,0,0,0,2
1333, ,J PEDIATR PSYCHOL,2,0,0,0,0,0,0,1,0,0,0,1
1334,2.269,J PHARMACOL TOX MET,2,0,0,0,0,0,0,0,1,0,0,1
1335,2.757,J PHYSIOL SCI,2,0,0,2,0,0,0,0,0,0,0,0
1336, ,J POLIT ECON,2,0,0,0,0,0,0,0,0,0,0,2
1337,1.775,J RECEPT SIG TRANSD,2,0,0,0,0,0,0,0,0,1,1,0
1338,1.865,J RECONSTR MICROSURG,2,0,0,0,0,0,0,0,0,1,0,1
1339,1.802,J REHABIL MED,2,0,0,0,0,1,0,0,0,0,0,1
1340,1.197,J RENIN-ANGIO-ALDO S,2,0,0,0,0,0,0,0,0,1,0,1
1341,0.869,J STAT COMPUT SIM,2,0,1,0,0,0,0,0,0,0,0,1
1342,0.814,J STAT PLAN INFER,2,0,0,0,0,0,0,0,0,0,0,2
1343,2.051,J SURG RES,2,0,1,0,0,0,0,0,0,0,1,0
1344, ,J TRAUMA STRESS,2,0,0,0,1,0,0,0,0,0,0,1
1345, ,J YOUTH ADOLESCENCE,2,0,0,1,0,0,0,0,0,0,0,1
1346, ,JACKKNIFE BOOTSTRAP,2,0,0,0,0,0,0,0,0,0,0,2
1347, ,JPN J PHARMACOL,2,0,0,0,0,0,0,0,0,0,0,2
1348, ,KAROLINSKA DIRECTED,2,0,0,0,0,0,0,0,0,0,0,2
1349,1.450,LAB ANIM-UK,2,0,1,0,0,0,0,0,0,0,0,1
1350,25.148,LANCET INFECT DIS,2,0,1,0,0,0,0,0,0,0,0,1
1351,1.235,LANG SPEECH,2,0,0,0,0,0,1,0,0,0,0,1
1352, ,LEARN INDIVID DIFFER,2,0,0,0,0,0,0,1,0,0,0,1
1353, ,LEARN MEMORY COMP,2,0,0,0,0,0,0,0,0,0,2,0
1354, ,LINGUIST CEREBELLU,2,0,0,2,0,0,0,0,0,0,0,0
1355, ,LME4 LINEAR MIXED EF,2,0,0,0,2,0,0,0,0,0,0,0
1356, ,MACH LEARN PROB,2,0,0,0,0,0,2,0,0,0,0,0
1357, ,MANUAL STATE TRAIT,2,0,0,0,0,0,0,0,0,0,0,2
1358,0.947,MAR FRESHW BEHAV PHY,2,0,0,0,0,0,0,0,1,0,0,1
1359,3.549,MEDIAT INFLAMM,2,1,1,0,0,0,0,0,0,0,0,0
1360, ,MEMORY CONTRIB,2,0,0,0,0,0,0,0,0,0,0,2
1361, ,MERGING SENSES,2,0,0,0,0,0,0,0,0,0,0,2
1362,13.439,MICROBIOL MOL BIOL R,2,0,0,0,0,0,0,1,0,0,0,1
1363,2.124,MICROSC MICROANAL,2,0,0,0,0,1,0,0,0,0,0,1
1364,2.071,MICROSURG,2,0,0,0,0,0,0,0,0,0,0,2
1365,3.226,MITOCHONDRION,2,0,0,0,1,1,0,0,0,0,0,0
1366, ,MIXED EFFECTS MODELS,2,0,0,0,0,0,0,0,0,0,0,2
1367,12.888,MMWR-MORBID MORTAL W,2,0,2,0,0,0,0,0,0,0,0,0
1368, ,MOD APPL STAT S,2,0,0,0,0,0,0,0,0,0,0,2
1369, ,MOD MULTIDIMENSIO,2,0,0,0,0,0,0,0,0,0,0,2
1370,6.655,MODERN PATHOL,2,0,0,0,0,0,0,0,0,0,0,2
1371, ,MODULARITY MIND ESSA,2,0,0,0,0,0,0,0,0,0,0,2
1372,1.815,MOL BIOTECHNOL,2,0,1,0,0,0,0,0,0,0,0,1
1373, ,MOL INTERV,2,0,0,0,0,0,0,0,0,0,0,2
1374, ,MOL MED TODAY,2,0,0,0,0,0,0,0,0,0,0,2
1375,5.264,MOL ONCOL,2,0,1,0,0,0,1,0,0,0,0,0
1376, ,MOL SYNDROMOL,2,0,0,0,0,0,2,0,0,0,0,0
1377,5.660,MOL THER-NUCL ACIDS,2,0,0,0,1,1,0,0,0,0,0,0
1378, ,MPLUS USERS GUIDE,2,0,0,0,0,0,0,1,0,0,0,1
1379,2.339,MULTISENS RES,2,0,0,2,0,0,0,0,0,0,0,0
1380, ,MUSIC PERCEPT,2,0,0,0,0,0,0,0,0,0,0,2
1381, ,NEUR DEC MAK BRAIN,2,0,0,0,0,0,0,0,0,2,0,0
1382, ,NEURAL CONTROL LOCOM,2,0,0,0,0,0,0,0,0,0,0,2
1383, ,NEUROBIOL OLFACTI,2,0,0,0,0,0,0,0,2,0,0,0
1384,0.920,NEUROCASE,2,0,0,0,0,0,0,0,2,0,0,0
1385,2.785,NEURODEGENER DIS,2,0,1,0,0,0,0,0,1,0,0,0
1386, ,NEURODEGENER DIS MAN,2,0,0,0,1,1,0,0,0,0,0,0
1387, ,NEURODEGENERATION,2,0,0,0,0,0,0,0,0,0,0,2
1388, ,NEUROGENESIS,2,0,2,0,0,0,0,0,0,0,0,0
1389,3.090,NEUROGENETICS,2,0,0,0,1,0,0,0,1,0,0,0
1390, ,NEUROGLIA,2,0,0,1,0,1,0,0,0,0,0,0
1391,2.238,NEUROIMMUNOMODULAT,2,0,1,0,0,0,0,0,0,0,0,1
1392, ,NEUROL GENET,2,0,2,0,0,0,0,0,0,0,0,0
1393, ,NEUROLMAGE S1,2,0,0,0,0,0,0,0,0,2,0,0
1394, ,NEURON BOOK,2,0,0,0,0,0,0,0,0,0,0,2
1395,1.605,NEUROPEDIATRICS,2,0,0,0,0,0,0,0,0,0,0,2
1396,2.045,NEUROPHYSIOL CLIN,2,0,0,0,0,0,0,0,0,0,0,2
1397, ,NEUROPSYCHOLOGICAL T,2,0,0,0,0,0,0,0,0,0,0,2
1398, ,NEUROSCI BEHAV PHYSL,2,0,0,0,0,0,0,0,0,0,1,1
1399,2.486,NEUROSURG CLIN N AM,2,0,0,0,0,0,0,0,0,0,0,2
1400, ,NEW VIS NEUR,2,0,0,0,2,0,0,0,0,0,0,0
1401,4.367,NITRIC OXIDE-BIOL CH,2,0,0,0,0,1,0,1,0,0,0,0
1402, ,NORMAL TABLE XENOPUS,2,0,0,0,0,0,0,0,0,0,0,2
1403, ,NOVART FDN SYMP,2,0,0,0,0,0,0,0,0,0,0,2
1404,4.042,OBESITY,2,0,0,0,0,0,0,1,0,0,0,1
1405, ,OCHSNER J,2,0,0,0,0,2,0,0,0,0,0,0
1406,2.976,ONCOL REP,2,0,0,0,0,0,0,0,0,0,0,2
1407,3.286,OPEN BIOL,2,0,0,1,0,1,0,0,0,0,0,0
1408, ,OPEN PAIN J,2,0,0,0,0,0,0,0,0,2,0,0
1409, ,ORG BEHAV,2,0,0,0,0,0,0,0,0,0,0,2
1410,2.182,OTOL NEUROTOL,2,0,1,0,0,0,1,0,0,0,0,0
1411,2.444,OTOLARYNG HEAD NECK,2,0,0,0,0,0,0,0,0,0,0,2
1412, ,OXFORD HDB ATTENTION,2,0,0,0,2,0,0,0,0,0,0,0
1413, ,OXFORD HDB COGNITIVE,2,0,0,0,0,2,0,0,0,0,0,0
1414, ,OXFORD HDB EVENT REL,2,0,0,0,0,0,2,0,0,0,0,0
1415, ,OXFORD HDB EYE MOVEM,2,0,0,0,0,0,0,2,0,0,0,0
1416, ,OXFORD HDB TRANSCRAN,2,0,0,0,0,0,0,0,0,0,2,0
1417,1.771,P JPN ACAD B-PHYS,2,0,0,1,0,0,1,0,0,0,0,0
1418,2.410,P ROY SOC A-MATH PHY,2,0,0,0,0,1,0,0,0,0,0,1
1419, ,P SOC EXP BIOL MED,2,0,0,0,0,0,0,0,0,0,0,2
1420, ,PAIN MANAGE,2,0,1,1,0,0,0,0,0,0,0,0
1421, ,PAIN S6 AUG,2,0,0,0,0,0,0,0,0,0,0,2
1422, ,PALAMEDES MATLAB ROU,2,0,0,0,0,0,0,0,0,2,0,0
1423, ,PAXINOS FRANKLINS MO,2,0,0,0,0,0,1,0,0,0,0,1
1424,2.118,PEERJ,2,1,0,0,0,1,0,0,0,0,0,0
1425, ,PERSPECT DEV NEUROBI,2,0,0,0,0,0,0,0,0,0,0,2
1426, ,PHARMACEUTICALS,2,1,1,0,0,0,0,0,0,0,0,0
1427,2.787,PHARMACOL REP,2,0,1,0,1,0,0,0,0,0,0,0
1428,2.064,PHARMACOPSYCHIATRY,2,0,0,0,0,0,0,0,0,0,0,2
1429, ,PHENOMENOL COGN SCI,2,0,0,0,0,0,0,0,0,0,0,2
1430,2.748,PHILOS T R SOC A,2,0,0,0,0,1,0,1,0,0,0,0
1431,13.783,PHYS LIFE REV,2,0,0,0,1,0,0,0,0,1,0,0
1432,2.587,PHYS THER,2,0,0,0,0,0,0,0,1,1,0,0
1433,2.132,PHYSICA A,2,0,0,0,0,0,0,0,0,0,0,2
1434, ,PLASTICITY VISUAL SY,2,0,0,0,0,0,0,0,0,0,0,2
1435,2.078,POSTGRAD MED J,2,0,0,0,0,0,0,0,0,0,0,2
1436, ,PRAAT DOING PHONETIC,2,0,2,0,0,0,0,0,0,0,0,0
1437, ,PRACT ASSESSMENT,2,0,0,1,0,0,0,0,0,0,0,1
1438, ,PREDICTIVE MIND,2,0,0,0,0,2,0,0,0,0,0,0
1439, ,PROBABILITY RANDOM V,2,0,0,0,0,0,0,0,0,0,0,2
1440, ,PSICOLOGICA,2,0,0,0,0,0,0,0,0,0,0,2
1441, ,PSYCHOL ASSESSMENT,2,0,0,0,0,0,0,0,0,0,0,2
1442, ,PSYCHOL SCI PUBL INT,2,0,0,0,0,0,0,0,0,1,0,1
1443, ,PSYCHOLOGY,2,0,0,0,0,0,1,0,0,0,0,1
1444, ,PSYCHOLOGY TIME,2,0,0,0,0,0,0,0,0,0,2,0
1445, ,PSYCHOPHARMACOL BULL,2,0,0,0,0,0,0,0,0,0,0,2
1446,2.406,PULM PHARMACOL THER,2,0,0,0,0,0,0,1,1,0,0,0
1447, ,PUPIL ANATOMY PHYSL,2,0,0,0,0,0,0,0,0,0,0,2
1448, ,QUEST CONSCIOUSNESS,2,0,0,0,0,0,0,0,0,0,0,2
1449, ,R NEWS,2,0,0,0,0,0,0,0,0,0,0,2
1450, ,RAT NERV SYSTEM,2,0,0,0,2,0,0,0,0,0,0,0
1451, ,RECENT PROG HORM RES,2,0,0,0,0,0,0,0,0,0,0,2
1452, ,RECEPTOR CHANNEL,2,0,0,0,0,0,0,0,0,0,0,2
1453, ,REG DEV BRAIN E,2,0,0,0,0,0,0,0,0,0,0,2
1454,2.992,REGEN MED,2,0,0,1,0,0,0,1,0,0,0,0
1455, ,RES COMMUN CHEM PATH,2,0,0,0,0,0,0,0,0,0,0,2
1456, ,RESPONSE TIMES THEIR,2,0,0,0,0,0,0,0,0,0,0,2
1457, ,RESULTS PROBL CELL D,2,0,0,0,0,0,0,2,0,0,0,0
1458, ,RETICULAR FORMATION,2,0,0,0,0,0,0,0,0,0,0,2
1459,3.417,RETROVIROLOGY,2,0,0,0,1,1,0,0,0,0,0,0
1460,36.367,REV MOD PHYS,2,0,0,0,0,0,0,0,0,0,0,2
1461,1.762,REV NEUROL-FRANCE,2,0,0,0,0,0,0,0,0,0,0,2
1462,0.601,REV NEUROLOGIA,2,0,0,0,0,0,0,0,0,0,0,2
1463, ,SCALE ASSESSMENT NEG,2,0,0,0,0,0,0,0,0,0,0,2
1464,2.314,SCAND J IMMUNOL,2,0,0,0,1,0,0,0,0,0,0,1
1465,0.898,SCAND J STAT,2,0,0,0,0,0,0,0,0,0,0,2
1466,1.579,SCI AM,2,0,0,0,0,0,0,0,0,1,0,1
1467,5.311,SCI DATA,2,0,0,2,0,0,0,0,0,0,0,0
1468,1.859,SCI ENG ETHICS,2,0,0,0,2,0,0,0,0,0,0,0
1469, ,SCI WORLD J,2,0,0,0,0,0,0,0,0,0,0,2
1470, ,SEL PARTIAL AB,2,0,0,0,0,0,0,0,0,0,0,2
1471, ,SEMIN CELL BIOL,2,0,0,0,0,0,0,0,0,0,0,2
1472,3.350,SEMIN NEPHROL,2,0,0,0,0,0,0,0,0,0,0,2
1473, ,SEMIN NEUROSCI,2,0,0,0,0,0,0,0,0,0,0,2
1474, ,SENS COMMUN,2,0,0,0,0,0,0,0,0,0,0,2
1475, ,SHIPLEY I LIVING SCA,2,0,0,0,0,0,0,0,0,0,0,2
1476,3.470,SIGNAL PROCESS,2,0,0,0,1,0,0,0,0,0,0,1
1477, ,SOC NEUROSCI,2,0,1,0,0,1,0,0,0,0,0,0
1478, ,SOCIOL METHODOL,2,0,0,0,0,0,0,0,0,0,0,2
1479, ,SOMATOSENS RES,2,0,0,0,0,0,0,0,0,0,0,2
1480, ,SOMNOLOGIE,2,0,1,0,0,0,0,0,0,0,0,1
1481, ,SPIKES EXPLORING NEU,2,0,0,0,0,0,0,0,0,0,0,2
1482, ,SPIKING NEURON MODEL,2,0,0,0,0,0,0,0,0,0,0,2
1483,3.119,SPINE J,2,0,0,0,0,0,0,0,0,0,0,2
1484, ,SPRINGER HANDB AUDIT,2,0,0,0,0,0,1,1,0,0,0,0
1485, ,STAT ANAL CIRCULAR D,2,0,0,0,0,0,0,0,0,0,0,2
1486,2.284,STAT METHODS MED RES,2,0,0,0,0,0,0,0,0,0,0,2
1487, ,STAT METHODS PSYCHOL,2,0,0,0,0,0,1,0,0,0,0,1
1488,4.929,STEM CELL TRANSL MED,2,1,1,0,0,0,0,0,0,0,0,0
1489,3.315,STEM CELLS DEV,2,0,0,0,0,1,0,0,0,0,1,0
1490,1.648,STEREOT FUNCT NEUROS,2,0,0,1,0,0,0,0,0,0,0,1
1491, ,STEVENS HDB EXPT PSY,2,0,0,0,0,0,0,0,0,0,0,2
1492,3.531,STRUCT EQU MODELING,2,0,0,0,0,0,0,0,0,0,0,2
1493, ,TEMPORAL LOBE LIMBIC,2,0,0,0,0,0,0,0,0,0,0,2
1494, ,THEOR GAMES EC BEHA,2,0,0,0,0,0,0,0,0,0,0,2
1495,1.259,THEOR POPUL BIOL,2,0,0,0,0,0,0,0,0,0,0,2
1496, ,THER DELIV,2,0,0,0,0,1,0,0,1,0,0,0
1497, ,THINKING FAST SLOW,2,0,0,0,0,0,0,2,0,0,0,0
1498,4.952,THROMB HAEMOSTASIS,2,0,0,0,0,1,0,0,1,0,0,0
1499,1.438,TISSUE CELL,2,0,0,0,0,0,1,0,0,0,0,1
1500,1.423,TOHOKU J EXP MED,2,0,0,0,0,0,0,0,0,0,0,2
1501, ,TOP COGN SCI,2,0,0,0,0,0,0,0,2,0,0,0
1502,3.616,TOXICOL APPL PHARM,2,0,0,1,0,0,0,0,0,0,1,0
1503,3.166,TOXICOL LETT,2,0,0,0,0,0,0,0,0,0,0,2
1504,3.265,TOXICOLOGY,2,0,1,0,0,0,0,0,0,0,0,1
1505,2.197,TRANSGENIC RES,2,0,0,0,0,0,0,0,0,0,0,2
1506,0.833,TRANSL NEUROSCI,2,0,0,0,1,0,1,0,0,0,0,0
1507, ,TRP CHANNELS SENSORY,2,0,0,2,0,0,0,0,0,0,0,0
1508, ,VERGLEICHENDE LOKALI,2,0,0,0,0,0,0,0,0,0,0,2
1509,2.465,VIROL J,2,0,0,0,1,1,0,0,0,0,0,0
1510, ,VISUAL NEUROSCIENCES,2,0,0,0,0,0,0,0,0,0,0,2
1511,2.064,VITAM HORM,2,0,0,0,0,1,0,0,0,0,0,1
1512, ,WALL MELZACKS TXB PA,2,0,0,0,0,2,0,0,0,0,0,0
1513, ,WECHSLER ABBREVIATED,2,0,0,0,0,0,0,0,0,0,0,2
1514, ,WECHSLER ADULT INTEL,2,0,0,0,0,0,0,0,0,0,1,1
1515, ,WILEY HDB COGNITIVE,2,0,0,2,0,0,0,0,0,0,0,0
1516, ,WORMBOOK,2,0,0,0,0,0,0,0,0,0,0,2
1517, ,YALE J BIOL MED,2,0,0,0,0,0,0,0,0,0,0,2
1518, ,Z GES NEUROL PSYCH,2,0,0,0,0,0,0,0,0,0,0,2
1519, ,Z TIERPSYCHOL,2,0,0,0,0,0,0,0,0,0,0,2
1520, ,Z VERGL PHYSIOL,2,0,0,0,0,0,0,0,0,0,0,2
1521, ,Z ZELLFORSCH MIK ANA,2,0,0,0,0,0,0,0,0,0,0,2
Copyright  2018 Clarivate Analytics,,,,,,,,,,,,,,
"By exporting the selected data, you agree to the data usage policy set forth in the Terms of Use",,,,,,,,,,,,,,
