Citing Journal Data: J NEUROSCI METH,,,,,,,,,,,,,,
,Impact Factor,Cited Journal,All Yrs,2017,2016,2015,2014,2013,2012,2011,2010,2009,2008,Rest
1, ,ALL Journals,7929,106,489,617,554,573,503,506,433,420,333,3395
2, ,ALL OTHERS (1271),1271,26,77,93,71,76,92,71,55,55,53,602
3,5.426,NEUROIMAGE,391,5,17,21,32,40,45,43,31,30,15,112
4,2.668,J NEUROSCI METH,315,10,22,28,28,19,20,24,13,22,20,109
5,5.971,J NEUROSCI,198,0,6,10,12,15,12,16,19,16,17,75
6,9.504,P NATL ACAD SCI USA,151,2,9,8,12,8,6,9,11,13,9,64
7,2.766,PLOS ONE,138,0,10,21,30,31,18,11,5,4,7,1
8,14.319,NEURON,134,2,14,14,9,23,11,13,6,5,4,33
9,2.502,J NEUROPHYSIOL,117,1,4,9,3,3,7,14,7,3,3,63
10,3.614,CLIN NEUROPHYSIOL,100,0,2,4,7,6,11,2,5,8,8,47
11,4.927,HUM BRAIN MAPP,88,4,4,3,7,4,5,4,4,9,3,41
12,41.577,NATURE,80,1,8,2,5,7,4,3,4,7,3,36
13,3.125,BRAIN RES,76,0,0,6,1,3,2,3,6,5,5,45
14,6.308,CEREB CORTEX,68,0,0,10,4,4,6,2,4,8,7,23
15,19.912,NAT NEUROSCI,67,2,9,10,10,6,6,5,3,0,1,15
16,41.058,SCIENCE,66,0,6,2,4,6,1,3,2,7,3,32
17,4.288,IEEE T BIO-MED ENG,58,0,3,4,0,3,2,5,3,6,3,29
18,10.848,BRAIN,57,0,0,1,3,3,3,3,4,4,7,29
19,3.382,NEUROSCIENCE,55,0,4,6,7,3,2,3,1,4,0,25
20,3.173,BEHAV BRAIN RES,52,2,4,10,4,2,3,5,2,3,1,16
21,32.635,NAT REV NEUROSCI,46,0,3,3,1,3,4,3,1,7,1,20
22,5.002,J NEUROTRAUM,45,1,3,1,4,3,4,1,4,0,3,21
23,3.222,PSYCHOPHARMACOLOGY,44,0,3,3,1,3,1,2,2,1,0,28
24, ,IEEE ENG MED BIOL,41,0,3,9,2,4,3,8,3,1,6,2
25,4.082,MAGN RESON MED,41,0,1,2,1,0,0,0,0,1,1,35
26,3.400,J COMP NEUROL,40,0,1,0,1,3,1,1,5,2,2,24
27,3.920,J NEURAL ENG,40,1,3,5,4,7,4,8,1,3,2,2
28,2.832,EUR J NEUROSCI,39,0,2,2,2,2,6,0,2,2,1,20
29,6.045,J CEREBR BLOOD F MET,39,1,2,4,0,0,4,1,3,1,2,21
30,11.984,BIOL PSYCHIAT,34,0,3,2,4,2,2,5,1,0,1,14
31,4.483,EXP NEUROL,34,1,1,3,1,3,2,1,1,3,1,17
32,4.540,J PHYSIOL-LONDON,34,0,0,2,2,1,1,0,1,0,0,27
33,1.184,JOVE-J VIS EXP,34,0,2,8,3,2,2,6,4,4,2,1
34,26.919,NAT METHODS,33,0,2,3,8,3,4,5,3,3,1,1
35,1.651,NEURAL COMPUT,32,0,2,0,2,2,0,1,1,0,2,22
36,2.159,NEUROSCI LETT,32,1,0,3,3,0,3,0,2,3,0,17
37,2.517,PHYSIOL BEHAV,32,0,1,0,0,1,1,0,1,0,0,28
38,2.871,FRONT HUM NEUROSCI,31,0,3,11,5,7,3,1,1,0,0,0
39,8.037,NEUROSCI BIOBEHAV R,31,2,3,4,1,4,2,1,1,2,0,11
40,2.284,PHYS REV E,29,0,1,2,3,1,1,0,1,1,2,17
41,3.955,PLOS COMPUT BIOL,28,0,4,0,3,2,1,3,3,6,2,4
42,12.423,NAT PROTOC,27,1,2,0,2,1,4,0,2,2,2,11
43,15.557,TRENDS COGN SCI,27,0,0,2,2,4,2,1,0,1,1,14
44, ,ELECTROEN CLIN NEURO,26,0,0,0,0,0,0,0,1,0,0,25
45,2.824,HEARING RES,26,0,2,2,1,2,3,0,2,3,2,9
46,8.055,NEUROLOGY,26,0,0,0,0,1,1,1,3,2,1,17
47,31.398,CELL,25,0,2,3,6,0,1,3,0,1,0,9
48,6.541,CURR OPIN NEUROBIOL,25,0,2,3,0,2,5,0,1,3,2,7
49,6.544,NEUROPSYCHOPHARMACOL,25,1,2,2,2,3,1,0,1,0,6,7
50,3.118,PSYCHOPHYSIOLOGY,25,1,0,0,1,0,2,5,2,1,2,11
51,10.250,ANN NEUROL,24,0,1,0,0,1,1,0,2,1,1,17
52,5.067,EPILEPSIA,23,1,3,0,0,2,1,2,2,2,0,10
53,3.877,FRONT NEUROSCI-SWITZ,23,1,7,3,6,1,1,1,2,0,0,1
54,2.894,J R STAT SOC B,23,0,0,0,0,1,0,1,0,0,0,21
55,6.239,STROKE,23,0,0,0,1,0,1,1,0,3,0,17
56, ,FRONT SYST NEUROSCI,22,0,0,2,4,4,3,4,5,0,0,0
57,4.319,J NEUROSURG,22,0,2,0,1,1,1,1,0,0,0,16
58,4.122,SCI REP-UK,22,4,11,4,1,2,0,0,0,0,0,0
59,1.548,APPL ANIM BEHAV SCI,21,0,0,5,1,1,4,1,1,1,1,6
60,2.662,J NEUROSCI RES,21,0,0,0,1,1,2,0,0,2,1,14
61,12.353,NAT COMMUN,21,1,8,5,2,3,2,0,0,0,0,0
62,2.277,NEUROSCI RES,20,0,0,5,0,1,2,2,0,1,1,8
63,14.675,ANNU REV NEUROSCI,19,0,0,1,2,0,2,2,0,1,1,10
64,1.806,EXP BRAIN RES,19,0,0,0,0,3,0,0,0,0,1,15
65,8.324,MOVEMENT DISORD,19,0,0,2,1,0,0,1,2,2,1,10
66,5.559,PAIN,19,0,0,1,1,0,1,1,2,0,0,13
67,11.439,TRENDS NEUROSCI,19,1,0,0,1,0,0,1,0,0,0,16
68,3.468,J COGNITIVE NEUROSCI,18,1,0,1,1,1,0,2,1,0,1,10
69,2.564,MAGN RESON IMAGING,18,0,0,2,1,0,2,1,0,2,1,9
70,3.241,NEUROCOMPUTING,18,0,5,2,3,1,0,1,1,2,1,2
71,1.266,NEUROREPORT,18,0,1,2,1,2,1,0,0,1,0,10
72,8.839,PHYS REV LETT,18,0,0,0,0,1,0,1,0,3,2,11
73, ,BRAIN RES REV,17,0,0,0,0,0,0,2,1,2,0,12
74,4.203,IEEE T SIGNAL PROCES,17,0,2,0,2,2,1,1,3,0,0,6
75,1.606,J COMPUT NEUROSCI,17,0,0,1,0,2,0,2,6,3,0,3
76,4.609,J NEUROCHEM,17,0,2,0,1,0,0,0,2,1,0,11
77, ,LECT NOTES COMPUT SC,17,0,0,2,2,2,1,1,1,2,0,6
78,2.496,MUSCLE NERVE,17,0,1,1,0,0,0,1,2,0,1,11
79,4.454,NEUROBIOL AGING,17,0,1,1,1,2,3,1,3,0,1,4
80,2.538,PHARMACOL BIOCHEM BE,17,0,1,1,0,2,1,2,0,0,0,10
81,4.231,BRAIN STRUCT FUNCT,16,1,2,5,0,1,1,1,5,0,0,0
82,1.649,COMPUT INTEL NEUROSC,16,0,1,1,0,2,0,9,2,0,0,1
83,9.251,CURR BIOL,16,1,2,0,2,0,1,1,0,2,0,7
84,3.074,FRONT NEUROINFORM,16,1,1,3,4,3,1,2,1,0,0,0
85,6.131,IEEE T MED IMAGING,16,0,3,0,0,0,0,2,1,3,1,6
86,3.852,NEUROINFORMATICS,16,0,1,3,0,1,1,8,1,0,0,1
87,2.889,NEUROPSYCHOLOGIA,16,0,0,1,0,0,1,3,2,2,0,7
88,5.135,SLEEP,16,0,0,2,1,1,0,0,2,1,1,8
89,14.163,PROG NEUROBIOL,15,1,1,0,0,2,1,0,0,1,0,9
90,3.972,IEEE T NEUR SYS REH,14,0,1,2,1,0,2,2,0,1,1,4
91,9.455,IEEE T PATTERN ANAL,14,0,0,1,0,3,0,0,0,1,0,9
92,4.539,J IMMUNOL,14,0,0,0,0,0,0,2,1,1,0,10
93,3.612,J MAGN RESON IMAGING,14,1,0,0,0,2,0,0,0,1,2,8
94,53.254,LANCET,14,0,0,1,1,2,1,0,0,0,1,8
95,4.249,NEUROPHARMACOLOGY,14,0,1,1,0,3,1,2,1,0,0,5
96,5.666,PHILOS T R SOC B,14,0,0,3,2,0,0,0,3,0,0,6
97,4.277,ANN NY ACAD SCI,13,0,0,1,0,0,0,0,1,0,5,6
98,1.440,BIOL CYBERN,13,0,0,0,1,0,0,1,2,0,2,7
99,3.440,BRAIN RES BULL,13,0,0,1,1,0,0,0,0,1,0,10
100,2.703,BRAIN TOPOGR,13,0,0,2,1,2,0,0,0,2,0,6
101,2.115,COMPUT BIOL MED,13,0,1,0,0,0,2,2,2,1,0,5
102,1.982,J CLIN NEUROPHYSIOL,13,0,0,1,1,1,0,1,1,0,1,7
103,2.777,J INT NEUROPSYCH SOC,13,0,0,1,1,0,2,1,0,2,0,6
104,2.281,J MACH LEARN RES,13,0,2,2,2,0,0,1,2,0,0,4
105,5.193,J NEUROINFLAMM,13,0,1,4,1,1,3,1,2,0,0,0
106,5.995,LAB CHIP,13,0,0,0,0,0,2,0,3,5,1,2
107,5.356,MED IMAGE ANAL,13,0,1,3,1,0,2,0,0,0,1,5
108,35.724,NAT BIOTECHNOL,13,0,2,3,3,0,0,1,1,0,0,3
109, ,BRAIN CONNECT,12,0,1,0,1,1,4,5,0,0,0,0
110,3.040,EUR J PHARMACOL,12,0,0,1,0,1,0,0,0,0,0,10
111,3.152,FRONT NEUROANAT,12,0,1,2,5,0,1,2,0,1,0,0
112,1.605,J ACOUST SOC AM,12,0,0,0,0,0,0,0,0,2,0,10
113,2.297,J AM STAT ASSOC,12,0,0,0,0,0,0,0,0,0,0,12
114,3.256,J APPL PHYSIOL,12,0,0,0,1,0,0,0,1,0,0,10
115,10.790,J EXP MED,12,0,1,0,0,0,1,1,0,0,1,8
116,7.144,J NEUROL NEUROSUR PS,12,0,0,1,0,1,1,0,1,2,0,6
117,1.450,LAB ANIM-UK,12,0,0,0,0,1,1,0,0,0,0,10
118,1.971,MED BIOL ENG COMPUT,12,0,1,0,0,1,0,0,0,2,1,7
119,9.163,PLOS BIOL,12,0,0,3,1,1,0,0,1,0,4,2
120, ,BEHAV RES METHODS,11,0,1,0,0,1,1,1,0,1,1,5
121,2.783,BIOMED SIGNAL PROCES,11,1,1,1,4,0,3,0,0,1,0,0
122,3.120,EAR HEARING,11,0,0,1,0,0,0,1,3,0,0,6
123,2.491,EPILEPSY RES,11,0,1,3,0,1,0,2,0,0,0,4
124,3.508,FRONT NEUROL,11,0,1,4,5,0,1,0,0,0,0,0
125, ,J AUTISM DEV DISORD,11,0,0,0,1,1,0,2,0,0,0,7
126,4.011,J BIOL CHEM,11,0,0,0,0,2,1,1,1,0,0,6
127,1.855,MACH LEARN,11,0,0,0,0,0,0,0,1,0,1,9
128, ,METHOD MOL BIOL,11,0,1,0,2,2,3,0,1,2,0,0
129,9.107,P IEEE,11,0,2,1,0,0,0,0,3,0,0,5
130,2.069,VISION RES,11,0,0,0,0,0,0,0,0,1,0,10
131,6.523,ANESTHESIOLOGY,10,0,0,1,0,0,1,2,0,0,1,5
132, ,ARCH GEN PSYCHIAT,10,0,0,0,0,0,0,1,0,1,0,8
133,3.077,ARCH PHYS MED REHAB,10,0,1,1,2,0,1,0,1,1,0,3
134,2.507,BEHAV NEUROSCI,10,0,0,3,0,0,0,0,0,0,1,6
135,5.481,BIOINFORMATICS,10,0,1,1,0,1,0,2,1,0,1,3
136,3.750,ECONOMETRICA,10,0,0,0,0,0,0,0,0,0,0,10
137,2.600,EPILEPSY BEHAV,10,0,0,1,4,1,0,1,0,0,0,3
138,2.073,FRONT COMPUT NEUROSC,10,0,2,1,3,3,1,0,0,0,0,0
139, ,FRONT PSYCHOL,10,0,2,3,0,2,0,3,0,0,0,0
140,3.966,HIPPOCAMPUS,10,0,0,0,0,0,0,0,0,1,1,8
141,2.868,INT J PSYCHOPHYSIOL,10,0,0,4,1,0,0,1,0,0,2,2
142,3.179,J EXP BIOL,10,0,0,1,1,0,0,0,0,0,0,8
143,79.260,NEW ENGL J MED,10,0,0,0,0,0,1,0,3,0,0,6
144,3.653,AM J NEURORADIOL,9,0,1,0,0,0,0,2,0,1,1,4
145,2.275,ANAL BIOCHEM,9,0,0,1,1,1,1,2,0,0,0,3
146,3.405,ANN BIOMED ENG,9,0,0,0,1,2,0,1,0,0,0,5
147,1.669,BIOMETRIKA,9,0,0,0,0,0,0,0,0,0,0,9
148,6.120,BRAIN STIMUL,9,0,1,1,2,3,1,0,0,0,1,0
149,2.674,COMPUT METH PROG BIO,9,0,2,2,2,1,0,0,0,0,1,1
150,4.010,CURR OPIN NEUROL,9,0,2,0,0,0,1,0,1,1,2,2
151,4.129,EUR NEUROPSYCHOPHARM,9,0,0,2,3,2,0,0,2,0,0,0
152,7.982,IEEE T NEUR NET LEAR,9,0,2,0,0,0,0,1,0,0,0,6
153,3.476,J ALZHEIMERS DIS,9,0,0,1,1,2,0,3,2,0,0,0
154,13.251,J CLIN INVEST,9,0,0,0,3,1,0,0,0,2,2,1
155,27.144,LANCET NEUROL,9,0,0,3,0,1,0,1,0,1,0,3
156,32.621,NAT MED,9,0,0,0,1,2,1,0,3,0,1,1
157,4.475,NEUROSURGERY,9,0,0,0,0,0,0,1,1,1,0,6
158,3.470,SIGNAL PROCESS,9,0,1,0,1,0,2,0,0,0,0,5
159, ,THESIS,9,0,0,1,2,2,0,0,0,1,1,2
160,13.396,AM J PSYCHIAT,8,1,0,0,0,0,0,2,0,0,0,5
161,1.373,ANAT REC,8,0,0,0,0,0,0,0,0,0,0,8
162,3.067,ANIM BEHAV,8,0,0,0,0,0,0,1,1,0,1,5
163,3.495,BIOPHYS J,8,0,0,0,0,0,1,0,0,1,0,6
164,4.907,CORTEX,8,0,1,0,0,1,0,0,0,1,2,3
165,4.248,EUR J IMMUNOL,8,0,0,0,0,0,0,1,1,1,0,5
166,5.846,GLIA,8,0,1,0,1,1,1,0,0,0,0,4
167,7.451,IEEE SIGNAL PROC MAG,8,0,1,0,1,0,0,0,0,0,2,4
168,5.072,IEEE T IMAGE PROCESS,8,0,0,0,0,0,0,0,1,3,0,4
169,4.580,INT J NEURAL SYST,8,0,0,2,4,1,0,0,0,0,0,1
170,2.479,J ANAT,8,0,0,1,0,1,0,0,1,0,0,5
171, ,J COMP PHYSIOL PSYCH,8,0,0,0,0,0,0,0,0,0,0,8
172,2.190,J IMMUNOL METHODS,8,0,0,0,0,2,0,0,1,0,0,5
173,3.031,NMR BIOMED,8,0,0,0,1,1,0,0,0,0,0,6
174,11.561,NUCLEIC ACIDS RES,8,1,1,1,1,1,1,0,1,1,0,0
175,3.965,PATTERN RECOGN,8,0,0,0,0,0,3,1,0,0,0,4
176,24.014,PHYSIOL REV,8,0,0,1,1,2,0,0,0,0,2,2
177, ,RAT BRAIN STEREOTAXI,8,0,0,0,0,1,0,0,0,0,0,7
178,15.876,ACTA NEUROPATHOL,7,0,2,0,1,0,1,1,0,0,0,2
179,1.161,ACTA OTO-LARYNGOL,7,0,0,0,0,0,0,0,0,0,0,7
180, ,ADV NEUROL,7,0,0,0,0,0,0,0,0,0,0,7
181, ,ARCH NEUROL-CHICAGO,7,0,0,0,0,0,0,0,0,1,0,6
182,1.555,BEHAV PROCESS,7,0,1,0,0,0,0,0,1,0,0,5
183,2.891,BIOL PSYCHOL,7,0,1,0,1,0,0,0,1,1,0,3
184,8.173,BIOSENS BIOELECTRON,7,0,1,1,0,0,1,0,0,0,1,3
185, ,COLD SPRING HARB PRO,7,0,1,1,2,2,1,0,0,0,0,0
186,11.541,INT J COMPUT VISION,7,0,0,0,0,0,1,2,0,0,0,4
187,2.655,J NEUROIMMUNOL,7,0,0,0,0,0,0,0,0,0,0,7
188,2.550,J PERIPHER NERV SYST,7,0,0,0,0,1,1,1,2,1,0,1
189,4.368,J VIROL,7,0,0,0,1,1,0,2,0,0,0,3
190,2.716,JARO-J ASSOC RES OTO,7,0,1,0,0,1,1,1,0,0,0,3
191,10.376,PHARMACOL THERAPEUT,7,0,2,0,0,0,0,2,0,0,1,2
192,1.960,PHYSICA D,7,0,0,0,0,0,0,0,0,1,0,6
193,2.006,PHYSIOL MEAS,7,0,0,1,0,0,0,0,0,1,1,4
194,7.230,PSYCHOL REV,7,0,1,0,0,1,0,0,0,0,0,5
195,4.731,PSYCHONEUROENDOCRINO,7,0,2,2,1,2,0,0,0,0,0,0
196,3.958,SCHIZOPHR RES,7,0,0,0,0,3,0,1,0,1,0,2
197,16.710,SCI TRANSL MED,7,0,2,2,0,1,1,1,0,0,0,0
198,3.508,TISSUE ENG,7,0,0,1,1,0,1,0,0,1,0,3
199,3.082,AM J PHYSIOL-REG I,6,0,0,0,0,0,0,0,0,0,0,6
200,2.288,AM J PRIMATOL,6,0,0,0,0,0,0,1,0,1,0,4
201,6.042,ANAL CHEM,6,0,0,0,0,0,0,1,0,0,0,5
202,2.522,ANN STAT,6,0,0,1,0,0,1,0,0,0,0,4
203, ,BIORXIV,6,0,3,3,0,0,0,0,0,0,0,0
204,2.098,BIOTECHNIQUES,6,0,0,0,1,1,0,0,0,0,0,4
205,2.851,BRAIN LANG,6,0,0,0,1,1,0,0,0,0,0,4
206, ,BRAIN RES PROTOC,6,0,0,0,0,0,0,0,0,0,0,6
207,6.810,BRIT J PHARMACOL,6,0,3,0,0,0,1,0,1,0,0,1
208,8.032,CELL REP,6,1,1,1,0,2,1,0,0,0,0,0
209,15.211,CIRC RES,6,0,0,1,0,0,0,0,0,1,0,4
210,2.241,DIGIT SIGNAL PROCESS,6,0,1,0,0,0,0,0,1,1,0,3
211,10.557,EMBO J,6,0,0,0,0,0,0,0,0,0,0,6
212,3.961,ENDOCRINOLOGY,6,0,0,1,0,0,0,0,0,0,0,5
213,3.131,FRONT NEURAL CIRCUIT,6,0,0,0,2,3,1,0,0,0,0,0
214,2.187,IEEE T INFORM THEORY,6,0,0,1,0,0,0,0,0,0,0,5
215, ,INT C ACOUST SPEE,6,0,1,0,0,1,0,0,1,2,1,0
216,3.388,INVEST OPHTH VIS SCI,6,0,0,0,0,0,1,0,0,2,0,3
217,1.218,J AM ASSOC LAB ANIM,6,0,0,0,1,1,0,1,1,1,1,0
218,1.771,J COMP PSYCHOL,6,0,0,0,0,0,0,0,0,0,0,6
219,1.693,J MICROSC-OXFORD,6,0,0,0,0,0,0,1,0,0,0,5
220,2.865,J VESTIBUL RES-EQUIL,6,0,0,0,0,1,0,0,0,0,0,5
221, ,LECT NOTES ARTIF INT,6,0,1,1,1,1,0,0,0,1,1,0
222,19.819,NAT REV NEUROL,6,0,0,1,0,1,1,2,1,0,0,0
223,7.197,NEURAL NETWORKS,6,0,0,0,0,0,0,0,0,1,0,5
224,3.161,NEURAL PLAST,6,0,5,0,0,0,1,0,0,0,0,0
225,9.384,NEURO-ONCOLOGY,6,0,1,1,1,0,1,0,1,0,0,1
226,2.045,NEUROPHYSIOL CLIN,6,0,0,1,0,0,0,0,0,0,1,4
227,2.665,PHYS MED BIOL,6,0,0,0,0,0,2,0,0,0,0,4
228,3.174,PROG BRAIN RES,6,0,1,0,1,0,0,2,1,0,0,1
229,2.475,SENSORS-BASEL,6,0,0,1,1,0,0,1,1,0,2,0
230, ,ADV NEUR IN,5,0,0,0,0,0,0,0,0,0,0,5
231, ,ADV NEURAL INF PROCE,5,0,1,0,0,1,0,1,0,0,0,2
232, ,ADV NEURAL INFORM PR,5,0,0,0,0,2,0,0,1,0,0,2
233,4.069,AM J PATHOL,5,0,1,0,0,0,0,0,0,0,1,3
234,1.854,BEHAV PHARMACOL,5,0,0,0,0,0,0,0,0,1,0,4
235,1.650,BRAIN BEHAV EVOLUT,5,0,1,0,0,0,0,1,1,0,1,1
236,6.306,BRAIN BEHAV IMMUN,5,1,1,1,0,1,0,0,1,0,0,0
237, ,COGNITIVE BRAIN RES,5,0,0,0,0,0,0,0,0,0,0,5
238,2.133,DEV NEUROSCI-BASEL,5,0,0,1,0,0,2,0,1,0,0,1
239,7.616,ELIFE,5,0,2,2,1,0,0,0,0,0,0,0
240,3.138,FRONT BEHAV NEUROSCI,5,0,1,0,2,0,0,1,1,0,0,0
241,4.300,FRONT CELL NEUROSCI,5,0,2,2,0,1,0,0,0,0,0,0
242, ,I S BIOMED IMAGING,5,0,0,3,0,1,0,0,1,0,0,0
243,3.850,IEEE J BIOMED HEALTH,5,0,0,1,2,2,0,0,0,0,0,0
244,2.619,ILAR J,5,0,0,1,0,0,0,2,0,0,0,2
245,6.486,J CHILD PSYCHOL PSYC,5,0,0,0,0,1,0,0,0,0,0,4
246,3.396,J CLIN SLEEP MED,5,0,1,1,0,1,0,0,0,0,0,2
247,2.010,J EXP ANAL BEHAV,5,0,0,0,0,0,0,0,0,1,0,4
248,3.783,J NEUROL,5,0,3,0,0,0,0,0,0,1,0,1
249,2.448,J NEUROL SCI,5,0,0,2,0,0,0,0,0,0,0,3
250,3.490,J NEUROPATH EXP NEUR,5,0,0,0,1,0,0,1,1,0,0,2
251,7.439,J NUCL MED,5,0,0,0,0,0,0,0,0,0,0,5
252,3.706,J PHARMACOL EXP THER,5,0,0,0,0,0,0,0,0,0,0,5
253,3.950,J PROTEOME RES,5,0,1,0,1,0,1,0,1,0,0,1
254,0.833,LAB ANIMAL,5,1,1,0,1,0,0,0,0,0,1,1
255,11.640,MOL PSYCHIATR,5,0,0,0,0,0,0,0,0,0,0,5
256,27.125,NAT GENET,5,0,0,0,2,0,0,0,0,0,1,2
257,2.234,NEURAL REGEN RES,5,0,3,1,0,1,0,0,0,0,0,0
258,5.227,NEUROBIOL DIS,5,0,1,2,0,1,0,0,1,0,0,0
259,6.059,NEUROPATH APPL NEURO,5,0,0,0,0,1,0,0,0,0,0,4
260,2.699,NEUROPSYCHOLOGY,5,0,0,1,0,0,0,0,2,0,2,0
261,5.719,NEUROTHERAPEUTICS,5,0,0,0,2,0,0,0,0,2,1,0
262,2.444,OTOLARYNG HEAD NECK,5,0,0,0,1,0,0,0,0,1,0,3
263,3.123,PEDIATR RES,5,0,0,0,0,0,0,0,0,0,0,5
264, ,PERCEPT PSYCHOPHYS,5,0,0,0,0,0,0,0,0,0,0,5
265,4.185,PROG NEURO-PSYCHOPH,5,0,1,0,0,0,0,0,1,0,0,3
266,13.250,PSYCHOL BULL,5,0,0,0,0,0,0,0,0,0,0,5
267,7.469,RADIOLOGY,5,0,0,0,0,0,1,0,0,1,0,3
268,2.792,SPINE,5,0,0,0,0,0,0,0,0,0,0,5
269,1.851,STAT COMPUT,5,0,0,0,1,0,0,0,0,0,0,4
270,4.691,TRANSL PSYCHIAT,5,2,1,1,0,1,0,0,0,0,0,0
271,2.645,ULTRASOUND MED BIOL,5,0,0,0,0,0,0,0,0,0,1,4
272,5.732,AM J OBSTET GYNECOL,4,0,0,0,0,0,0,0,1,0,1,2
273, ,AM J PHYSIOL,4,0,0,0,0,0,0,0,0,0,0,4
274,3.569,AM J PHYSIOL-HEART C,4,0,0,0,1,1,0,0,0,1,0,1
275,2.805,ANIM COGN,4,0,0,0,0,1,0,0,1,2,0,0
276,1.573,ANIM WELFARE,4,0,0,0,0,0,0,0,0,0,0,4
277,1.590,ARCH CLIN NEUROPSYCH,4,0,2,0,0,0,1,0,0,0,0,1
278,2.078,AUDIOL NEURO-OTOL,4,0,0,0,0,0,0,0,1,0,1,2
279,5.108,BBA-MOL BASIS DIS,4,0,0,0,2,0,2,0,0,0,0,0
280, ,BEHAV RES THER,4,0,0,0,0,0,0,1,0,1,0,2
281,2.559,BIOCHEM BIOPH RES CO,4,0,1,0,1,0,0,0,0,0,0,2
282,8.806,BIOMATERIALS,4,0,1,1,0,0,2,0,0,0,0,0
283,2.583,BIOMED RES INT,4,0,0,1,2,1,0,0,0,0,0,0
284,2.173,BMC NEUROSCI,4,0,0,0,0,0,2,1,0,1,0,0
285,2.219,BRAIN BEHAV,4,2,0,0,0,1,1,0,0,0,0,0
286,2.574,BRAIN COGNITION,4,0,0,0,1,0,0,0,0,1,1,1
287,2.061,BRAIN INJURY,4,0,0,1,0,0,0,0,0,0,0,3
288,6.537,CANCER-AM CANCER SOC,4,0,0,0,0,0,0,0,0,0,0,4
289,2.415,CHAOS,4,0,0,0,0,0,0,0,0,2,0,2
290, ,COGNITION EMOTION,4,0,0,0,1,0,0,0,2,0,0,1
291,3.289,CURR ALZHEIMER RES,4,0,0,0,1,2,0,0,0,1,0,0
292, ,CURR PROTOC NEUROSCI,4,1,0,0,0,0,0,1,0,0,0,2
293, ,DEV BRAIN RES,4,0,0,0,0,0,0,0,0,0,0,4
294, ,DIAGN STAT MAN MENT,4,0,0,1,0,3,0,0,0,0,0,0
295, ,ENEURO,4,0,0,4,0,0,0,0,0,0,0,0
296,1.639,EURASIP J ADV SIG PR,4,0,0,0,2,1,0,0,0,0,0,1
297,3.696,EXPERT REV NEUROTHER,4,0,1,1,0,1,0,0,1,0,0,0
298,3.496,GENES BRAIN BEHAV,4,0,1,0,0,0,0,0,1,0,0,2
299,13.214,GENOME BIOL,4,0,0,0,1,1,0,0,0,0,0,2
300,4.902,HUM MOL GENET,4,0,0,1,1,1,0,0,0,0,0,1
301, ,IEEE T ACOUST SPEECH,4,0,0,0,0,0,0,0,0,0,0,4
302, ,IEEE T SYST MAN CYB,4,0,0,0,0,0,0,0,0,0,0,4
303,2.495,INT J DEV NEUROSCI,4,0,0,1,0,0,1,1,0,0,0,1
304,2.185,INT J SYST SCI,4,0,1,1,0,1,0,1,0,0,0,0
305,3.786,J AFFECT DISORDERS,4,0,3,0,0,0,0,0,0,0,0,1
306,6.250,J AM ACAD CHILD PSY,4,0,0,0,0,0,1,0,0,1,0,2
307,1.014,J APPL ANIM WELF SCI,4,0,0,1,0,0,0,0,0,0,0,3
308,8.784,J CELL BIOL,4,0,0,0,0,0,0,0,0,0,0,4
309,4.302,J CELL MOL MED,4,0,0,0,1,0,0,1,0,1,1,0
310, ,J EXP PSYCHOL,4,0,0,0,0,0,0,0,0,0,0,4
311,2.098,J MED SYST,4,0,0,0,0,0,0,1,1,0,1,1
312,1.888,J MICROMECH MICROENG,4,0,0,0,2,0,0,0,0,0,0,2
313,2.779,J NEURAL TRANSM,4,0,0,0,1,0,0,0,0,0,0,3
314,3.060,J NEURO-ONCOL,4,0,0,0,0,0,1,0,0,1,0,2
315,4.859,J PAIN,4,0,0,0,0,2,0,1,0,0,0,1
316,4.000,J PSYCHIATR RES,4,0,0,0,1,2,1,0,0,0,0,0
317,3.433,J SLEEP RES,4,0,0,0,1,0,0,0,1,0,0,2
318,1.833,J THEOR BIOL,4,0,0,0,0,0,1,0,0,0,1,2
319,2.266,J VISION,4,0,0,1,1,1,0,0,0,0,1,0
320,16.642,JAMA PSYCHIAT,4,0,0,1,2,1,0,0,0,0,0,0
321,3.998,METHODS,4,0,0,1,0,0,0,0,0,0,1,2
322, ,MOUSE BRAIN STEREOTA,4,0,0,0,0,0,1,0,0,0,1,2
323,21.809,NAT IMMUNOL,4,0,1,0,1,0,0,0,0,1,0,1
324,1.449,NEUROL RES,4,0,1,0,0,0,0,0,0,0,0,3
325,2.285,NEUROL SCI,4,0,0,0,0,0,0,2,0,0,1,1
326,2.774,NEUROMODULATION,4,0,1,1,1,1,0,0,0,0,0,0
327,4.894,NEUROPSYCHOL REV,4,0,0,0,1,0,0,0,0,0,0,3
328,4.711,NEUROREHAB NEURAL RE,4,1,1,0,0,0,0,0,1,0,0,1
329, ,P ANN INT IEEE EMBS,4,0,0,0,0,0,0,0,0,0,0,4
330, ,P INT SOC MAG RESON,4,0,0,2,1,0,0,0,0,0,0,1
331,4.847,P ROY SOC B-BIOL SCI,4,0,0,0,1,0,0,1,0,0,0,2
332,2.782,PAIN MED,4,0,1,0,1,1,0,0,0,1,0,0
333,5.515,PEDIATRICS,4,0,0,1,0,0,0,0,0,0,0,3
334,2.132,PHYSICA A,4,0,1,1,0,0,0,0,0,0,0,2
335,3.621,PLAST RECONSTR SURG,4,0,0,0,0,1,0,0,0,0,0,3
336, ,PROC CVPR IEEE,4,0,0,0,0,1,0,1,1,0,0,1
337, ,PSYCHON B REV,4,0,0,1,0,0,0,0,0,0,0,3
338,6.944,SCHIZOPHRENIA BULL,4,0,1,0,0,1,0,0,0,0,1,1
339, ,SCI REP,4,0,3,0,1,0,0,0,0,0,0,0
340,3.395,SLEEP MED,4,0,0,3,0,1,0,0,0,0,0,0
341,8.266,TRANSL STROKE RES,4,0,0,0,0,0,1,3,0,0,0,0
342,1.500,ACTA NEUROBIOL EXP,3,0,0,0,0,0,0,1,1,0,0,1
343,1.929,ACTA NEUROCHIR,3,0,1,0,0,0,1,0,0,0,0,1
344,3.126,ACTA NEUROL SCAND,3,0,0,0,0,0,0,0,0,0,0,3
345,5.578,ADDICT BIOL,3,0,1,0,0,0,0,0,0,0,1,1
346,1.760,ADV EXP MED BIOL,3,0,1,2,0,0,0,0,0,0,0,0
347,2.000,AEROSOL SCI TECH,3,0,0,0,0,0,0,0,0,0,0,3
348,12.764,ALZHEIMERS DEMENT,3,0,0,0,0,0,1,2,0,0,0,0
349, ,AM J ANAT,3,0,0,0,0,0,0,0,0,0,0,3
350,4.302,AM STAT,3,0,0,0,0,0,0,0,0,0,0,3
351,3.463,ANESTH ANALG,3,0,0,0,0,0,0,0,1,0,1,1
352, ,ANN MATH STAT,3,0,0,0,0,0,0,0,0,0,0,3
353,1.536,ANN PLAS SURG,3,0,0,0,0,0,0,1,0,0,1,1
354,14.327,ANNU REV PHYSIOL,3,0,0,0,1,0,0,0,0,0,0,2
355,2.879,ARTIF INTELL MED,3,0,0,0,0,0,1,0,1,0,0,1
356, ,AT&T TECH J,3,0,0,0,0,0,0,0,0,0,0,3
357, ,BEHAV MODIF,3,0,0,0,1,0,0,0,0,0,0,2
358,1.484,BEHAVIOUR,3,0,0,0,0,0,0,0,0,0,0,3
359,2.997,BIOCHEMISTRY-US,3,0,0,0,1,0,0,0,0,0,0,2
360,1.676,BIOMED ENG ONLINE,3,0,0,0,0,1,0,0,1,0,0,1
361,2.077,BIOMED MICRODEVICES,3,0,0,1,0,0,1,1,0,0,0,0
362,1.524,BIOMETRICS,3,0,0,0,0,1,0,0,0,0,0,2
363,1.619,BIOSYSTEMS,3,0,0,0,0,0,0,0,0,0,0,3
364,2.213,BMC BIOINFORMATICS,3,0,0,0,0,0,1,1,0,1,0,0
365, ,BMC RES NOTES,3,0,1,1,0,0,1,0,0,0,0,0
366, ,BRAIN COMPUT INTER,3,0,0,1,0,0,2,0,0,0,0,0
367, ,BRAIN CONNECTIVITY,3,0,1,0,1,1,0,0,0,0,0,0
368,3.719,BRAIN IMAGING BEHAV,3,0,2,1,0,0,0,0,0,0,0,0
369, ,CAN J EXP PSYCHOL,3,0,1,0,0,0,0,0,0,1,0,1
370,6.721,CELL MOL LIFE SCI,3,1,1,0,0,0,0,0,0,1,0,0
371,3.895,CELL MOL NEUROBIOL,3,1,1,0,0,0,0,0,0,1,0,0
372,3.043,CELL TISSUE RES,3,0,0,2,0,1,0,0,0,0,0,0
373,3.886,CEPHALALGIA,3,0,0,0,0,1,1,0,1,0,0,0
374,1.807,CLIN EEG NEUROSCI,3,0,0,0,1,1,1,0,0,0,0,0
375,1.736,CLIN NEUROL NEUROSUR,3,1,0,1,1,0,0,0,0,0,0,0
376,0.585,COMPARATIVE MED,3,0,0,0,0,0,0,0,0,1,0,2
377,1.181,COMPUT STAT DATA AN,3,0,0,0,0,0,0,1,0,0,0,2
378, ,CONTEMP TOP LAB ANIM,3,0,0,0,0,0,0,0,0,0,0,3
379,6.630,CRIT CARE MED,3,0,0,0,0,1,1,0,0,0,0,1
380, ,CRIT REV ORAL BIOL M,3,0,0,0,0,0,0,0,0,0,0,3
381, ,CURR TOP BEHAV NEURO,3,0,1,0,0,1,0,1,0,0,0,0
382,3.260,CYTOM PART A,3,0,0,0,0,0,0,0,1,1,0,1
383, ,CYTOMETRY,3,0,0,0,0,0,0,0,0,0,0,3
384,4.099,DALTON T,3,0,0,1,0,1,0,1,0,0,0,0
385,2.886,DEMENT GERIATR COGN,3,0,0,0,0,1,0,0,0,1,0,1
386,1.496,DEV GROWTH DIFFER,3,0,0,0,2,0,0,0,0,0,0,1
387,2.598,DEV NEUROBIOL,3,0,2,0,0,0,1,0,0,0,0,0
388,4.398,DIS MODEL MECH,3,0,1,1,0,0,0,0,1,0,0,0
389,2.362,DOC OPHTHALMOL,3,0,0,0,0,0,0,0,0,0,0,3
390,4.617,ECOLOGY,3,0,0,0,0,0,0,0,0,0,0,3
391,1.663,EDUC PSYCHOL MEAS,3,0,0,0,0,0,0,0,0,0,0,3
392, ,ELECT FIELDS BRAIN N,3,0,0,0,0,0,0,0,0,0,0,3
393,0.814,ELECTRON J STAT,3,0,0,0,1,1,0,0,0,0,0,1
394,2.022,EQUINE VET J,3,0,0,0,0,0,0,0,1,0,0,2
395, ,EXP TRANSL STROKE ME,3,0,2,0,0,0,1,0,0,0,0,0
396,3.768,EXPERT SYST APPL,3,0,0,1,0,0,1,0,0,0,0,1
397,2.999,FEBS LETT,3,0,0,0,0,0,0,0,0,0,0,3
398,3.582,FRONT AGING NEUROSCI,3,0,0,1,1,1,0,0,0,0,0,0
399,5.511,FRONT IMMUNOL,3,0,0,2,0,0,0,1,0,0,0,0
400, ,FRONT INTEGR NEUROSC,3,0,0,0,0,0,1,1,1,0,0,0
401,3.394,FRONT PHYSIOL,3,0,0,0,0,1,0,2,0,0,0,0
402,3.091,HEADACHE,3,0,0,0,0,0,0,0,0,0,0,3
403, ,IEEE IJCNN,3,0,0,0,0,0,0,0,0,0,1,2
404,4.361,IEEE J-STSP,3,0,0,0,0,0,0,0,1,0,0,2
405, ,IEEE REV BIOMED ENG,3,0,0,0,0,0,2,0,0,0,1,0
406,2.813,IEEE SIGNAL PROC LET,3,0,1,0,0,1,0,0,0,0,0,1
407,4.585,IEEE T AFFECT COMPUT,3,0,0,1,0,0,2,0,0,0,0,0
408,5.007,IEEE T AUTOMAT CONTR,3,0,0,0,0,0,0,0,0,0,0,3
409, ,IEEE T INF TECHNOL B,3,0,0,0,0,0,0,1,1,0,0,1
410, ,IEEE T REHABIL ENG,3,0,0,0,0,0,0,0,0,0,0,3
411,19.734,IMMUNITY,3,0,0,1,0,1,0,0,0,0,0,1
412, ,INFORM PROCESSING ME,3,0,0,1,0,1,0,1,0,0,0,0
413,4.305,INFORM SCIENCES,3,0,0,0,0,1,0,0,0,0,0,2
414,3.981,INT J NEUROPSYCHOPH,3,0,0,0,1,1,0,0,0,0,0,1
415, ,INT WORKSH PATT REC,3,0,0,0,3,0,0,0,0,0,0,0
416,1.593,J AM ACAD AUDIOL,3,0,0,0,1,0,0,0,0,0,0,2
417,1.714,J ANIM SCI,3,0,0,0,0,0,0,0,0,1,0,2
418,2.431,J BIOMECH,3,0,0,0,0,1,0,0,0,0,0,2
419, ,J BIOMED MATER RES,3,0,1,0,0,0,0,0,0,0,0,2
420,2.367,J BIOMED OPT,3,0,0,0,1,0,1,0,0,1,0,0
421,4.401,J CELL SCI,3,0,0,1,0,0,0,0,0,0,0,2
422,2.162,J CHEM NEUROANAT,3,0,0,0,0,0,0,0,0,0,0,3
423,26.360,J CLIN ONCOL,3,0,0,0,0,0,0,0,0,1,0,2
424,1.632,J COMPUT APPL MATH,3,0,1,0,0,2,0,0,0,0,0,0
425,7.877,J CONTROL RELEASE,3,0,1,0,1,0,0,0,0,0,0,1
426,1.536,J DIGIT IMAGING,3,0,1,0,0,0,1,1,0,0,0,0
427,0.880,J EQUINE VET SCI,3,0,0,0,1,1,0,0,0,0,0,1
428,2.475,J MICROELECTROMECH S,3,0,0,0,0,0,0,2,0,0,0,1
429,2.454,J MOL NEUROSCI,3,0,0,0,0,0,0,0,0,0,1,2
430,1.940,J NERV MENT DIS,3,0,0,0,0,1,0,0,0,0,0,2
431, ,J NEUROBIOL,3,0,0,0,0,0,0,0,0,0,0,3
432,2.269,J PHARMACOL TOX MET,3,0,0,2,0,0,0,0,0,0,0,1
433,4.738,J PSYCHOPHARMACOL,3,0,0,1,0,0,0,0,0,0,0,2
434,1.865,J RECONSTR MICROSURG,3,0,0,0,0,0,0,0,0,0,0,3
435,1.088,J SIGNAL PROCESS SYS,3,0,0,1,0,0,0,1,0,1,0,0
436,2.404,J STAT MECH-THEORY E,3,0,0,0,0,0,0,1,0,0,2,0
437,47.661,JAMA-J AM MED ASSOC,3,0,0,0,0,1,0,0,0,0,0,2
438,2.442,LARYNGOSCOPE,3,0,1,0,0,0,0,0,0,0,0,2
439,2.671,LEARN MEMORY,3,0,0,1,0,0,0,0,0,0,1,1
440, ,LEARN MOTIV,3,0,0,0,0,0,0,0,0,0,0,3
441,1.832,MAGN RESON MATER PHY,3,0,0,0,0,0,1,0,2,0,0,0
442, ,MARMOSET BRAIN STERE,3,0,0,0,0,0,2,0,0,0,1,0
443,1.120,MED HYPOTHESES,3,0,0,1,0,1,0,0,1,0,0,0
444,1.588,METHOD CELL BIOL,3,0,0,0,0,0,0,0,1,0,0,2
445, ,MOL BRAIN RES,3,0,0,0,0,0,0,0,0,0,0,3
446,3.312,MOL CELL NEUROSCI,3,0,0,1,0,0,0,0,1,0,0,1
447,6.426,MOL NEURODEGENER,3,0,0,0,0,0,1,1,0,0,0,1
448,3.978,MOL PHARMACOL,3,0,0,1,0,0,0,0,0,1,0,1
449,50.167,NAT REV DRUG DISCOV,3,0,0,0,2,0,0,1,0,0,0,0
450,41.982,NAT REV IMMUNOL,3,0,0,1,1,0,0,0,0,0,0,1
451,0.706,NETWORK-COMP NEURAL,3,0,0,0,0,0,0,0,0,0,1,2
452,4.215,NEURAL COMPUT APPL,3,0,0,0,2,0,0,0,0,0,0,1
453, ,NEURAL INFORM PROCES,3,0,0,0,1,1,0,0,1,0,0,0
454,3.603,NEUROCHEM INT,3,0,0,0,0,0,0,0,0,0,0,3
455,3.697,NEUROEPIDEMIOLOGY,3,0,0,0,0,0,0,1,0,1,1,0
456, ,NEUROMETHODS,3,0,0,0,2,1,0,0,0,0,0,0
457,4.129,NEUROPHOTONICS,3,1,0,2,0,0,0,0,0,0,0,0
458,2.842,NEUROPSYCHOL REHABIL,3,1,0,0,1,0,0,0,0,1,0,0
459,7.461,NEUROSCIENTIST,3,0,0,0,0,1,0,0,0,0,0,2
460,2.647,NEUROSURG FOCUS,3,1,0,0,0,0,0,0,0,1,0,1
461,3.186,NEUROTOX RES,3,0,0,0,0,0,1,0,0,0,0,2
462,3.263,NEUROUROL URODYNAM,3,0,0,1,0,0,0,0,0,0,1,1
463,7.479,OPHTHALMOLOGY,3,0,0,0,0,0,0,1,0,0,0,2
464,3.356,OPT EXPRESS,3,0,0,0,0,0,0,0,0,2,0,1
465,2.182,OTOL NEUROTOL,3,0,0,0,1,0,0,0,1,0,1,0
466, ,P INT SOC MAGN RESON,3,0,0,0,0,0,0,0,0,2,0,1
467,2.398,PEDIATR NEUROL,3,0,0,1,0,0,0,0,0,0,0,2
468,2.118,PEERJ,3,0,0,2,0,1,0,0,0,0,0,0
469,18.964,PHARMACOL REV,3,0,0,0,0,0,0,1,0,0,0,2
470,2.587,PHYS THER,3,0,0,0,0,0,0,1,1,0,0,1
471,2.223,PSYCHIAT RES,3,0,0,0,0,1,1,1,0,0,0,0
472,2.455,PSYCHIAT RES-NEUROIM,3,0,0,0,0,1,0,0,0,0,0,2
473, ,PSYCHON SCI,3,0,0,0,0,0,0,0,0,0,0,3
474, ,R LANG ENV STAT COMP,3,1,0,2,0,0,0,0,0,0,0,0
475,2.101,RESTOR NEUROL NEUROS,3,0,0,0,0,0,0,0,2,0,0,1
476, ,SCI WORLD J,3,0,0,0,1,2,0,0,0,0,0,0
477,2.839,SEIZURE-EUR J EPILEP,3,0,0,2,0,1,0,0,0,0,0,0
478,1.643,SIGNAL IMAGE VIDEO P,3,0,1,1,0,1,0,0,0,0,0,0
479,1.185,SOMATOSENS MOT RES,3,0,0,0,0,0,0,1,1,0,0,1
480, ,STAT PAR MAPP ANAL,3,0,0,0,0,0,0,0,0,0,0,3
481,1.648,STEREOT FUNCT NEUROS,3,0,0,2,0,1,0,0,0,0,0,0
482, ,TECH REP,3,0,0,0,0,0,0,0,0,0,0,3
483,1.773,VET J,3,0,0,1,1,0,0,0,0,0,0,1
484,2.050,VET REC,3,0,0,0,0,0,1,0,0,0,0,2
485,1.924,WORLD NEUROSURG,3,1,0,1,0,0,0,0,1,0,0,0
486, ,2009 IEEE INT S,2,0,0,0,0,0,0,0,0,2,0,0
487, ,AASM MANUAL SCORING,2,0,0,1,0,0,0,0,0,0,0,1
488,4.211,ACS CHEM NEUROSCI,2,0,1,0,0,1,0,0,0,0,0,0
489,2.440,ACTA MATH-DJURSHOLM,2,0,0,0,0,0,0,0,0,0,0,2
490, ,ACTA NEUROCHIR SUPPL,2,0,0,0,0,0,0,0,0,0,0,2
491,5.930,ACTA PHYSIOL,2,0,0,0,1,0,0,0,1,0,0,0
492,13.325,ADV FUNCT MATER,2,0,0,2,0,0,0,0,0,0,0,0
493, ,ADV INTELL SYST,2,0,1,1,0,0,0,0,0,0,0,0
494, ,ADV PHARMACOL,2,0,0,0,0,2,0,0,0,0,0,0
495, ,AGING NEUROPSYCHOL C,2,0,0,1,0,0,0,0,1,0,0,0
496,1.974,AM FAM PHYSICIAN,2,0,0,0,0,0,1,0,0,0,0,1
497, ,AM J MED GENET,2,0,0,0,0,0,0,0,0,0,0,2
498, ,AM J OTOL,2,0,0,0,0,0,0,0,0,0,0,2
499, ,AM PSYCHOL,2,0,1,0,0,0,0,0,0,0,0,1
500, ,ANAT EMBRYOL,2,0,0,0,0,0,0,0,0,0,0,2
501,0.731,ANAT HISTOL EMBRYOL,2,0,0,0,0,0,0,0,0,0,0,2
502,12.102,ANGEW CHEM INT EDIT,2,0,0,0,0,0,2,0,0,0,0,0
503, ,ANIM MODELS MOVEME,2,0,0,0,1,0,0,0,0,0,0,1
504,1.548,ANN APPL STAT,2,0,0,0,1,0,0,1,0,0,0,0
505,1.513,ANN OTO RHINOL LARYN,2,0,0,1,0,0,0,0,0,0,0,1
506,14.814,ANNU REV FLUID MECH,2,0,0,0,0,0,0,0,0,0,0,2
507,13.295,ANNU REV PHARMACOL,2,0,0,0,0,0,0,0,0,0,0,2
508,1.865,ANTICANCER RES,2,0,0,0,0,0,0,0,1,0,0,1
509,2.833,APPL COMPUT HARMON A,2,0,0,0,0,0,0,1,0,1,0,0
510,1.983,APPL INTELL,2,0,1,0,0,0,0,0,1,0,0,0
511,3.495,APPL PHYS LETT,2,0,0,0,1,0,0,0,0,0,0,1
512, ,ARCH OTOLARYNGOL,2,0,0,0,0,0,0,0,0,0,0,2
513,1.015,ARQ NEURO-PSIQUIAT,2,0,0,0,0,0,0,1,0,0,0,1
514, ,ARTHRITIS RHEUM-US,2,0,0,0,0,0,0,0,0,0,0,2
515,3.617,ASN NEURO,2,0,0,0,0,0,0,2,0,0,0,0
516, ,ASSAY GUID MAN,2,0,0,0,0,1,0,0,0,0,0,1
517, ,ATTENTION PERFORM,2,0,0,0,0,0,0,0,0,0,0,2
518, ,AUTISM,2,0,0,0,0,0,0,0,0,0,0,2
519, ,AUTOMATED EPILEPTIC,2,0,0,0,0,0,2,0,0,0,0,0
520,6.126,AUTOMATICA,2,0,0,0,0,0,0,0,0,0,0,2
521,2.088,BEHAV NEUROL,2,0,0,0,0,0,0,0,0,1,0,1
522, ,BIOCHIM BIOPHYS ACTA,2,0,0,0,0,0,0,0,0,0,0,2
523,4.419,BIOESSAYS,2,0,0,1,0,0,0,0,1,0,0,0
524, ,BIOL NEONATE,2,0,0,0,0,0,0,0,0,0,0,2
525,2.217,BIOL OPEN,2,0,0,1,0,1,0,0,0,0,0,0
526,1.088,BIOMED ENG-BIOMED TE,2,0,0,0,0,2,0,0,0,0,0,0
527,3.952,BIOTECHNOL BIOENG,2,0,1,0,0,0,1,0,0,0,0,0
528,3.730,BMC GENOMICS,2,0,0,0,0,1,0,0,0,1,0,0
529,23.562,BMJ-BRIT MED J,2,0,0,1,0,0,0,0,0,0,0,1
530,1.544,BRAIN DEV-JPN,2,0,0,0,0,0,0,0,0,0,1,1
531,0.977,BRAIN IMPAIR,2,0,0,0,0,0,0,0,0,2,0,0
532,6.187,BRAIN PATHOL,2,0,0,0,0,0,0,1,0,0,0,1
533, ,BRAIN-COMPUT INTERFA,2,0,0,2,0,0,0,0,0,0,0,0
534,5.867,BRIT J PSYCHIAT,2,0,0,0,0,0,0,0,0,0,0,2
535, ,BRIT J PSYCHOL,2,0,0,0,0,0,0,0,0,0,0,2
536,1.814,BRIT J RADIOL,2,0,0,0,0,0,1,0,0,0,0,1
537, ,C P IEEE ENG MED BIO,2,0,0,0,1,0,0,0,0,0,0,1
538,24.373,CANCER DISCOV,2,0,2,0,0,0,0,0,0,0,0,0
539,9.130,CANCER RES,2,0,0,1,0,0,0,0,0,0,0,1
540,3.718,CELL CALCIUM,2,0,0,1,0,0,0,0,0,0,0,1
541,8.000,CELL DEATH DIFFER,2,0,0,1,0,0,0,0,0,0,0,1
542,1.527,CELL TISSUE BANK,2,0,0,0,0,0,0,0,0,0,1,1
543,3.199,CEREBELLUM,2,0,0,0,0,1,0,0,0,0,0,1
544,5.915,CHEM BIOL,2,0,0,0,0,1,0,0,0,0,0,1
545,40.182,CHEM SOC REV,2,1,0,0,1,0,0,0,0,0,0,0
546,5.160,CHEM-EUR J,2,0,0,0,0,0,1,0,0,0,0,1
547, ,CHILD DEV,2,0,0,0,0,0,0,0,0,0,0,2
548,18.881,CIRCULATION,2,0,0,0,0,0,0,0,0,0,0,2
549,2.584,CLIN BIOCHEM,2,0,0,0,0,0,0,0,0,0,0,2
550,1.807,CLIN NEUROPSYCHOL,2,0,0,0,0,0,0,0,0,0,0,2
551,2.930,CLIN REHABIL,2,0,0,0,0,0,0,0,0,0,0,2
552, ,COCHLEAR IMPLANTS IN,2,0,0,0,0,1,0,0,0,0,0,1
553,3.104,COGNITIVE PSYCHOL,2,0,0,0,0,0,0,0,0,0,1,1
554, ,COMP SYST NEUR M COS,2,1,1,0,0,0,0,0,0,0,0,0
555,5.797,COMPR PHYSIOL,2,0,0,1,0,0,0,0,0,0,0,1
556,1.545,COMPUT MATH METHOD M,2,0,0,0,1,1,0,0,0,0,0,0
557, ,CURR DEV DISORDER,2,0,0,0,2,0,0,0,0,0,0,0
558,2.581,CURR OPIN ANESTHESIO,2,0,0,0,0,0,0,1,0,0,1,0
559, ,CURR PROTOCOLS NE,2,0,0,0,0,0,0,0,0,0,0,2
560, ,CVGIP-GRAPH MODEL IM,2,0,0,0,0,0,0,0,0,0,0,2
561, ,CVPR,2,0,0,0,0,0,0,0,1,0,0,1
562,3.993,CYTOTHERAPY,2,0,1,1,0,0,0,0,0,0,0,0
563,3.262,DEV BIOL,2,0,0,0,0,0,0,0,0,0,0,2
564,2.494,DEV PSYCHOBIOL,2,0,0,0,0,0,0,0,0,0,1,1
565,5.413,DEVELOPMENT,2,0,0,0,0,0,0,0,0,0,0,2
566,3.671,DIALOGUES CLIN NEURO,2,0,0,1,0,1,0,0,0,0,0,0
567, ,DIGITAL IMAGE PROCES,2,0,0,0,0,0,0,0,0,0,1,1
568,3.322,DRUG ALCOHOL DEPEN,2,0,0,1,1,0,0,0,0,0,0,0
569,6.848,DRUG DISCOV TODAY,2,0,0,0,0,0,1,0,1,0,0,0
570,2.025,EARLY HUM DEV,2,0,0,0,0,0,0,0,1,0,0,1
571, ,EEG CL N SU,2,0,0,0,0,0,0,0,0,0,0,2
572, ,ELECTROMYOGR MOTOR C,2,0,0,0,0,0,0,0,0,0,0,2
573, ,ELEMENTS INFORM THEO,2,0,0,0,0,0,1,0,0,0,0,1
574, ,ELEMENTS STAT LEARNI,2,0,0,0,0,0,0,0,0,2,0,0
575, ,ENCY MEAS STA,2,0,0,0,0,0,0,0,0,0,0,2
576,3.553,EUR CHILD ADOLES PSY,2,0,0,0,0,0,0,0,0,0,0,2
577,4.621,EUR J NEUROL,2,0,0,1,0,0,0,0,0,0,0,1
578,4.542,EUR J PREV CARDIOL,2,0,0,0,1,0,1,0,0,0,0,0
579,1.536,EUR PHYS J B,2,0,0,0,0,0,0,0,1,0,0,1
580,2.023,EXP TOXICOL PATHOL,2,0,0,0,0,0,0,0,0,0,0,2
581,2.347,EXPERT REV ANTICANC,2,0,1,0,0,0,0,0,0,0,0,1
582,3.427,FARADAY DISCUSS,2,0,0,0,1,0,0,0,0,0,0,1
583, ,FAST FOURIER TRANSFO,2,0,0,0,0,0,0,0,0,0,0,2
584,1.193,FOLIA PRIMATOL,2,0,0,0,0,0,0,0,0,0,0,2
585,4.019,FRONT MICROBIOL,2,0,2,0,0,0,0,0,0,0,0,0
586,3.902,FRONT MOL NEUROSCI,2,0,1,0,0,1,0,0,0,0,0,0
587, ,FRONT NEUROSCI,2,0,0,2,0,0,0,0,0,0,0,0
588, ,FUND SPEECH,2,0,0,0,0,0,0,0,0,0,0,2
589,2.273,GAIT POSTURE,2,0,0,0,0,0,0,0,1,0,0,1
590, ,GEGENBAUR MORPH JAHR,2,0,0,0,0,0,0,0,0,0,0,2
591, ,GUIDE CARE USE LAB A,2,0,0,0,0,0,0,2,0,0,0,0
592, ,HAND CLINIC,2,0,1,0,1,0,0,0,0,0,0,0
593, ,HANDB CLIN NEUROL,2,0,0,1,0,0,0,0,1,0,0,0
594, ,HANDB PSYCHOPHARM,2,0,0,0,0,0,0,0,0,0,0,2
595,4.743,HEART RHYTHM,2,0,1,0,0,0,0,1,0,0,0,0
596, ,HIST SYST NERVEUX,2,0,0,0,0,0,0,0,0,0,0,2
597,4.418,HORM BEHAV,2,0,1,0,0,0,0,0,0,0,0,1
598,1.840,HUM MOVEMENT SCI,2,0,0,0,1,0,0,0,0,0,0,1
599, ,HUM-COMPUT INT-SPRIN,2,0,0,0,0,0,0,0,2,0,0,0
600, ,I IEEE EMBS C NEUR E,2,0,0,0,0,1,0,0,0,0,0,1
601, ,ICML,2,0,0,0,0,0,0,0,0,1,0,1
602, ,IEEE INT WORKSH MACH,2,0,0,0,0,0,0,1,1,0,0,0
603,2.617,IEEE SENS J,2,0,0,1,0,1,0,0,0,0,0,0
604,8.803,IEEE T CYBERNETICS,2,0,0,1,1,0,0,0,0,0,0,0
605,1.520,IEEE T ELECTROMAGN C,2,0,0,0,0,0,0,0,0,0,0,2
606,4.264,IEEE T ROBOT,2,0,0,0,0,0,1,0,0,1,0,0
607, ,IEEE T SYST MAN CY B,2,0,0,0,0,0,1,0,0,0,0,1
608,2.159,IMAGE VISION COMPUT,2,0,0,0,0,0,0,0,1,0,0,1
609,3.795,IMMUNOL CELL BIOL,2,0,0,0,0,0,0,0,0,0,1,1
610,9.217,IMMUNOL REV,2,1,1,0,0,0,0,0,0,0,0,0
611,1.819,INHAL TOXICOL,2,0,0,0,0,0,0,0,1,0,0,1
612,2.199,INJURY,2,0,0,0,0,0,1,0,1,0,0,0
613, ,INT C COMP GAM MULT,2,0,0,2,0,0,0,0,0,0,0,0
614,2.940,INT J GERIATR PSYCH,2,0,0,0,0,0,0,0,0,0,0,2
615,1.423,INT J IMAG SYST TECH,2,0,0,0,0,1,1,0,0,0,0,0
616,3.687,INT J MOL SCI,2,1,1,0,0,0,0,0,0,0,0,0
617,1.305,INT J PEDIATR OTORHI,2,0,0,1,0,0,0,0,0,0,0,1
618,2.371,INT REV NEUROBIOL,2,0,0,0,0,0,0,1,0,0,0,1
619,1.744,J ACM,2,0,0,0,0,0,0,0,0,0,0,2
620,16.834,J AM COLL CARDIOL,2,0,0,0,0,0,0,0,0,0,0,2
621, ,J APPL PSYCHOL,2,0,0,0,0,0,0,0,0,0,0,2
622, ,J BIOCHEM BIOPH METH,2,0,0,0,0,0,0,0,0,0,0,2
623,1.916,J BIOMECH ENG-T ASME,2,0,0,0,0,0,0,0,0,0,0,2
624,3.231,J BIOMED MATER RES A,2,0,1,0,0,0,0,0,0,0,0,1
625,2.901,J CHILD ADOL PSYCHOP,2,0,0,0,0,0,0,0,1,0,0,1
626,5.789,J CLIN ENDOCR METAB,2,0,0,0,0,0,0,0,1,0,0,1
627,1.853,J CLIN EXP NEUROPSYC,2,0,0,0,0,0,0,0,0,0,0,2
628,2.450,J CLIN MONIT COMPUT,2,0,0,0,1,0,0,1,0,0,0,0
629,2.881,J CLIN PHARMACOL,2,0,0,1,0,0,0,1,0,0,0,0
630,0.431,J COMMUN TECHNOL EL+,2,0,0,0,0,0,0,0,0,0,0,2
631,1.960,J CRANIO MAXILL SURG,2,0,1,0,0,0,0,0,0,0,0,1
632,0.772,J CRANIOFAC SURG,2,0,1,1,0,0,0,0,0,0,0,0
633,1.632,J ECONOMETRICS,2,0,0,0,0,0,0,0,0,0,0,2
634,3.235,J ELECTROANAL CHEM,2,0,0,0,0,0,1,0,1,0,0,0
635,1.421,J ELECTROCARDIOL,2,0,1,0,0,0,0,1,0,0,0,0
636, ,J EMPIR FINANC,2,0,0,0,0,0,0,0,0,0,0,2
637,2.289,J EXP PSYCHOL HUMAN,2,0,0,0,0,0,0,0,0,1,0,1
638,3.680,J GEN PHYSIOL,2,1,0,0,0,0,0,0,0,0,1,0
639,3.403,J HEADACHE PAIN,2,0,1,0,0,0,0,0,0,0,0,1
640,2.816,J HISTOCHEM CYTOCHEM,2,0,0,0,1,0,0,0,0,0,0,1
641, ,J HUNTINGTONS DIS,2,0,0,0,0,2,0,0,0,0,0,0
642, ,J INTELL DISABIL RES,2,0,0,0,0,1,1,0,0,0,0,0
643,1.588,J KOREAN MED SCI,2,0,1,0,0,0,0,0,0,0,0,1
644,4.224,J LEUKOCYTE BIOL,2,0,0,0,0,0,0,1,0,0,0,1
645, ,J MACH LEARN TECHNOL,2,0,0,0,0,0,0,2,0,0,0,0
646,1.927,J MATH IMAGING VIS,2,0,0,0,0,1,0,0,0,0,0,1
647,6.253,J MED CHEM,2,0,0,0,1,0,0,0,1,0,0,0
648,1.009,J MULTIVARIATE ANAL,2,0,0,0,1,1,0,0,0,0,0,0
649,1.651,J MUSCULOSKEL NEURON,2,0,0,0,0,1,0,0,0,1,0,0
650, ,J NEUROCYTOL,2,0,0,0,0,0,0,0,0,0,0,2
651,3.500,J NEURODEV DISORD,2,0,0,0,0,0,2,0,0,0,0,0
652,3.865,J NEUROENG REHABIL,2,0,0,0,1,0,0,0,0,0,1,0
653,3.664,J NEUROIMMUNE PHARM,2,0,0,0,0,1,0,0,1,0,0,0
654,1.230,J OBSESS-COMPULS REL,2,0,0,0,2,0,0,0,0,0,0,0
655,2.645,J PAIN RES,2,0,0,0,1,0,1,0,0,0,0,0
656,2.128,J PEDIATR SURG,2,0,0,0,0,0,0,0,0,0,0,2
657, ,J PHONETICS,2,0,0,0,0,0,0,0,0,0,0,2
658, ,J PHYSIOL-PARIS,2,0,0,0,1,0,0,0,0,0,0,1
659,5.365,J PSYCHIATR NEUROSCI,2,0,1,0,0,0,1,0,0,0,0,0
660,2.947,J PSYCHOSOM RES,2,0,0,0,0,0,0,0,0,0,2,0
661,22.737,J STAT SOFTW,2,0,0,0,1,0,0,0,1,0,0,0
662,2.325,J STRENGTH COND RES,2,0,0,0,0,0,0,0,0,0,0,2
663,0.826,J TIME SER ANAL,2,0,0,0,0,0,0,0,0,0,0,2
664,2.185,J VET INTERN MED,2,0,0,0,0,0,0,0,0,0,1,1
665,11.460,JAMA NEUROL,2,0,1,0,0,1,0,0,0,0,0,0
666,1.070,KNOWL ENG REV,2,0,0,0,0,0,0,2,0,0,0,0
667,4.396,KNOWL-BASED SYST,2,0,0,0,0,2,0,0,0,0,0,0
668,4.263,LAB INVEST,2,0,0,0,0,0,0,0,1,0,0,1
669, ,LAB RAT,2,0,0,0,0,0,0,0,0,0,0,2
670,5.080,MAT SCI ENG C-MATER,2,0,1,0,0,0,0,0,0,0,0,1
671,2.218,MEASUREMENT,2,0,0,0,0,0,1,0,0,0,0,1
672, ,MED IMAGE COMPUTING,2,0,0,0,0,0,1,0,1,0,0,0
673,2.884,MED PHYS,2,0,0,0,0,0,0,0,0,0,0,2
674,5.963,METABOLISM,2,0,0,0,0,0,0,0,0,0,0,2
675, ,METH MOL MED,2,0,0,0,0,0,0,0,0,0,0,2
676, ,METHOD FIND EXP CLIN,2,0,0,0,0,0,0,0,0,0,0,2
677,1.531,METHOD INFORM MED,2,0,0,0,0,2,0,0,0,0,0,0
678,2.797,MICROCIRCULATION,2,0,0,0,0,0,0,0,0,0,0,2
679,2.071,MICROSURG,2,0,0,0,0,0,0,0,0,2,0,0
680, ,MOD TECHNIQUES NE,2,0,0,0,0,0,0,0,0,0,0,2
681,3.512,MOL BIOL CELL,2,0,0,0,1,0,0,0,0,0,0,1
682,3.449,MOL BRAIN,2,0,1,0,0,0,0,1,0,0,0,0
683,3.626,MOL IMAGING BIOL,2,0,0,0,1,0,0,0,0,0,0,1
684,5.076,MOL NEUROBIOL,2,0,0,0,0,0,1,0,0,0,0,1
685,7.008,MOL THER,2,0,1,0,0,0,0,0,0,0,0,1
686,2.277,MULTISCALE MODEL SIM,2,0,0,0,0,0,0,0,0,1,1,0
687, ,NETWORKS BRAIN,2,0,0,0,0,0,0,0,2,0,0,0
688, ,NEURAL INF PROCESS S,2,0,0,0,1,0,1,0,0,0,0,0
689,1.787,NEURAL PROCESS LETT,2,0,0,0,0,0,0,0,0,1,0,1
690,2.772,NEUROCHEM RES,2,0,1,0,0,1,0,0,0,0,0,0
691,3.163,NEUROCRIT CARE,2,0,0,0,0,0,0,1,1,0,0,0
692, ,NEUROIMAGE IN PRESS,2,0,2,0,0,0,0,0,0,0,0,0
693, ,NEUROL-NEUROIMMUNOL,2,0,1,1,0,0,0,0,0,0,0,0
694,2.487,NEUROMUSCULAR DISORD,2,0,1,0,0,0,0,0,0,0,0,1
695, ,NEURON GLIA BIOL,2,0,0,0,0,0,0,0,2,0,0,0
696,1.421,NEUROPSYCHOBIOLOGY,2,0,0,0,0,0,1,0,0,0,0,1
697, ,NEUROPSYCHOLOGY ANXI,2,0,0,0,0,0,0,0,0,0,0,2
698, ,NEUROSIGNALS,2,0,0,0,0,2,0,0,0,0,0,0
699,2.255,NEUROSURG REV,2,0,0,1,0,0,0,0,1,0,0,0
700,3.076,NEUROTOXICOLOGY,2,0,1,0,0,0,0,0,1,0,0,0
701,1.129,NONLINEAR PROC GEOPH,2,0,0,0,0,0,0,0,0,0,0,2
702,6.854,ONCOGENE,2,0,0,0,0,0,0,0,0,0,0,2
703,3.589,OPT LETT,2,0,0,0,0,0,0,0,0,0,1,1
704,5.454,OSTEOARTHR CARTILAGE,2,0,0,0,1,0,0,0,0,0,1,0
705, ,P 14 C UNC ART INT,2,0,0,0,0,0,0,0,0,0,0,2
706, ,P 2013 IEEE S COMP,2,0,0,0,0,2,0,0,0,0,0,0
707, ,P AM THORAC SOC,2,0,0,0,0,0,0,0,0,0,0,2
708, ,P NATL ACAD SCI-BIOL,2,0,0,0,0,0,0,0,0,0,0,2
709,2.410,P ROY SOC A-MATH PHY,2,0,0,0,0,0,0,0,0,0,0,2
710,4.721,PARKINSONISM RELAT D,2,0,0,0,1,0,0,0,1,0,0,0
711,1.954,PATTERN RECOGN LETT,2,0,0,0,0,0,0,0,0,1,0,1
712,1.371,PERCEPTION,2,0,0,0,0,0,0,0,0,0,0,2
713,1.863,PHYS LETT A,2,0,0,0,1,0,0,0,0,0,0,1
714,2.909,PHYS REV A,2,0,0,0,0,0,0,0,0,0,0,2
715,2.782,PHYSIOL GENOMICS,2,0,0,0,0,0,0,1,0,0,0,1
716, ,PHYSIOL REP,2,0,1,0,0,1,0,0,0,0,0,0
717,11.675,PLOS MED,2,0,0,0,0,0,0,0,0,0,0,2
718,1.850,PM&R,2,1,0,0,0,0,0,1,0,0,0,0
719, ,PRINCIPLES HUMANE EX,2,0,0,0,0,0,0,0,0,0,0,2
720, ,PRINCIPLES NEURAL SC,2,0,0,0,0,0,0,0,0,0,0,2
721, ,PROCEDIA COMPUT SCI,2,0,0,2,0,0,0,0,0,0,0,0
722,11.653,PROG RETIN EYE RES,2,0,1,1,0,0,0,0,0,0,0,0
723,1.586,PSYCHIAT GENET,2,0,0,0,0,0,1,0,1,0,0,0
724, ,PSYCHOL AGING,2,0,0,0,0,0,0,0,1,1,0,0
725, ,PSYCHOL METHODS,2,0,0,0,0,0,0,0,0,0,0,2
726,7.126,REDOX BIOL,2,0,1,1,0,0,0,0,0,0,0,0
727, ,RES AUTISM SPECT DIS,2,0,0,0,1,0,0,1,0,0,0,0
728, ,RES DEV DISABIL,2,0,0,0,1,0,0,0,0,0,0,1
729,36.367,REV MOD PHYS,2,0,0,0,0,0,0,0,0,0,0,2
730,1.762,REV NEUROL-FRANCE,2,0,0,0,0,0,0,0,0,0,0,2
731,3.235,REV PHYSIOL BIOCH P,2,0,0,0,1,0,0,0,0,0,0,1
732,2.504,ROY SOC OPEN SCI,2,0,1,1,0,0,0,0,0,0,0,0
733, ,SCHOLARPEDIA,2,0,0,0,0,0,0,1,0,0,0,1
734,5.667,SENSOR ACTUAT B-CHEM,2,0,0,0,1,0,0,0,0,0,0,1
735,0.482,SENSOR MATER,2,0,1,0,0,0,1,0,0,0,0,0
736,3.005,SHOCK,2,0,1,0,0,1,0,0,0,0,0,0
737,1.698,SIAM J APPL MATH,2,0,0,0,0,0,0,0,0,0,0,2
738, ,SIGNAL DETECT THEORY,2,0,0,0,0,0,0,0,0,0,0,2
739,10.602,SLEEP MED REV,2,0,0,0,0,0,0,0,0,0,0,2
740, ,SOC NETWORKS,2,0,0,0,0,0,0,0,0,0,0,2
741, ,SPATIAL VISION,2,0,0,0,0,0,0,0,0,0,0,2
742, ,SPIE MED IMAGING,2,1,1,0,0,0,0,0,0,0,0,0
743,1.932,STAT MED,2,0,0,0,1,0,0,0,0,0,0,1
744, ,STAT PARAMETRIC MAPP,2,0,0,0,0,0,0,1,0,0,0,1
745,4.929,STEM CELL TRANSL MED,2,0,1,1,0,0,0,0,0,0,0,0
746,5.587,STEM CELLS,2,0,0,0,0,0,1,0,0,0,1,0
747, ,STOCHASTIC DIFFERENT,2,0,0,0,0,0,0,0,0,0,0,2
748,1.003,SURG RADIOL ANAT,2,0,0,0,0,0,0,0,1,0,0,1
749,2.360,SYNAPSE,2,0,0,0,0,0,0,0,0,0,0,2
750,1.496,T AM MATH SOC,2,0,0,0,0,0,0,0,0,0,0,2
751,3.616,TOXICOL APPL PHARM,2,0,0,0,0,0,1,0,0,0,0,1
752,1.966,TOXICOL PATHOL,2,0,1,0,0,0,0,0,0,0,0,1
753,7.030,TRAC-TREND ANAL CHEM,2,0,0,0,0,1,0,0,0,0,0,1
754,0.806,TRANSPL P,2,0,0,0,1,0,0,0,0,0,0,1
755,3.285,VACCINE,2,0,0,0,0,0,0,0,0,1,1,0
756,1.795,VET PATHOL,2,0,1,0,0,0,0,0,0,0,0,1
757, ,WAVELET TOUR SIGNAL,2,0,0,0,0,0,0,0,0,0,0,2
758,1.792,WORLD J SURG ONCOL,2,0,2,0,0,0,0,0,0,0,0,0
759,0.928,ZOO BIOL,2,0,0,0,0,0,0,0,0,0,0,2
Copyright Â© 2018 Clarivate Analytics,,,,,,,,,,,,,,
"By exporting the selected data, you agree to the data usage policy set forth in the Terms of Use",,,,,,,,,,,,,,
